{
"type": "FeatureCollection",
"name": "data_zones_arrets",
"crs": { "type": "name", "properties": { "name": "urn:ogc:def:crs:OGC:1.3:CRS84" } },
"features": [
{ "type": "Feature", "properties": { "nom_zone": "4 Chemins des Aygalades", "nombre_arret": 4, "nom_ligne": "['27' '30']", "nombre_ligne": 2, "type_ligne": "Bus", "bool_bus": true, "bool_tram": false, "bool_metro": false, "bool_ferry": false }, "geometry": { "type": "Polygon", "coordinates": [ [ [ 5.365732, 43.346226 ], [ 5.365527, 43.346393 ], [ 5.366183, 43.3467 ], [ 5.366084, 43.345998 ], [ 5.365732, 43.346226 ] ] ] } },
{ "type": "Feature", "properties": { "nom_zone": "5 Avenues Burel", "nombre_arret": 4, "nom_ligne": "['31' '33' '533' 'N2' '32' '34']", "nombre_ligne": 6, "type_ligne": "Bus", "bool_bus": true, "bool_tram": false, "bool_metro": false, "bool_ferry": false }, "geometry": { "type": "Polygon", "coordinates": [ [ [ 5.390096, 43.317125 ], [ 5.389552, 43.317075 ], [ 5.389619, 43.317198 ], [ 5.390092319999986, 43.317572810000016 ], [ 5.390096, 43.317125 ] ] ] } },
{ "type": "Feature", "properties": { "nom_zone": "5 Avenues Chartreux", "nombre_arret": 1, "nom_ligne": "['81' '88' '42T' '42']", "nombre_ligne": 4, "type_ligne": "Bus", "bool_bus": true, "bool_tram": false, "bool_metro": false, "bool_ferry": false }, "geometry": { "type": "Point", "coordinates": [ 5.397563, 43.30328 ] } },
{ "type": "Feature", "properties": { "nom_zone": "AFPA La Treille", "nombre_arret": 2, "nom_ligne": "['S6' '12S']", "nombre_ligne": 2, "type_ligne": "Bus", "bool_bus": true, "bool_tram": false, "bool_metro": false, "bool_ferry": false }, "geometry": { "type": "LineString", "coordinates": [ [ 5.509729, 43.308107 ], [ 5.509507, 43.30806 ] ] } },
{ "type": "Feature", "properties": { "nom_zone": "Aiguier CNRS", "nombre_arret": 2, "nom_ligne": "['48' '47']", "nombre_ligne": 2, "type_ligne": "Bus", "bool_bus": true, "bool_tram": false, "bool_metro": false, "bool_ferry": false }, "geometry": { "type": "LineString", "coordinates": [ [ 5.405153, 43.256227 ], [ 5.40534, 43.255968 ] ] } },
{ "type": "Feature", "properties": { "nom_zone": "Aiguier CPCAM", "nombre_arret": 2, "nom_ligne": "46", "nombre_ligne": 1, "type_ligne": "Bus", "bool_bus": true, "bool_tram": false, "bool_metro": false, "bool_ferry": false }, "geometry": { "type": "LineString", "coordinates": [ [ 5.413757, 43.250819 ], [ 5.41409, 43.25089 ] ] } },
{ "type": "Feature", "properties": { "nom_zone": "Aiguier Saint-Jacques", "nombre_arret": 2, "nom_ligne": "46", "nombre_ligne": 1, "type_ligne": "Bus", "bool_bus": true, "bool_tram": false, "bool_metro": false, "bool_ferry": false }, "geometry": { "type": "LineString", "coordinates": [ [ 5.408596, 43.253511 ], [ 5.409037, 43.252924 ] ] } },
{ "type": "Feature", "properties": { "nom_zone": "Aiguier Trioulet", "nombre_arret": 2, "nom_ligne": "['48' '47']", "nombre_ligne": 2, "type_ligne": "Bus", "bool_bus": true, "bool_tram": false, "bool_metro": false, "bool_ferry": false }, "geometry": { "type": "LineString", "coordinates": [ [ 5.40296, 43.258962 ], [ 5.40249, 43.259404 ] ] } },
{ "type": "Feature", "properties": { "nom_zone": "Air Bel", "nombre_arret": 2, "nom_ligne": "T1", "nombre_ligne": 1, "type_ligne": "Tram", "bool_bus": false, "bool_tram": true, "bool_metro": false, "bool_ferry": false }, "geometry": { "type": "LineString", "coordinates": [ [ 5.429061, 43.294348 ], [ 5.429054, 43.294265 ] ] } },
{ "type": "Feature", "properties": { "nom_zone": "Allar", "nombre_arret": 2, "nom_ligne": "['36B' '36']", "nombre_ligne": 2, "type_ligne": "Bus", "bool_bus": true, "bool_tram": false, "bool_metro": false, "bool_ferry": false }, "geometry": { "type": "LineString", "coordinates": [ [ 5.36505103, 43.324568889999988 ], [ 5.36491647, 43.32464234 ] ] } },
{ "type": "Feature", "properties": { "nom_zone": "Allard Mireille Lauze", "nombre_arret": 1, "nom_ligne": "['12B' '12' '17' '540' '40' '12S']", "nombre_ligne": 6, "type_ligne": "Bus", "bool_bus": true, "bool_tram": false, "bool_metro": false, "bool_ferry": false }, "geometry": { "type": "Point", "coordinates": [ 5.438519, 43.289322 ] } },
{ "type": "Feature", "properties": { "nom_zone": "Allée des Pins", "nombre_arret": 2, "nom_ligne": "['518' '24' '46']", "nombre_ligne": 3, "type_ligne": "Bus", "bool_bus": true, "bool_tram": false, "bool_metro": false, "bool_ferry": false }, "geometry": { "type": "LineString", "coordinates": [ [ 5.420425, 43.254547 ], [ 5.420715, 43.254485 ] ] } },
{ "type": "Feature", "properties": { "nom_zone": "Alpes Cauvin", "nombre_arret": 2, "nom_ligne": "67", "nombre_ligne": 1, "type_ligne": "Bus", "bool_bus": true, "bool_tram": false, "bool_metro": false, "bool_ferry": false }, "geometry": { "type": "LineString", "coordinates": [ [ 5.416232, 43.298736 ], [ 5.416046, 43.298719 ] ] } },
{ "type": "Feature", "properties": { "nom_zone": "Alpes Leman", "nombre_arret": 2, "nom_ligne": "67", "nombre_ligne": 1, "type_ligne": "Bus", "bool_bus": true, "bool_tram": false, "bool_metro": false, "bool_ferry": false }, "geometry": { "type": "LineString", "coordinates": [ [ 5.41525662, 43.30037248 ], [ 5.415181, 43.29997 ] ] } },
{ "type": "Feature", "properties": { "nom_zone": "Alpes Merle", "nombre_arret": 2, "nom_ligne": "['67' 'M1']", "nombre_ligne": 2, "type_ligne": "['Bus' 'Subway']", "bool_bus": true, "bool_tram": false, "bool_metro": true, "bool_ferry": false }, "geometry": { "type": "LineString", "coordinates": [ [ 5.415029, 43.30131 ], [ 5.415008460000011, 43.30224826 ] ] } },
{ "type": "Feature", "properties": { "nom_zone": "Amédée Autran", "nombre_arret": 2, "nom_ligne": "55", "nombre_ligne": 1, "type_ligne": "Bus", "bool_bus": true, "bool_tram": false, "bool_metro": false, "bool_ferry": false }, "geometry": { "type": "LineString", "coordinates": [ [ 5.367535, 43.282099 ], [ 5.367698, 43.282104 ] ] } },
{ "type": "Feature", "properties": { "nom_zone": "Ansaldi La Javie", "nombre_arret": 1, "nom_ligne": "53", "nombre_ligne": 1, "type_ligne": "Bus", "bool_bus": true, "bool_tram": false, "bool_metro": false, "bool_ferry": false }, "geometry": { "type": "Point", "coordinates": [ 5.399639, 43.335467 ] } },
{ "type": "Feature", "properties": { "nom_zone": "Antide Boyer", "nombre_arret": 2, "nom_ligne": "['518' '24']", "nombre_ligne": 2, "type_ligne": "Bus", "bool_bus": true, "bool_tram": false, "bool_metro": false, "bool_ferry": false }, "geometry": { "type": "LineString", "coordinates": [ [ 5.408822, 43.265329 ], [ 5.408995, 43.26526 ] ] } },
{ "type": "Feature", "properties": { "nom_zone": "Archives Municipales", "nombre_arret": 1, "nom_ligne": "56", "nombre_ligne": 1, "type_ligne": "Bus", "bool_bus": true, "bool_tram": false, "bool_metro": false, "bool_ferry": false }, "geometry": { "type": "Point", "coordinates": [ 5.387063, 43.308919 ] } },
{ "type": "Feature", "properties": { "nom_zone": "Arenc Euroméditerranée", "nombre_arret": 5, "nom_ligne": "['72' '535' 'BM2' 'T3' '88' '29' '83' 'T2']", "nombre_ligne": 8, "type_ligne": "['Bus' 'Tram']", "bool_bus": true, "bool_tram": true, "bool_metro": false, "bool_ferry": false }, "geometry": { "type": "Polygon", "coordinates": [ [ [ 5.368079, 43.313317 ], [ 5.367844729999965, 43.313958799999973 ], [ 5.368208, 43.313315 ], [ 5.368575, 43.312681 ], [ 5.368350139999989, 43.31306201000001 ], [ 5.368079, 43.313317 ] ] ] } },
{ "type": "Feature", "properties": { "nom_zone": "Arenc Mirabeau", "nombre_arret": 2, "nom_ligne": "['35T' '35' '83' 'BM2']", "nombre_ligne": 4, "type_ligne": "Bus", "bool_bus": true, "bool_tram": false, "bool_metro": false, "bool_ferry": false }, "geometry": { "type": "LineString", "coordinates": [ [ 5.366221819999988, 43.31285246 ], [ 5.3665477, 43.312992 ] ] } },
{ "type": "Feature", "properties": { "nom_zone": "Aristarché", "nombre_arret": 2, "nom_ligne": "98", "nombre_ligne": 1, "type_ligne": "Bus", "bool_bus": true, "bool_tram": false, "bool_metro": false, "bool_ferry": false }, "geometry": { "type": "LineString", "coordinates": [ [ 5.35163462, 43.361685929999972 ], [ 5.35176605, 43.36146459 ] ] } },
{ "type": "Feature", "properties": { "nom_zone": "Arnavaux Jaurès", "nombre_arret": 1, "nom_ligne": "89", "nombre_ligne": 1, "type_ligne": "Bus", "bool_bus": true, "bool_tram": false, "bool_metro": false, "bool_ferry": false }, "geometry": { "type": "Point", "coordinates": [ 5.380561, 43.332597 ] } },
{ "type": "Feature", "properties": { "nom_zone": "Arnavaux Tisseron", "nombre_arret": 1, "nom_ligne": "89", "nombre_ligne": 1, "type_ligne": "Bus", "bool_bus": true, "bool_tram": false, "bool_metro": false, "bool_ferry": false }, "geometry": { "type": "Point", "coordinates": [ 5.378887, 43.332858 ] } },
{ "type": "Feature", "properties": { "nom_zone": "Arnavon Calvet", "nombre_arret": 2, "nom_ligne": "B4", "nombre_ligne": 1, "type_ligne": "Bus", "bool_bus": true, "bool_tram": false, "bool_metro": false, "bool_ferry": false }, "geometry": { "type": "LineString", "coordinates": [ [ 5.384673459999986, 43.32992913 ], [ 5.383780470000011, 43.32993153 ] ] } },
{ "type": "Feature", "properties": { "nom_zone": "Arnavon Muret", "nombre_arret": 2, "nom_ligne": "B4", "nombre_ligne": 1, "type_ligne": "Bus", "bool_bus": true, "bool_tram": false, "bool_metro": false, "bool_ferry": false }, "geometry": { "type": "LineString", "coordinates": [ [ 5.38019708, 43.33066162 ], [ 5.38064847, 43.33036914 ] ] } },
{ "type": "Feature", "properties": { "nom_zone": "Ascenseur", "nombre_arret": 1, "nom_ligne": "60", "nombre_ligne": 1, "type_ligne": "Bus", "bool_bus": true, "bool_tram": false, "bool_metro": false, "bool_ferry": false }, "geometry": { "type": "Point", "coordinates": [ 5.37222, 43.285567 ] } },
{ "type": "Feature", "properties": { "nom_zone": "Aubert Ganay", "nombre_arret": 2, "nom_ligne": "T3", "nombre_ligne": 1, "type_ligne": "Tram", "bool_bus": false, "bool_tram": true, "bool_metro": false, "bool_ferry": false }, "geometry": { "type": "LineString", "coordinates": [ [ 5.40307931, 43.266013870000016 ], [ 5.403151619999988, 43.266030700000016 ] ] } },
{ "type": "Feature", "properties": { "nom_zone": "Audisio Santa Cruz", "nombre_arret": 2, "nom_ligne": "3", "nombre_ligne": 1, "type_ligne": "Bus", "bool_bus": true, "bool_tram": false, "bool_metro": false, "bool_ferry": false }, "geometry": { "type": "LineString", "coordinates": [ [ 5.405634, 43.342386 ], [ 5.405665, 43.342329 ] ] } },
{ "type": "Feature", "properties": { "nom_zone": "Audisio Valmalète", "nombre_arret": 2, "nom_ligne": "3", "nombre_ligne": 1, "type_ligne": "Bus", "bool_bus": true, "bool_tram": false, "bool_metro": false, "bool_ferry": false }, "geometry": { "type": "LineString", "coordinates": [ [ 5.40191, 43.342346 ], [ 5.402405, 43.342174 ] ] } },
{ "type": "Feature", "properties": { "nom_zone": "Auphan Félix Pyat", "nombre_arret": 2, "nom_ligne": "['89' '88' '530']", "nombre_ligne": 3, "type_ligne": "Bus", "bool_bus": true, "bool_tram": false, "bool_metro": false, "bool_ferry": false }, "geometry": { "type": "LineString", "coordinates": [ [ 5.374425, 43.316683 ], [ 5.375036, 43.316668 ] ] } },
{ "type": "Feature", "properties": { "nom_zone": "Auphan Vaillant", "nombre_arret": 2, "nom_ligne": "['89' '88' '97JET' '97' '530']", "nombre_ligne": 5, "type_ligne": "Bus", "bool_bus": true, "bool_tram": false, "bool_metro": false, "bool_ferry": false }, "geometry": { "type": "LineString", "coordinates": [ [ 5.377243189999986, 43.316967039999987 ], [ 5.377068, 43.317061 ] ] } },
{ "type": "Feature", "properties": { "nom_zone": "Aygalades Village", "nombre_arret": 2, "nom_ligne": "30", "nombre_ligne": 1, "type_ligne": "Bus", "bool_bus": true, "bool_tram": false, "bool_metro": false, "bool_ferry": false }, "geometry": { "type": "LineString", "coordinates": [ [ 5.367216, 43.353336 ], [ 5.366689, 43.353412 ] ] } },
{ "type": "Feature", "properties": { "nom_zone": "Baille", "nombre_arret": 2, "nom_ligne": "['M1' '54' 'BM1A' 'N1']", "nombre_ligne": 4, "type_ligne": "['Subway' 'Bus']", "bool_bus": true, "bool_tram": false, "bool_metro": true, "bool_ferry": false }, "geometry": { "type": "LineString", "coordinates": [ [ 5.391976500000012, 43.2881685 ], [ 5.392008500000011, 43.288089 ] ] } },
{ "type": "Feature", "properties": { "nom_zone": "Baille Hôpital Conception", "nombre_arret": 2, "nom_ligne": "['M1' '54' 'BM1A' 'N1']", "nombre_ligne": 4, "type_ligne": "['Subway' 'Bus']", "bool_bus": true, "bool_tram": false, "bool_metro": true, "bool_ferry": false }, "geometry": { "type": "LineString", "coordinates": [ [ 5.397094, 43.289427 ], [ 5.396354, 43.289419 ] ] } },
{ "type": "Feature", "properties": { "nom_zone": "Baille Lieutaud", "nombre_arret": 2, "nom_ligne": "['M1' '54' '74' 'BM1A' 'N1' '73' '41' 'BM2']", "nombre_ligne": 8, "type_ligne": "['Subway' 'Bus']", "bool_bus": true, "bool_tram": false, "bool_metro": true, "bool_ferry": false }, "geometry": { "type": "LineString", "coordinates": [ [ 5.386289369999986, 43.286579119999978 ], [ 5.384982, 43.286376 ] ] } },
{ "type": "Feature", "properties": { "nom_zone": "Baille Lodi", "nombre_arret": 2, "nom_ligne": "['M1' '54' 'BM1A' 'N1']", "nombre_ligne": 4, "type_ligne": "['Subway' 'Bus']", "bool_bus": true, "bool_tram": false, "bool_metro": true, "bool_ferry": false }, "geometry": { "type": "LineString", "coordinates": [ [ 5.389754, 43.287442 ], [ 5.389617, 43.287585 ] ] } },
{ "type": "Feature", "properties": { "nom_zone": "Baille Nègre", "nombre_arret": 2, "nom_ligne": "['M1' '54' 'BM1A' 'N1']", "nombre_ligne": 4, "type_ligne": "['Subway' 'Bus']", "bool_bus": true, "bool_tram": false, "bool_metro": true, "bool_ferry": false }, "geometry": { "type": "LineString", "coordinates": [ [ 5.399180189999985, 43.28999644 ], [ 5.398354, 43.289952 ] ] } },
{ "type": "Feature", "properties": { "nom_zone": "Baille Vertus", "nombre_arret": 2, "nom_ligne": "['M1' '54' 'BM1A' 'N1']", "nombre_ligne": 4, "type_ligne": "['Subway' 'Bus']", "bool_bus": true, "bool_tram": false, "bool_metro": true, "bool_ferry": false }, "geometry": { "type": "LineString", "coordinates": [ [ 5.39328, 43.288391 ], [ 5.393392, 43.288595 ] ] } },
{ "type": "Feature", "properties": { "nom_zone": "Bancal Barasse", "nombre_arret": 3, "nom_ligne": "['15S' '15' '540' '40' '50' '64']", "nombre_ligne": 6, "type_ligne": "Bus", "bool_bus": true, "bool_tram": false, "bool_metro": false, "bool_ferry": false }, "geometry": { "type": "Polygon", "coordinates": [ [ [ 5.47886888, 43.28600856 ], [ 5.479792, 43.286091 ], [ 5.48000730999998, 43.285700280000057 ], [ 5.47886888, 43.28600856 ] ] ] } },
{ "type": "Feature", "properties": { "nom_zone": "Bar 1900", "nombre_arret": 2, "nom_ligne": "['1100' '62']", "nombre_ligne": 2, "type_ligne": "Bus", "bool_bus": true, "bool_tram": false, "bool_metro": false, "bool_ferry": false }, "geometry": { "type": "LineString", "coordinates": [ [ 5.452728, 43.337385 ], [ 5.45256327, 43.337367 ] ] } },
{ "type": "Feature", "properties": { "nom_zone": "Bara Bessons", "nombre_arret": 2, "nom_ligne": "1", "nombre_ligne": 1, "type_ligne": "Bus", "bool_bus": true, "bool_tram": false, "bool_metro": false, "bool_ferry": false }, "geometry": { "type": "LineString", "coordinates": [ [ 5.44807, 43.347863 ], [ 5.447855, 43.347827 ] ] } },
{ "type": "Feature", "properties": { "nom_zone": "Bara Einstein", "nombre_arret": 2, "nom_ligne": "['142' '63']", "nombre_ligne": 2, "type_ligne": "Bus", "bool_bus": true, "bool_tram": false, "bool_metro": false, "bool_ferry": false }, "geometry": { "type": "LineString", "coordinates": [ [ 5.45077192, 43.34696893 ], [ 5.45080954, 43.34705811 ] ] } },
{ "type": "Feature", "properties": { "nom_zone": "Bara La Croix", "nombre_arret": 2, "nom_ligne": "1", "nombre_ligne": 1, "type_ligne": "Bus", "bool_bus": true, "bool_tram": false, "bool_metro": false, "bool_ferry": false }, "geometry": { "type": "LineString", "coordinates": [ [ 5.443951, 43.349709 ], [ 5.443665, 43.349824 ] ] } },
{ "type": "Feature", "properties": { "nom_zone": "Bara Prats", "nombre_arret": 2, "nom_ligne": "1", "nombre_ligne": 1, "type_ligne": "Bus", "bool_bus": true, "bool_tram": false, "bool_metro": false, "bool_ferry": false }, "geometry": { "type": "LineString", "coordinates": [ [ 5.441364, 43.351158 ], [ 5.441135, 43.351315 ] ] } },
{ "type": "Feature", "properties": { "nom_zone": "Bara Val de Gray", "nombre_arret": 2, "nom_ligne": "1", "nombre_ligne": 1, "type_ligne": "Bus", "bool_bus": true, "bool_tram": false, "bool_metro": false, "bool_ferry": false }, "geometry": { "type": "LineString", "coordinates": [ [ 5.44500929, 43.348911669999971 ], [ 5.445017, 43.349028 ] ] } },
{ "type": "Feature", "properties": { "nom_zone": "Barasse Beau Site", "nombre_arret": 2, "nom_ligne": "['15S' '15' '540' '40']", "nombre_ligne": 4, "type_ligne": "Bus", "bool_bus": true, "bool_tram": false, "bool_metro": false, "bool_ferry": false }, "geometry": { "type": "LineString", "coordinates": [ [ 5.473901, 43.286238 ], [ 5.472988, 43.286315 ] ] } },
{ "type": "Feature", "properties": { "nom_zone": "Barbusse Colbert", "nombre_arret": 2, "nom_ligne": "['31' '89' '509' '533' 'M1' 'N2' '32' '97JET' '97' '530' '29' 'BM1A']", "nombre_ligne": 12, "type_ligne": "['Bus' 'Subway']", "bool_bus": true, "bool_tram": false, "bool_metro": true, "bool_ferry": false }, "geometry": { "type": "LineString", "coordinates": [ [ 5.37416106, 43.298424590000053 ], [ 5.374036, 43.298149 ] ] } },
{ "type": "Feature", "properties": { "nom_zone": "Barielle", "nombre_arret": 2, "nom_ligne": "['5' 'N2' 'S2' '3' '42T' '42' '63']", "nombre_ligne": 7, "type_ligne": "Bus", "bool_bus": true, "bool_tram": false, "bool_metro": false, "bool_ferry": false }, "geometry": { "type": "LineString", "coordinates": [ [ 5.432339, 43.33761 ], [ 5.43230055, 43.33735584 ] ] } },
{ "type": "Feature", "properties": { "nom_zone": "Barquière Martheline", "nombre_arret": 2, "nom_ligne": "23", "nombre_ligne": 1, "type_ligne": "Bus", "bool_bus": true, "bool_tram": false, "bool_metro": false, "bool_ferry": false }, "geometry": { "type": "LineString", "coordinates": [ [ 5.398606, 43.246072 ], [ 5.398837, 43.246126 ] ] } },
{ "type": "Feature", "properties": { "nom_zone": "Bastide Basse", "nombre_arret": 2, "nom_ligne": "10", "nombre_ligne": 1, "type_ligne": "Bus", "bool_bus": true, "bool_tram": false, "bool_metro": false, "bool_ferry": false }, "geometry": { "type": "LineString", "coordinates": [ [ 5.439954, 43.299498 ], [ 5.439746, 43.299256 ] ] } },
{ "type": "Feature", "properties": { "nom_zone": "Bastide Cazaulx", "nombre_arret": 2, "nom_ligne": "10", "nombre_ligne": 1, "type_ligne": "Bus", "bool_bus": true, "bool_tram": false, "bool_metro": false, "bool_ferry": false }, "geometry": { "type": "LineString", "coordinates": [ [ 5.440513, 43.297755 ], [ 5.440259, 43.298324 ] ] } },
{ "type": "Feature", "properties": { "nom_zone": "Bastide St Jean", "nombre_arret": 1, "nom_ligne": "10", "nombre_ligne": 1, "type_ligne": "Bus", "bool_bus": true, "bool_tram": false, "bool_metro": false, "bool_ferry": false }, "geometry": { "type": "Point", "coordinates": [ 5.421511, 43.298942 ] } },
{ "type": "Feature", "properties": { "nom_zone": "Baumettes Beauvallon", "nombre_arret": 1, "nom_ligne": "22", "nombre_ligne": 1, "type_ligne": "Bus", "bool_bus": true, "bool_tram": false, "bool_metro": false, "bool_ferry": false }, "geometry": { "type": "Point", "coordinates": [ 5.412501, 43.233058 ] } },
{ "type": "Feature", "properties": { "nom_zone": "Baumettes Rimbaud", "nombre_arret": 2, "nom_ligne": "22", "nombre_ligne": 1, "type_ligne": "Bus", "bool_bus": true, "bool_tram": false, "bool_metro": false, "bool_ferry": false }, "geometry": { "type": "LineString", "coordinates": [ [ 5.414141, 43.230575 ], [ 5.414258, 43.230788 ] ] } },
{ "type": "Feature", "properties": { "nom_zone": "Bd Falcot", "nombre_arret": 2, "nom_ligne": "['25' '98']", "nombre_ligne": 2, "type_ligne": "Bus", "bool_bus": true, "bool_tram": false, "bool_metro": false, "bool_ferry": false }, "geometry": { "type": "LineString", "coordinates": [ [ 5.350831, 43.373038 ], [ 5.351682, 43.372984 ] ] } },
{ "type": "Feature", "properties": { "nom_zone": "Bd de la Gare", "nombre_arret": 2, "nom_ligne": "['530' '30']", "nombre_ligne": 2, "type_ligne": "Bus", "bool_bus": true, "bool_tram": false, "bool_metro": false, "bool_ferry": false }, "geometry": { "type": "LineString", "coordinates": [ [ 5.36708, 43.357265 ], [ 5.366864199999958, 43.35719283 ] ] } },
{ "type": "Feature", "properties": { "nom_zone": "Beaumont", "nombre_arret": 1, "nom_ligne": "['7B' '509' 'S4' '6' '9']", "nombre_ligne": 5, "type_ligne": "Bus", "bool_bus": true, "bool_tram": false, "bool_metro": false, "bool_ferry": false }, "geometry": { "type": "Point", "coordinates": [ 5.437473, 43.316835 ] } },
{ "type": "Feature", "properties": { "nom_zone": "Beaumont Eglise", "nombre_arret": 1, "nom_ligne": "['7B' '509']", "nombre_ligne": 2, "type_ligne": "Bus", "bool_bus": true, "bool_tram": false, "bool_metro": false, "bool_ferry": false }, "geometry": { "type": "Point", "coordinates": [ 5.438899, 43.309127 ] } },
{ "type": "Feature", "properties": { "nom_zone": "Beaumont Figone", "nombre_arret": 2, "nom_ligne": "['7B' '509' '7' '107']", "nombre_ligne": 4, "type_ligne": "Bus", "bool_bus": true, "bool_tram": false, "bool_metro": false, "bool_ferry": false }, "geometry": { "type": "LineString", "coordinates": [ [ 5.435888, 43.308226 ], [ 5.435809, 43.308344 ] ] } },
{ "type": "Feature", "properties": { "nom_zone": "Beaumont Pasteur", "nombre_arret": 2, "nom_ligne": "['7B' '509']", "nombre_ligne": 2, "type_ligne": "Bus", "bool_bus": true, "bool_tram": false, "bool_metro": false, "bool_ferry": false }, "geometry": { "type": "LineString", "coordinates": [ [ 5.438668, 43.310661 ], [ 5.438481, 43.311151 ] ] } },
{ "type": "Feature", "properties": { "nom_zone": "Beauvallon", "nombre_arret": 1, "nom_ligne": "['22S' '22' '23']", "nombre_ligne": 3, "type_ligne": "Bus", "bool_bus": true, "bool_tram": false, "bool_metro": false, "bool_ferry": false }, "geometry": { "type": "Point", "coordinates": [ 5.412005, 43.234058 ] } },
{ "type": "Feature", "properties": { "nom_zone": "Belle Ombre Romain Rolland", "nombre_arret": 2, "nom_ligne": "16", "nombre_ligne": 1, "type_ligne": "Bus", "bool_bus": true, "bool_tram": false, "bool_metro": false, "bool_ferry": false }, "geometry": { "type": "LineString", "coordinates": [ [ 5.407766, 43.270208 ], [ 5.407934, 43.270193 ] ] } },
{ "type": "Feature", "properties": { "nom_zone": "Belle Vue", "nombre_arret": 2, "nom_ligne": "10", "nombre_ligne": 1, "type_ligne": "Bus", "bool_bus": true, "bool_tram": false, "bool_metro": false, "bool_ferry": false }, "geometry": { "type": "LineString", "coordinates": [ [ 5.436092, 43.298343 ], [ 5.436492, 43.298469 ] ] } },
{ "type": "Feature", "properties": { "nom_zone": "Belle Vue Barsotti", "nombre_arret": 1, "nom_ligne": "88", "nombre_ligne": 1, "type_ligne": "Bus", "bool_bus": true, "bool_tram": false, "bool_metro": false, "bool_ferry": false }, "geometry": { "type": "Point", "coordinates": [ 5.37971311, 43.31283903 ] } },
{ "type": "Feature", "properties": { "nom_zone": "Belle Vue Vaillant", "nombre_arret": 1, "nom_ligne": "88", "nombre_ligne": 1, "type_ligne": "Bus", "bool_bus": true, "bool_tram": false, "bool_metro": false, "bool_ferry": false }, "geometry": { "type": "Point", "coordinates": [ 5.38041, 43.315287 ] } },
{ "type": "Feature", "properties": { "nom_zone": "Belle de Mai", "nombre_arret": 2, "nom_ligne": "['56' '88' '582' '49']", "nombre_ligne": 4, "type_ligne": "Bus", "bool_bus": true, "bool_tram": false, "bool_metro": false, "bool_ferry": false }, "geometry": { "type": "LineString", "coordinates": [ [ 5.388821, 43.311094 ], [ 5.38832267, 43.3113328 ] ] } },
{ "type": "Feature", "properties": { "nom_zone": "Belle de Mai La Friche", "nombre_arret": 3, "nom_ligne": "['56' '582' '49']", "nombre_ligne": 3, "type_ligne": "Bus", "bool_bus": true, "bool_tram": false, "bool_metro": false, "bool_ferry": false }, "geometry": { "type": "Polygon", "coordinates": [ [ [ 5.390209, 43.309722 ], [ 5.390241, 43.30955 ], [ 5.390047, 43.309195 ], [ 5.390209, 43.309722 ] ] ] } },
{ "type": "Feature", "properties": { "nom_zone": "Belle de Mai Loubon", "nombre_arret": 1, "nom_ligne": "['31' '33' '56' '533' 'N2' '32' '88' '582' '34' '49']", "nombre_ligne": 10, "type_ligne": "Bus", "bool_bus": true, "bool_tram": false, "bool_metro": false, "bool_ferry": false }, "geometry": { "type": "Point", "coordinates": [ 5.38573, 43.312898 ] } },
{ "type": "Feature", "properties": { "nom_zone": "Belle de Mai National", "nombre_arret": 1, "nom_ligne": "['33' '533' '582' '34' '49']", "nombre_ligne": 5, "type_ligne": "Bus", "bool_bus": true, "bool_tram": false, "bool_metro": false, "bool_ferry": false }, "geometry": { "type": "Point", "coordinates": [ 5.381849, 43.308475 ] } },
{ "type": "Feature", "properties": { "nom_zone": "Belsunce Alcazar", "nombre_arret": 2, "nom_ligne": "['T2' 'T3']", "nombre_ligne": 2, "type_ligne": "Tram", "bool_bus": false, "bool_tram": true, "bool_metro": false, "bool_ferry": false }, "geometry": { "type": "LineString", "coordinates": [ [ 5.3766, 43.298488 ], [ 5.376773, 43.298525 ] ] } },
{ "type": "Feature", "properties": { "nom_zone": "Bernabo Littoral", "nombre_arret": 2, "nom_ligne": "['36B' '36']", "nombre_ligne": 2, "type_ligne": "Bus", "bool_bus": true, "bool_tram": false, "bool_metro": false, "bool_ferry": false }, "geometry": { "type": "LineString", "coordinates": [ [ 5.3547, 43.336264 ], [ 5.354519, 43.336259 ] ] } },
{ "type": "Feature", "properties": { "nom_zone": "Bertrandon", "nombre_arret": 2, "nom_ligne": "['31' '33' '28' '530' '28B']", "nombre_ligne": 5, "type_ligne": "Bus", "bool_bus": true, "bool_tram": false, "bool_metro": false, "bool_ferry": false }, "geometry": { "type": "LineString", "coordinates": [ [ 5.387847, 43.328349 ], [ 5.387738, 43.328981 ] ] } },
{ "type": "Feature", "properties": { "nom_zone": "Bezombes", "nombre_arret": 1, "nom_ligne": "['91' 'S5']", "nombre_ligne": 2, "type_ligne": "Bus", "bool_bus": true, "bool_tram": false, "bool_metro": false, "bool_ferry": false }, "geometry": { "type": "Point", "coordinates": [ 5.429264, 43.287464 ] } },
{ "type": "Feature", "properties": { "nom_zone": "Bianco Florian", "nombre_arret": 1, "nom_ligne": "['91' 'S5' 'B5']", "nombre_ligne": 3, "type_ligne": "Bus", "bool_bus": true, "bool_tram": false, "bool_metro": false, "bool_ferry": false }, "geometry": { "type": "Point", "coordinates": [ 5.425268, 43.287254 ] } },
{ "type": "Feature", "properties": { "nom_zone": "Bianco Mazenode", "nombre_arret": 1, "nom_ligne": "['91' 'S5']", "nombre_ligne": 2, "type_ligne": "Bus", "bool_bus": true, "bool_tram": false, "bool_metro": false, "bool_ferry": false }, "geometry": { "type": "Point", "coordinates": [ 5.425857, 43.289411 ] } },
{ "type": "Feature", "properties": { "nom_zone": "Billoux Mairie 15-16", "nombre_arret": 2, "nom_ligne": "['25' '70' 'B2' '36B' '535']", "nombre_ligne": 5, "type_ligne": "Bus", "bool_bus": true, "bool_tram": false, "bool_metro": false, "bool_ferry": false }, "geometry": { "type": "LineString", "coordinates": [ [ 5.364439489999987, 43.33263092 ], [ 5.364361, 43.332494 ] ] } },
{ "type": "Feature", "properties": { "nom_zone": "Blancarde 5 Avenues", "nombre_arret": 1, "nom_ligne": "['7B' '7' '582' '6' 'BM1A']", "nombre_ligne": 5, "type_ligne": "Bus", "bool_bus": true, "bool_tram": false, "bool_metro": false, "bool_ferry": false }, "geometry": { "type": "Point", "coordinates": [ 5.397174, 43.30273 ] } },
{ "type": "Feature", "properties": { "nom_zone": "Blancarde Duparc", "nombre_arret": 1, "nom_ligne": "['7B' '7' '582' '6' 'BM1A']", "nombre_ligne": 5, "type_ligne": "Bus", "bool_bus": true, "bool_tram": false, "bool_metro": false, "bool_ferry": false }, "geometry": { "type": "Point", "coordinates": [ 5.400174, 43.30292 ] } },
{ "type": "Feature", "properties": { "nom_zone": "Blancarde Jeanne de Chantal", "nombre_arret": 1, "nom_ligne": "['7B' '509' '7']", "nombre_ligne": 3, "type_ligne": "Bus", "bool_bus": true, "bool_tram": false, "bool_metro": false, "bool_ferry": false }, "geometry": { "type": "Point", "coordinates": [ 5.40254831, 43.302796850000021 ] } },
{ "type": "Feature", "properties": { "nom_zone": "Blancarde Progin", "nombre_arret": 2, "nom_ligne": "['7B' '509' '7']", "nombre_ligne": 3, "type_ligne": "Bus", "bool_bus": true, "bool_tram": false, "bool_metro": false, "bool_ferry": false }, "geometry": { "type": "LineString", "coordinates": [ [ 5.405051, 43.303407 ], [ 5.404953009999981, 43.303493320000022 ] ] } },
{ "type": "Feature", "properties": { "nom_zone": "Blancarde Rougier", "nombre_arret": 1, "nom_ligne": "['7B' '509' '7']", "nombre_ligne": 3, "type_ligne": "Bus", "bool_bus": true, "bool_tram": false, "bool_metro": false, "bool_ferry": false }, "geometry": { "type": "Point", "coordinates": [ 5.40288, 43.303237 ] } },
{ "type": "Feature", "properties": { "nom_zone": "Blum Cabot", "nombre_arret": 2, "nom_ligne": "B5", "nombre_ligne": 1, "type_ligne": "Bus", "bool_bus": true, "bool_tram": false, "bool_metro": false, "bool_ferry": false }, "geometry": { "type": "LineString", "coordinates": [ [ 5.416202189999989, 43.260855640000017 ], [ 5.415815289999984, 43.26080925 ] ] } },
{ "type": "Feature", "properties": { "nom_zone": "Bois Fleury", "nombre_arret": 2, "nom_ligne": "16", "nombre_ligne": 1, "type_ligne": "Bus", "bool_bus": true, "bool_tram": false, "bool_metro": false, "bool_ferry": false }, "geometry": { "type": "LineString", "coordinates": [ [ 5.42529, 43.270944 ], [ 5.424745, 43.270911 ] ] } },
{ "type": "Feature", "properties": { "nom_zone": "Bois Lemaître", "nombre_arret": 2, "nom_ligne": "['7B' '6']", "nombre_ligne": 2, "type_ligne": "Bus", "bool_bus": true, "bool_tram": false, "bool_metro": false, "bool_ferry": false }, "geometry": { "type": "LineString", "coordinates": [ [ 5.432819719999969, 43.320674070000038 ], [ 5.432782170000013, 43.32063895 ] ] } },
{ "type": "Feature", "properties": { "nom_zone": "Bompard", "nombre_arret": 2, "nom_ligne": "61", "nombre_ligne": 1, "type_ligne": "Bus", "bool_bus": true, "bool_tram": false, "bool_metro": false, "bool_ferry": false }, "geometry": { "type": "LineString", "coordinates": [ [ 5.3604269, 43.278806570000029 ], [ 5.36049128000001, 43.27916587 ] ] } },
{ "type": "Feature", "properties": { "nom_zone": "Bompard Beaulieu", "nombre_arret": 1, "nom_ligne": "61", "nombre_ligne": 1, "type_ligne": "Bus", "bool_bus": true, "bool_tram": false, "bool_metro": false, "bool_ferry": false }, "geometry": { "type": "Point", "coordinates": [ 5.360074, 43.281353 ] } },
{ "type": "Feature", "properties": { "nom_zone": "Bompard Endoume", "nombre_arret": 2, "nom_ligne": "61", "nombre_ligne": 1, "type_ligne": "Bus", "bool_bus": true, "bool_tram": false, "bool_metro": false, "bool_ferry": false }, "geometry": { "type": "LineString", "coordinates": [ [ 5.360192, 43.284465 ], [ 5.360237, 43.28467 ] ] } },
{ "type": "Feature", "properties": { "nom_zone": "Bompard Fedeli", "nombre_arret": 2, "nom_ligne": "61", "nombre_ligne": 1, "type_ligne": "Bus", "bool_bus": true, "bool_tram": false, "bool_metro": false, "bool_ferry": false }, "geometry": { "type": "LineString", "coordinates": [ [ 5.360771, 43.280484 ], [ 5.360664, 43.280816 ] ] } },
{ "type": "Feature", "properties": { "nom_zone": "Bompard Rigaud", "nombre_arret": 2, "nom_ligne": "61", "nombre_ligne": 1, "type_ligne": "Bus", "bool_bus": true, "bool_tram": false, "bool_metro": false, "bool_ferry": false }, "geometry": { "type": "LineString", "coordinates": [ [ 5.361038, 43.282273 ], [ 5.361097, 43.282436 ] ] } },
{ "type": "Feature", "properties": { "nom_zone": "Bonnefoy Rabatau", "nombre_arret": 2, "nom_ligne": "['72' 'N1']", "nombre_ligne": 2, "type_ligne": "Bus", "bool_bus": true, "bool_tram": false, "bool_metro": false, "bool_ferry": false }, "geometry": { "type": "LineString", "coordinates": [ [ 5.400128, 43.279876 ], [ 5.399711, 43.279679 ] ] } },
{ "type": "Feature", "properties": { "nom_zone": "Bonneterie", "nombre_arret": 2, "nom_ligne": "49", "nombre_ligne": 1, "type_ligne": "Bus", "bool_bus": true, "bool_tram": false, "bool_metro": false, "bool_ferry": false }, "geometry": { "type": "LineString", "coordinates": [ [ 5.371632, 43.297115 ], [ 5.371628, 43.296763 ] ] } },
{ "type": "Feature", "properties": { "nom_zone": "Bonneveine", "nombre_arret": 1, "nom_ligne": "['44' '45']", "nombre_ligne": 2, "type_ligne": "Bus", "bool_bus": true, "bool_tram": false, "bool_metro": false, "bool_ferry": false }, "geometry": { "type": "Point", "coordinates": [ 5.382068, 43.247222 ] } },
{ "type": "Feature", "properties": { "nom_zone": "Booth La Moularde", "nombre_arret": 2, "nom_ligne": "['91' '509' 'S5' '9' '10']", "nombre_ligne": 5, "type_ligne": "Bus", "bool_bus": true, "bool_tram": false, "bool_metro": false, "bool_ferry": false }, "geometry": { "type": "LineString", "coordinates": [ [ 5.448706, 43.297092 ], [ 5.448675, 43.296807 ] ] } },
{ "type": "Feature", "properties": { "nom_zone": "Booth Lecache", "nombre_arret": 2, "nom_ligne": "['12B' '12' '91' '509' 'S5' '9' '10' '12S']", "nombre_ligne": 8, "type_ligne": "Bus", "bool_bus": true, "bool_tram": false, "bool_metro": false, "bool_ferry": false }, "geometry": { "type": "LineString", "coordinates": [ [ 5.44730365, 43.296116920000031 ], [ 5.447106, 43.295857 ] ] } },
{ "type": "Feature", "properties": { "nom_zone": "Bougainville", "nombre_arret": 2, "nom_ligne": "['28' '28B' '36B' '36' 'BM2' 'M2']", "nombre_ligne": 6, "type_ligne": "['Bus' 'Subway']", "bool_bus": true, "bool_tram": false, "bool_metro": true, "bool_ferry": false }, "geometry": { "type": "LineString", "coordinates": [ [ 5.371352, 43.3208465 ], [ 5.3714625, 43.320844 ] ] } },
{ "type": "Feature", "properties": { "nom_zone": "Bourdet St Charles", "nombre_arret": 2, "nom_ligne": "['509' '533' 'N2' '582' 'BM1A' 'BM2' 'M2' 'M1']", "nombre_ligne": 8, "type_ligne": "['Bus' 'Subway']", "bool_bus": true, "bool_tram": false, "bool_metro": true, "bool_ferry": false }, "geometry": { "type": "LineString", "coordinates": [ [ 5.379507, 43.302455 ], [ 5.379578230000012, 43.3026665 ] ] } },
{ "type": "Feature", "properties": { "nom_zone": "Bourrely Dramard", "nombre_arret": 1, "nom_ligne": "['97JET' '97' '121' '122']", "nombre_ligne": 4, "type_ligne": "Bus", "bool_bus": true, "bool_tram": false, "bool_metro": false, "bool_ferry": false }, "geometry": { "type": "Point", "coordinates": [ 5.359197, 43.377349 ] } },
{ "type": "Feature", "properties": { "nom_zone": "Bourrély Granière", "nombre_arret": 2, "nom_ligne": "['96' 'S1' '97' 'B2']", "nombre_ligne": 4, "type_ligne": "Bus", "bool_bus": true, "bool_tram": false, "bool_metro": false, "bool_ferry": false }, "geometry": { "type": "LineString", "coordinates": [ [ 5.364172, 43.382678 ], [ 5.364381, 43.382766 ] ] } },
{ "type": "Feature", "properties": { "nom_zone": "Bovet Muret", "nombre_arret": 2, "nom_ligne": "89", "nombre_ligne": 1, "type_ligne": "Bus", "bool_bus": true, "bool_tram": false, "bool_metro": false, "bool_ferry": false }, "geometry": { "type": "LineString", "coordinates": [ [ 5.381046, 43.331062 ], [ 5.380711, 43.331045 ] ] } },
{ "type": "Feature", "properties": { "nom_zone": "Bowl du Prado", "nombre_arret": 2, "nom_ligne": "['19' '19B' 'S7']", "nombre_ligne": 3, "type_ligne": "Bus", "bool_bus": true, "bool_tram": false, "bool_metro": false, "bool_ferry": false }, "geometry": { "type": "LineString", "coordinates": [ [ 5.375764, 43.251808 ], [ 5.375515, 43.251632 ] ] } },
{ "type": "Feature", "properties": { "nom_zone": "Braque Les Flamants", "nombre_arret": 2, "nom_ligne": "['38' '53']", "nombre_ligne": 2, "type_ligne": "Bus", "bool_bus": true, "bool_tram": false, "bool_metro": false, "bool_ferry": false }, "geometry": { "type": "LineString", "coordinates": [ [ 5.401915, 43.33251 ], [ 5.401403, 43.332857 ] ] } },
{ "type": "Feature", "properties": { "nom_zone": "Breteuil Delanglade", "nombre_arret": 1, "nom_ligne": "49", "nombre_ligne": 1, "type_ligne": "Bus", "bool_bus": true, "bool_tram": false, "bool_metro": false, "bool_ferry": false }, "geometry": { "type": "Point", "coordinates": [ 5.376076, 43.289559 ] } },
{ "type": "Feature", "properties": { "nom_zone": "Breteuil Dragon", "nombre_arret": 1, "nom_ligne": "49", "nombre_ligne": 1, "type_ligne": "Bus", "bool_bus": true, "bool_tram": false, "bool_metro": false, "bool_ferry": false }, "geometry": { "type": "Point", "coordinates": [ 5.37702363, 43.28729186 ] } },
{ "type": "Feature", "properties": { "nom_zone": "Breteuil Puget", "nombre_arret": 1, "nom_ligne": "['60' '80' '81' '61' '41' '49' '54' 'BM1A' 'N1']", "nombre_ligne": 9, "type_ligne": "Bus", "bool_bus": true, "bool_tram": false, "bool_metro": false, "bool_ferry": false }, "geometry": { "type": "Point", "coordinates": [ 5.375594, 43.290644 ] } },
{ "type": "Feature", "properties": { "nom_zone": "Burel Plombières", "nombre_arret": 1, "nom_ligne": "['31' '33' '533' 'N2' '32' '34']", "nombre_ligne": 6, "type_ligne": "Bus", "bool_bus": true, "bool_tram": false, "bool_metro": false, "bool_ferry": false }, "geometry": { "type": "Point", "coordinates": [ 5.388305, 43.315531 ] } },
{ "type": "Feature", "properties": { "nom_zone": "Bénédit", "nombre_arret": 2, "nom_ligne": "['582' '49']", "nombre_ligne": 2, "type_ligne": "Bus", "bool_bus": true, "bool_tram": false, "bool_metro": false, "bool_ferry": false }, "geometry": { "type": "LineString", "coordinates": [ [ 5.392355, 43.307365 ], [ 5.392305, 43.307748 ] ] } },
{ "type": "Feature", "properties": { "nom_zone": "CC Bonneveine", "nombre_arret": 2, "nom_ligne": "['23' '45' '47']", "nombre_ligne": 3, "type_ligne": "Bus", "bool_bus": true, "bool_tram": false, "bool_metro": false, "bool_ferry": false }, "geometry": { "type": "LineString", "coordinates": [ [ 5.390311, 43.249275 ], [ 5.390415, 43.249388 ] ] } },
{ "type": "Feature", "properties": { "nom_zone": "CC Le Merlan", "nombre_arret": 4, "nom_ligne": "['33' '533' 'B4' 'N2' '32' '27' '34']", "nombre_ligne": 7, "type_ligne": "Bus", "bool_bus": true, "bool_tram": false, "bool_metro": false, "bool_ferry": false }, "geometry": { "type": "Polygon", "coordinates": [ [ [ 5.39986707, 43.32867121 ], [ 5.39946224, 43.328589189999988 ], [ 5.39970604, 43.32868274 ], [ 5.40026697, 43.3288343 ], [ 5.39986707, 43.32867121 ] ] ] } },
{ "type": "Feature", "properties": { "nom_zone": "CC Saint-Loup", "nombre_arret": 2, "nom_ligne": "B5", "nombre_ligne": 1, "type_ligne": "Bus", "bool_bus": true, "bool_tram": false, "bool_metro": false, "bool_ferry": false }, "geometry": { "type": "LineString", "coordinates": [ [ 5.42611810000001, 43.278969929999988 ], [ 5.42604501, 43.279120780000014 ] ] } },
{ "type": "Feature", "properties": { "nom_zone": "CC Saint-Loup Doize", "nombre_arret": 2, "nom_ligne": "['17' '16' 'B5']", "nombre_ligne": 3, "type_ligne": "Bus", "bool_bus": true, "bool_tram": false, "bool_metro": false, "bool_ferry": false }, "geometry": { "type": "LineString", "coordinates": [ [ 5.427491279999974, 43.27739647 ], [ 5.427283, 43.277265 ] ] } },
{ "type": "Feature", "properties": { "nom_zone": "CC Sormiou", "nombre_arret": 2, "nom_ligne": "23", "nombre_ligne": 1, "type_ligne": "Bus", "bool_bus": true, "bool_tram": false, "bool_metro": false, "bool_ferry": false }, "geometry": { "type": "LineString", "coordinates": [ [ 5.400069, 43.232401 ], [ 5.4001, 43.232745 ] ] } },
{ "type": "Feature", "properties": { "nom_zone": "CC Ste Anne", "nombre_arret": 2, "nom_ligne": "['23' '45']", "nombre_ligne": 2, "type_ligne": "Bus", "bool_bus": true, "bool_tram": false, "bool_metro": false, "bool_ferry": false }, "geometry": { "type": "LineString", "coordinates": [ [ 5.394223, 43.25932 ], [ 5.39405778, 43.25939345 ] ] } },
{ "type": "Feature", "properties": { "nom_zone": "CC Valmante", "nombre_arret": 2, "nom_ligne": "['B1' '21JET' 'N1']", "nombre_ligne": 3, "type_ligne": "Bus", "bool_bus": true, "bool_tram": false, "bool_metro": false, "bool_ferry": false }, "geometry": { "type": "LineString", "coordinates": [ [ 5.415489969999988, 43.24574783 ], [ 5.41660845, 43.24576151 ] ] } },
{ "type": "Feature", "properties": { "nom_zone": "CFA Corot", "nombre_arret": 2, "nom_ligne": "30", "nombre_ligne": 1, "type_ligne": "Bus", "bool_bus": true, "bool_tram": false, "bool_metro": false, "bool_ferry": false }, "geometry": { "type": "LineString", "coordinates": [ [ 5.367792249999988, 43.33287675 ], [ 5.36802, 43.332969 ] ] } },
{ "type": "Feature", "properties": { "nom_zone": "Cabassud Mireille Lauze", "nombre_arret": 2, "nom_ligne": "91", "nombre_ligne": 1, "type_ligne": "Bus", "bool_bus": true, "bool_tram": false, "bool_metro": false, "bool_ferry": false }, "geometry": { "type": "LineString", "coordinates": [ [ 5.412719, 43.283606 ], [ 5.412954, 43.283702 ] ] } },
{ "type": "Feature", "properties": { "nom_zone": "Cabassud Timone", "nombre_arret": 2, "nom_ligne": "91", "nombre_ligne": 1, "type_ligne": "Bus", "bool_bus": true, "bool_tram": false, "bool_metro": false, "bool_ferry": false }, "geometry": { "type": "LineString", "coordinates": [ [ 5.412786, 43.285764 ], [ 5.412936, 43.286031 ] ] } },
{ "type": "Feature", "properties": { "nom_zone": "Cade Mouton", "nombre_arret": 2, "nom_ligne": "['33' '38']", "nombre_ligne": 2, "type_ligne": "Bus", "bool_bus": true, "bool_tram": false, "bool_metro": false, "bool_ferry": false }, "geometry": { "type": "LineString", "coordinates": [ [ 5.392302269999973, 43.33194807000001 ], [ 5.39194988, 43.331797209999976 ] ] } },
{ "type": "Feature", "properties": { "nom_zone": "Cadenelle Charley", "nombre_arret": 1, "nom_ligne": "86", "nombre_ligne": 1, "type_ligne": "Bus", "bool_bus": true, "bool_tram": false, "bool_metro": false, "bool_ferry": false }, "geometry": { "type": "Point", "coordinates": [ 5.38251758, 43.26799927 ] } },
{ "type": "Feature", "properties": { "nom_zone": "Caillols Figone", "nombre_arret": 2, "nom_ligne": "['509' 'S5' '9']", "nombre_ligne": 3, "type_ligne": "Bus", "bool_bus": true, "bool_tram": false, "bool_metro": false, "bool_ferry": false }, "geometry": { "type": "LineString", "coordinates": [ [ 5.438418, 43.303151 ], [ 5.437272, 43.303667 ] ] } },
{ "type": "Feature", "properties": { "nom_zone": "Caillols Fort Fouque", "nombre_arret": 2, "nom_ligne": "['509' 'S5' '9']", "nombre_ligne": 3, "type_ligne": "Bus", "bool_bus": true, "bool_tram": false, "bool_metro": false, "bool_ferry": false }, "geometry": { "type": "LineString", "coordinates": [ [ 5.442164, 43.303385 ], [ 5.44223428, 43.30326532 ] ] } },
{ "type": "Feature", "properties": { "nom_zone": "Caillols La Fourragère", "nombre_arret": 2, "nom_ligne": "['S5' 'S4' '9' '10']", "nombre_ligne": 4, "type_ligne": "Bus", "bool_bus": true, "bool_tram": false, "bool_metro": false, "bool_ferry": false }, "geometry": { "type": "LineString", "coordinates": [ [ 5.427655, 43.303854 ], [ 5.427783, 43.30398 ] ] } },
{ "type": "Feature", "properties": { "nom_zone": "Caillols Monette", "nombre_arret": 2, "nom_ligne": "['509' 'S5' '9']", "nombre_ligne": 3, "type_ligne": "Bus", "bool_bus": true, "bool_tram": false, "bool_metro": false, "bool_ferry": false }, "geometry": { "type": "LineString", "coordinates": [ [ 5.43975, 43.303531 ], [ 5.439481, 43.3035 ] ] } },
{ "type": "Feature", "properties": { "nom_zone": "Caillols Parini", "nombre_arret": 2, "nom_ligne": "['509' 'S5' '9']", "nombre_ligne": 3, "type_ligne": "Bus", "bool_bus": true, "bool_tram": false, "bool_metro": false, "bool_ferry": false }, "geometry": { "type": "LineString", "coordinates": [ [ 5.431113, 43.303492 ], [ 5.430785, 43.303549 ] ] } },
{ "type": "Feature", "properties": { "nom_zone": "Caillols Provence", "nombre_arret": 2, "nom_ligne": "['509' 'S5' '9']", "nombre_ligne": 3, "type_ligne": "Bus", "bool_bus": true, "bool_tram": false, "bool_metro": false, "bool_ferry": false }, "geometry": { "type": "LineString", "coordinates": [ [ 5.448703, 43.303119 ], [ 5.449196, 43.303252 ] ] } },
{ "type": "Feature", "properties": { "nom_zone": "Caillols Rosière", "nombre_arret": 2, "nom_ligne": "['509' 'S5' '9']", "nombre_ligne": 3, "type_ligne": "Bus", "bool_bus": true, "bool_tram": false, "bool_metro": false, "bool_ferry": false }, "geometry": { "type": "LineString", "coordinates": [ [ 5.434428, 43.304273 ], [ 5.435072789999985, 43.304026039999989 ] ] } },
{ "type": "Feature", "properties": { "nom_zone": "Caillols Vieux Moulin", "nombre_arret": 2, "nom_ligne": "['509' 'S5' '9']", "nombre_ligne": 3, "type_ligne": "Bus", "bool_bus": true, "bool_tram": false, "bool_metro": false, "bool_ferry": false }, "geometry": { "type": "LineString", "coordinates": [ [ 5.4459026, 43.3026091 ], [ 5.445345, 43.302436 ] ] } },
{ "type": "Feature", "properties": { "nom_zone": "Caisserie Beauregard", "nombre_arret": 2, "nom_ligne": "49", "nombre_ligne": 1, "type_ligne": "Bus", "bool_bus": true, "bool_tram": false, "bool_metro": false, "bool_ferry": false }, "geometry": { "type": "LineString", "coordinates": [ [ 5.367532, 43.296926 ], [ 5.368049, 43.296943 ] ] } },
{ "type": "Feature", "properties": { "nom_zone": "Calanque Blanche", "nombre_arret": 2, "nom_ligne": "20", "nombre_ligne": 1, "type_ligne": "Bus", "bool_bus": true, "bool_tram": false, "bool_metro": false, "bool_ferry": false }, "geometry": { "type": "LineString", "coordinates": [ [ 5.346565, 43.223748 ], [ 5.346781, 43.223598 ] ] } },
{ "type": "Feature", "properties": { "nom_zone": "Callelongue", "nombre_arret": 1, "nom_ligne": "20", "nombre_ligne": 1, "type_ligne": "Bus", "bool_bus": true, "bool_tram": false, "bool_metro": false, "bool_ferry": false }, "geometry": { "type": "Point", "coordinates": [ 5.352956, 43.212648 ] } },
{ "type": "Feature", "properties": { "nom_zone": "Calvet Jaloux", "nombre_arret": 2, "nom_ligne": "89", "nombre_ligne": 1, "type_ligne": "Bus", "bool_bus": true, "bool_tram": false, "bool_metro": false, "bool_ferry": false }, "geometry": { "type": "LineString", "coordinates": [ [ 5.384852, 43.329357 ], [ 5.384989, 43.329178 ] ] } },
{ "type": "Feature", "properties": { "nom_zone": "Camas", "nombre_arret": 2, "nom_ligne": "T1", "nombre_ligne": 1, "type_ligne": "Tram", "bool_bus": false, "bool_tram": true, "bool_metro": false, "bool_ferry": false }, "geometry": { "type": "LineString", "coordinates": [ [ 5.393169, 43.295345 ], [ 5.393121, 43.295463 ] ] } },
{ "type": "Feature", "properties": { "nom_zone": "Camoins Les Bains", "nombre_arret": 2, "nom_ligne": "['S6' '12S']", "nombre_ligne": 2, "type_ligne": "Bus", "bool_bus": true, "bool_tram": false, "bool_metro": false, "bool_ferry": false }, "geometry": { "type": "LineString", "coordinates": [ [ 5.506381, 43.305535 ], [ 5.50639, 43.305944 ] ] } },
{ "type": "Feature", "properties": { "nom_zone": "Camoins Les Clos", "nombre_arret": 2, "nom_ligne": "['12B' '12' '12S']", "nombre_ligne": 3, "type_ligne": "Bus", "bool_bus": true, "bool_tram": false, "bool_metro": false, "bool_ferry": false }, "geometry": { "type": "LineString", "coordinates": [ [ 5.507301, 43.301241 ], [ 5.507328, 43.301167 ] ] } },
{ "type": "Feature", "properties": { "nom_zone": "Camoins Les Côteaux", "nombre_arret": 2, "nom_ligne": "['S6' '12S']", "nombre_ligne": 2, "type_ligne": "Bus", "bool_bus": true, "bool_tram": false, "bool_metro": false, "bool_ferry": false }, "geometry": { "type": "LineString", "coordinates": [ [ 5.508326, 43.307341 ], [ 5.508098, 43.307352 ] ] } },
{ "type": "Feature", "properties": { "nom_zone": "Camoins Les Ombrées", "nombre_arret": 2, "nom_ligne": "['S6' '12S']", "nombre_ligne": 2, "type_ligne": "Bus", "bool_bus": true, "bool_tram": false, "bool_metro": false, "bool_ferry": false }, "geometry": { "type": "LineString", "coordinates": [ [ 5.505782, 43.303639 ], [ 5.505614, 43.303684 ] ] } },
{ "type": "Feature", "properties": { "nom_zone": "Camoins St Roch", "nombre_arret": 2, "nom_ligne": "12", "nombre_ligne": 1, "type_ligne": "Bus", "bool_bus": true, "bool_tram": false, "bool_metro": false, "bool_ferry": false }, "geometry": { "type": "LineString", "coordinates": [ [ 5.514277, 43.30036 ], [ 5.514301, 43.300283 ] ] } },
{ "type": "Feature", "properties": { "nom_zone": "Campagne Bleue", "nombre_arret": 1, "nom_ligne": "['95' '95S']", "nombre_ligne": 2, "type_ligne": "Bus", "bool_bus": true, "bool_tram": false, "bool_metro": false, "bool_ferry": false }, "geometry": { "type": "Point", "coordinates": [ 5.308428, 43.37024 ] } },
{ "type": "Feature", "properties": { "nom_zone": "Campagne Lévêque", "nombre_arret": 2, "nom_ligne": "['70' '535']", "nombre_ligne": 2, "type_ligne": "Bus", "bool_bus": true, "bool_tram": false, "bool_metro": false, "bool_ferry": false }, "geometry": { "type": "LineString", "coordinates": [ [ 5.352933, 43.342499 ], [ 5.352759, 43.342621 ] ] } },
{ "type": "Feature", "properties": { "nom_zone": "Campus de Luminy", "nombre_arret": 4, "nom_ligne": "['B1' '21JET' '24']", "nombre_ligne": 3, "type_ligne": "Bus", "bool_bus": true, "bool_tram": false, "bool_metro": false, "bool_ferry": false }, "geometry": { "type": "Polygon", "coordinates": [ [ [ 5.444041839999953, 43.231151930000017 ], [ 5.44372872999997, 43.231229719999988 ], [ 5.4440072, 43.2312389 ], [ 5.444094, 43.231169 ], [ 5.444041839999953, 43.231151930000017 ] ] ] } },
{ "type": "Feature", "properties": { "nom_zone": "Canebière Bourse", "nombre_arret": 6, "nom_ligne": "['89' '509' '97JET' '97' '29' '31' '533' '32' '582' '530']", "nombre_ligne": 10, "type_ligne": "Bus", "bool_bus": true, "bool_tram": false, "bool_metro": false, "bool_ferry": false }, "geometry": { "type": "Polygon", "coordinates": [ [ [ 5.376079, 43.296394 ], [ 5.375993, 43.296482 ], [ 5.376246, 43.296791 ], [ 5.37678, 43.296939 ], [ 5.37674, 43.296603 ], [ 5.376682, 43.296702 ], [ 5.376079, 43.296394 ] ] ] } },
{ "type": "Feature", "properties": { "nom_zone": "Canebière Capucins", "nombre_arret": 2, "nom_ligne": "T2", "nombre_ligne": 1, "type_ligne": "Tram", "bool_bus": false, "bool_tram": true, "bool_metro": false, "bool_ferry": false }, "geometry": { "type": "LineString", "coordinates": [ [ 5.378976, 43.296743 ], [ 5.37887, 43.296923 ] ] } },
{ "type": "Feature", "properties": { "nom_zone": "Canet Ambrosini", "nombre_arret": 5, "nom_ligne": "['29' '535' '38' 'B4']", "nombre_ligne": 4, "type_ligne": "Bus", "bool_bus": true, "bool_tram": false, "bool_metro": false, "bool_ferry": false }, "geometry": { "type": "Polygon", "coordinates": [ [ [ 5.373909269999967, 43.331160640000029 ], [ 5.37381692, 43.331285670000028 ], [ 5.374162, 43.331358 ], [ 5.374729, 43.332132 ], [ 5.374738, 43.330912 ], [ 5.373909269999967, 43.331160640000029 ] ] ] } },
{ "type": "Feature", "properties": { "nom_zone": "Cantini Rouet", "nombre_arret": 2, "nom_ligne": "T3", "nombre_ligne": 1, "type_ligne": "Tram", "bool_bus": false, "bool_tram": true, "bool_metro": false, "bool_ferry": false }, "geometry": { "type": "LineString", "coordinates": [ [ 5.39485011, 43.279850400000015 ], [ 5.39489573, 43.279896980000018 ] ] } },
{ "type": "Feature", "properties": { "nom_zone": "Cap Pinède", "nombre_arret": 2, "nom_ligne": "['35T' '35']", "nombre_ligne": 2, "type_ligne": "Bus", "bool_bus": true, "bool_tram": false, "bool_metro": false, "bool_ferry": false }, "geometry": { "type": "LineString", "coordinates": [ [ 5.358808, 43.326392 ], [ 5.3585279, 43.326367919999974 ] ] } },
{ "type": "Feature", "properties": { "nom_zone": "Cap Pinède Lyon", "nombre_arret": 2, "nom_ligne": "98", "nombre_ligne": 1, "type_ligne": "Bus", "bool_bus": true, "bool_tram": false, "bool_metro": false, "bool_ferry": false }, "geometry": { "type": "LineString", "coordinates": [ [ 5.364527, 43.328516 ], [ 5.364233, 43.328254 ] ] } },
{ "type": "Feature", "properties": { "nom_zone": "Capelette Curtel", "nombre_arret": 2, "nom_ligne": "['18' '518']", "nombre_ligne": 2, "type_ligne": "Bus", "bool_bus": true, "bool_tram": false, "bool_metro": false, "bool_ferry": false }, "geometry": { "type": "LineString", "coordinates": [ [ 5.408647, 43.280244 ], [ 5.408019, 43.280575 ] ] } },
{ "type": "Feature", "properties": { "nom_zone": "Capelette Rabatau", "nombre_arret": 2, "nom_ligne": "['72' '18' '518' 'N1' '50']", "nombre_ligne": 5, "type_ligne": "Bus", "bool_bus": true, "bool_tram": false, "bool_metro": false, "bool_ferry": false }, "geometry": { "type": "LineString", "coordinates": [ [ 5.399904, 43.283709 ], [ 5.400098, 43.283595 ] ] } },
{ "type": "Feature", "properties": { "nom_zone": "Cartonnerie", "nombre_arret": 2, "nom_ligne": "['12B' '12' '12S']", "nombre_ligne": 3, "type_ligne": "Bus", "bool_bus": true, "bool_tram": false, "bool_metro": false, "bool_ferry": false }, "geometry": { "type": "LineString", "coordinates": [ [ 5.463808, 43.289984 ], [ 5.462804, 43.290748 ] ] } },
{ "type": "Feature", "properties": { "nom_zone": "Casanova Barbès", "nombre_arret": 2, "nom_ligne": "['28' '28B' '29' '535']", "nombre_ligne": 4, "type_ligne": "Bus", "bool_bus": true, "bool_tram": false, "bool_metro": false, "bool_ferry": false }, "geometry": { "type": "LineString", "coordinates": [ [ 5.374347, 43.322933 ], [ 5.374146, 43.323471 ] ] } },
{ "type": "Feature", "properties": { "nom_zone": "Casanova Canet", "nombre_arret": 2, "nom_ligne": "['29' '535']", "nombre_ligne": 2, "type_ligne": "Bus", "bool_bus": true, "bool_tram": false, "bool_metro": false, "bool_ferry": false }, "geometry": { "type": "LineString", "coordinates": [ [ 5.375822, 43.329092 ], [ 5.374823, 43.329259 ] ] } },
{ "type": "Feature", "properties": { "nom_zone": "Casanova De Lesseps", "nombre_arret": 1, "nom_ligne": "['28' '28B' '29' '535']", "nombre_ligne": 4, "type_ligne": "Bus", "bool_bus": true, "bool_tram": false, "bool_metro": false, "bool_ferry": false }, "geometry": { "type": "Point", "coordinates": [ 5.37476277, 43.32156466 ] } },
{ "type": "Feature", "properties": { "nom_zone": "Casanova Etats Unis", "nombre_arret": 2, "nom_ligne": "['28' '28B' '29' '535']", "nombre_ligne": 4, "type_ligne": "Bus", "bool_bus": true, "bool_tram": false, "bool_metro": false, "bool_ferry": false }, "geometry": { "type": "LineString", "coordinates": [ [ 5.373914939999987, 43.325012020000017 ], [ 5.373817069999989, 43.325100580000033 ] ] } },
{ "type": "Feature", "properties": { "nom_zone": "Casanova Larousse", "nombre_arret": 1, "nom_ligne": "['29' '535']", "nombre_ligne": 2, "type_ligne": "Bus", "bool_bus": true, "bool_tram": false, "bool_metro": false, "bool_ferry": false }, "geometry": { "type": "Point", "coordinates": [ 5.376523, 43.330413 ] } },
{ "type": "Feature", "properties": { "nom_zone": "Cassini", "nombre_arret": 2, "nom_ligne": "['81' '88']", "nombre_ligne": 2, "type_ligne": "Bus", "bool_bus": true, "bool_tram": false, "bool_metro": false, "bool_ferry": false }, "geometry": { "type": "LineString", "coordinates": [ [ 5.396762, 43.306053 ], [ 5.396778, 43.30592 ] ] } },
{ "type": "Feature", "properties": { "nom_zone": "Castellane", "nombre_arret": 13, "nom_ligne": "['19' 'B1' '73' '41' '74' 'BM2' 'M2' '540' '18' '50' '518' 'M1' 'T3']", "nombre_ligne": 13, "type_ligne": "['Bus' 'Subway' 'Tram']", "bool_bus": true, "bool_tram": true, "bool_metro": true, "bool_ferry": false }, "geometry": { "type": "Polygon", "coordinates": [ [ [ 5.384552, 43.286118500000022 ], [ 5.384512, 43.286195 ], [ 5.38541889, 43.2859116 ], [ 5.38511235, 43.285529589999982 ], [ 5.38542811, 43.284763240000046 ], [ 5.3845633, 43.284256099999979 ], [ 5.3844198, 43.2844992 ], [ 5.3842401, 43.284829199999976 ], [ 5.384331, 43.2851435 ], [ 5.384259859999968, 43.285246900000033 ], [ 5.3844335, 43.285175500000022 ], [ 5.38463689, 43.28539789 ], [ 5.38468254, 43.285445310000014 ], [ 5.384552, 43.286118500000022 ] ] ] } },
{ "type": "Feature", "properties": { "nom_zone": "Castellas Les Lions", "nombre_arret": 2, "nom_ligne": "['31' '28' '530']", "nombre_ligne": 3, "type_ligne": "Bus", "bool_bus": true, "bool_tram": false, "bool_metro": false, "bool_ferry": false }, "geometry": { "type": "LineString", "coordinates": [ [ 5.374648, 43.3504 ], [ 5.375116, 43.349444 ] ] } },
{ "type": "Feature", "properties": { "nom_zone": "Castors de Servières", "nombre_arret": 2, "nom_ligne": "38", "nombre_ligne": 1, "type_ligne": "Bus", "bool_bus": true, "bool_tram": false, "bool_metro": false, "bool_ferry": false }, "geometry": { "type": "LineString", "coordinates": [ [ 5.37273642, 43.3413542 ], [ 5.373006650000011, 43.341312720000012 ] ] } },
{ "type": "Feature", "properties": { "nom_zone": "Catalans", "nombre_arret": 2, "nom_ligne": "['81' '82S' '54']", "nombre_ligne": 3, "type_ligne": "Bus", "bool_bus": true, "bool_tram": false, "bool_metro": false, "bool_ferry": false }, "geometry": { "type": "LineString", "coordinates": [ [ 5.35497, 43.288948 ], [ 5.355319, 43.288799 ] ] } },
{ "type": "Feature", "properties": { "nom_zone": "Cazemajou D'Anthoine", "nombre_arret": 1, "nom_ligne": "['72' '535' 'T3']", "nombre_ligne": 3, "type_ligne": "['Bus' 'Tram']", "bool_bus": true, "bool_tram": true, "bool_metro": false, "bool_ferry": false }, "geometry": { "type": "Point", "coordinates": [ 5.368258, 43.316644 ] } },
{ "type": "Feature", "properties": { "nom_zone": "Centre Gérontologique", "nombre_arret": 2, "nom_ligne": "['67' '6']", "nombre_ligne": 2, "type_ligne": "Bus", "bool_bus": true, "bool_tram": false, "bool_metro": false, "bool_ferry": false }, "geometry": { "type": "LineString", "coordinates": [ [ 5.409731, 43.311339 ], [ 5.410063, 43.311429 ] ] } },
{ "type": "Feature", "properties": { "nom_zone": "Centre Social", "nombre_arret": 2, "nom_ligne": "10", "nombre_ligne": 1, "type_ligne": "Bus", "bool_bus": true, "bool_tram": false, "bool_metro": false, "bool_ferry": false }, "geometry": { "type": "LineString", "coordinates": [ [ 5.438005, 43.297803 ], [ 5.437695, 43.297453 ] ] } },
{ "type": "Feature", "properties": { "nom_zone": "Champfleuri", "nombre_arret": 2, "nom_ligne": "53", "nombre_ligne": 1, "type_ligne": "Bus", "bool_bus": true, "bool_tram": false, "bool_metro": false, "bool_ferry": false }, "geometry": { "type": "LineString", "coordinates": [ [ 5.399685, 43.325688 ], [ 5.400392, 43.325373 ] ] } },
{ "type": "Feature", "properties": { "nom_zone": "Champollion", "nombre_arret": 2, "nom_ligne": "62", "nombre_ligne": 1, "type_ligne": "Bus", "bool_bus": true, "bool_tram": false, "bool_metro": false, "bool_ferry": false }, "geometry": { "type": "LineString", "coordinates": [ [ 5.44952, 43.33979 ], [ 5.449645, 43.339816 ] ] } },
{ "type": "Feature", "properties": { "nom_zone": "Chante Perdrix", "nombre_arret": 2, "nom_ligne": "['17' '16']", "nombre_ligne": 2, "type_ligne": "Bus", "bool_bus": true, "bool_tram": false, "bool_metro": false, "bool_ferry": false }, "geometry": { "type": "LineString", "coordinates": [ [ 5.43155056, 43.27629564 ], [ 5.432041, 43.276151 ] ] } },
{ "type": "Feature", "properties": { "nom_zone": "Charbonnelle Trévaresse", "nombre_arret": 2, "nom_ligne": "['67' 'BM1B']", "nombre_ligne": 2, "type_ligne": "Bus", "bool_bus": true, "bool_tram": false, "bool_metro": false, "bool_ferry": false }, "geometry": { "type": "LineString", "coordinates": [ [ 5.416937, 43.297763 ], [ 5.416885, 43.297612 ] ] } },
{ "type": "Feature", "properties": { "nom_zone": "Chartreux", "nombre_arret": 2, "nom_ligne": "['67' 'M1']", "nombre_ligne": 2, "type_ligne": "['Bus' 'Subway']", "bool_bus": true, "bool_tram": false, "bool_metro": true, "bool_ferry": false }, "geometry": { "type": "LineString", "coordinates": [ [ 5.401397, 43.309159 ], [ 5.401482, 43.309106 ] ] } },
{ "type": "Feature", "properties": { "nom_zone": "Chartreux Pierre Roche", "nombre_arret": 2, "nom_ligne": "['42T' '42']", "nombre_ligne": 2, "type_ligne": "Bus", "bool_bus": true, "bool_tram": false, "bool_metro": false, "bool_ferry": false }, "geometry": { "type": "LineString", "coordinates": [ [ 5.400645, 43.309652 ], [ 5.400495, 43.309609 ] ] } },
{ "type": "Feature", "properties": { "nom_zone": "Chemin Colline St Joseph", "nombre_arret": 2, "nom_ligne": "48", "nombre_ligne": 1, "type_ligne": "Bus", "bool_bus": true, "bool_tram": false, "bool_metro": false, "bool_ferry": false }, "geometry": { "type": "LineString", "coordinates": [ [ 5.413203, 43.253914 ], [ 5.413779, 43.25313 ] ] } },
{ "type": "Feature", "properties": { "nom_zone": "Chemin de St Antoine", "nombre_arret": 2, "nom_ligne": "27", "nombre_ligne": 1, "type_ligne": "Bus", "bool_bus": true, "bool_tram": false, "bool_metro": false, "bool_ferry": false }, "geometry": { "type": "LineString", "coordinates": [ [ 5.373566, 43.348955 ], [ 5.374676, 43.348865 ] ] } },
{ "type": "Feature", "properties": { "nom_zone": "Chemin de la Commanderie", "nombre_arret": 2, "nom_ligne": "27", "nombre_ligne": 1, "type_ligne": "Bus", "bool_bus": true, "bool_tram": false, "bool_metro": false, "bool_ferry": false }, "geometry": { "type": "LineString", "coordinates": [ [ 5.362992, 43.347868 ], [ 5.362864, 43.347748 ] ] } },
{ "type": "Feature", "properties": { "nom_zone": "Chemin de la Mûre", "nombre_arret": 2, "nom_ligne": "['530' '30']", "nombre_ligne": 2, "type_ligne": "Bus", "bool_bus": true, "bool_tram": false, "bool_metro": false, "bool_ferry": false }, "geometry": { "type": "LineString", "coordinates": [ [ 5.36531085, 43.358504550000049 ], [ 5.365332719999986, 43.358690040000027 ] ] } },
{ "type": "Feature", "properties": { "nom_zone": "Chemin des Grives", "nombre_arret": 2, "nom_ligne": "['37' 'S2']", "nombre_ligne": 2, "type_ligne": "Bus", "bool_bus": true, "bool_tram": false, "bool_metro": false, "bool_ferry": false }, "geometry": { "type": "LineString", "coordinates": [ [ 5.415365, 43.351744 ], [ 5.415124, 43.351722 ] ] } },
{ "type": "Feature", "properties": { "nom_zone": "Chemin du Passet", "nombre_arret": 2, "nom_ligne": "['96' '36B' '36' '535']", "nombre_ligne": 4, "type_ligne": "Bus", "bool_bus": true, "bool_tram": false, "bool_metro": false, "bool_ferry": false }, "geometry": { "type": "LineString", "coordinates": [ [ 5.334344, 43.36056 ], [ 5.334238, 43.36045 ] ] } },
{ "type": "Feature", "properties": { "nom_zone": "Chutes Lavie", "nombre_arret": 2, "nom_ligne": "81", "nombre_ligne": 1, "type_ligne": "Bus", "bool_bus": true, "bool_tram": false, "bool_metro": false, "bool_ferry": false }, "geometry": { "type": "LineString", "coordinates": [ [ 5.399535, 43.317117 ], [ 5.39881, 43.316342 ] ] } },
{ "type": "Feature", "properties": { "nom_zone": "Chutes Lavie Dahdah", "nombre_arret": 2, "nom_ligne": "['81' '88']", "nombre_ligne": 2, "type_ligne": "Bus", "bool_bus": true, "bool_tram": false, "bool_metro": false, "bool_ferry": false }, "geometry": { "type": "LineString", "coordinates": [ [ 5.396299929999982, 43.31014627 ], [ 5.396409, 43.310162 ] ] } },
{ "type": "Feature", "properties": { "nom_zone": "Château Gombert", "nombre_arret": 3, "nom_ligne": "['5' 'S3' '1']", "nombre_ligne": 3, "type_ligne": "Bus", "bool_bus": true, "bool_tram": false, "bool_metro": false, "bool_ferry": false }, "geometry": { "type": "Polygon", "coordinates": [ [ [ 5.438184, 43.3536 ], [ 5.438286069999972, 43.35352244000002 ], [ 5.438034, 43.353238 ], [ 5.438184, 43.3536 ] ] ] } },
{ "type": "Feature", "properties": { "nom_zone": "Château Saint-Cyr", "nombre_arret": 2, "nom_ligne": "['17' '18']", "nombre_ligne": 2, "type_ligne": "Bus", "bool_bus": true, "bool_tram": false, "bool_metro": false, "bool_ferry": false }, "geometry": { "type": "LineString", "coordinates": [ [ 5.442682, 43.284243 ], [ 5.442767989999976, 43.28378079 ] ] } },
{ "type": "Feature", "properties": { "nom_zone": "Château Saint-Loup", "nombre_arret": 2, "nom_ligne": "['17' '16']", "nombre_ligne": 2, "type_ligne": "Bus", "bool_bus": true, "bool_tram": false, "bool_metro": false, "bool_ferry": false }, "geometry": { "type": "LineString", "coordinates": [ [ 5.434351, 43.274677 ], [ 5.433687, 43.275371 ] ] } },
{ "type": "Feature", "properties": { "nom_zone": "Château de la Buzine", "nombre_arret": 1, "nom_ligne": "51", "nombre_ligne": 1, "type_ligne": "Bus", "bool_bus": true, "bool_tram": false, "bool_metro": false, "bool_ferry": false }, "geometry": { "type": "Point", "coordinates": [ 5.502065, 43.295822 ] } },
{ "type": "Feature", "properties": { "nom_zone": "Château de la Parade", "nombre_arret": 2, "nom_ligne": "['5' 'S3']", "nombre_ligne": 2, "type_ligne": "Bus", "bool_bus": true, "bool_tram": false, "bool_metro": false, "bool_ferry": false }, "geometry": { "type": "LineString", "coordinates": [ [ 5.441919, 43.361347 ], [ 5.44165, 43.361239 ] ] } },
{ "type": "Feature", "properties": { "nom_zone": "Château des Martégaux", "nombre_arret": 2, "nom_ligne": "['4B' '4']", "nombre_ligne": 2, "type_ligne": "Bus", "bool_bus": true, "bool_tram": false, "bool_metro": false, "bool_ferry": false }, "geometry": { "type": "LineString", "coordinates": [ [ 5.443213, 43.32425 ], [ 5.443243, 43.324359 ] ] } },
{ "type": "Feature", "properties": { "nom_zone": "Cimetière du Canet", "nombre_arret": 2, "nom_ligne": "['28' '28B']", "nombre_ligne": 2, "type_ligne": "Bus", "bool_bus": true, "bool_tram": false, "bool_metro": false, "bool_ferry": false }, "geometry": { "type": "LineString", "coordinates": [ [ 5.38008, 43.325634 ], [ 5.379889, 43.325582 ] ] } },
{ "type": "Feature", "properties": { "nom_zone": "Cinq Avenues", "nombre_arret": 2, "nom_ligne": "['7B' '7' '582' '6' 'BM1A' 'T2']", "nombre_ligne": 6, "type_ligne": "['Bus' 'Tram']", "bool_bus": true, "bool_tram": true, "bool_metro": false, "bool_ferry": false }, "geometry": { "type": "LineString", "coordinates": [ [ 5.397134, 43.302338 ], [ 5.397063, 43.302278 ] ] } },
{ "type": "Feature", "properties": { "nom_zone": "Cinq Avenues Longchamp", "nombre_arret": 2, "nom_ligne": "M1", "nombre_ligne": 1, "type_ligne": "Subway", "bool_bus": false, "bool_tram": false, "bool_metro": true, "bool_ferry": false }, "geometry": { "type": "LineString", "coordinates": [ [ 5.396111, 43.304102499999978 ], [ 5.396108499999989, 43.3040585 ] ] } },
{ "type": "Feature", "properties": { "nom_zone": "Cité Bassens", "nombre_arret": 2, "nom_ligne": "38", "nombre_ligne": 1, "type_ligne": "Bus", "bool_bus": true, "bool_tram": false, "bool_metro": false, "bool_ferry": false }, "geometry": { "type": "LineString", "coordinates": [ [ 5.372966, 43.338655 ], [ 5.372878, 43.339037 ] ] } },
{ "type": "Feature", "properties": { "nom_zone": "Cité Chutes Lavie", "nombre_arret": 2, "nom_ligne": "72", "nombre_ligne": 1, "type_ligne": "Bus", "bool_bus": true, "bool_tram": false, "bool_metro": false, "bool_ferry": false }, "geometry": { "type": "LineString", "coordinates": [ [ 5.394691, 43.316219 ], [ 5.3969743, 43.316674600000013 ] ] } },
{ "type": "Feature", "properties": { "nom_zone": "Cité La Marie Basse", "nombre_arret": 2, "nom_ligne": "2", "nombre_ligne": 1, "type_ligne": "Bus", "bool_bus": true, "bool_tram": false, "bool_metro": false, "bool_ferry": false }, "geometry": { "type": "LineString", "coordinates": [ [ 5.457666, 43.329946 ], [ 5.45737, 43.329368 ] ] } },
{ "type": "Feature", "properties": { "nom_zone": "Cité La Marie Haute", "nombre_arret": 1, "nom_ligne": "2", "nombre_ligne": 1, "type_ligne": "Bus", "bool_bus": true, "bool_tram": false, "bool_metro": false, "bool_ferry": false }, "geometry": { "type": "Point", "coordinates": [ 5.454252, 43.328097 ] } },
{ "type": "Feature", "properties": { "nom_zone": "Cité La Viste", "nombre_arret": 2, "nom_ligne": "B2", "nombre_ligne": 1, "type_ligne": "Bus", "bool_bus": true, "bool_tram": false, "bool_metro": false, "bool_ferry": false }, "geometry": { "type": "LineString", "coordinates": [ [ 5.357302, 43.355868 ], [ 5.357431, 43.355692 ] ] } },
{ "type": "Feature", "properties": { "nom_zone": "Cité St Just", "nombre_arret": 2, "nom_ligne": "53", "nombre_ligne": 1, "type_ligne": "Bus", "bool_bus": true, "bool_tram": false, "bool_metro": false, "bool_ferry": false }, "geometry": { "type": "LineString", "coordinates": [ [ 5.40285408, 43.324563040000037 ], [ 5.402565079999968, 43.32466363000006 ] ] } },
{ "type": "Feature", "properties": { "nom_zone": "Cité St Louis", "nombre_arret": 2, "nom_ligne": "['25' '36B' '36' '535']", "nombre_ligne": 4, "type_ligne": "Bus", "bool_bus": true, "bool_tram": false, "bool_metro": false, "bool_ferry": false }, "geometry": { "type": "LineString", "coordinates": [ [ 5.354132, 43.351445 ], [ 5.354026, 43.351175 ] ] } },
{ "type": "Feature", "properties": { "nom_zone": "Cité des Arts de la Rue", "nombre_arret": 2, "nom_ligne": "30", "nombre_ligne": 1, "type_ligne": "Bus", "bool_bus": true, "bool_tram": false, "bool_metro": false, "bool_ferry": false }, "geometry": { "type": "LineString", "coordinates": [ [ 5.365534, 43.352149 ], [ 5.365285, 43.351633 ] ] } },
{ "type": "Feature", "properties": { "nom_zone": "Clairval Les Comtes", "nombre_arret": 2, "nom_ligne": "['12B' '12' '12S']", "nombre_ligne": 3, "type_ligne": "Bus", "bool_bus": true, "bool_tram": false, "bool_metro": false, "bool_ferry": false }, "geometry": { "type": "LineString", "coordinates": [ [ 5.450676, 43.2934524 ], [ 5.451152, 43.293576 ] ] } },
{ "type": "Feature", "properties": { "nom_zone": "Claudel Mairie 9-10", "nombre_arret": 2, "nom_ligne": "16", "nombre_ligne": 1, "type_ligne": "Bus", "bool_bus": true, "bool_tram": false, "bool_metro": false, "bool_ferry": false }, "geometry": { "type": "LineString", "coordinates": [ [ 5.413966, 43.268232 ], [ 5.413889, 43.268356 ] ] } },
{ "type": "Feature", "properties": { "nom_zone": "Clinique", "nombre_arret": 2, "nom_ligne": "44", "nombre_ligne": 1, "type_ligne": "Bus", "bool_bus": true, "bool_tram": false, "bool_metro": false, "bool_ferry": false }, "geometry": { "type": "LineString", "coordinates": [ [ 5.38178, 43.249673 ], [ 5.381898199999965, 43.2495341 ] ] } },
{ "type": "Feature", "properties": { "nom_zone": "Clinique Juge", "nombre_arret": 1, "nom_ligne": "86", "nombre_ligne": 1, "type_ligne": "Bus", "bool_bus": true, "bool_tram": false, "bool_metro": false, "bool_ferry": false }, "geometry": { "type": "Point", "coordinates": [ 5.387128289999986, 43.273477369999988 ] } },
{ "type": "Feature", "properties": { "nom_zone": "Clinique St Martin", "nombre_arret": 2, "nom_ligne": "['12B' '12' 'S6' '12S']", "nombre_ligne": 4, "type_ligne": "Bus", "bool_bus": true, "bool_tram": false, "bool_metro": false, "bool_ferry": false }, "geometry": { "type": "LineString", "coordinates": [ [ 5.50395727, 43.30110254 ], [ 5.503599, 43.301067 ] ] } },
{ "type": "Feature", "properties": { "nom_zone": "Clos d'Orville", "nombre_arret": 1, "nom_ligne": "['4B' '4']", "nombre_ligne": 2, "type_ligne": "Bus", "bool_bus": true, "bool_tram": false, "bool_metro": false, "bool_ferry": false }, "geometry": { "type": "Point", "coordinates": [ 5.436348, 43.327289 ] } },
{ "type": "Feature", "properties": { "nom_zone": "Clos de Mélanie", "nombre_arret": 2, "nom_ligne": "64", "nombre_ligne": 1, "type_ligne": "Bus", "bool_bus": true, "bool_tram": false, "bool_metro": false, "bool_ferry": false }, "geometry": { "type": "LineString", "coordinates": [ [ 5.50109893, 43.307796479999986 ], [ 5.5012414, 43.307745780000012 ] ] } },
{ "type": "Feature", "properties": { "nom_zone": "Clot Bey Leau", "nombre_arret": 2, "nom_ligne": "44", "nombre_ligne": 1, "type_ligne": "Bus", "bool_bus": true, "bool_tram": false, "bool_metro": false, "bool_ferry": false }, "geometry": { "type": "LineString", "coordinates": [ [ 5.382484, 43.256078 ], [ 5.382209, 43.255482 ] ] } },
{ "type": "Feature", "properties": { "nom_zone": "Clot Bey Paul", "nombre_arret": 2, "nom_ligne": "44", "nombre_ligne": 1, "type_ligne": "Bus", "bool_bus": true, "bool_tram": false, "bool_metro": false, "bool_ferry": false }, "geometry": { "type": "LineString", "coordinates": [ [ 5.383478, 43.258118 ], [ 5.38363619, 43.258167499999978 ] ] } },
{ "type": "Feature", "properties": { "nom_zone": "Clovis Hugues", "nombre_arret": 2, "nom_ligne": "['33' '533' '582' '34' '49' '56']", "nombre_ligne": 6, "type_ligne": "Bus", "bool_bus": true, "bool_tram": false, "bool_metro": false, "bool_ferry": false }, "geometry": { "type": "LineString", "coordinates": [ [ 5.384015, 43.311017 ], [ 5.384393, 43.311344 ] ] } },
{ "type": "Feature", "properties": { "nom_zone": "Codaccioni", "nombre_arret": 1, "nom_ligne": "84", "nombre_ligne": 1, "type_ligne": "Bus", "bool_bus": true, "bool_tram": false, "bool_metro": false, "bool_ferry": false }, "geometry": { "type": "Point", "coordinates": [ 5.35839379, 43.28751117 ] } },
{ "type": "Feature", "properties": { "nom_zone": "Colbert", "nombre_arret": 2, "nom_ligne": "['31' '89' '509' '533' 'M1' 'N2' '32' '97JET' '97' '530' '29' 'BM1A']", "nombre_ligne": 12, "type_ligne": "['Bus' 'Subway']", "bool_bus": true, "bool_tram": false, "bool_metro": true, "bool_ferry": false }, "geometry": { "type": "LineString", "coordinates": [ [ 5.374338, 43.300319500000036 ], [ 5.374398, 43.300295500000011 ] ] } },
{ "type": "Feature", "properties": { "nom_zone": "Colgate Agelasto", "nombre_arret": 2, "nom_ligne": "23", "nombre_ligne": 1, "type_ligne": "Bus", "bool_bus": true, "bool_tram": false, "bool_metro": false, "bool_ferry": false }, "geometry": { "type": "LineString", "coordinates": [ [ 5.408942, 43.234032 ], [ 5.408865, 43.234091 ] ] } },
{ "type": "Feature", "properties": { "nom_zone": "Colgate Valette", "nombre_arret": 2, "nom_ligne": "23", "nombre_ligne": 1, "type_ligne": "Bus", "bool_bus": true, "bool_tram": false, "bool_metro": false, "bool_ferry": false }, "geometry": { "type": "LineString", "coordinates": [ [ 5.405982, 43.233521 ], [ 5.405154, 43.233105 ] ] } },
{ "type": "Feature", "properties": { "nom_zone": "Collet des Comtes", "nombre_arret": 2, "nom_ligne": "['91' '10']", "nombre_ligne": 2, "type_ligne": "Bus", "bool_bus": true, "bool_tram": false, "bool_metro": false, "bool_ferry": false }, "geometry": { "type": "LineString", "coordinates": [ [ 5.45515, 43.299256 ], [ 5.455356, 43.299437 ] ] } },
{ "type": "Feature", "properties": { "nom_zone": "Colline de la Garde", "nombre_arret": 1, "nom_ligne": "['55' '60' '80' '81' 'M1' '59' '61' '41' '49' '54' 'BM1A' 'N1']", "nombre_ligne": 12, "type_ligne": "['Bus' 'Subway']", "bool_bus": true, "bool_tram": false, "bool_metro": true, "bool_ferry": false }, "geometry": { "type": "Point", "coordinates": [ 5.37441999, 43.2934502 ] } },
{ "type": "Feature", "properties": { "nom_zone": "Collège Arthur Rimbaud", "nombre_arret": 2, "nom_ligne": "['35' '36B' '36' '98']", "nombre_ligne": 4, "type_ligne": "Bus", "bool_bus": true, "bool_tram": false, "bool_metro": false, "bool_ferry": false }, "geometry": { "type": "LineString", "coordinates": [ [ 5.346708, 43.344015 ], [ 5.347685, 43.343337 ] ] } },
{ "type": "Feature", "properties": { "nom_zone": "Collège Chape", "nombre_arret": 2, "nom_ligne": "['52' '509']", "nombre_ligne": 2, "type_ligne": "Bus", "bool_bus": true, "bool_tram": false, "bool_metro": false, "bool_ferry": false }, "geometry": { "type": "LineString", "coordinates": [ [ 5.389504, 43.298925 ], [ 5.389422, 43.298832 ] ] } },
{ "type": "Feature", "properties": { "nom_zone": "Collège Château Forbin", "nombre_arret": 4, "nom_ligne": "['15' '15S' '40' '540']", "nombre_ligne": 4, "type_ligne": "Bus", "bool_bus": true, "bool_tram": false, "bool_metro": false, "bool_ferry": false }, "geometry": { "type": "LineString", "coordinates": [ [ 5.471430260000011, 43.28624708 ], [ 5.471187, 43.286344 ] ] } },
{ "type": "Feature", "properties": { "nom_zone": "Collège Clair Soleil", "nombre_arret": 2, "nom_ligne": "['28' '530' '28B']", "nombre_ligne": 3, "type_ligne": "Bus", "bool_bus": true, "bool_tram": false, "bool_metro": false, "bool_ferry": false }, "geometry": { "type": "LineString", "coordinates": [ [ 5.386189, 43.323612 ], [ 5.386095, 43.323403 ] ] } },
{ "type": "Feature", "properties": { "nom_zone": "Collège Darius Milhaud", "nombre_arret": 1, "nom_ligne": "['10' 'BM1B']", "nombre_ligne": 2, "type_ligne": "Bus", "bool_bus": true, "bool_tram": false, "bool_metro": false, "bool_ferry": false }, "geometry": { "type": "Point", "coordinates": [ 5.413727, 43.297994 ] } },
{ "type": "Feature", "properties": { "nom_zone": "Collège Edouard Manet", "nombre_arret": 2, "nom_ligne": "['33' '38' '27' '53']", "nombre_ligne": 4, "type_ligne": "Bus", "bool_bus": true, "bool_tram": false, "bool_metro": false, "bool_ferry": false }, "geometry": { "type": "LineString", "coordinates": [ [ 5.398839, 43.334104 ], [ 5.398718, 43.333635 ] ] } },
{ "type": "Feature", "properties": { "nom_zone": "Collège Grande Bastide", "nombre_arret": 2, "nom_ligne": "46", "nombre_ligne": 1, "type_ligne": "Bus", "bool_bus": true, "bool_tram": false, "bool_metro": false, "bool_ferry": false }, "geometry": { "type": "LineString", "coordinates": [ [ 5.406854, 43.255041 ], [ 5.406899, 43.255143 ] ] } },
{ "type": "Feature", "properties": { "nom_zone": "Collège Gyptis", "nombre_arret": 2, "nom_ligne": "16", "nombre_ligne": 1, "type_ligne": "Bus", "bool_bus": true, "bool_tram": false, "bool_metro": false, "bool_ferry": false }, "geometry": { "type": "LineString", "coordinates": [ [ 5.4196217, 43.2637732 ], [ 5.4196975, 43.2636938 ] ] } },
{ "type": "Feature", "properties": { "nom_zone": "Collège Izzo", "nombre_arret": 1, "nom_ligne": "49", "nombre_ligne": 1, "type_ligne": "Bus", "bool_bus": true, "bool_tram": false, "bool_metro": false, "bool_ferry": false }, "geometry": { "type": "Point", "coordinates": [ 5.369053, 43.306574 ] } },
{ "type": "Feature", "properties": { "nom_zone": "Collège Jacques Prévert", "nombre_arret": 2, "nom_ligne": "['39' '6']", "nombre_ligne": 2, "type_ligne": "Bus", "bool_bus": true, "bool_tram": false, "bool_metro": false, "bool_ferry": false }, "geometry": { "type": "LineString", "coordinates": [ [ 5.430837, 43.325586 ], [ 5.431038, 43.325491 ] ] } },
{ "type": "Feature", "properties": { "nom_zone": "Collège Jean Giono", "nombre_arret": 1, "nom_ligne": "['N2' '142' 'S2' '1' '62' 'B3']", "nombre_ligne": 6, "type_ligne": "Bus", "bool_bus": true, "bool_tram": false, "bool_metro": false, "bool_ferry": false }, "geometry": { "type": "Point", "coordinates": [ 5.43484479, 43.33655619000001 ] } },
{ "type": "Feature", "properties": { "nom_zone": "Collège Jean Moulin", "nombre_arret": 2, "nom_ligne": "B2", "nombre_ligne": 1, "type_ligne": "Bus", "bool_bus": true, "bool_tram": false, "bool_metro": false, "bool_ferry": false }, "geometry": { "type": "LineString", "coordinates": [ [ 5.356878, 43.366218 ], [ 5.356883, 43.365108 ] ] } },
{ "type": "Feature", "properties": { "nom_zone": "Collège Le Ruissatel", "nombre_arret": 3, "nom_ligne": "['12B' '12' 'S6' '12S' '64' '51' '4']", "nombre_ligne": 7, "type_ligne": "Bus", "bool_bus": true, "bool_tram": false, "bool_metro": false, "bool_ferry": false }, "geometry": { "type": "Polygon", "coordinates": [ [ [ 5.487677, 43.295807 ], [ 5.489256, 43.295756 ], [ 5.488498, 43.295419 ], [ 5.487677, 43.295807 ] ] ] } },
{ "type": "Feature", "properties": { "nom_zone": "Collège Les Bartavelles", "nombre_arret": 2, "nom_ligne": "18", "nombre_ligne": 1, "type_ligne": "Bus", "bool_bus": true, "bool_tram": false, "bool_metro": false, "bool_ferry": false }, "geometry": { "type": "LineString", "coordinates": [ [ 5.437086, 43.281454 ], [ 5.437117, 43.281318 ] ] } },
{ "type": "Feature", "properties": { "nom_zone": "Collège Malraux", "nombre_arret": 4, "nom_ligne": "['N2' '62' '63' 'S3' '142' '1']", "nombre_ligne": 6, "type_ligne": "Bus", "bool_bus": true, "bool_tram": false, "bool_metro": false, "bool_ferry": false }, "geometry": { "type": "Polygon", "coordinates": [ [ [ 5.445005, 43.342493 ], [ 5.44529691, 43.34321821 ], [ 5.445291550000011, 43.34311775 ], [ 5.445198, 43.342523 ], [ 5.445005, 43.342493 ] ] ] } },
{ "type": "Feature", "properties": { "nom_zone": "Collège Pasteur", "nombre_arret": 2, "nom_ligne": "16", "nombre_ligne": 1, "type_ligne": "Bus", "bool_bus": true, "bool_tram": false, "bool_metro": false, "bool_ferry": false }, "geometry": { "type": "LineString", "coordinates": [ [ 5.409854, 43.268236 ], [ 5.409903, 43.268363 ] ] } },
{ "type": "Feature", "properties": { "nom_zone": "Collège Pont de Vivaux", "nombre_arret": 1, "nom_ligne": "91", "nombre_ligne": 1, "type_ligne": "Bus", "bool_bus": true, "bool_tram": false, "bool_metro": false, "bool_ferry": false }, "geometry": { "type": "Point", "coordinates": [ 5.41660205, 43.27713686 ] } },
{ "type": "Feature", "properties": { "nom_zone": "Collège Roy d'Espagne", "nombre_arret": 4, "nom_ligne": "['44' '23']", "nombre_ligne": 2, "type_ligne": "Bus", "bool_bus": true, "bool_tram": false, "bool_metro": false, "bool_ferry": false }, "geometry": { "type": "Polygon", "coordinates": [ [ [ 5.396481159999965, 43.241513840000039 ], [ 5.396181, 43.24161 ], [ 5.397203, 43.241327 ], [ 5.397056, 43.240925 ], [ 5.396481159999965, 43.241513840000039 ] ] ] } },
{ "type": "Feature", "properties": { "nom_zone": "Collège Vallon des Pins", "nombre_arret": 3, "nom_ligne": "['S1' 'B2' '121' '122']", "nombre_ligne": 4, "type_ligne": "Bus", "bool_bus": true, "bool_tram": false, "bool_metro": false, "bool_ferry": false }, "geometry": { "type": "Polygon", "coordinates": [ [ [ 5.365035, 43.372254 ], [ 5.365204939999974, 43.372176049999986 ], [ 5.36497, 43.371774 ], [ 5.365035, 43.372254 ] ] ] } },
{ "type": "Feature", "properties": { "nom_zone": "Collège des Chartreux", "nombre_arret": 1, "nom_ligne": "['81' 'M1' '88' '42T' '42']", "nombre_ligne": 5, "type_ligne": "['Bus' 'Subway']", "bool_bus": true, "bool_tram": false, "bool_metro": true, "bool_ferry": false }, "geometry": { "type": "Point", "coordinates": [ 5.398932, 43.304781 ] } },
{ "type": "Feature", "properties": { "nom_zone": "Collèges Renoir Rostand", "nombre_arret": 2, "nom_ligne": "['38' '32']", "nombre_ligne": 2, "type_ligne": "Bus", "bool_bus": true, "bool_tram": false, "bool_metro": false, "bool_ferry": false }, "geometry": { "type": "LineString", "coordinates": [ [ 5.407547, 43.327386 ], [ 5.407404, 43.327686 ] ] } },
{ "type": "Feature", "properties": { "nom_zone": "Commissariat", "nombre_arret": 1, "nom_ligne": "['121' '122']", "nombre_ligne": 2, "type_ligne": "Bus", "bool_bus": true, "bool_tram": false, "bool_metro": false, "bool_ferry": false }, "geometry": { "type": "Point", "coordinates": [ 5.367491840000012, 43.39240714000001 ] } },
{ "type": "Feature", "properties": { "nom_zone": "Compadieu", "nombre_arret": 2, "nom_ligne": "['7B' '6']", "nombre_ligne": 2, "type_ligne": "Bus", "bool_bus": true, "bool_tram": false, "bool_metro": false, "bool_ferry": false }, "geometry": { "type": "LineString", "coordinates": [ [ 5.433564, 43.319311 ], [ 5.433636, 43.318934 ] ] } },
{ "type": "Feature", "properties": { "nom_zone": "Compassion", "nombre_arret": 2, "nom_ligne": "['7B' '509' '7']", "nombre_ligne": 3, "type_ligne": "Bus", "bool_bus": true, "bool_tram": false, "bool_metro": false, "bool_ferry": false }, "geometry": { "type": "LineString", "coordinates": [ [ 5.411222579999964, 43.304061699999984 ], [ 5.410836, 43.304157 ] ] } },
{ "type": "Feature", "properties": { "nom_zone": "Compostelle Aiguillette", "nombre_arret": 1, "nom_ligne": "6", "nombre_ligne": 1, "type_ligne": "Bus", "bool_bus": true, "bool_tram": false, "bool_metro": false, "bool_ferry": false }, "geometry": { "type": "Point", "coordinates": [ 5.429525, 43.318524 ] } },
{ "type": "Feature", "properties": { "nom_zone": "Comtesse", "nombre_arret": 2, "nom_ligne": "39", "nombre_ligne": 1, "type_ligne": "Bus", "bool_bus": true, "bool_tram": false, "bool_metro": false, "bool_ferry": false }, "geometry": { "type": "LineString", "coordinates": [ [ 5.44732, 43.318927 ], [ 5.447192, 43.318872 ] ] } },
{ "type": "Feature", "properties": { "nom_zone": "Comtesse Clinique", "nombre_arret": 2, "nom_ligne": "['S4' '9']", "nombre_ligne": 2, "type_ligne": "Bus", "bool_bus": true, "bool_tram": false, "bool_metro": false, "bool_ferry": false }, "geometry": { "type": "LineString", "coordinates": [ [ 5.447472, 43.315814 ], [ 5.447266, 43.31566 ] ] } },
{ "type": "Feature", "properties": { "nom_zone": "Comtesse Rampal", "nombre_arret": 2, "nom_ligne": "['S4' '9']", "nombre_ligne": 2, "type_ligne": "Bus", "bool_bus": true, "bool_tram": false, "bool_metro": false, "bool_ferry": false }, "geometry": { "type": "LineString", "coordinates": [ [ 5.447385, 43.317431 ], [ 5.447245, 43.317385 ] ] } },
{ "type": "Feature", "properties": { "nom_zone": "Concorde Obélisque", "nombre_arret": 2, "nom_ligne": "47", "nombre_ligne": 1, "type_ligne": "Bus", "bool_bus": true, "bool_tram": false, "bool_metro": false, "bool_ferry": false }, "geometry": { "type": "LineString", "coordinates": [ [ 5.403009, 43.250169 ], [ 5.403259, 43.250316 ] ] } },
{ "type": "Feature", "properties": { "nom_zone": "Condorcet Picaron", "nombre_arret": 2, "nom_ligne": "['25' '36B' '36' '535']", "nombre_ligne": 4, "type_ligne": "Bus", "bool_bus": true, "bool_tram": false, "bool_metro": false, "bool_ferry": false }, "geometry": { "type": "LineString", "coordinates": [ [ 5.338875, 43.357677 ], [ 5.338898, 43.357814 ] ] } },
{ "type": "Feature", "properties": { "nom_zone": "Consolat", "nombre_arret": 2, "nom_ligne": "['36B' '36']", "nombre_ligne": 2, "type_ligne": "Bus", "bool_bus": true, "bool_tram": false, "bool_metro": false, "bool_ferry": false }, "geometry": { "type": "LineString", "coordinates": [ [ 5.350157, 43.350685 ], [ 5.350441, 43.350647 ] ] } },
{ "type": "Feature", "properties": { "nom_zone": "Consolation Balustres", "nombre_arret": 2, "nom_ligne": "['5' 'N2' 'S3' 'S2' '3']", "nombre_ligne": 5, "type_ligne": "Bus", "bool_bus": true, "bool_tram": false, "bool_metro": false, "bool_ferry": false }, "geometry": { "type": "LineString", "coordinates": [ [ 5.420810899999971, 43.3399309 ], [ 5.421885, 43.339626 ] ] } },
{ "type": "Feature", "properties": { "nom_zone": "Consolation Gracieuse", "nombre_arret": 2, "nom_ligne": "['5' 'N2' 'S3' 'S2' '3']", "nombre_ligne": 5, "type_ligne": "Bus", "bool_bus": true, "bool_tram": false, "bool_metro": false, "bool_ferry": false }, "geometry": { "type": "LineString", "coordinates": [ [ 5.42885254, 43.339026860000018 ], [ 5.42831878, 43.339115140000011 ] ] } },
{ "type": "Feature", "properties": { "nom_zone": "Copernic", "nombre_arret": 2, "nom_ligne": "62", "nombre_ligne": 1, "type_ligne": "Bus", "bool_bus": true, "bool_tram": false, "bool_metro": false, "bool_ferry": false }, "geometry": { "type": "LineString", "coordinates": [ [ 5.449105, 43.341897 ], [ 5.448541, 43.342831 ] ] } },
{ "type": "Feature", "properties": { "nom_zone": "Corbières Base Nautique", "nombre_arret": 2, "nom_ligne": "35", "nombre_ligne": 1, "type_ligne": "Bus", "bool_bus": true, "bool_tram": false, "bool_metro": false, "bool_ferry": false }, "geometry": { "type": "LineString", "coordinates": [ [ 5.293533, 43.359962 ], [ 5.292686, 43.359012 ] ] } },
{ "type": "Feature", "properties": { "nom_zone": "Corniche Audéoud", "nombre_arret": 2, "nom_ligne": "['54' '83' 'S7']", "nombre_ligne": 3, "type_ligne": "Bus", "bool_bus": true, "bool_tram": false, "bool_metro": false, "bool_ferry": false }, "geometry": { "type": "LineString", "coordinates": [ [ 5.35695881, 43.289680289999986 ], [ 5.357203, 43.289474 ] ] } },
{ "type": "Feature", "properties": { "nom_zone": "Corniche Dessemond", "nombre_arret": 2, "nom_ligne": "['83' 'S7']", "nombre_ligne": 2, "type_ligne": "Bus", "bool_bus": true, "bool_tram": false, "bool_metro": false, "bool_ferry": false }, "geometry": { "type": "LineString", "coordinates": [ [ 5.353624, 43.288642 ], [ 5.354199, 43.289064 ] ] } },
{ "type": "Feature", "properties": { "nom_zone": "Corniche Frégier", "nombre_arret": 2, "nom_ligne": "['83' 'S7']", "nombre_ligne": 2, "type_ligne": "Bus", "bool_bus": true, "bool_tram": false, "bool_metro": false, "bool_ferry": false }, "geometry": { "type": "LineString", "coordinates": [ [ 5.352137, 43.287482 ], [ 5.35216752, 43.287293579999989 ] ] } },
{ "type": "Feature", "properties": { "nom_zone": "Corniche Napoule", "nombre_arret": 2, "nom_ligne": "['73' '83' 'S7']", "nombre_ligne": 3, "type_ligne": "Bus", "bool_bus": true, "bool_tram": false, "bool_metro": false, "bool_ferry": false }, "geometry": { "type": "LineString", "coordinates": [ [ 5.361024, 43.274501 ], [ 5.36098, 43.274655 ] ] } },
{ "type": "Feature", "properties": { "nom_zone": "Corniche Roucas Blanc", "nombre_arret": 3, "nom_ligne": "['73' '83' 'S7']", "nombre_ligne": 3, "type_ligne": "Bus", "bool_bus": true, "bool_tram": false, "bool_metro": false, "bool_ferry": false }, "geometry": { "type": "Polygon", "coordinates": [ [ [ 5.3647251, 43.270308800000052 ], [ 5.365097, 43.270243 ], [ 5.36499058, 43.270112780000034 ], [ 5.3647251, 43.270308800000052 ] ] ] } },
{ "type": "Feature", "properties": { "nom_zone": "Corniche Talabot", "nombre_arret": 2, "nom_ligne": "['83' 'S7']", "nombre_ligne": 2, "type_ligne": "Bus", "bool_bus": true, "bool_tram": false, "bool_metro": false, "bool_ferry": false }, "geometry": { "type": "LineString", "coordinates": [ [ 5.370295919999963, 43.26865256 ], [ 5.370017, 43.268885 ] ] } },
{ "type": "Feature", "properties": { "nom_zone": "Corogne Aiguillette", "nombre_arret": 1, "nom_ligne": "6", "nombre_ligne": 1, "type_ligne": "Bus", "bool_bus": true, "bool_tram": false, "bool_metro": false, "bool_ferry": false }, "geometry": { "type": "Point", "coordinates": [ 5.428133, 43.318199 ] } },
{ "type": "Feature", "properties": { "nom_zone": "Corot Lacordaire", "nombre_arret": 2, "nom_ligne": "53", "nombre_ligne": 1, "type_ligne": "Bus", "bool_bus": true, "bool_tram": false, "bool_metro": false, "bool_ferry": false }, "geometry": { "type": "LineString", "coordinates": [ [ 5.406711, 43.322677 ], [ 5.4065844, 43.322671 ] ] } },
{ "type": "Feature", "properties": { "nom_zone": "Corot Monet", "nombre_arret": 2, "nom_ligne": "53", "nombre_ligne": 1, "type_ligne": "Bus", "bool_bus": true, "bool_tram": false, "bool_metro": false, "bool_ferry": false }, "geometry": { "type": "LineString", "coordinates": [ [ 5.39621562, 43.32688498000001 ], [ 5.396245899999988, 43.32676565000002 ] ] } },
{ "type": "Feature", "properties": { "nom_zone": "Corot Moutte", "nombre_arret": 2, "nom_ligne": "['42T' '42' '53']", "nombre_ligne": 3, "type_ligne": "Bus", "bool_bus": true, "bool_tram": false, "bool_metro": false, "bool_ferry": false }, "geometry": { "type": "LineString", "coordinates": [ [ 5.407749, 43.320689 ], [ 5.407962, 43.32176 ] ] } },
{ "type": "Feature", "properties": { "nom_zone": "Corse D'Aurelle", "nombre_arret": 2, "nom_ligne": "['81' '54' 'S7']", "nombre_ligne": 3, "type_ligne": "Bus", "bool_bus": true, "bool_tram": false, "bool_metro": false, "bool_ferry": false }, "geometry": { "type": "LineString", "coordinates": [ [ 5.3628, 43.289357 ], [ 5.362842, 43.289179 ] ] } },
{ "type": "Feature", "properties": { "nom_zone": "Cours Bastide", "nombre_arret": 2, "nom_ligne": "74", "nombre_ligne": 1, "type_ligne": "Bus", "bool_bus": true, "bool_tram": false, "bool_metro": false, "bool_ferry": false }, "geometry": { "type": "LineString", "coordinates": [ [ 5.38720891, 43.28950115 ], [ 5.38695855, 43.289700839999988 ] ] } },
{ "type": "Feature", "properties": { "nom_zone": "Cours Saint-Louis", "nombre_arret": 2, "nom_ligne": "T3", "nombre_ligne": 1, "type_ligne": "Tram", "bool_bus": false, "bool_tram": true, "bool_metro": false, "bool_ferry": false }, "geometry": { "type": "LineString", "coordinates": [ [ 5.377919, 43.295856 ], [ 5.378159, 43.29594 ] ] } },
{ "type": "Feature", "properties": { "nom_zone": "Coxe Mairie 13-14", "nombre_arret": 1, "nom_ligne": "['31' '28' '530' '27']", "nombre_ligne": 4, "type_ligne": "Bus", "bool_bus": true, "bool_tram": false, "bool_metro": false, "bool_ferry": false }, "geometry": { "type": "Point", "coordinates": [ 5.380147, 43.345921 ] } },
{ "type": "Feature", "properties": { "nom_zone": "Coxe Massenet", "nombre_arret": 2, "nom_ligne": "['31' '28' '530' '27']", "nombre_ligne": 4, "type_ligne": "Bus", "bool_bus": true, "bool_tram": false, "bool_metro": false, "bool_ferry": false }, "geometry": { "type": "LineString", "coordinates": [ [ 5.382074, 43.345904 ], [ 5.382087, 43.345478 ] ] } },
{ "type": "Feature", "properties": { "nom_zone": "Cristofol Auzias", "nombre_arret": 1, "nom_ligne": "49", "nombre_ligne": 1, "type_ligne": "Bus", "bool_bus": true, "bool_tram": false, "bool_metro": false, "bool_ferry": false }, "geometry": { "type": "Point", "coordinates": [ 5.381671, 43.310648 ] } },
{ "type": "Feature", "properties": { "nom_zone": "Cristofol National", "nombre_arret": 1, "nom_ligne": "49", "nombre_ligne": 1, "type_ligne": "Bus", "bool_bus": true, "bool_tram": false, "bool_metro": false, "bool_ferry": false }, "geometry": { "type": "Point", "coordinates": [ 5.379817, 43.309989 ] } },
{ "type": "Feature", "properties": { "nom_zone": "Cézanne Marinier", "nombre_arret": 1, "nom_ligne": "['95' '95S']", "nombre_ligne": 2, "type_ligne": "Bus", "bool_bus": true, "bool_tram": false, "bool_metro": false, "bool_ferry": false }, "geometry": { "type": "Point", "coordinates": [ 5.31338, 43.368075 ] } },
{ "type": "Feature", "properties": { "nom_zone": "Cézanne Pichou", "nombre_arret": 1, "nom_ligne": "['95' '95S']", "nombre_ligne": 2, "type_ligne": "Bus", "bool_bus": true, "bool_tram": false, "bool_metro": false, "bool_ferry": false }, "geometry": { "type": "Point", "coordinates": [ 5.311221, 43.368433 ] } },
{ "type": "Feature", "properties": { "nom_zone": "Dames République", "nombre_arret": 2, "nom_ligne": "['82S' '582' 'BM2' 'M2']", "nombre_ligne": 4, "type_ligne": "['Bus' 'Subway']", "bool_bus": true, "bool_tram": false, "bool_metro": true, "bool_ferry": false }, "geometry": { "type": "LineString", "coordinates": [ [ 5.369913, 43.302272 ], [ 5.368285, 43.30282 ] ] } },
{ "type": "Feature", "properties": { "nom_zone": "Dames Schuman", "nombre_arret": 1, "nom_ligne": "['82S' '582' 'BM2']", "nombre_ligne": 3, "type_ligne": "Bus", "bool_bus": true, "bool_tram": false, "bool_metro": false, "bool_ferry": false }, "geometry": { "type": "Point", "coordinates": [ 5.366997, 43.302917 ] } },
{ "type": "Feature", "properties": { "nom_zone": "Daudet Michel", "nombre_arret": 2, "nom_ligne": "['42T' '42']", "nombre_ligne": 2, "type_ligne": "Bus", "bool_bus": true, "bool_tram": false, "bool_metro": false, "bool_ferry": false }, "geometry": { "type": "LineString", "coordinates": [ [ 5.4107347, 43.3214271 ], [ 5.410292, 43.320953 ] ] } },
{ "type": "Feature", "properties": { "nom_zone": "Daudet St Just", "nombre_arret": 1, "nom_ligne": "['42T' '42' '53']", "nombre_ligne": 3, "type_ligne": "Bus", "bool_bus": true, "bool_tram": false, "bool_metro": false, "bool_ferry": false }, "geometry": { "type": "Point", "coordinates": [ 5.408459, 43.319162 ] } },
{ "type": "Feature", "properties": { "nom_zone": "De Lesseps Casanova", "nombre_arret": 1, "nom_ligne": "['72' '28' '28B' '535' 'BM2']", "nombre_ligne": 5, "type_ligne": "Bus", "bool_bus": true, "bool_tram": false, "bool_metro": false, "bool_ferry": false }, "geometry": { "type": "Point", "coordinates": [ 5.373777, 43.320807 ] } },
{ "type": "Feature", "properties": { "nom_zone": "De Lesseps Pyat", "nombre_arret": 1, "nom_ligne": "['72' '28' '28B' '535' 'BM2']", "nombre_ligne": 5, "type_ligne": "Bus", "bool_bus": true, "bool_tram": false, "bool_metro": false, "bool_ferry": false }, "geometry": { "type": "Point", "coordinates": [ 5.374338, 43.320675 ] } },
{ "type": "Feature", "properties": { "nom_zone": "De Roux Bohr", "nombre_arret": 2, "nom_ligne": "62", "nombre_ligne": 1, "type_ligne": "Bus", "bool_bus": true, "bool_tram": false, "bool_metro": false, "bool_ferry": false }, "geometry": { "type": "LineString", "coordinates": [ [ 5.444461, 43.337055 ], [ 5.444506389999944, 43.337183619999983 ] ] } },
{ "type": "Feature", "properties": { "nom_zone": "De Roux Crémieux", "nombre_arret": 2, "nom_ligne": "62", "nombre_ligne": 1, "type_ligne": "Bus", "bool_bus": true, "bool_tram": false, "bool_metro": false, "bool_ferry": false }, "geometry": { "type": "LineString", "coordinates": [ [ 5.44852, 43.338146 ], [ 5.448624, 43.338073 ] ] } },
{ "type": "Feature", "properties": { "nom_zone": "De Roux Garlaban", "nombre_arret": 2, "nom_ligne": "62", "nombre_ligne": 1, "type_ligne": "Bus", "bool_bus": true, "bool_tram": false, "bool_metro": false, "bool_ferry": false }, "geometry": { "type": "LineString", "coordinates": [ [ 5.446462, 43.337643 ], [ 5.446645, 43.337614 ] ] } },
{ "type": "Feature", "properties": { "nom_zone": "Del Bello Aubépine", "nombre_arret": 1, "nom_ligne": "91", "nombre_ligne": 1, "type_ligne": "Bus", "bool_bus": true, "bool_tram": false, "bool_metro": false, "bool_ferry": false }, "geometry": { "type": "Point", "coordinates": [ 5.411816, 43.280807 ] } },
{ "type": "Feature", "properties": { "nom_zone": "Delanglade", "nombre_arret": 1, "nom_ligne": "49", "nombre_ligne": 1, "type_ligne": "Bus", "bool_bus": true, "bool_tram": false, "bool_metro": false, "bool_ferry": false }, "geometry": { "type": "Point", "coordinates": [ 5.373275, 43.288561 ] } },
{ "type": "Feature", "properties": { "nom_zone": "Delessert", "nombre_arret": 2, "nom_ligne": "['18' '518']", "nombre_ligne": 2, "type_ligne": "Bus", "bool_bus": true, "bool_tram": false, "bool_metro": false, "bool_ferry": false }, "geometry": { "type": "LineString", "coordinates": [ [ 5.40516076, 43.281448399999967 ], [ 5.405278, 43.281297 ] ] } },
{ "type": "Feature", "properties": { "nom_zone": "Delprat Vallon Vert", "nombre_arret": 2, "nom_ligne": "['144' '1100' '2']", "nombre_ligne": 3, "type_ligne": "Bus", "bool_bus": true, "bool_tram": false, "bool_metro": false, "bool_ferry": false }, "geometry": { "type": "LineString", "coordinates": [ [ 5.453028, 43.334972 ], [ 5.453944, 43.334812 ] ] } },
{ "type": "Feature", "properties": { "nom_zone": "Demandolx", "nombre_arret": 2, "nom_ligne": "['70' '36B' '36' '535']", "nombre_ligne": 4, "type_ligne": "Bus", "bool_bus": true, "bool_tram": false, "bool_metro": false, "bool_ferry": false }, "geometry": { "type": "LineString", "coordinates": [ [ 5.358269, 43.333746 ], [ 5.35848041, 43.33350439 ] ] } },
{ "type": "Feature", "properties": { "nom_zone": "Docks", "nombre_arret": 2, "nom_ligne": "['35T' '35' '83' 'BM2']", "nombre_ligne": 4, "type_ligne": "Bus", "bool_bus": true, "bool_tram": false, "bool_metro": false, "bool_ferry": false }, "geometry": { "type": "LineString", "coordinates": [ [ 5.366277, 43.308763 ], [ 5.366647, 43.308803 ] ] } },
{ "type": "Feature", "properties": { "nom_zone": "Donadille", "nombre_arret": 1, "nom_ligne": "42T", "nombre_ligne": 1, "type_ligne": "Bus", "bool_bus": true, "bool_tram": false, "bool_metro": false, "bool_ferry": false }, "geometry": { "type": "Point", "coordinates": [ 5.429969, 43.346118 ] } },
{ "type": "Feature", "properties": { "nom_zone": "Donadille Langevin", "nombre_arret": 1, "nom_ligne": "42T", "nombre_ligne": 1, "type_ligne": "Bus", "bool_bus": true, "bool_tram": false, "bool_metro": false, "bool_ferry": false }, "geometry": { "type": "Point", "coordinates": [ 5.431098, 43.344267 ] } },
{ "type": "Feature", "properties": { "nom_zone": "Duclaux Foch", "nombre_arret": 1, "nom_ligne": "['67' 'T2']", "nombre_ligne": 2, "type_ligne": "['Bus' 'Tram']", "bool_bus": true, "bool_tram": true, "bool_metro": false, "bool_ferry": false }, "geometry": { "type": "Point", "coordinates": [ 5.40550411, 43.29689387 ] } },
{ "type": "Feature", "properties": { "nom_zone": "Dumas Beaumont", "nombre_arret": 1, "nom_ligne": "['7B' '509']", "nombre_ligne": 2, "type_ligne": "Bus", "bool_bus": true, "bool_tram": false, "bool_metro": false, "bool_ferry": false }, "geometry": { "type": "Point", "coordinates": [ 5.438063799999975, 43.3138228 ] } },
{ "type": "Feature", "properties": { "nom_zone": "Duparc Blancarde", "nombre_arret": 2, "nom_ligne": "['72' '6' 'BM1A']", "nombre_ligne": 3, "type_ligne": "Bus", "bool_bus": true, "bool_tram": false, "bool_metro": false, "bool_ferry": false }, "geometry": { "type": "LineString", "coordinates": [ [ 5.40093899, 43.303269220000054 ], [ 5.400644, 43.303332 ] ] } },
{ "type": "Feature", "properties": { "nom_zone": "Duparc Montolivet", "nombre_arret": 2, "nom_ligne": "['72' '6' 'BM1A' '67']", "nombre_ligne": 4, "type_ligne": "Bus", "bool_bus": true, "bool_tram": false, "bool_metro": false, "bool_ferry": false }, "geometry": { "type": "LineString", "coordinates": [ [ 5.402445, 43.308291 ], [ 5.401649, 43.307775 ] ] } },
{ "type": "Feature", "properties": { "nom_zone": "Dépôt La Rose", "nombre_arret": 2, "nom_ligne": "42", "nombre_ligne": 1, "type_ligne": "Bus", "bool_bus": true, "bool_tram": false, "bool_metro": false, "bool_ferry": false }, "geometry": { "type": "LineString", "coordinates": [ [ 5.432252, 43.33997 ], [ 5.431727, 43.339847 ] ] } },
{ "type": "Feature", "properties": { "nom_zone": "Désirée Clary", "nombre_arret": 2, "nom_ligne": "['88' 'M2']", "nombre_ligne": 2, "type_ligne": "['Bus' 'Subway']", "bool_bus": true, "bool_tram": false, "bool_metro": true, "bool_ferry": false }, "geometry": { "type": "LineString", "coordinates": [ [ 5.372319499999945, 43.309399 ], [ 5.372375500000013, 43.3093295 ] ] } },
{ "type": "Feature", "properties": { "nom_zone": "ENSM", "nombre_arret": 1, "nom_ligne": "45", "nombre_ligne": 1, "type_ligne": "Bus", "bool_bus": true, "bool_tram": false, "bool_metro": false, "bool_ferry": false }, "geometry": { "type": "Point", "coordinates": [ 5.373902, 43.238644 ] } },
{ "type": "Feature", "properties": { "nom_zone": "Eden Roc", "nombre_arret": 1, "nom_ligne": "86", "nombre_ligne": 1, "type_ligne": "Bus", "bool_bus": true, "bool_tram": false, "bool_metro": false, "bool_ferry": false }, "geometry": { "type": "Point", "coordinates": [ 5.377758, 43.277064 ] } },
{ "type": "Feature", "properties": { "nom_zone": "Eglise St Laurent", "nombre_arret": 1, "nom_ligne": "49", "nombre_ligne": 1, "type_ligne": "Bus", "bool_bus": true, "bool_tram": false, "bool_metro": false, "bool_ferry": false }, "geometry": { "type": "Point", "coordinates": [ 5.36362, 43.295841 ] } },
{ "type": "Feature", "properties": { "nom_zone": "Eglise d'Endoume", "nombre_arret": 2, "nom_ligne": "80", "nombre_ligne": 1, "type_ligne": "Bus", "bool_bus": true, "bool_tram": false, "bool_metro": false, "bool_ferry": false }, "geometry": { "type": "LineString", "coordinates": [ [ 5.35274868, 43.283524110000023 ], [ 5.352755, 43.283053 ] ] } },
{ "type": "Feature", "properties": { "nom_zone": "Einstein Athéna", "nombre_arret": 2, "nom_ligne": "['S3' '142' '1' '62']", "nombre_ligne": 4, "type_ligne": "Bus", "bool_bus": true, "bool_tram": false, "bool_metro": false, "bool_ferry": false }, "geometry": { "type": "LineString", "coordinates": [ [ 5.441863, 43.339947 ], [ 5.442052, 43.339974 ] ] } },
{ "type": "Feature", "properties": { "nom_zone": "Einstein Monnet", "nombre_arret": 2, "nom_ligne": "['S3' '142' '1' '62' 'N2']", "nombre_ligne": 5, "type_ligne": "Bus", "bool_bus": true, "bool_tram": false, "bool_metro": false, "bool_ferry": false }, "geometry": { "type": "LineString", "coordinates": [ [ 5.438563, 43.338997 ], [ 5.438343, 43.339011 ] ] } },
{ "type": "Feature", "properties": { "nom_zone": "Einstein Parking Relais", "nombre_arret": 2, "nom_ligne": "['N2' '142' '1' '63']", "nombre_ligne": 4, "type_ligne": "Bus", "bool_bus": true, "bool_tram": false, "bool_metro": false, "bool_ferry": false }, "geometry": { "type": "LineString", "coordinates": [ [ 5.448497, 43.345708 ], [ 5.448329, 43.345672 ] ] } },
{ "type": "Feature", "properties": { "nom_zone": "Elzéard Rougier", "nombre_arret": 1, "nom_ligne": "67", "nombre_ligne": 1, "type_ligne": "Bus", "bool_bus": true, "bool_tram": false, "bool_metro": false, "bool_ferry": false }, "geometry": { "type": "Point", "coordinates": [ 5.410091, 43.309538 ] } },
{ "type": "Feature", "properties": { "nom_zone": "Endoume", "nombre_arret": 2, "nom_ligne": "['83' 'S7']", "nombre_ligne": 2, "type_ligne": "Bus", "bool_bus": true, "bool_tram": false, "bool_metro": false, "bool_ferry": false }, "geometry": { "type": "LineString", "coordinates": [ [ 5.350393, 43.283024 ], [ 5.350459, 43.283328 ] ] } },
{ "type": "Feature", "properties": { "nom_zone": "Endoume Bensa", "nombre_arret": 1, "nom_ligne": "80", "nombre_ligne": 1, "type_ligne": "Bus", "bool_bus": true, "bool_tram": false, "bool_metro": false, "bool_ferry": false }, "geometry": { "type": "Point", "coordinates": [ 5.353377, 43.283827 ] } },
{ "type": "Feature", "properties": { "nom_zone": "Endoume Bompard", "nombre_arret": 2, "nom_ligne": "['80' '84']", "nombre_ligne": 2, "type_ligne": "Bus", "bool_bus": true, "bool_tram": false, "bool_metro": false, "bool_ferry": false }, "geometry": { "type": "LineString", "coordinates": [ [ 5.359433, 43.284901 ], [ 5.359470149999985, 43.28484118 ] ] } },
{ "type": "Feature", "properties": { "nom_zone": "Endoume Taddéi", "nombre_arret": 2, "nom_ligne": "['80' '61']", "nombre_ligne": 2, "type_ligne": "Bus", "bool_bus": true, "bool_tram": false, "bool_metro": false, "bool_ferry": false }, "geometry": { "type": "LineString", "coordinates": [ [ 5.364603, 43.287143 ], [ 5.364626830000012, 43.287258130000026 ] ] } },
{ "type": "Feature", "properties": { "nom_zone": "Endoume Tellène", "nombre_arret": 2, "nom_ligne": "['80' '61' '55']", "nombre_ligne": 3, "type_ligne": "Bus", "bool_bus": true, "bool_tram": false, "bool_metro": false, "bool_ferry": false }, "geometry": { "type": "LineString", "coordinates": [ [ 5.36604025, 43.287715310000024 ], [ 5.366449, 43.28786 ] ] } },
{ "type": "Feature", "properties": { "nom_zone": "Endoume Vallon des Auffes", "nombre_arret": 2, "nom_ligne": "80", "nombre_ligne": 1, "type_ligne": "Bus", "bool_bus": true, "bool_tram": false, "bool_metro": false, "bool_ferry": false }, "geometry": { "type": "LineString", "coordinates": [ [ 5.35573704, 43.28392933 ], [ 5.35584215, 43.283866900000014 ] ] } },
{ "type": "Feature", "properties": { "nom_zone": "Engalière", "nombre_arret": 2, "nom_ligne": "['19' 'S8']", "nombre_ligne": 2, "type_ligne": "Bus", "bool_bus": true, "bool_tram": false, "bool_metro": false, "bool_ferry": false }, "geometry": { "type": "LineString", "coordinates": [ [ 5.365196, 43.238692 ], [ 5.365452, 43.239023 ] ] } },
{ "type": "Feature", "properties": { "nom_zone": "Eoures", "nombre_arret": 1, "nom_ligne": "12", "nombre_ligne": 1, "type_ligne": "Bus", "bool_bus": true, "bool_tram": false, "bool_metro": false, "bool_ferry": false }, "geometry": { "type": "Point", "coordinates": [ 5.526175, 43.301307 ] } },
{ "type": "Feature", "properties": { "nom_zone": "Eoures Cigales", "nombre_arret": 2, "nom_ligne": "12", "nombre_ligne": 1, "type_ligne": "Bus", "bool_bus": true, "bool_tram": false, "bool_metro": false, "bool_ferry": false }, "geometry": { "type": "LineString", "coordinates": [ [ 5.522809, 43.301287 ], [ 5.523683, 43.301164 ] ] } },
{ "type": "Feature", "properties": { "nom_zone": "Eoures Notre Dame", "nombre_arret": 2, "nom_ligne": "12", "nombre_ligne": 1, "type_ligne": "Bus", "bool_bus": true, "bool_tram": false, "bool_metro": false, "bool_ferry": false }, "geometry": { "type": "LineString", "coordinates": [ [ 5.518317, 43.300496 ], [ 5.518529, 43.300445 ] ] } },
{ "type": "Feature", "properties": { "nom_zone": "Eoures Village", "nombre_arret": 2, "nom_ligne": "12", "nombre_ligne": 1, "type_ligne": "Bus", "bool_bus": true, "bool_tram": false, "bool_metro": false, "bool_ferry": false }, "geometry": { "type": "LineString", "coordinates": [ [ 5.520652, 43.301279 ], [ 5.521172, 43.301191 ] ] } },
{ "type": "Feature", "properties": { "nom_zone": "Escale Borély", "nombre_arret": 4, "nom_ligne": [ "S7", "19B", "19", "47" ], "nombre_ligne": 4, "type_ligne": "Bus", "bool_bus": true, "bool_tram": false, "bool_metro": false, "bool_ferry": false }, "geometry": { "type": "Polygon", "coordinates": [ [ [ 5.37678837999997, 43.25458023 ], [ 5.376224399999968, 43.254987820000032 ], [ 5.3765345, 43.25518742 ], [ 5.376948630000011, 43.25444035 ], [ 5.37678837999997, 43.25458023 ] ] ] } },
{ "type": "Feature", "properties": { "nom_zone": "Escalette", "nombre_arret": 2, "nom_ligne": "20", "nombre_ligne": 1, "type_ligne": "Bus", "bool_bus": true, "bool_tram": false, "bool_metro": false, "bool_ferry": false }, "geometry": { "type": "LineString", "coordinates": [ [ 5.348389, 43.225213 ], [ 5.348532339999967, 43.225440910000032 ] ] } },
{ "type": "Feature", "properties": { "nom_zone": "Escalier Notre Dame", "nombre_arret": 2, "nom_ligne": "60", "nombre_ligne": 1, "type_ligne": "Bus", "bool_bus": true, "bool_tram": false, "bool_metro": false, "bool_ferry": false }, "geometry": { "type": "LineString", "coordinates": [ [ 5.371095, 43.284941 ], [ 5.370793, 43.285169 ] ] } },
{ "type": "Feature", "properties": { "nom_zone": "Escourtines Ecoles", "nombre_arret": 2, "nom_ligne": "['15' '50']", "nombre_ligne": 2, "type_ligne": "Bus", "bool_bus": true, "bool_tram": false, "bool_metro": false, "bool_ferry": false }, "geometry": { "type": "LineString", "coordinates": [ [ 5.503153, 43.280009 ], [ 5.502514, 43.280049 ] ] } },
{ "type": "Feature", "properties": { "nom_zone": "Espace Mistral", "nombre_arret": 3, "nom_ligne": "['35' '95S' '535']", "nombre_ligne": 3, "type_ligne": "Bus", "bool_bus": true, "bool_tram": false, "bool_metro": false, "bool_ferry": false }, "geometry": { "type": "Polygon", "coordinates": [ [ [ 5.309113, 43.362255 ], [ 5.309938, 43.362064 ], [ 5.309472, 43.362146 ], [ 5.309113, 43.362255 ] ] ] } },
{ "type": "Feature", "properties": { "nom_zone": "Estaque Castejon", "nombre_arret": 2, "nom_ligne": "['35' '535']", "nombre_ligne": 2, "type_ligne": "Bus", "bool_bus": true, "bool_tram": false, "bool_metro": false, "bool_ferry": false }, "geometry": { "type": "LineString", "coordinates": [ [ 5.306643, 43.361587 ], [ 5.30611, 43.361729 ] ] } },
{ "type": "Feature", "properties": { "nom_zone": "Estaque Port", "nombre_arret": 3, "nom_ligne": "['35' '95S' '535' '95']", "nombre_ligne": 4, "type_ligne": "Bus", "bool_bus": true, "bool_tram": false, "bool_metro": false, "bool_ferry": false }, "geometry": { "type": "Polygon", "coordinates": [ [ [ 5.315138, 43.359911 ], [ 5.315778, 43.359857 ], [ 5.315617, 43.359722 ], [ 5.315138, 43.359911 ] ] ] } },
{ "type": "Feature", "properties": { "nom_zone": "Estaque Riaux", "nombre_arret": 2, "nom_ligne": "['35' '535']", "nombre_ligne": 2, "type_ligne": "Bus", "bool_bus": true, "bool_tram": false, "bool_metro": false, "bool_ferry": false }, "geometry": { "type": "LineString", "coordinates": [ [ 5.303182429999989, 43.3619359 ], [ 5.303434, 43.361832 ] ] } },
{ "type": "Feature", "properties": { "nom_zone": "Estaque Village", "nombre_arret": 2, "nom_ligne": "['35' '95S' '535']", "nombre_ligne": 3, "type_ligne": "Bus", "bool_bus": true, "bool_tram": false, "bool_metro": false, "bool_ferry": false }, "geometry": { "type": "LineString", "coordinates": [ [ 5.312171, 43.361168 ], [ 5.312262, 43.361191 ] ] } },
{ "type": "Feature", "properties": { "nom_zone": "Estrangin", "nombre_arret": 2, "nom_ligne": "['81' 'M1' '41' '54' 'BM1A' 'N1']", "nombre_ligne": 6, "type_ligne": "['Bus' 'Subway']", "bool_bus": true, "bool_tram": false, "bool_metro": true, "bool_ferry": false }, "geometry": { "type": "LineString", "coordinates": [ [ 5.3779635, 43.29031 ], [ 5.378027, 43.290329 ] ] } },
{ "type": "Feature", "properties": { "nom_zone": "Estrangin Colonies", "nombre_arret": 2, "nom_ligne": "73", "nombre_ligne": 1, "type_ligne": "Bus", "bool_bus": true, "bool_tram": false, "bool_metro": false, "bool_ferry": false }, "geometry": { "type": "LineString", "coordinates": [ [ 5.37269, 43.277005 ], [ 5.372589, 43.276813 ] ] } },
{ "type": "Feature", "properties": { "nom_zone": "Estrangin Célina", "nombre_arret": 2, "nom_ligne": "73", "nombre_ligne": 1, "type_ligne": "Bus", "bool_bus": true, "bool_tram": false, "bool_metro": false, "bool_ferry": false }, "geometry": { "type": "LineString", "coordinates": [ [ 5.371307, 43.276501 ], [ 5.370157, 43.27647 ] ] } },
{ "type": "Feature", "properties": { "nom_zone": "Estrangin Puget", "nombre_arret": 2, "nom_ligne": "['81' '41' '54' 'BM1A' 'N1']", "nombre_ligne": 5, "type_ligne": "Bus", "bool_bus": true, "bool_tram": false, "bool_metro": false, "bool_ferry": false }, "geometry": { "type": "LineString", "coordinates": [ [ 5.377509889999979, 43.29036948 ], [ 5.376855759999982, 43.290561499999981 ] ] } },
{ "type": "Feature", "properties": { "nom_zone": "Estrangin Roucas", "nombre_arret": 3, "nom_ligne": "['55' '73']", "nombre_ligne": 2, "type_ligne": "Bus", "bool_bus": true, "bool_tram": false, "bool_metro": false, "bool_ferry": false }, "geometry": { "type": "Polygon", "coordinates": [ [ [ 5.368126870000014, 43.27910681 ], [ 5.368275, 43.278901 ], [ 5.36789, 43.278792 ], [ 5.368126870000014, 43.27910681 ] ] ] } },
{ "type": "Feature", "properties": { "nom_zone": "Eugène Pierre", "nombre_arret": 2, "nom_ligne": "T1", "nombre_ligne": 1, "type_ligne": "Tram", "bool_bus": false, "bool_tram": true, "bool_metro": false, "bool_ferry": false }, "geometry": { "type": "LineString", "coordinates": [ [ 5.38959, 43.29525 ], [ 5.389714, 43.295118 ] ] } },
{ "type": "Feature", "properties": { "nom_zone": "Euroméditerranée Le Silo", "nombre_arret": 2, "nom_ligne": "['T2' 'T3']", "nombre_ligne": 2, "type_ligne": "Tram", "bool_bus": false, "bool_tram": true, "bool_metro": false, "bool_ferry": false }, "geometry": { "type": "LineString", "coordinates": [ [ 5.368107, 43.30871 ], [ 5.368196, 43.308679 ] ] } },
{ "type": "Feature", "properties": { "nom_zone": "Eydoux Charmasson", "nombre_arret": 2, "nom_ligne": "['96' '36B' '36' '535']", "nombre_ligne": 4, "type_ligne": "Bus", "bool_bus": true, "bool_tram": false, "bool_metro": false, "bool_ferry": false }, "geometry": { "type": "LineString", "coordinates": [ [ 5.33231462, 43.36264839 ], [ 5.331984710000012, 43.36264011 ] ] } },
{ "type": "Feature", "properties": { "nom_zone": "Eydoux Monjarde", "nombre_arret": 2, "nom_ligne": "['96' '36B' '36' '535']", "nombre_ligne": 4, "type_ligne": "Bus", "bool_bus": true, "bool_tram": false, "bool_metro": false, "bool_ferry": false }, "geometry": { "type": "LineString", "coordinates": [ [ 5.329086, 43.362092 ], [ 5.329348, 43.361968 ] ] } },
{ "type": "Feature", "properties": { "nom_zone": "Eydoux Pelouque", "nombre_arret": 2, "nom_ligne": "['96' '36B' '36' '535']", "nombre_ligne": 4, "type_ligne": "Bus", "bool_bus": true, "bool_tram": false, "bool_metro": false, "bool_ferry": false }, "geometry": { "type": "LineString", "coordinates": [ [ 5.335631, 43.362644 ], [ 5.33505416, 43.36286133 ] ] } },
{ "type": "Feature", "properties": { "nom_zone": "FRAC", "nombre_arret": 1, "nom_ligne": "49", "nombre_ligne": 1, "type_ligne": "Bus", "bool_bus": true, "bool_tram": false, "bool_metro": false, "bool_ferry": false }, "geometry": { "type": "Point", "coordinates": [ 5.36787752, 43.305672150000021 ] } },
{ "type": "Feature", "properties": { "nom_zone": "Faculté St Charles", "nombre_arret": 2, "nom_ligne": "['82S' '533' '582']", "nombre_ligne": 3, "type_ligne": "Bus", "bool_bus": true, "bool_tram": false, "bool_metro": false, "bool_ferry": false }, "geometry": { "type": "LineString", "coordinates": [ [ 5.37905, 43.304741 ], [ 5.378504, 43.304364 ] ] } },
{ "type": "Feature", "properties": { "nom_zone": "Faculté de Médecine", "nombre_arret": 2, "nom_ligne": "['96' 'S1' '97JET' '97' 'B2' '121' '122']", "nombre_ligne": 7, "type_ligne": "Bus", "bool_bus": true, "bool_tram": false, "bool_metro": false, "bool_ferry": false }, "geometry": { "type": "LineString", "coordinates": [ [ 5.360301, 43.377402 ], [ 5.360479, 43.37734 ] ] } },
{ "type": "Feature", "properties": { "nom_zone": "Fausse Monnaie", "nombre_arret": 2, "nom_ligne": "['83' 'S7']", "nombre_ligne": 2, "type_ligne": "Bus", "bool_bus": true, "bool_tram": false, "bool_metro": false, "bool_ferry": false }, "geometry": { "type": "LineString", "coordinates": [ [ 5.35251325, 43.2807591 ], [ 5.352626, 43.280605 ] ] } },
{ "type": "Feature", "properties": { "nom_zone": "Fauvettes Charleroi", "nombre_arret": 1, "nom_ligne": "['7B' '509']", "nombre_ligne": 2, "type_ligne": "Bus", "bool_bus": true, "bool_tram": false, "bool_metro": false, "bool_ferry": false }, "geometry": { "type": "Point", "coordinates": [ 5.43968618, 43.31255972000001 ] } },
{ "type": "Feature", "properties": { "nom_zone": "Fauvettes Pinatel", "nombre_arret": 1, "nom_ligne": "['7B' '509']", "nombre_ligne": 2, "type_ligne": "Bus", "bool_bus": true, "bool_tram": false, "bool_metro": false, "bool_ferry": false }, "geometry": { "type": "Point", "coordinates": [ 5.43912828, 43.31505385 ] } },
{ "type": "Feature", "properties": { "nom_zone": "Fenouil Cerisier", "nombre_arret": 2, "nom_ligne": "['95' '95S' '535']", "nombre_ligne": 3, "type_ligne": "Bus", "bool_bus": true, "bool_tram": false, "bool_metro": false, "bool_ferry": false }, "geometry": { "type": "LineString", "coordinates": [ [ 5.319596, 43.358808 ], [ 5.319496, 43.358322 ] ] } },
{ "type": "Feature", "properties": { "nom_zone": "Fenouil Ecoles", "nombre_arret": 2, "nom_ligne": "['95' '95S' '535']", "nombre_ligne": 3, "type_ligne": "Bus", "bool_bus": true, "bool_tram": false, "bool_metro": false, "bool_ferry": false }, "geometry": { "type": "LineString", "coordinates": [ [ 5.32032251000001, 43.3609332 ], [ 5.320204, 43.360917 ] ] } },
{ "type": "Feature", "properties": { "nom_zone": "Fenouil Le Pelletier", "nombre_arret": 2, "nom_ligne": "['95' '95S' '535' '96' '36B' '36']", "nombre_ligne": 6, "type_ligne": "Bus", "bool_bus": true, "bool_tram": false, "bool_metro": false, "bool_ferry": false }, "geometry": { "type": "LineString", "coordinates": [ [ 5.320701, 43.362382 ], [ 5.320826769999982, 43.362438639999979 ] ] } },
{ "type": "Feature", "properties": { "nom_zone": "Fernandel Diable", "nombre_arret": 2, "nom_ligne": "['7' '107']", "nombre_ligne": 2, "type_ligne": "Bus", "bool_bus": true, "bool_tram": false, "bool_metro": false, "bool_ferry": false }, "geometry": { "type": "LineString", "coordinates": [ [ 5.45299682, 43.31172828 ], [ 5.452899180000011, 43.31190735 ] ] } },
{ "type": "Feature", "properties": { "nom_zone": "Fernandel Maroc", "nombre_arret": 2, "nom_ligne": "['7' '107']", "nombre_ligne": 2, "type_ligne": "Bus", "bool_bus": true, "bool_tram": false, "bool_metro": false, "bool_ferry": false }, "geometry": { "type": "LineString", "coordinates": [ [ 5.449416, 43.312388 ], [ 5.449698, 43.312294 ] ] } },
{ "type": "Feature", "properties": { "nom_zone": "Fifi Turin", "nombre_arret": 2, "nom_ligne": "['18' '518' '91']", "nombre_ligne": 3, "type_ligne": "Bus", "bool_bus": true, "bool_tram": false, "bool_metro": false, "bool_ferry": false }, "geometry": { "type": "LineString", "coordinates": [ [ 5.410411, 43.279759 ], [ 5.412602, 43.279078 ] ] } },
{ "type": "Feature", "properties": { "nom_zone": "Fifi Turin Aubépine", "nombre_arret": 1, "nom_ligne": "91", "nombre_ligne": 1, "type_ligne": "Bus", "bool_bus": true, "bool_tram": false, "bool_metro": false, "bool_ferry": false }, "geometry": { "type": "Point", "coordinates": [ 5.412684, 43.281669 ] } },
{ "type": "Feature", "properties": { "nom_zone": "Fifi Turin Capelette", "nombre_arret": 1, "nom_ligne": "91", "nombre_ligne": 1, "type_ligne": "Bus", "bool_bus": true, "bool_tram": false, "bool_metro": false, "bool_ferry": false }, "geometry": { "type": "Point", "coordinates": [ 5.412406, 43.279473 ] } },
{ "type": "Feature", "properties": { "nom_zone": "Fillat Falaise", "nombre_arret": 2, "nom_ligne": "36", "nombre_ligne": 1, "type_ligne": "Bus", "bool_bus": true, "bool_tram": false, "bool_metro": false, "bool_ferry": false }, "geometry": { "type": "LineString", "coordinates": [ [ 5.30935, 43.36354 ], [ 5.309355, 43.363469 ] ] } },
{ "type": "Feature", "properties": { "nom_zone": "Finat Duclos", "nombre_arret": 2, "nom_ligne": "89", "nombre_ligne": 1, "type_ligne": "Bus", "bool_bus": true, "bool_tram": false, "bool_metro": false, "bool_ferry": false }, "geometry": { "type": "LineString", "coordinates": [ [ 5.383328, 43.333036 ], [ 5.382664, 43.33238 ] ] } },
{ "type": "Feature", "properties": { "nom_zone": "Flammarion Cassini", "nombre_arret": 2, "nom_ligne": "['81' '88']", "nombre_ligne": 2, "type_ligne": "Bus", "bool_bus": true, "bool_tram": false, "bool_metro": false, "bool_ferry": false }, "geometry": { "type": "LineString", "coordinates": [ [ 5.395599, 43.307237 ], [ 5.39516, 43.307061 ] ] } },
{ "type": "Feature", "properties": { "nom_zone": "Flammarion Isoard", "nombre_arret": 2, "nom_ligne": "49", "nombre_ligne": 1, "type_ligne": "Bus", "bool_bus": true, "bool_tram": false, "bool_metro": false, "bool_ferry": false }, "geometry": { "type": "LineString", "coordinates": [ [ 5.388569, 43.304325 ], [ 5.388447, 43.304191 ] ] } },
{ "type": "Feature", "properties": { "nom_zone": "Flammarion Siphon", "nombre_arret": 2, "nom_ligne": "['81' '88']", "nombre_ligne": 2, "type_ligne": "Bus", "bool_bus": true, "bool_tram": false, "bool_metro": false, "bool_ferry": false }, "geometry": { "type": "LineString", "coordinates": [ [ 5.396299200000013, 43.3080097 ], [ 5.396144, 43.30817 ] ] } },
{ "type": "Feature", "properties": { "nom_zone": "Floralia", "nombre_arret": 2, "nom_ligne": "44", "nombre_ligne": 1, "type_ligne": "Bus", "bool_bus": true, "bool_tram": false, "bool_metro": false, "bool_ferry": false }, "geometry": { "type": "LineString", "coordinates": [ [ 5.394394, 43.241246 ], [ 5.394272, 43.241366 ] ] } },
{ "type": "Feature", "properties": { "nom_zone": "Floralia Chiapale", "nombre_arret": 2, "nom_ligne": "44", "nombre_ligne": 1, "type_ligne": "Bus", "bool_bus": true, "bool_tram": false, "bool_metro": false, "bool_ferry": false }, "geometry": { "type": "LineString", "coordinates": [ [ 5.389641539999969, 43.24510906 ], [ 5.389748, 43.245156 ] ] } },
{ "type": "Feature", "properties": { "nom_zone": "Floralia Le Mée", "nombre_arret": 1, "nom_ligne": "44", "nombre_ligne": 1, "type_ligne": "Bus", "bool_bus": true, "bool_tram": false, "bool_metro": false, "bool_ferry": false }, "geometry": { "type": "Point", "coordinates": [ 5.39215748, 43.24344432000003 ] } },
{ "type": "Feature", "properties": { "nom_zone": "Floralia Rimet", "nombre_arret": 1, "nom_ligne": "44", "nombre_ligne": 1, "type_ligne": "Bus", "bool_bus": true, "bool_tram": false, "bool_metro": false, "bool_ferry": false }, "geometry": { "type": "Point", "coordinates": [ 5.392528, 43.242741 ] } },
{ "type": "Feature", "properties": { "nom_zone": "Florian Mireille Lauze", "nombre_arret": 1, "nom_ligne": "['91' 'S5' '50' 'B5']", "nombre_ligne": 4, "type_ligne": "Bus", "bool_bus": true, "bool_tram": false, "bool_metro": false, "bool_ferry": false }, "geometry": { "type": "Point", "coordinates": [ 5.425044, 43.285197 ] } },
{ "type": "Feature", "properties": { "nom_zone": "Foch 5 Avenues", "nombre_arret": 3, "nom_ligne": "['6' '7B' '7' '582' 'BM1A' 'T2']", "nombre_ligne": 6, "type_ligne": "['Bus' 'Tram']", "bool_bus": true, "bool_tram": true, "bool_metro": false, "bool_ferry": false }, "geometry": { "type": "Polygon", "coordinates": [ [ [ 5.397497, 43.302095 ], [ 5.397687, 43.301969 ], [ 5.397496, 43.302091 ], [ 5.397497, 43.302095 ] ] ] } },
{ "type": "Feature", "properties": { "nom_zone": "Foch Boisson", "nombre_arret": 2, "nom_ligne": "T2", "nombre_ligne": 1, "type_ligne": "Tram", "bool_bus": false, "bool_tram": true, "bool_metro": false, "bool_ferry": false }, "geometry": { "type": "LineString", "coordinates": [ [ 5.403277, 43.298096 ], [ 5.403308, 43.298167 ] ] } },
{ "type": "Feature", "properties": { "nom_zone": "Foch Sakakini", "nombre_arret": 2, "nom_ligne": "T2", "nombre_ligne": 1, "type_ligne": "Tram", "bool_bus": false, "bool_tram": true, "bool_metro": false, "bool_ferry": false }, "geometry": { "type": "LineString", "coordinates": [ [ 5.40014, 43.300322 ], [ 5.400062, 43.300277 ] ] } },
{ "type": "Feature", "properties": { "nom_zone": "Follereau La Pomme", "nombre_arret": 2, "nom_ligne": "['12B' '12' '17' '91' 'S5' '12S']", "nombre_ligne": 6, "type_ligne": "Bus", "bool_bus": true, "bool_tram": false, "bool_metro": false, "bool_ferry": false }, "geometry": { "type": "LineString", "coordinates": [ [ 5.445668, 43.29306 ], [ 5.445551, 43.292775 ] ] } },
{ "type": "Feature", "properties": { "nom_zone": "Fondacle", "nombre_arret": 2, "nom_ligne": "['4B' '4']", "nombre_ligne": 2, "type_ligne": "Bus", "bool_bus": true, "bool_tram": false, "bool_metro": false, "bool_ferry": false }, "geometry": { "type": "LineString", "coordinates": [ [ 5.445034, 43.323605 ], [ 5.445521, 43.32357 ] ] } },
{ "type": "Feature", "properties": { "nom_zone": "Fontaine des Tuiles", "nombre_arret": 2, "nom_ligne": "['95' '35' '95S' '535']", "nombre_ligne": 4, "type_ligne": "Bus", "bool_bus": true, "bool_tram": false, "bool_metro": false, "bool_ferry": false }, "geometry": { "type": "LineString", "coordinates": [ [ 5.318461299999989, 43.358757 ], [ 5.317908, 43.359026 ] ] } },
{ "type": "Feature", "properties": { "nom_zone": "Forbin D'Hozier", "nombre_arret": 1, "nom_ligne": "49", "nombre_ligne": 1, "type_ligne": "Bus", "bool_bus": true, "bool_tram": false, "bool_metro": false, "bool_ferry": false }, "geometry": { "type": "Point", "coordinates": [ 5.3690812, 43.30527375 ] } },
{ "type": "Feature", "properties": { "nom_zone": "Foresta", "nombre_arret": 2, "nom_ligne": "96", "nombre_ligne": 1, "type_ligne": "Bus", "bool_bus": true, "bool_tram": false, "bool_metro": false, "bool_ferry": false }, "geometry": { "type": "LineString", "coordinates": [ [ 5.353967839999972, 43.366046249999989 ], [ 5.353884, 43.365855 ] ] } },
{ "type": "Feature", "properties": { "nom_zone": "Forge Dolet", "nombre_arret": 2, "nom_ligne": "27", "nombre_ligne": 1, "type_ligne": "Bus", "bool_bus": true, "bool_tram": false, "bool_metro": false, "bool_ferry": false }, "geometry": { "type": "LineString", "coordinates": [ [ 5.3948, 43.337686 ], [ 5.394328, 43.337715 ] ] } },
{ "type": "Feature", "properties": { "nom_zone": "Fort Notre Dame", "nombre_arret": 1, "nom_ligne": "['55' '60' '80' '81' '61' '41' '49' '54' 'BM1A' 'N1']", "nombre_ligne": 10, "type_ligne": "Bus", "bool_bus": true, "bool_tram": false, "bool_metro": false, "bool_ferry": false }, "geometry": { "type": "Point", "coordinates": [ 5.371658, 43.292186 ] } },
{ "type": "Feature", "properties": { "nom_zone": "Fort St Nicolas", "nombre_arret": 2, "nom_ligne": "['82S' '83']", "nombre_ligne": 2, "type_ligne": "Bus", "bool_bus": true, "bool_tram": false, "bool_metro": false, "bool_ferry": false }, "geometry": { "type": "LineString", "coordinates": [ [ 5.3625802, 43.2923169 ], [ 5.3629251, 43.292183300000019 ] ] } },
{ "type": "Feature", "properties": { "nom_zone": "Fort du Sanctuaire", "nombre_arret": 2, "nom_ligne": "['60' '49']", "nombre_ligne": 2, "type_ligne": "Bus", "bool_bus": true, "bool_tram": false, "bool_metro": false, "bool_ferry": false }, "geometry": { "type": "LineString", "coordinates": [ [ 5.374424, 43.282955 ], [ 5.374521, 43.282885 ] ] } },
{ "type": "Feature", "properties": { "nom_zone": "Fort du Sanctuaire Notre Dame", "nombre_arret": 1, "nom_ligne": "60", "nombre_ligne": 1, "type_ligne": "Bus", "bool_bus": true, "bool_tram": false, "bool_metro": false, "bool_ferry": false }, "geometry": { "type": "Point", "coordinates": [ 5.372824, 43.284031 ] } },
{ "type": "Feature", "properties": { "nom_zone": "Four à Chaux", "nombre_arret": 1, "nom_ligne": "84", "nombre_ligne": 1, "type_ligne": "Bus", "bool_bus": true, "bool_tram": false, "bool_metro": false, "bool_ferry": false }, "geometry": { "type": "Point", "coordinates": [ 5.3562724, 43.2875217 ] } },
{ "type": "Feature", "properties": { "nom_zone": "Fournacle Les Aurengues", "nombre_arret": 2, "nom_ligne": "2", "nombre_ligne": 1, "type_ligne": "Bus", "bool_bus": true, "bool_tram": false, "bool_metro": false, "bool_ferry": false }, "geometry": { "type": "LineString", "coordinates": [ [ 5.456573, 43.332167 ], [ 5.45681, 43.332242 ] ] } },
{ "type": "Feature", "properties": { "nom_zone": "Frais Vallon Les Roses", "nombre_arret": 2, "nom_ligne": "['39' '6']", "nombre_ligne": 2, "type_ligne": "Bus", "bool_bus": true, "bool_tram": false, "bool_metro": false, "bool_ferry": false }, "geometry": { "type": "LineString", "coordinates": [ [ 5.436181, 43.324253 ], [ 5.435666, 43.324397 ] ] } },
{ "type": "Feature", "properties": { "nom_zone": "Frais Vallon Piscine", "nombre_arret": 2, "nom_ligne": "['39' '6']", "nombre_ligne": 2, "type_ligne": "Bus", "bool_bus": true, "bool_tram": false, "bool_metro": false, "bool_ferry": false }, "geometry": { "type": "LineString", "coordinates": [ [ 5.427077, 43.324904 ], [ 5.426906, 43.324941 ] ] } },
{ "type": "Feature", "properties": { "nom_zone": "Félibres Aiguillette", "nombre_arret": 2, "nom_ligne": "['S4' '9']", "nombre_ligne": 2, "type_ligne": "Bus", "bool_bus": true, "bool_tram": false, "bool_metro": false, "bool_ferry": false }, "geometry": { "type": "LineString", "coordinates": [ [ 5.427013, 43.311603 ], [ 5.42679422, 43.3116799 ] ] } },
{ "type": "Feature", "properties": { "nom_zone": "Félibres Lauriers", "nombre_arret": 2, "nom_ligne": "['S4' '9' 'B4']", "nombre_ligne": 3, "type_ligne": "Bus", "bool_bus": true, "bool_tram": false, "bool_metro": false, "bool_ferry": false }, "geometry": { "type": "LineString", "coordinates": [ [ 5.424783, 43.311522 ], [ 5.424753, 43.311436 ] ] } },
{ "type": "Feature", "properties": { "nom_zone": "Gambetta Athènes", "nombre_arret": 1, "nom_ligne": "['52' '81' '509' 'BM1A']", "nombre_ligne": 4, "type_ligne": "Bus", "bool_bus": true, "bool_tram": false, "bool_metro": false, "bool_ferry": false }, "geometry": { "type": "Point", "coordinates": [ 5.381771, 43.299239 ] } },
{ "type": "Feature", "properties": { "nom_zone": "Gambetta Réformés", "nombre_arret": 1, "nom_ligne": "['52' '81' '509' 'BM1A' 'T2']", "nombre_ligne": 5, "type_ligne": "['Bus' 'Tram']", "bool_bus": true, "bool_tram": true, "bool_metro": false, "bool_ferry": false }, "geometry": { "type": "Point", "coordinates": [ 5.38461, 43.299138 ] } },
{ "type": "Feature", "properties": { "nom_zone": "Gare Maritime Internationale", "nombre_arret": 2, "nom_ligne": "['82S' '582' '49' '83']", "nombre_ligne": 4, "type_ligne": "Bus", "bool_bus": true, "bool_tram": false, "bool_metro": false, "bool_ferry": false }, "geometry": { "type": "LineString", "coordinates": [ [ 5.364178, 43.300729 ], [ 5.364076, 43.30129 ] ] } },
{ "type": "Feature", "properties": { "nom_zone": "Gare St Charles", "nombre_arret": 3, "nom_ligne": "['82S' '533' '582' '52' '56']", "nombre_ligne": 5, "type_ligne": "Bus", "bool_bus": true, "bool_tram": false, "bool_metro": false, "bool_ferry": false }, "geometry": { "type": "Polygon", "coordinates": [ [ [ 5.380798, 43.303869 ], [ 5.38178265, 43.30237523 ], [ 5.38163513, 43.30248454 ], [ 5.380798, 43.303869 ] ] ] } },
{ "type": "Feature", "properties": { "nom_zone": "Gare de L'Estaque", "nombre_arret": 2, "nom_ligne": "['96' '36B' '36' '535']", "nombre_ligne": 4, "type_ligne": "Bus", "bool_bus": true, "bool_tram": false, "bool_metro": false, "bool_ferry": false }, "geometry": { "type": "LineString", "coordinates": [ [ 5.321552, 43.362528 ], [ 5.321648, 43.3626 ] ] } },
{ "type": "Feature", "properties": { "nom_zone": "Gare de Picon Busserine", "nombre_arret": 2, "nom_ligne": "B4", "nombre_ligne": 1, "type_ligne": "Bus", "bool_bus": true, "bool_tram": false, "bool_metro": false, "bool_ferry": false }, "geometry": { "type": "LineString", "coordinates": [ [ 5.39281741, 43.33006869 ], [ 5.392623849999968, 43.330174570000025 ] ] } },
{ "type": "Feature", "properties": { "nom_zone": "Gare de St Antoine", "nombre_arret": 2, "nom_ligne": "['96' 'B2']", "nombre_ligne": 2, "type_ligne": "Bus", "bool_bus": true, "bool_tram": false, "bool_metro": false, "bool_ferry": false }, "geometry": { "type": "LineString", "coordinates": [ [ 5.35642897, 43.369630960000052 ], [ 5.356331329999971, 43.36949732 ] ] } },
{ "type": "Feature", "properties": { "nom_zone": "Gare de la Barasse", "nombre_arret": 3, "nom_ligne": "['15' '540' '40' '50' '64']", "nombre_ligne": 5, "type_ligne": "Bus", "bool_bus": true, "bool_tram": false, "bool_metro": false, "bool_ferry": false }, "geometry": { "type": "Polygon", "coordinates": [ [ [ 5.482821359999987, 43.285884620000012 ], [ 5.483373, 43.28488 ], [ 5.482977, 43.285122 ], [ 5.482821359999987, 43.285884620000012 ] ] ] } },
{ "type": "Feature", "properties": { "nom_zone": "Gare de la Pomme", "nombre_arret": 2, "nom_ligne": "['12B' '12' '17' '91' '540' 'S5' '40' '12S']", "nombre_ligne": 8, "type_ligne": "Bus", "bool_bus": true, "bool_tram": false, "bool_metro": false, "bool_ferry": false }, "geometry": { "type": "LineString", "coordinates": [ [ 5.440004, 43.290636 ], [ 5.43985, 43.290455 ] ] } },
{ "type": "Feature", "properties": { "nom_zone": "Garlaban Cauvin", "nombre_arret": 1, "nom_ligne": "10", "nombre_ligne": 1, "type_ligne": "Bus", "bool_bus": true, "bool_tram": false, "bool_metro": false, "bool_ferry": false }, "geometry": { "type": "Point", "coordinates": [ 5.417438, 43.298168 ] } },
{ "type": "Feature", "properties": { "nom_zone": "Garoutte Gavoty", "nombre_arret": 2, "nom_ligne": "67", "nombre_ligne": 1, "type_ligne": "Bus", "bool_bus": true, "bool_tram": false, "bool_metro": false, "bool_ferry": false }, "geometry": { "type": "LineString", "coordinates": [ [ 5.413862, 43.308609 ], [ 5.413675, 43.308493 ] ] } },
{ "type": "Feature", "properties": { "nom_zone": "Garoutte Philippine", "nombre_arret": 2, "nom_ligne": "67", "nombre_ligne": 1, "type_ligne": "Bus", "bool_bus": true, "bool_tram": false, "bool_metro": false, "bool_ferry": false }, "geometry": { "type": "LineString", "coordinates": [ [ 5.413067, 43.306537 ], [ 5.413229, 43.306565 ] ] } },
{ "type": "Feature", "properties": { "nom_zone": "Gasquy Vian", "nombre_arret": 1, "nom_ligne": "10", "nombre_ligne": 1, "type_ligne": "Bus", "bool_bus": true, "bool_tram": false, "bool_metro": false, "bool_ferry": false }, "geometry": { "type": "Point", "coordinates": [ 5.422693, 43.301383 ] } },
{ "type": "Feature", "properties": { "nom_zone": "Gaston Castel", "nombre_arret": 1, "nom_ligne": "['96' '36B' '36' '535']", "nombre_ligne": 4, "type_ligne": "Bus", "bool_bus": true, "bool_tram": false, "bool_metro": false, "bool_ferry": false }, "geometry": { "type": "Point", "coordinates": [ 5.337015, 43.357268 ] } },
{ "type": "Feature", "properties": { "nom_zone": "Gaston Crémieux", "nombre_arret": 2, "nom_ligne": "74", "nombre_ligne": 1, "type_ligne": "Bus", "bool_bus": true, "bool_tram": false, "bool_metro": false, "bool_ferry": false }, "geometry": { "type": "LineString", "coordinates": [ [ 5.380494, 43.278872 ], [ 5.380138, 43.278938 ] ] } },
{ "type": "Feature", "properties": { "nom_zone": "Gavotte Peyrets", "nombre_arret": 1, "nom_ligne": "['121' '122']", "nombre_ligne": 2, "type_ligne": "Bus", "bool_bus": true, "bool_tram": false, "bool_metro": false, "bool_ferry": false }, "geometry": { "type": "Point", "coordinates": [ 5.352348359999982, 43.3883609 ] } },
{ "type": "Feature", "properties": { "nom_zone": "Gavoty Gillet", "nombre_arret": 1, "nom_ligne": "67", "nombre_ligne": 1, "type_ligne": "Bus", "bool_bus": true, "bool_tram": false, "bool_metro": false, "bool_ferry": false }, "geometry": { "type": "Point", "coordinates": [ 5.414365, 43.312391 ] } },
{ "type": "Feature", "properties": { "nom_zone": "Gay Lussac", "nombre_arret": 2, "nom_ligne": "38", "nombre_ligne": 1, "type_ligne": "Bus", "bool_bus": true, "bool_tram": false, "bool_metro": false, "bool_ferry": false }, "geometry": { "type": "LineString", "coordinates": [ [ 5.374512, 43.334106 ], [ 5.374793, 43.334491 ] ] } },
{ "type": "Feature", "properties": { "nom_zone": "Gendarmerie", "nombre_arret": 1, "nom_ligne": "['121' '122']", "nombre_ligne": 2, "type_ligne": "Bus", "bool_bus": true, "bool_tram": false, "bool_metro": false, "bool_ferry": false }, "geometry": { "type": "Point", "coordinates": [ 5.36733091, 43.392336980000032 ] } },
{ "type": "Feature", "properties": { "nom_zone": "George", "nombre_arret": 2, "nom_ligne": "T1", "nombre_ligne": 1, "type_ligne": "Tram", "bool_bus": false, "bool_tram": true, "bool_metro": false, "bool_ferry": false }, "geometry": { "type": "LineString", "coordinates": [ [ 5.397289, 43.295689 ], [ 5.397439, 43.295579 ] ] } },
{ "type": "Feature", "properties": { "nom_zone": "George Verdun", "nombre_arret": 2, "nom_ligne": "52", "nombre_ligne": 1, "type_ligne": "Bus", "bool_bus": true, "bool_tram": false, "bool_metro": false, "bool_ferry": false }, "geometry": { "type": "LineString", "coordinates": [ [ 5.397782, 43.296813 ], [ 5.397736, 43.296479 ] ] } },
{ "type": "Feature", "properties": { "nom_zone": "Gibbes Bon Secours", "nombre_arret": 2, "nom_ligne": "['89' '530']", "nombre_ligne": 2, "type_ligne": "Bus", "bool_bus": true, "bool_tram": false, "bool_metro": false, "bool_ferry": false }, "geometry": { "type": "LineString", "coordinates": [ [ 5.380604, 43.320643 ], [ 5.380425, 43.320128 ] ] } },
{ "type": "Feature", "properties": { "nom_zone": "Gibbes D'Artagnan", "nombre_arret": 2, "nom_ligne": "89", "nombre_ligne": 1, "type_ligne": "Bus", "bool_bus": true, "bool_tram": false, "bool_metro": false, "bool_ferry": false }, "geometry": { "type": "LineString", "coordinates": [ [ 5.383861, 43.326271 ], [ 5.384050459999965, 43.32668791 ] ] } },
{ "type": "Feature", "properties": { "nom_zone": "Gibbes Moretti", "nombre_arret": 2, "nom_ligne": "['89' '530']", "nombre_ligne": 2, "type_ligne": "Bus", "bool_bus": true, "bool_tram": false, "bool_metro": false, "bool_ferry": false }, "geometry": { "type": "LineString", "coordinates": [ [ 5.382286, 43.324186 ], [ 5.382345, 43.324463 ] ] } },
{ "type": "Feature", "properties": { "nom_zone": "Gibbes Plombières", "nombre_arret": 2, "nom_ligne": "['89' '530']", "nombre_ligne": 2, "type_ligne": "Bus", "bool_bus": true, "bool_tram": false, "bool_metro": false, "bool_ferry": false }, "geometry": { "type": "LineString", "coordinates": [ [ 5.379567150000011, 43.319136370000024 ], [ 5.379431, 43.319188 ] ] } },
{ "type": "Feature", "properties": { "nom_zone": "Gibbes Rouffe", "nombre_arret": 2, "nom_ligne": "89", "nombre_ligne": 1, "type_ligne": "Bus", "bool_bus": true, "bool_tram": false, "bool_metro": false, "bool_ferry": false }, "geometry": { "type": "LineString", "coordinates": [ [ 5.38491686, 43.32821724 ], [ 5.38519, 43.328483 ] ] } },
{ "type": "Feature", "properties": { "nom_zone": "Gibbes St Gabriel", "nombre_arret": 2, "nom_ligne": "['89' '530']", "nombre_ligne": 2, "type_ligne": "Bus", "bool_bus": true, "bool_tram": false, "bool_metro": false, "bool_ferry": false }, "geometry": { "type": "LineString", "coordinates": [ [ 5.381269, 43.322609 ], [ 5.380968, 43.322326 ] ] } },
{ "type": "Feature", "properties": { "nom_zone": "Giono Messidor", "nombre_arret": 2, "nom_ligne": "['142' '63']", "nombre_ligne": 2, "type_ligne": "Bus", "bool_bus": true, "bool_tram": false, "bool_metro": false, "bool_ferry": false }, "geometry": { "type": "LineString", "coordinates": [ [ 5.45604806, 43.34639193 ], [ 5.457163479999943, 43.346098989999987 ] ] } },
{ "type": "Feature", "properties": { "nom_zone": "Granada", "nombre_arret": 2, "nom_ligne": "['15S' '15']", "nombre_ligne": 2, "type_ligne": "Bus", "bool_bus": true, "bool_tram": false, "bool_metro": false, "bool_ferry": false }, "geometry": { "type": "LineString", "coordinates": [ [ 5.440509, 43.285106 ], [ 5.439497, 43.284955 ] ] } },
{ "type": "Feature", "properties": { "nom_zone": "Grand Littoral Nord", "nombre_arret": 2, "nom_ligne": "96", "nombre_ligne": 1, "type_ligne": "Bus", "bool_bus": true, "bool_tram": false, "bool_metro": false, "bool_ferry": false }, "geometry": { "type": "LineString", "coordinates": [ [ 5.347455, 43.365229 ], [ 5.34753, 43.365008 ] ] } },
{ "type": "Feature", "properties": { "nom_zone": "Grand Littoral Sud", "nombre_arret": 2, "nom_ligne": "98", "nombre_ligne": 1, "type_ligne": "Bus", "bool_bus": true, "bool_tram": false, "bool_metro": false, "bool_ferry": false }, "geometry": { "type": "LineString", "coordinates": [ [ 5.349146, 43.361826 ], [ 5.34935, 43.362142 ] ] } },
{ "type": "Feature", "properties": { "nom_zone": "Grand Pré", "nombre_arret": 2, "nom_ligne": "['518' 'B5' '24']", "nombre_ligne": 3, "type_ligne": "Bus", "bool_bus": true, "bool_tram": false, "bool_metro": false, "bool_ferry": false }, "geometry": { "type": "LineString", "coordinates": [ [ 5.414764, 43.261494 ], [ 5.41475773, 43.261295979999986 ] ] } },
{ "type": "Feature", "properties": { "nom_zone": "Grand St Giniez", "nombre_arret": 3, "nom_ligne": "['44' '23' '45']", "nombre_ligne": 3, "type_ligne": "Bus", "bool_bus": true, "bool_tram": false, "bool_metro": false, "bool_ferry": false }, "geometry": { "type": "Polygon", "coordinates": [ [ [ 5.390873, 43.26518 ], [ 5.391663, 43.264554 ], [ 5.390658, 43.264541 ], [ 5.390873, 43.26518 ] ] ] } },
{ "type": "Feature", "properties": { "nom_zone": "Grande Armée", "nombre_arret": 1, "nom_ligne": "['33' '52' '509' 'N2' '34' '49' 'BM1A']", "nombre_ligne": 7, "type_ligne": "Bus", "bool_bus": true, "bool_tram": false, "bool_metro": false, "bool_ferry": false }, "geometry": { "type": "Point", "coordinates": [ 5.38426, 43.300166 ] } },
{ "type": "Feature", "properties": { "nom_zone": "Granière Rente", "nombre_arret": 2, "nom_ligne": "18", "nombre_ligne": 1, "type_ligne": "Bus", "bool_bus": true, "bool_tram": false, "bool_metro": false, "bool_ferry": false }, "geometry": { "type": "LineString", "coordinates": [ [ 5.458582, 43.287514 ], [ 5.457599, 43.287576 ] ] } },
{ "type": "Feature", "properties": { "nom_zone": "Grotte Rolland", "nombre_arret": 2, "nom_ligne": "['19' 'S8']", "nombre_ligne": 2, "type_ligne": "Bus", "bool_bus": true, "bool_tram": false, "bool_metro": false, "bool_ferry": false }, "geometry": { "type": "LineString", "coordinates": [ [ 5.362352399999976, 43.236466100000015 ], [ 5.362346, 43.236593 ] ] } },
{ "type": "Feature", "properties": { "nom_zone": "Grottes Loubière", "nombre_arret": 2, "nom_ligne": "['5' 'S3']", "nombre_ligne": 2, "type_ligne": "Bus", "bool_bus": true, "bool_tram": false, "bool_metro": false, "bool_ferry": false }, "geometry": { "type": "LineString", "coordinates": [ [ 5.43316, 43.351255 ], [ 5.433362, 43.351496 ] ] } },
{ "type": "Feature", "properties": { "nom_zone": "Groupe Clovis Hugues", "nombre_arret": 1, "nom_ligne": "88", "nombre_ligne": 1, "type_ligne": "Bus", "bool_bus": true, "bool_tram": false, "bool_metro": false, "bool_ferry": false }, "geometry": { "type": "Point", "coordinates": [ 5.37876517000001, 43.316203310000013 ] } },
{ "type": "Feature", "properties": { "nom_zone": "Groupe Le Canet", "nombre_arret": 2, "nom_ligne": "89", "nombre_ligne": 1, "type_ligne": "Bus", "bool_bus": true, "bool_tram": false, "bool_metro": false, "bool_ferry": false }, "geometry": { "type": "LineString", "coordinates": [ [ 5.385083, 43.330994 ], [ 5.385463, 43.331202 ] ] } },
{ "type": "Feature", "properties": { "nom_zone": "Guadeloupe Martinique", "nombre_arret": 1, "nom_ligne": "49", "nombre_ligne": 1, "type_ligne": "Bus", "bool_bus": true, "bool_tram": false, "bool_metro": false, "bool_ferry": false }, "geometry": { "type": "Point", "coordinates": [ 5.374328, 43.281922 ] } },
{ "type": "Feature", "properties": { "nom_zone": "Guadeloupe Milly", "nombre_arret": 1, "nom_ligne": "49", "nombre_ligne": 1, "type_ligne": "Bus", "bool_bus": true, "bool_tram": false, "bool_metro": false, "bool_ferry": false }, "geometry": { "type": "Point", "coordinates": [ 5.376037, 43.280876 ] } },
{ "type": "Feature", "properties": { "nom_zone": "Guey", "nombre_arret": 2, "nom_ligne": "['7B' '509' '7' 'S4' '9' '107']", "nombre_ligne": 6, "type_ligne": "Bus", "bool_bus": true, "bool_tram": false, "bool_metro": false, "bool_ferry": false }, "geometry": { "type": "LineString", "coordinates": [ [ 5.42231086, 43.306555079999981 ], [ 5.422448, 43.306154680000013 ] ] } },
{ "type": "Feature", "properties": { "nom_zone": "Guibal Cavaignac", "nombre_arret": 2, "nom_ligne": "['56' '582']", "nombre_ligne": 2, "type_ligne": "Bus", "bool_bus": true, "bool_tram": false, "bool_metro": false, "bool_ferry": false }, "geometry": { "type": "LineString", "coordinates": [ [ 5.385515, 43.306496 ], [ 5.385305, 43.306513 ] ] } },
{ "type": "Feature", "properties": { "nom_zone": "Guidicelli Charras", "nombre_arret": 1, "nom_ligne": "84", "nombre_ligne": 1, "type_ligne": "Bus", "bool_bus": true, "bool_tram": false, "bool_metro": false, "bool_ferry": false }, "geometry": { "type": "Point", "coordinates": [ 5.357659, 43.284938 ] } },
{ "type": "Feature", "properties": { "nom_zone": "Guidicelli Fouquet", "nombre_arret": 1, "nom_ligne": "84", "nombre_ligne": 1, "type_ligne": "Bus", "bool_bus": true, "bool_tram": false, "bool_metro": false, "bool_ferry": false }, "geometry": { "type": "Point", "coordinates": [ 5.35467, 43.286505 ] } },
{ "type": "Feature", "properties": { "nom_zone": "Guigou", "nombre_arret": 2, "nom_ligne": "81", "nombre_ligne": 1, "type_ligne": "Bus", "bool_bus": true, "bool_tram": false, "bool_metro": false, "bool_ferry": false }, "geometry": { "type": "LineString", "coordinates": [ [ 5.396862, 43.313198 ], [ 5.397309, 43.313773 ] ] } },
{ "type": "Feature", "properties": { "nom_zone": "Gèze", "nombre_arret": 12, "nom_ligne": "['T3' '25' '38' '70' 'B2' '30' '98' 'BM2' 'B4' 'M2']", "nombre_ligne": 10, "type_ligne": "['Tram' 'Bus' 'Subway']", "bool_bus": true, "bool_tram": true, "bool_metro": true, "bool_ferry": false }, "geometry": { "type": "Polygon", "coordinates": [ [ [ 5.36742747, 43.32835713 ], [ 5.367306, 43.328728 ], [ 5.36757583, 43.328768390000043 ], [ 5.36762863, 43.328522 ], [ 5.36770642, 43.32826835 ], [ 5.367509, 43.328043 ], [ 5.36735773, 43.327948360000029 ], [ 5.36788344, 43.32789763000001 ], [ 5.366338489999964, 43.327034250000025 ], [ 5.36621267, 43.32701699 ], [ 5.367248429999981, 43.32792836 ], [ 5.367394, 43.327996 ], [ 5.36742747, 43.32835713 ] ] ] } },
{ "type": "Feature", "properties": { "nom_zone": "Gèze Bossy", "nombre_arret": 3, "nom_ligne": "['38' 'B4' '535']", "nombre_ligne": 3, "type_ligne": "Bus", "bool_bus": true, "bool_tram": false, "bool_metro": false, "bool_ferry": false }, "geometry": { "type": "Polygon", "coordinates": [ [ [ 5.369750589999968, 43.330127519999984 ], [ 5.3704746, 43.33048436 ], [ 5.37080216, 43.330542030000032 ], [ 5.369750589999968, 43.330127519999984 ] ] ] } },
{ "type": "Feature", "properties": { "nom_zone": "Géraniums", "nombre_arret": 2, "nom_ligne": "['33' '533' 'N2' '3']", "nombre_ligne": 4, "type_ligne": "Bus", "bool_bus": true, "bool_tram": false, "bool_metro": false, "bool_ferry": false }, "geometry": { "type": "LineString", "coordinates": [ [ 5.409335, 43.341361 ], [ 5.40851, 43.341498 ] ] } },
{ "type": "Feature", "properties": { "nom_zone": "HLM La Barasse", "nombre_arret": 2, "nom_ligne": "['15' '540' '40' '50']", "nombre_ligne": 4, "type_ligne": "Bus", "bool_bus": true, "bool_tram": false, "bool_metro": false, "bool_ferry": false }, "geometry": { "type": "LineString", "coordinates": [ [ 5.488366, 43.284475 ], [ 5.487329, 43.28474 ] ] } },
{ "type": "Feature", "properties": { "nom_zone": "HLM La Rouguière", "nombre_arret": 2, "nom_ligne": "['12B' '12' '12S']", "nombre_ligne": 3, "type_ligne": "Bus", "bool_bus": true, "bool_tram": false, "bool_metro": false, "bool_ferry": false }, "geometry": { "type": "LineString", "coordinates": [ [ 5.454512, 43.293288 ], [ 5.454552, 43.293387 ] ] } },
{ "type": "Feature", "properties": { "nom_zone": "HLM Les Aygalades", "nombre_arret": 2, "nom_ligne": "30", "nombre_ligne": 1, "type_ligne": "Bus", "bool_bus": true, "bool_tram": false, "bool_metro": false, "bool_ferry": false }, "geometry": { "type": "LineString", "coordinates": [ [ 5.370205, 43.353194 ], [ 5.369291, 43.353367 ] ] } },
{ "type": "Feature", "properties": { "nom_zone": "HLM Les Caillols", "nombre_arret": 2, "nom_ligne": "['509' 'S5' '9']", "nombre_ligne": 3, "type_ligne": "Bus", "bool_bus": true, "bool_tram": false, "bool_metro": false, "bool_ferry": false }, "geometry": { "type": "LineString", "coordinates": [ [ 5.44976632, 43.301311320000018 ], [ 5.449786, 43.30176 ] ] } },
{ "type": "Feature", "properties": { "nom_zone": "HLM de Luminy", "nombre_arret": 4, "nom_ligne": "['B1' '21JET' '24' 'N1']", "nombre_ligne": 4, "type_ligne": "Bus", "bool_bus": true, "bool_tram": false, "bool_metro": false, "bool_ferry": false }, "geometry": { "type": "Polygon", "coordinates": [ [ [ 5.438127, 43.242633 ], [ 5.43818303, 43.24326407 ], [ 5.4382186, 43.243129300000042 ], [ 5.438146269999974, 43.242466430000022 ], [ 5.438127, 43.242633 ] ] ] } },
{ "type": "Feature", "properties": { "nom_zone": "Haguenau Alaska", "nombre_arret": 1, "nom_ligne": "['10' 'BM1B']", "nombre_ligne": 2, "type_ligne": "Bus", "bool_bus": true, "bool_tram": false, "bool_metro": false, "bool_ferry": false }, "geometry": { "type": "Point", "coordinates": [ 5.413167, 43.303554 ] } },
{ "type": "Feature", "properties": { "nom_zone": "Haguenau Merle", "nombre_arret": 1, "nom_ligne": "['10' 'BM1B']", "nombre_ligne": 2, "type_ligne": "Bus", "bool_bus": true, "bool_tram": false, "bool_metro": false, "bool_ferry": false }, "geometry": { "type": "Point", "coordinates": [ 5.413203, 43.30132 ] } },
{ "type": "Feature", "properties": { "nom_zone": "Hambourg Lancier", "nombre_arret": 2, "nom_ligne": "['23' '45' '47']", "nombre_ligne": 3, "type_ligne": "Bus", "bool_bus": true, "bool_tram": false, "bool_metro": false, "bool_ferry": false }, "geometry": { "type": "LineString", "coordinates": [ [ 5.393007, 43.247245 ], [ 5.39308, 43.247413 ] ] } },
{ "type": "Feature", "properties": { "nom_zone": "Hambourg Leau", "nombre_arret": 2, "nom_ligne": "47", "nombre_ligne": 1, "type_ligne": "Bus", "bool_bus": true, "bool_tram": false, "bool_metro": false, "bool_ferry": false }, "geometry": { "type": "LineString", "coordinates": [ [ 5.38555208, 43.25306475 ], [ 5.385730619999983, 43.252723879999969 ] ] } },
{ "type": "Feature", "properties": { "nom_zone": "Hangar J1", "nombre_arret": 3, "nom_ligne": "['49' '83' 'BM2' '82S' '582']", "nombre_ligne": 5, "type_ligne": "Bus", "bool_bus": true, "bool_tram": false, "bool_metro": false, "bool_ferry": false }, "geometry": { "type": "Polygon", "coordinates": [ [ [ 5.36483109, 43.30388213 ], [ 5.365636, 43.303396 ], [ 5.364789, 43.302804 ], [ 5.36483109, 43.30388213 ] ] ] } },
{ "type": "Feature", "properties": { "nom_zone": "Haut de la Rougière", "nombre_arret": 1, "nom_ligne": "['121' '122']", "nombre_ligne": 2, "type_ligne": "Bus", "bool_bus": true, "bool_tram": false, "bool_metro": false, "bool_ferry": false }, "geometry": { "type": "Point", "coordinates": [ 5.37843, 43.386991 ] } },
{ "type": "Feature", "properties": { "nom_zone": "Hauts de Ste Marthe", "nombre_arret": 2, "nom_ligne": "3", "nombre_ligne": 1, "type_ligne": "Bus", "bool_bus": true, "bool_tram": false, "bool_metro": false, "bool_ferry": false }, "geometry": { "type": "LineString", "coordinates": [ [ 5.398844, 43.3429997 ], [ 5.399692, 43.342736 ] ] } },
{ "type": "Feature", "properties": { "nom_zone": "Haïfa Ollivary", "nombre_arret": 2, "nom_ligne": "['23' '45']", "nombre_ligne": 2, "type_ligne": "Bus", "bool_bus": true, "bool_tram": false, "bool_metro": false, "bool_ferry": false }, "geometry": { "type": "LineString", "coordinates": [ [ 5.392910269999985, 43.253137180000046 ], [ 5.392842, 43.253182 ] ] } },
{ "type": "Feature", "properties": { "nom_zone": "Haïti Fraissinet", "nombre_arret": 1, "nom_ligne": "['67' 'BM1B']", "nombre_ligne": 2, "type_ligne": "Bus", "bool_bus": true, "bool_tram": false, "bool_metro": false, "bool_ferry": false }, "geometry": { "type": "Point", "coordinates": [ 5.406583, 43.297311 ] } },
{ "type": "Feature", "properties": { "nom_zone": "Haïti Garguier", "nombre_arret": 2, "nom_ligne": "['67' 'BM1B']", "nombre_ligne": 2, "type_ligne": "Bus", "bool_bus": true, "bool_tram": false, "bool_metro": false, "bool_ferry": false }, "geometry": { "type": "LineString", "coordinates": [ [ 5.407823, 43.297295 ], [ 5.407921, 43.297215 ] ] } },
{ "type": "Feature", "properties": { "nom_zone": "Haïti Hespérides", "nombre_arret": 1, "nom_ligne": "['10' 'BM1B']", "nombre_ligne": 2, "type_ligne": "Bus", "bool_bus": true, "bool_tram": false, "bool_metro": false, "bool_ferry": false }, "geometry": { "type": "Point", "coordinates": [ 5.415776, 43.298215 ] } },
{ "type": "Feature", "properties": { "nom_zone": "Heckel", "nombre_arret": 2, "nom_ligne": "['17' '540' '40']", "nombre_ligne": 3, "type_ligne": "Bus", "bool_bus": true, "bool_tram": false, "bool_metro": false, "bool_ferry": false }, "geometry": { "type": "LineString", "coordinates": [ [ 5.44199442, 43.28749818 ], [ 5.44207974, 43.28688352 ] ] } },
{ "type": "Feature", "properties": { "nom_zone": "Hespérides Montval", "nombre_arret": 2, "nom_ligne": "46", "nombre_ligne": 1, "type_ligne": "Bus", "bool_bus": true, "bool_tram": false, "bool_metro": false, "bool_ferry": false }, "geometry": { "type": "LineString", "coordinates": [ [ 5.411143, 43.252007 ], [ 5.410857, 43.252011 ] ] } },
{ "type": "Feature", "properties": { "nom_zone": "Honnorat Crimée", "nombre_arret": 2, "nom_ligne": "['533' '582']", "nombre_ligne": 2, "type_ligne": "Bus", "bool_bus": true, "bool_tram": false, "bool_metro": false, "bool_ferry": false }, "geometry": { "type": "Point", "coordinates": [ 5.382746, 43.304959 ] } },
{ "type": "Feature", "properties": { "nom_zone": "Horticulture", "nombre_arret": 2, "nom_ligne": "['48' '46' '47']", "nombre_ligne": 3, "type_ligne": "Bus", "bool_bus": true, "bool_tram": false, "bool_metro": false, "bool_ferry": false }, "geometry": { "type": "LineString", "coordinates": [ [ 5.407546660000017, 43.25604865 ], [ 5.4085184, 43.25663969 ] ] } },
{ "type": "Feature", "properties": { "nom_zone": "Huveaune Platanes", "nombre_arret": 1, "nom_ligne": "['15S' '15' '17']", "nombre_ligne": 3, "type_ligne": "Bus", "bool_bus": true, "bool_tram": false, "bool_metro": false, "bool_ferry": false }, "geometry": { "type": "Point", "coordinates": [ 5.40733874, 43.273412920000027 ] } },
{ "type": "Feature", "properties": { "nom_zone": "Hôpital Clairval", "nombre_arret": 1, "nom_ligne": "48", "nombre_ligne": 1, "type_ligne": "Bus", "bool_bus": true, "bool_tram": false, "bool_metro": false, "bool_ferry": false }, "geometry": { "type": "Point", "coordinates": [ 5.428142, 43.247926 ] } },
{ "type": "Feature", "properties": { "nom_zone": "Hôpital Edouard Toulouse", "nombre_arret": 2, "nom_ligne": "['97' '121' '122']", "nombre_ligne": 3, "type_ligne": "Bus", "bool_bus": true, "bool_tram": false, "bool_metro": false, "bool_ferry": false }, "geometry": { "type": "LineString", "coordinates": [ [ 5.358343, 43.381209 ], [ 5.35799248, 43.380033100000027 ] ] } },
{ "type": "Feature", "properties": { "nom_zone": "Hôpital Européen", "nombre_arret": 1, "nom_ligne": "['88' '29' 'M2']", "nombre_ligne": 3, "type_ligne": "['Bus' 'Subway']", "bool_bus": true, "bool_tram": false, "bool_metro": true, "bool_ferry": false }, "geometry": { "type": "Point", "coordinates": [ 5.373445, 43.310212 ] } },
{ "type": "Feature", "properties": { "nom_zone": "Hôpital Laveran", "nombre_arret": 2, "nom_ligne": "['38' '27']", "nombre_ligne": 2, "type_ligne": "Bus", "bool_bus": true, "bool_tram": false, "bool_metro": false, "bool_ferry": false }, "geometry": { "type": "LineString", "coordinates": [ [ 5.413589, 43.326854 ], [ 5.413779, 43.327304 ] ] } },
{ "type": "Feature", "properties": { "nom_zone": "Hôpital Nord", "nombre_arret": 6, "nom_ligne": "['97' '121' '122' '96' 'S1' '97JET' 'B2']", "nombre_ligne": 7, "type_ligne": "Bus", "bool_bus": true, "bool_tram": false, "bool_metro": false, "bool_ferry": false }, "geometry": { "type": "Polygon", "coordinates": [ [ [ 5.363369, 43.376989 ], [ 5.363313, 43.377174 ], [ 5.363439, 43.377358 ], [ 5.363819, 43.377203 ], [ 5.363905, 43.377058 ], [ 5.363369, 43.376989 ] ] ] } },
{ "type": "Feature", "properties": { "nom_zone": "Hôpital Nord Urgences", "nombre_arret": 2, "nom_ligne": "['96' 'S1' '97' 'B2']", "nombre_ligne": 4, "type_ligne": "Bus", "bool_bus": true, "bool_tram": false, "bool_metro": false, "bool_ferry": false }, "geometry": { "type": "LineString", "coordinates": [ [ 5.361595, 43.379474 ], [ 5.361401, 43.379437 ] ] } },
{ "type": "Feature", "properties": { "nom_zone": "Hôpital Sainte-Marguerite", "nombre_arret": 2, "nom_ligne": "T3", "nombre_ligne": 1, "type_ligne": "Tram", "bool_bus": false, "bool_tram": true, "bool_metro": false, "bool_ferry": false }, "geometry": { "type": "LineString", "coordinates": [ [ 5.408714600000011, 43.25941285 ], [ 5.408764389999964, 43.25945587 ] ] } },
{ "type": "Feature", "properties": { "nom_zone": "Hôpital St Joseph", "nombre_arret": 2, "nom_ligne": "['72' 'N1']", "nombre_ligne": 2, "type_ligne": "Bus", "bool_bus": true, "bool_tram": false, "bool_metro": false, "bool_ferry": false }, "geometry": { "type": "LineString", "coordinates": [ [ 5.395272, 43.275122 ], [ 5.395233, 43.274972 ] ] } },
{ "type": "Feature", "properties": { "nom_zone": "Hôpital Ste Marguerite", "nombre_arret": 2, "nom_ligne": "['518' 'B5' '24']", "nombre_ligne": 3, "type_ligne": "Bus", "bool_bus": true, "bool_tram": false, "bool_metro": false, "bool_ferry": false }, "geometry": { "type": "LineString", "coordinates": [ [ 5.413149, 43.26242 ], [ 5.412552, 43.262703 ] ] } },
{ "type": "Feature", "properties": { "nom_zone": "Hôpital de la Timone", "nombre_arret": 2, "nom_ligne": "['12B' '12' '91' '540' '40' '12S' '54']", "nombre_ligne": 7, "type_ligne": "Bus", "bool_bus": true, "bool_tram": false, "bool_metro": false, "bool_ferry": false }, "geometry": { "type": "LineString", "coordinates": [ [ 5.402872, 43.291876 ], [ 5.402695, 43.291825 ] ] } },
{ "type": "Feature", "properties": { "nom_zone": "Hôtel de Ville", "nombre_arret": 2, "nom_ligne": "['60' '82S' '582' '83']", "nombre_ligne": 4, "type_ligne": "Bus", "bool_bus": true, "bool_tram": false, "bool_metro": false, "bool_ferry": false }, "geometry": { "type": "LineString", "coordinates": [ [ 5.371023, 43.296227 ], [ 5.371246, 43.296161 ] ] } },
{ "type": "Feature", "properties": { "nom_zone": "Hôtel du Département", "nombre_arret": 2, "nom_ligne": "['72' 'BM1A']", "nombre_ligne": 2, "type_ligne": "Bus", "bool_bus": true, "bool_tram": false, "bool_metro": false, "bool_ferry": false }, "geometry": { "type": "LineString", "coordinates": [ [ 5.4051867, 43.313618450000021 ], [ 5.405852, 43.313987 ] ] } },
{ "type": "Feature", "properties": { "nom_zone": "Isaac Luce", "nombre_arret": 1, "nom_ligne": "['22S' '22']", "nombre_ligne": 2, "type_ligne": "Bus", "bool_bus": true, "bool_tram": false, "bool_metro": false, "bool_ferry": false }, "geometry": { "type": "Point", "coordinates": [ 5.397242900000012, 43.257705740000013 ] } },
{ "type": "Feature", "properties": { "nom_zone": "Jardin Bortoli", "nombre_arret": 2, "nom_ligne": "['22S' '22' '47']", "nombre_ligne": 3, "type_ligne": "Bus", "bool_bus": true, "bool_tram": false, "bool_metro": false, "bool_ferry": false }, "geometry": { "type": "LineString", "coordinates": [ [ 5.39785864, 43.2487806 ], [ 5.39772, 43.248666 ] ] } },
{ "type": "Feature", "properties": { "nom_zone": "Jardin de la Colonne", "nombre_arret": 1, "nom_ligne": "60", "nombre_ligne": 1, "type_ligne": "Bus", "bool_bus": true, "bool_tram": false, "bool_metro": false, "bool_ferry": false }, "geometry": { "type": "Point", "coordinates": [ 5.369946, 43.28917 ] } },
{ "type": "Feature", "properties": { "nom_zone": "Jardins de Saint-Thys", "nombre_arret": 2, "nom_ligne": "['17' '16']", "nombre_ligne": 2, "type_ligne": "Bus", "bool_bus": true, "bool_tram": false, "bool_metro": false, "bool_ferry": false }, "geometry": { "type": "LineString", "coordinates": [ [ 5.42987, 43.277768 ], [ 5.429743, 43.278058 ] ] } },
{ "type": "Feature", "properties": { "nom_zone": "Jean Martin", "nombre_arret": 2, "nom_ligne": "T1", "nombre_ligne": 1, "type_ligne": "Tram", "bool_bus": false, "bool_tram": true, "bool_metro": false, "bool_ferry": false }, "geometry": { "type": "LineString", "coordinates": [ [ 5.401762, 43.29584 ], [ 5.401652, 43.295964 ] ] } },
{ "type": "Feature", "properties": { "nom_zone": "Jean Moulin Facultés", "nombre_arret": 2, "nom_ligne": "['72' '91' '540' 'N1']", "nombre_ligne": 4, "type_ligne": "Bus", "bool_bus": true, "bool_tram": false, "bool_metro": false, "bool_ferry": false }, "geometry": { "type": "LineString", "coordinates": [ [ 5.400384, 43.288501 ], [ 5.40007, 43.28851 ] ] } },
{ "type": "Feature", "properties": { "nom_zone": "Jean Moulin Ste Baume", "nombre_arret": 3, "nom_ligne": "['72' '91' '540' 'N1']", "nombre_ligne": 4, "type_ligne": "Bus", "bool_bus": true, "bool_tram": false, "bool_metro": false, "bool_ferry": false }, "geometry": { "type": "Polygon", "coordinates": [ [ [ 5.399332269999984, 43.28663694 ], [ 5.400645119999963, 43.286944380000016 ], [ 5.39967223, 43.2865703 ], [ 5.399332269999984, 43.28663694 ] ] ] } },
{ "type": "Feature", "properties": { "nom_zone": "Jean Rameau", "nombre_arret": 2, "nom_ligne": "['S4' '9']", "nombre_ligne": 2, "type_ligne": "Bus", "bool_bus": true, "bool_tram": false, "bool_metro": false, "bool_ferry": false }, "geometry": { "type": "LineString", "coordinates": [ [ 5.4183, 43.307131 ], [ 5.418345, 43.306229 ] ] } },
{ "type": "Feature", "properties": { "nom_zone": "Jeanne d'Arc", "nombre_arret": 2, "nom_ligne": "52", "nombre_ligne": 1, "type_ligne": "Bus", "bool_bus": true, "bool_tram": false, "bool_metro": false, "bool_ferry": false }, "geometry": { "type": "LineString", "coordinates": [ [ 5.399425, 43.294078 ], [ 5.39933, 43.294012 ] ] } },
{ "type": "Feature", "properties": { "nom_zone": "Joliette", "nombre_arret": 10, "nom_ligne": "['49' '35' '55' 'M2' 'T2' 'T3' '35T' 'BM2' '83']", "nombre_ligne": 9, "type_ligne": "['Bus' 'Subway' 'Tram']", "bool_bus": true, "bool_tram": true, "bool_metro": true, "bool_ferry": false }, "geometry": { "type": "Polygon", "coordinates": [ [ [ 5.366088, 43.304663 ], [ 5.3652085, 43.30500121 ], [ 5.365706, 43.305287 ], [ 5.366492, 43.305158 ], [ 5.367157, 43.305473 ], [ 5.367262, 43.30539 ], [ 5.36708, 43.304454 ], [ 5.367973499999986, 43.303910500000022 ], [ 5.367867, 43.303880500000027 ], [ 5.366588, 43.304591 ], [ 5.366088, 43.304663 ] ] ] } },
{ "type": "Feature", "properties": { "nom_zone": "Joliot Curie", "nombre_arret": 2, "nom_ligne": "['N2' '63' 'B3']", "nombre_ligne": 3, "type_ligne": "Bus", "bool_bus": true, "bool_tram": false, "bool_metro": false, "bool_ferry": false }, "geometry": { "type": "LineString", "coordinates": [ [ 5.435659, 43.343626 ], [ 5.435543, 43.343643 ] ] } },
{ "type": "Feature", "properties": { "nom_zone": "Jonquilles Lotus", "nombre_arret": 2, "nom_ligne": "['39' '6']", "nombre_ligne": 2, "type_ligne": "Bus", "bool_bus": true, "bool_tram": false, "bool_metro": false, "bool_ferry": false }, "geometry": { "type": "LineString", "coordinates": [ [ 5.438715, 43.321212 ], [ 5.438799, 43.320815 ] ] } },
{ "type": "Feature", "properties": { "nom_zone": "Jonquilles Maurelle", "nombre_arret": 2, "nom_ligne": "['39' '6']", "nombre_ligne": 2, "type_ligne": "Bus", "bool_bus": true, "bool_tram": false, "bool_metro": false, "bool_ferry": false }, "geometry": { "type": "LineString", "coordinates": [ [ 5.438207, 43.322345 ], [ 5.438287, 43.321918 ] ] } },
{ "type": "Feature", "properties": { "nom_zone": "Jourdan Bonnardel", "nombre_arret": 1, "nom_ligne": "49", "nombre_ligne": 1, "type_ligne": "Bus", "bool_bus": true, "bool_tram": false, "bool_metro": false, "bool_ferry": false }, "geometry": { "type": "Point", "coordinates": [ 5.387459, 43.311454 ] } },
{ "type": "Feature", "properties": { "nom_zone": "Jules Guesde", "nombre_arret": 2, "nom_ligne": "M2", "nombre_ligne": 1, "type_ligne": "Subway", "bool_bus": false, "bool_tram": false, "bool_metro": true, "bool_ferry": false }, "geometry": { "type": "LineString", "coordinates": [ [ 5.373985499999942, 43.302 ], [ 5.374025, 43.301957 ] ] } },
{ "type": "Feature", "properties": { "nom_zone": "Jules Moulet Aune", "nombre_arret": 1, "nom_ligne": "60", "nombre_ligne": 1, "type_ligne": "Bus", "bool_bus": true, "bool_tram": false, "bool_metro": false, "bool_ferry": false }, "geometry": { "type": "Point", "coordinates": [ 5.371956, 43.289104 ] } },
{ "type": "Feature", "properties": { "nom_zone": "Jules Moulet Dragon", "nombre_arret": 1, "nom_ligne": "60", "nombre_ligne": 1, "type_ligne": "Bus", "bool_bus": true, "bool_tram": false, "bool_metro": false, "bool_ferry": false }, "geometry": { "type": "Point", "coordinates": [ 5.373145939999949, 43.286679429999985 ] } },
{ "type": "Feature", "properties": { "nom_zone": "Jules Moulet Notre Dame", "nombre_arret": 1, "nom_ligne": "60", "nombre_ligne": 1, "type_ligne": "Bus", "bool_bus": true, "bool_tram": false, "bool_metro": false, "bool_ferry": false }, "geometry": { "type": "Point", "coordinates": [ 5.374042, 43.284751 ] } },
{ "type": "Feature", "properties": { "nom_zone": "Kaddouz Aiguillette", "nombre_arret": 2, "nom_ligne": "['509' 'S4' '9']", "nombre_ligne": 3, "type_ligne": "Bus", "bool_bus": true, "bool_tram": false, "bool_metro": false, "bool_ferry": false }, "geometry": { "type": "LineString", "coordinates": [ [ 5.428984, 43.311719 ], [ 5.429998, 43.312071 ] ] } },
{ "type": "Feature", "properties": { "nom_zone": "Kaddouz Beaumont", "nombre_arret": 2, "nom_ligne": "['7B' '509' 'S4' '6' '9']", "nombre_ligne": 5, "type_ligne": "Bus", "bool_bus": true, "bool_tram": false, "bool_metro": false, "bool_ferry": false }, "geometry": { "type": "LineString", "coordinates": [ [ 5.438673, 43.317548 ], [ 5.437918, 43.317278 ] ] } },
{ "type": "Feature", "properties": { "nom_zone": "Kaddouz Bourrély", "nombre_arret": 2, "nom_ligne": "['509' 'S4' '9']", "nombre_ligne": 3, "type_ligne": "Bus", "bool_bus": true, "bool_tram": false, "bool_metro": false, "bool_ferry": false }, "geometry": { "type": "LineString", "coordinates": [ [ 5.435641, 43.316217 ], [ 5.435289, 43.316157 ] ] } },
{ "type": "Feature", "properties": { "nom_zone": "Kaddouz Mazarade", "nombre_arret": 2, "nom_ligne": "['509' 'S4' '9']", "nombre_ligne": 3, "type_ligne": "Bus", "bool_bus": true, "bool_tram": false, "bool_metro": false, "bool_ferry": false }, "geometry": { "type": "LineString", "coordinates": [ [ 5.432735, 43.314549 ], [ 5.433188, 43.314645 ] ] } },
{ "type": "Feature", "properties": { "nom_zone": "Kaddouz Sables Jaunes", "nombre_arret": 2, "nom_ligne": "['509' 'S4' '9']", "nombre_ligne": 3, "type_ligne": "Bus", "bool_bus": true, "bool_tram": false, "bool_metro": false, "bool_ferry": false }, "geometry": { "type": "LineString", "coordinates": [ [ 5.430574, 43.312639 ], [ 5.431232, 43.313053 ] ] } },
{ "type": "Feature", "properties": { "nom_zone": "Kaddouz St Julien", "nombre_arret": 2, "nom_ligne": "509", "nombre_ligne": 1, "type_ligne": "Bus", "bool_bus": true, "bool_tram": false, "bool_metro": false, "bool_ferry": false }, "geometry": { "type": "LineString", "coordinates": [ [ 5.426022, 43.308744 ], [ 5.425751, 43.308642 ] ] } },
{ "type": "Feature", "properties": { "nom_zone": "Kaddouz Séminaire", "nombre_arret": 2, "nom_ligne": "['39' '6']", "nombre_ligne": 2, "type_ligne": "Bus", "bool_bus": true, "bool_tram": false, "bool_metro": false, "bool_ferry": false }, "geometry": { "type": "LineString", "coordinates": [ [ 5.439508, 43.318852 ], [ 5.439284, 43.318629 ] ] } },
{ "type": "Feature", "properties": { "nom_zone": "Keynes Langevin", "nombre_arret": 2, "nom_ligne": "63", "nombre_ligne": 1, "type_ligne": "Bus", "bool_bus": true, "bool_tram": false, "bool_metro": false, "bool_ferry": false }, "geometry": { "type": "LineString", "coordinates": [ [ 5.432819, 43.343137 ], [ 5.433028, 43.343062 ] ] } },
{ "type": "Feature", "properties": { "nom_zone": "L'Aillaude", "nombre_arret": 2, "nom_ligne": "['22S' '22']", "nombre_ligne": 2, "type_ligne": "Bus", "bool_bus": true, "bool_tram": false, "bool_metro": false, "bool_ferry": false }, "geometry": { "type": "LineString", "coordinates": [ [ 5.39456, 43.252476 ], [ 5.394663, 43.252535 ] ] } },
{ "type": "Feature", "properties": { "nom_zone": "L'Audience", "nombre_arret": 2, "nom_ligne": "['12B' '12' 'S6' '51' '4' '12S' '64']", "nombre_ligne": 7, "type_ligne": "Bus", "bool_bus": true, "bool_tram": false, "bool_metro": false, "bool_ferry": false }, "geometry": { "type": "LineString", "coordinates": [ [ 5.485864, 43.296336 ], [ 5.486066, 43.296336 ] ] } },
{ "type": "Feature", "properties": { "nom_zone": "L'Escalet", "nombre_arret": 2, "nom_ligne": "['37' 'S2']", "nombre_ligne": 2, "type_ligne": "Bus", "bool_bus": true, "bool_tram": false, "bool_metro": false, "bool_ferry": false }, "geometry": { "type": "LineString", "coordinates": [ [ 5.415902, 43.352921 ], [ 5.415827, 43.352776 ] ] } },
{ "type": "Feature", "properties": { "nom_zone": "L'Esplanade", "nombre_arret": 2, "nom_ligne": "55", "nombre_ligne": 1, "type_ligne": "Bus", "bool_bus": true, "bool_tram": false, "bool_metro": false, "bool_ferry": false }, "geometry": { "type": "LineString", "coordinates": [ [ 5.368318, 43.284958 ], [ 5.368185, 43.285055 ] ] } },
{ "type": "Feature", "properties": { "nom_zone": "L'Estaque", "nombre_arret": 4, "nom_ligne": "['96' '95' '36B' '36' '95S']", "nombre_ligne": 5, "type_ligne": "Bus", "bool_bus": true, "bool_tram": false, "bool_metro": false, "bool_ferry": false }, "geometry": { "type": "Polygon", "coordinates": [ [ [ 5.318675169999988, 43.3625181 ], [ 5.318694, 43.362594 ], [ 5.31869123, 43.36243915 ], [ 5.318617, 43.362364 ], [ 5.318675169999988, 43.3625181 ] ] ] } },
{ "type": "Feature", "properties": { "nom_zone": "L'Estaque-Ferry", "nombre_arret": 1, "nom_ligne": "NAV2", "nombre_ligne": 1, "type_ligne": "Ferry", "bool_bus": false, "bool_tram": false, "bool_metro": false, "bool_ferry": true }, "geometry": { "type": "Point", "coordinates": [ 5.31027965, 43.36077914 ] } },
{ "type": "Feature", "properties": { "nom_zone": "L'Hermitage Jean Moulin", "nombre_arret": 2, "nom_ligne": "['530' '30']", "nombre_ligne": 2, "type_ligne": "Bus", "bool_bus": true, "bool_tram": false, "bool_metro": false, "bool_ferry": false }, "geometry": { "type": "LineString", "coordinates": [ [ 5.362782, 43.36162 ], [ 5.362553, 43.361651 ] ] } },
{ "type": "Feature", "properties": { "nom_zone": "L'Oliveraie", "nombre_arret": 2, "nom_ligne": "['121' '122']", "nombre_ligne": 2, "type_ligne": "Bus", "bool_bus": true, "bool_tram": false, "bool_metro": false, "bool_ferry": false }, "geometry": { "type": "LineString", "coordinates": [ [ 5.354201, 43.380278 ], [ 5.354635, 43.379982 ] ] } },
{ "type": "Feature", "properties": { "nom_zone": "La Batarelle", "nombre_arret": 1, "nom_ligne": "['37' 'S2']", "nombre_ligne": 2, "type_ligne": "Bus", "bool_bus": true, "bool_tram": false, "bool_metro": false, "bool_ferry": false }, "geometry": { "type": "Point", "coordinates": [ 5.408204, 43.355692 ] } },
{ "type": "Feature", "properties": { "nom_zone": "La Batarelle Basse", "nombre_arret": 2, "nom_ligne": "['37' 'S2']", "nombre_ligne": 2, "type_ligne": "Bus", "bool_bus": true, "bool_tram": false, "bool_metro": false, "bool_ferry": false }, "geometry": { "type": "LineString", "coordinates": [ [ 5.415252, 43.350216 ], [ 5.415109, 43.350249 ] ] } },
{ "type": "Feature", "properties": { "nom_zone": "La Bigotte", "nombre_arret": 2, "nom_ligne": "['96' 'S1' '97']", "nombre_ligne": 3, "type_ligne": "Bus", "bool_bus": true, "bool_tram": false, "bool_metro": false, "bool_ferry": false }, "geometry": { "type": "LineString", "coordinates": [ [ 5.366166, 43.384405 ], [ 5.366452, 43.384431 ] ] } },
{ "type": "Feature", "properties": { "nom_zone": "La Blancarde", "nombre_arret": 8, "nom_ligne": "['67' 'T2' 'M1' 'BM1B' 'T1']", "nombre_ligne": 5, "type_ligne": "['Bus' 'Tram' 'Subway']", "bool_bus": true, "bool_tram": true, "bool_metro": true, "bool_ferry": false }, "geometry": { "type": "Polygon", "coordinates": [ [ [ 5.405507, 43.296628 ], [ 5.405477, 43.296653 ], [ 5.406267, 43.296663 ], [ 5.40652154, 43.295599 ], [ 5.406199, 43.295438 ], [ 5.406124, 43.29551 ], [ 5.40622, 43.295697 ], [ 5.406303, 43.29578 ], [ 5.405507, 43.296628 ] ] ] } },
{ "type": "Feature", "properties": { "nom_zone": "La Boiseraie", "nombre_arret": 2, "nom_ligne": "T1", "nombre_ligne": 1, "type_ligne": "Tram", "bool_bus": false, "bool_tram": true, "bool_metro": false, "bool_ferry": false }, "geometry": { "type": "LineString", "coordinates": [ [ 5.422569, 43.294904 ], [ 5.422531, 43.294999 ] ] } },
{ "type": "Feature", "properties": { "nom_zone": "La Boudinière", "nombre_arret": 2, "nom_ligne": "['42T' '42']", "nombre_ligne": 2, "type_ligne": "Bus", "bool_bus": true, "bool_tram": false, "bool_metro": false, "bool_ferry": false }, "geometry": { "type": "LineString", "coordinates": [ [ 5.415875, 43.324038 ], [ 5.416442, 43.324328 ] ] } },
{ "type": "Feature", "properties": { "nom_zone": "La Bricarde", "nombre_arret": 2, "nom_ligne": "['25' '98']", "nombre_ligne": 2, "type_ligne": "Bus", "bool_bus": true, "bool_tram": false, "bool_metro": false, "bool_ferry": false }, "geometry": { "type": "LineString", "coordinates": [ [ 5.345567, 43.369669 ], [ 5.346671, 43.370394 ] ] } },
{ "type": "Feature", "properties": { "nom_zone": "La Bégude", "nombre_arret": 2, "nom_ligne": "['144' '2']", "nombre_ligne": 2, "type_ligne": "Bus", "bool_bus": true, "bool_tram": false, "bool_metro": false, "bool_ferry": false }, "geometry": { "type": "LineString", "coordinates": [ [ 5.437879, 43.333223 ], [ 5.438479, 43.333214 ] ] } },
{ "type": "Feature", "properties": { "nom_zone": "La Bégude Sud", "nombre_arret": 2, "nom_ligne": "['144' '2']", "nombre_ligne": 2, "type_ligne": "Bus", "bool_bus": true, "bool_tram": false, "bool_metro": false, "bool_ferry": false }, "geometry": { "type": "LineString", "coordinates": [ [ 5.44104667, 43.333710739999965 ], [ 5.43984039, 43.3335233 ] ] } },
{ "type": "Feature", "properties": { "nom_zone": "La Cabucelle", "nombre_arret": 2, "nom_ligne": "['70' '36B' '36' '535']", "nombre_ligne": 4, "type_ligne": "Bus", "bool_bus": true, "bool_tram": false, "bool_metro": false, "bool_ferry": false }, "geometry": { "type": "LineString", "coordinates": [ [ 5.357507, 43.336006 ], [ 5.357665, 43.33594 ] ] } },
{ "type": "Feature", "properties": { "nom_zone": "La Cascade", "nombre_arret": 2, "nom_ligne": "['1100' '62']", "nombre_ligne": 2, "type_ligne": "Bus", "bool_bus": true, "bool_tram": false, "bool_metro": false, "bool_ferry": false }, "geometry": { "type": "LineString", "coordinates": [ [ 5.453512, 43.338584 ], [ 5.453834, 43.339108 ] ] } },
{ "type": "Feature", "properties": { "nom_zone": "La Castellane", "nombre_arret": 2, "nom_ligne": "['25' '98']", "nombre_ligne": 2, "type_ligne": "Bus", "bool_bus": true, "bool_tram": false, "bool_metro": false, "bool_ferry": false }, "geometry": { "type": "LineString", "coordinates": [ [ 5.343387, 43.366809 ], [ 5.343508, 43.366522 ] ] } },
{ "type": "Feature", "properties": { "nom_zone": "La Castellane Ecole", "nombre_arret": 2, "nom_ligne": "['25' '98']", "nombre_ligne": 2, "type_ligne": "Bus", "bool_bus": true, "bool_tram": false, "bool_metro": false, "bool_ferry": false }, "geometry": { "type": "LineString", "coordinates": [ [ 5.342701729999987, 43.365284940000024 ], [ 5.34279412, 43.36507534 ] ] } },
{ "type": "Feature", "properties": { "nom_zone": "La Cayolle", "nombre_arret": 2, "nom_ligne": "23", "nombre_ligne": 1, "type_ligne": "Bus", "bool_bus": true, "bool_tram": false, "bool_metro": false, "bool_ferry": false }, "geometry": { "type": "LineString", "coordinates": [ [ 5.403341, 43.230655 ], [ 5.403336, 43.230193 ] ] } },
{ "type": "Feature", "properties": { "nom_zone": "La Clairière", "nombre_arret": 2, "nom_ligne": "16", "nombre_ligne": 1, "type_ligne": "Bus", "bool_bus": true, "bool_tram": false, "bool_metro": false, "bool_ferry": false }, "geometry": { "type": "LineString", "coordinates": [ [ 5.42428466, 43.265692760000015 ], [ 5.424162, 43.265648 ] ] } },
{ "type": "Feature", "properties": { "nom_zone": "La Croix Rouge", "nombre_arret": 4, "nom_ligne": "['144' '1100' '2' '62']", "nombre_ligne": 4, "type_ligne": "Bus", "bool_bus": true, "bool_tram": false, "bool_metro": false, "bool_ferry": false }, "geometry": { "type": "Polygon", "coordinates": [ [ [ 5.450844, 43.335108 ], [ 5.450985, 43.335413 ], [ 5.451337, 43.334902 ], [ 5.45107571, 43.334796850000011 ], [ 5.450844, 43.335108 ] ] ] } },
{ "type": "Feature", "properties": { "nom_zone": "La Croix Rouge Eglise", "nombre_arret": 2, "nom_ligne": "['144' '2' '62']", "nombre_ligne": 3, "type_ligne": "Bus", "bool_bus": true, "bool_tram": false, "bool_metro": false, "bool_ferry": false }, "geometry": { "type": "LineString", "coordinates": [ [ 5.448487, 43.334558 ], [ 5.44785, 43.334861 ] ] } },
{ "type": "Feature", "properties": { "nom_zone": "La Croix Rouge Val Plan", "nombre_arret": 2, "nom_ligne": "['144' '2']", "nombre_ligne": 2, "type_ligne": "Bus", "bool_bus": true, "bool_tram": false, "bool_metro": false, "bool_ferry": false }, "geometry": { "type": "LineString", "coordinates": [ [ 5.435915500000013, 43.3327771 ], [ 5.435546899999969, 43.332709900000019 ] ] } },
{ "type": "Feature", "properties": { "nom_zone": "La Fauvière", "nombre_arret": 2, "nom_ligne": "['17' '16']", "nombre_ligne": 2, "type_ligne": "Bus", "bool_bus": true, "bool_tram": false, "bool_metro": false, "bool_ferry": false }, "geometry": { "type": "LineString", "coordinates": [ [ 5.428035, 43.278352 ], [ 5.428003, 43.278524 ] ] } },
{ "type": "Feature", "properties": { "nom_zone": "La Fourragère", "nombre_arret": 1, "nom_ligne": "['7B' '509' 'B4' 'M1' 'S5' '7' 'B5' 'S4' '9' '10' '107' 'BM1B']", "nombre_ligne": 12, "type_ligne": "['Bus' 'Subway']", "bool_bus": true, "bool_tram": false, "bool_metro": true, "bool_ferry": false }, "geometry": { "type": "Point", "coordinates": [ 5.424210499999988, 43.303877 ] } },
{ "type": "Feature", "properties": { "nom_zone": "La Fourragère Désert", "nombre_arret": 2, "nom_ligne": "10", "nombre_ligne": 1, "type_ligne": "Bus", "bool_bus": true, "bool_tram": false, "bool_metro": false, "bool_ferry": false }, "geometry": { "type": "LineString", "coordinates": [ [ 5.434135, 43.297618 ], [ 5.433962, 43.297513 ] ] } },
{ "type": "Feature", "properties": { "nom_zone": "La Galerie La Valentine", "nombre_arret": 2, "nom_ligne": "['50' '51' '4']", "nombre_ligne": 3, "type_ligne": "Bus", "bool_bus": true, "bool_tram": false, "bool_metro": false, "bool_ferry": false }, "geometry": { "type": "LineString", "coordinates": [ [ 5.479349, 43.295046 ], [ 5.479224119999988, 43.294945459999973 ] ] } },
{ "type": "Feature", "properties": { "nom_zone": "La Gaye", "nombre_arret": 6, "nom_ligne": "['T3' '48' 'B5' '46' '47']", "nombre_ligne": 5, "type_ligne": "['Tram' 'Bus']", "bool_bus": true, "bool_tram": true, "bool_metro": false, "bool_ferry": false }, "geometry": { "type": "Polygon", "coordinates": [ [ [ 5.41079476, 43.25667776 ], [ 5.41081689, 43.25676379 ], [ 5.41094094, 43.256647159999986 ], [ 5.41120975999997, 43.25654769 ], [ 5.411501460000011, 43.25632798 ], [ 5.41107176, 43.25651904 ], [ 5.41079476, 43.25667776 ] ] ] } },
{ "type": "Feature", "properties": { "nom_zone": "La Gouffonne", "nombre_arret": 2, "nom_ligne": "24", "nombre_ligne": 1, "type_ligne": "Bus", "bool_bus": true, "bool_tram": false, "bool_metro": false, "bool_ferry": false }, "geometry": { "type": "LineString", "coordinates": [ [ 5.424597, 43.24662 ], [ 5.424712, 43.246639 ] ] } },
{ "type": "Feature", "properties": { "nom_zone": "La Granière", "nombre_arret": 2, "nom_ligne": "18", "nombre_ligne": 1, "type_ligne": "Bus", "bool_bus": true, "bool_tram": false, "bool_metro": false, "bool_ferry": false }, "geometry": { "type": "LineString", "coordinates": [ [ 5.460845, 43.285905 ], [ 5.461066, 43.286178 ] ] } },
{ "type": "Feature", "properties": { "nom_zone": "La Grognarde", "nombre_arret": 2, "nom_ligne": "T1", "nombre_ligne": 1, "type_ligne": "Tram", "bool_bus": false, "bool_tram": true, "bool_metro": false, "bool_ferry": false }, "geometry": { "type": "LineString", "coordinates": [ [ 5.432329, 43.294587 ], [ 5.432284, 43.294662 ] ] } },
{ "type": "Feature", "properties": { "nom_zone": "La Julienne", "nombre_arret": 2, "nom_ligne": "['5' 'S3']", "nombre_ligne": 2, "type_ligne": "Bus", "bool_bus": true, "bool_tram": false, "bool_metro": false, "bool_ferry": false }, "geometry": { "type": "LineString", "coordinates": [ [ 5.430133, 43.348133 ], [ 5.429775, 43.347904 ] ] } },
{ "type": "Feature", "properties": { "nom_zone": "La Louise", "nombre_arret": 2, "nom_ligne": "['144' '1100']", "nombre_ligne": 2, "type_ligne": "Bus", "bool_bus": true, "bool_tram": false, "bool_metro": false, "bool_ferry": false }, "geometry": { "type": "LineString", "coordinates": [ [ 5.459133, 43.332808 ], [ 5.45881474, 43.33273744 ] ] } },
{ "type": "Feature", "properties": { "nom_zone": "La Ludovine", "nombre_arret": 2, "nom_ligne": "64", "nombre_ligne": 1, "type_ligne": "Bus", "bool_bus": true, "bool_tram": false, "bool_metro": false, "bool_ferry": false }, "geometry": { "type": "LineString", "coordinates": [ [ 5.501222379999988, 43.30560779000001 ], [ 5.50111509, 43.305563390000025 ] ] } },
{ "type": "Feature", "properties": { "nom_zone": "La Major", "nombre_arret": 3, "nom_ligne": "['49' '82S' '582' '83']", "nombre_ligne": 4, "type_ligne": "Bus", "bool_bus": true, "bool_tram": false, "bool_metro": false, "bool_ferry": false }, "geometry": { "type": "Polygon", "coordinates": [ [ [ 5.363343, 43.299153 ], [ 5.363699, 43.299322 ], [ 5.365734, 43.299745 ], [ 5.363343, 43.299153 ] ] ] } },
{ "type": "Feature", "properties": { "nom_zone": "La Margeray", "nombre_arret": 2, "nom_ligne": "27", "nombre_ligne": 1, "type_ligne": "Bus", "bool_bus": true, "bool_tram": false, "bool_metro": false, "bool_ferry": false }, "geometry": { "type": "LineString", "coordinates": [ [ 5.398135, 43.336043 ], [ 5.397845, 43.335964 ] ] } },
{ "type": "Feature", "properties": { "nom_zone": "La Marine", "nombre_arret": 2, "nom_ligne": "['31' '33' '28' '530' '28B']", "nombre_ligne": 5, "type_ligne": "Bus", "bool_bus": true, "bool_tram": false, "bool_metro": false, "bool_ferry": false }, "geometry": { "type": "LineString", "coordinates": [ [ 5.388224, 43.325453 ], [ 5.388336, 43.324761 ] ] } },
{ "type": "Feature", "properties": { "nom_zone": "La Martine", "nombre_arret": 2, "nom_ligne": "['S1' 'B2' '121' '122']", "nombre_ligne": 4, "type_ligne": "Bus", "bool_bus": true, "bool_tram": false, "bool_metro": false, "bool_ferry": false }, "geometry": { "type": "LineString", "coordinates": [ [ 5.365895, 43.374431 ], [ 5.365966, 43.374629 ] ] } },
{ "type": "Feature", "properties": { "nom_zone": "La Maurelle", "nombre_arret": 2, "nom_ligne": "['4B' '4']", "nombre_ligne": 2, "type_ligne": "Bus", "bool_bus": true, "bool_tram": false, "bool_metro": false, "bool_ferry": false }, "geometry": { "type": "LineString", "coordinates": [ [ 5.439182, 43.326176 ], [ 5.437791, 43.326769 ] ] } },
{ "type": "Feature", "properties": { "nom_zone": "La Mazenode", "nombre_arret": 1, "nom_ligne": "['91' 'S5']", "nombre_ligne": 2, "type_ligne": "Bus", "bool_bus": true, "bool_tram": false, "bool_metro": false, "bool_ferry": false }, "geometry": { "type": "Point", "coordinates": [ 5.428273379999985, 43.286132730000013 ] } },
{ "type": "Feature", "properties": { "nom_zone": "La Millière", "nombre_arret": 2, "nom_ligne": "['15' '540' '40' '50']", "nombre_ligne": 4, "type_ligne": "Bus", "bool_bus": true, "bool_tram": false, "bool_metro": false, "bool_ferry": false }, "geometry": { "type": "LineString", "coordinates": [ [ 5.498855, 43.283505 ], [ 5.500015, 43.283457 ] ] } },
{ "type": "Feature", "properties": { "nom_zone": "La Millière Solitude", "nombre_arret": 1, "nom_ligne": "['15' '540' '40' '50']", "nombre_ligne": 4, "type_ligne": "Bus", "bool_bus": true, "bool_tram": false, "bool_metro": false, "bool_ferry": false }, "geometry": { "type": "Point", "coordinates": [ 5.501924, 43.283604 ] } },
{ "type": "Feature", "properties": { "nom_zone": "La Montre", "nombre_arret": 1, "nom_ligne": "['12B' '12' '12S']", "nombre_ligne": 3, "type_ligne": "Bus", "bool_bus": true, "bool_tram": false, "bool_metro": false, "bool_ferry": false }, "geometry": { "type": "Point", "coordinates": [ 5.47185, 43.290698 ] } },
{ "type": "Feature", "properties": { "nom_zone": "La Nerthe", "nombre_arret": 1, "nom_ligne": "36", "nombre_ligne": 1, "type_ligne": "Bus", "bool_bus": true, "bool_tram": false, "bool_metro": false, "bool_ferry": false }, "geometry": { "type": "Point", "coordinates": [ 5.308109, 43.364007 ] } },
{ "type": "Feature", "properties": { "nom_zone": "La Nerthe Marinier", "nombre_arret": 2, "nom_ligne": "['95' '36' '95S']", "nombre_ligne": 3, "type_ligne": "Bus", "bool_bus": true, "bool_tram": false, "bool_metro": false, "bool_ferry": false }, "geometry": { "type": "LineString", "coordinates": [ [ 5.316097249999982, 43.3632349 ], [ 5.315894, 43.363225 ] ] } },
{ "type": "Feature", "properties": { "nom_zone": "La Nerthe Mistral", "nombre_arret": 2, "nom_ligne": "['95' '36' '95S']", "nombre_ligne": 3, "type_ligne": "Bus", "bool_bus": true, "bool_tram": false, "bool_metro": false, "bool_ferry": false }, "geometry": { "type": "LineString", "coordinates": [ [ 5.313045, 43.362985 ], [ 5.313136, 43.362908 ] ] } },
{ "type": "Feature", "properties": { "nom_zone": "La Panouse", "nombre_arret": 1, "nom_ligne": "46", "nombre_ligne": 1, "type_ligne": "Bus", "bool_bus": true, "bool_tram": false, "bool_metro": false, "bool_ferry": false }, "geometry": { "type": "Point", "coordinates": [ 5.427291, 43.256717 ] } },
{ "type": "Feature", "properties": { "nom_zone": "La Panouse Belle Fontaine", "nombre_arret": 2, "nom_ligne": "46", "nombre_ligne": 1, "type_ligne": "Bus", "bool_bus": true, "bool_tram": false, "bool_metro": false, "bool_ferry": false }, "geometry": { "type": "LineString", "coordinates": [ [ 5.421952, 43.257136 ], [ 5.422523, 43.257048 ] ] } },
{ "type": "Feature", "properties": { "nom_zone": "La Panouse Bougainvilliers", "nombre_arret": 2, "nom_ligne": "46", "nombre_ligne": 1, "type_ligne": "Bus", "bool_bus": true, "bool_tram": false, "bool_metro": false, "bool_ferry": false }, "geometry": { "type": "LineString", "coordinates": [ [ 5.424411, 43.256993 ], [ 5.423968, 43.257104 ] ] } },
{ "type": "Feature", "properties": { "nom_zone": "La Parade", "nombre_arret": 1, "nom_ligne": "['5' 'S3']", "nombre_ligne": 2, "type_ligne": "Bus", "bool_bus": true, "bool_tram": false, "bool_metro": false, "bool_ferry": false }, "geometry": { "type": "Point", "coordinates": [ 5.440679, 43.363332 ] } },
{ "type": "Feature", "properties": { "nom_zone": "La Parade Argelas", "nombre_arret": 2, "nom_ligne": "['5' 'S3']", "nombre_ligne": 2, "type_ligne": "Bus", "bool_bus": true, "bool_tram": false, "bool_metro": false, "bool_ferry": false }, "geometry": { "type": "LineString", "coordinates": [ [ 5.437609, 43.361422 ], [ 5.437475, 43.361497 ] ] } },
{ "type": "Feature", "properties": { "nom_zone": "La Parade Chars", "nombre_arret": 2, "nom_ligne": "['5' 'S3']", "nombre_ligne": 2, "type_ligne": "Bus", "bool_bus": true, "bool_tram": false, "bool_metro": false, "bool_ferry": false }, "geometry": { "type": "LineString", "coordinates": [ [ 5.442866, 43.360816 ], [ 5.442871, 43.360612 ] ] } },
{ "type": "Feature", "properties": { "nom_zone": "La Parade Garou", "nombre_arret": 2, "nom_ligne": "['5' 'S3']", "nombre_ligne": 2, "type_ligne": "Bus", "bool_bus": true, "bool_tram": false, "bool_metro": false, "bool_ferry": false }, "geometry": { "type": "LineString", "coordinates": [ [ 5.439721, 43.36099 ], [ 5.439491, 43.360866 ] ] } },
{ "type": "Feature", "properties": { "nom_zone": "La Parade Pierrots", "nombre_arret": 2, "nom_ligne": "['5' 'S3']", "nombre_ligne": 2, "type_ligne": "Bus", "bool_bus": true, "bool_tram": false, "bool_metro": false, "bool_ferry": false }, "geometry": { "type": "LineString", "coordinates": [ [ 5.439862, 43.361939 ], [ 5.439724, 43.361687 ] ] } },
{ "type": "Feature", "properties": { "nom_zone": "La Parette", "nombre_arret": 2, "nom_ligne": "T1", "nombre_ligne": 1, "type_ligne": "Tram", "bool_bus": false, "bool_tram": true, "bool_metro": false, "bool_ferry": false }, "geometry": { "type": "LineString", "coordinates": [ [ 5.419242, 43.295052 ], [ 5.419242, 43.29497 ] ] } },
{ "type": "Feature", "properties": { "nom_zone": "La Pauline", "nombre_arret": 2, "nom_ligne": "['15S' '15' '17' '518']", "nombre_ligne": 4, "type_ligne": "Bus", "bool_bus": true, "bool_tram": false, "bool_metro": false, "bool_ferry": false }, "geometry": { "type": "LineString", "coordinates": [ [ 5.410941, 43.272438 ], [ 5.410811, 43.272157 ] ] } },
{ "type": "Feature", "properties": { "nom_zone": "La Petite Rente", "nombre_arret": 2, "nom_ligne": "['15S' '15' '540' '40']", "nombre_ligne": 4, "type_ligne": "Bus", "bool_bus": true, "bool_tram": false, "bool_metro": false, "bool_ferry": false }, "geometry": { "type": "LineString", "coordinates": [ [ 5.458585249999937, 43.288806089999987 ], [ 5.45818962, 43.288687970000019 ] ] } },
{ "type": "Feature", "properties": { "nom_zone": "La Pignatelle", "nombre_arret": 2, "nom_ligne": "['7B' '6']", "nombre_ligne": 2, "type_ligne": "Bus", "bool_bus": true, "bool_tram": false, "bool_metro": false, "bool_ferry": false }, "geometry": { "type": "LineString", "coordinates": [ [ 5.436107, 43.317083 ], [ 5.435898, 43.317394 ] ] } },
{ "type": "Feature", "properties": { "nom_zone": "La Pointe Rouge", "nombre_arret": 1, "nom_ligne": "NAV1", "nombre_ligne": 1, "type_ligne": "Ferry", "bool_bus": false, "bool_tram": false, "bool_metro": false, "bool_ferry": true }, "geometry": { "type": "Point", "coordinates": [ 5.36715053, 43.24308037 ] } },
{ "type": "Feature", "properties": { "nom_zone": "La Pomme Eglise", "nombre_arret": 1, "nom_ligne": "['12B' '12' '17' '540' '40' '12S']", "nombre_ligne": 6, "type_ligne": "Bus", "bool_bus": true, "bool_tram": false, "bool_metro": false, "bool_ferry": false }, "geometry": { "type": "Point", "coordinates": [ 5.442083, 43.290275 ] } },
{ "type": "Feature", "properties": { "nom_zone": "La Pomme Heckel", "nombre_arret": 1, "nom_ligne": "['17' '540' '40']", "nombre_ligne": 3, "type_ligne": "Bus", "bool_bus": true, "bool_tram": false, "bool_metro": false, "bool_ferry": false }, "geometry": { "type": "Point", "coordinates": [ 5.441431, 43.288769 ] } },
{ "type": "Feature", "properties": { "nom_zone": "La Pounche", "nombre_arret": 2, "nom_ligne": "['144' '1100']", "nombre_ligne": 2, "type_ligne": "Bus", "bool_bus": true, "bool_tram": false, "bool_metro": false, "bool_ferry": false }, "geometry": { "type": "LineString", "coordinates": [ [ 5.464171, 43.332676 ], [ 5.462799, 43.33293 ] ] } },
{ "type": "Feature", "properties": { "nom_zone": "La Pounche Poste", "nombre_arret": 2, "nom_ligne": "1100", "nombre_ligne": 1, "type_ligne": "Bus", "bool_bus": true, "bool_tram": false, "bool_metro": false, "bool_ferry": false }, "geometry": { "type": "LineString", "coordinates": [ [ 5.464013470000012, 43.33241179999996 ], [ 5.464158, 43.332358 ] ] } },
{ "type": "Feature", "properties": { "nom_zone": "La Pugette", "nombre_arret": 2, "nom_ligne": "['518' '24' '15S' '15' '17' 'BM2']", "nombre_ligne": 6, "type_ligne": "Bus", "bool_bus": true, "bool_tram": false, "bool_metro": false, "bool_ferry": false }, "geometry": { "type": "LineString", "coordinates": [ [ 5.404283399999975, 43.268561100000021 ], [ 5.403465, 43.269013 ] ] } },
{ "type": "Feature", "properties": { "nom_zone": "La Ravelle", "nombre_arret": 4, "nom_ligne": "['144' '2' '62']", "nombre_ligne": 3, "type_ligne": "Bus", "bool_bus": true, "bool_tram": false, "bool_metro": false, "bool_ferry": false }, "geometry": { "type": "Polygon", "coordinates": [ [ [ 5.443121149999989, 43.33474694 ], [ 5.44312, 43.334824 ], [ 5.443887239999968, 43.335209640000016 ], [ 5.444191309999962, 43.33523642 ], [ 5.443121149999989, 43.33474694 ] ] ] } },
{ "type": "Feature", "properties": { "nom_zone": "La Reynarde", "nombre_arret": 1, "nom_ligne": "51", "nombre_ligne": 1, "type_ligne": "Bus", "bool_bus": true, "bool_tram": false, "bool_metro": false, "bool_ferry": false }, "geometry": { "type": "Point", "coordinates": [ 5.505275, 43.288294 ] } },
{ "type": "Feature", "properties": { "nom_zone": "La Rose", "nombre_arret": 2, "nom_ligne": "['4B' '144' '2' '4']", "nombre_ligne": 4, "type_ligne": "Bus", "bool_bus": true, "bool_tram": false, "bool_metro": false, "bool_ferry": false }, "geometry": { "type": "LineString", "coordinates": [ [ 5.428624070000011, 43.32956924 ], [ 5.42872667, 43.32975509 ] ] } },
{ "type": "Feature", "properties": { "nom_zone": "La Rose Bd Neuf", "nombre_arret": 2, "nom_ligne": "['144' '2']", "nombre_ligne": 2, "type_ligne": "Bus", "bool_bus": true, "bool_tram": false, "bool_metro": false, "bool_ferry": false }, "geometry": { "type": "LineString", "coordinates": [ [ 5.43231038, 43.331251680000022 ], [ 5.432438, 43.331185 ] ] } },
{ "type": "Feature", "properties": { "nom_zone": "La Rose Le Clos", "nombre_arret": 2, "nom_ligne": "['4B' 'M1' '144' '2' '4' '27' '42T' '42' 'B3' 'BM1A']", "nombre_ligne": 10, "type_ligne": "['Bus' 'Subway']", "bool_bus": true, "bool_tram": false, "bool_metro": true, "bool_ferry": false }, "geometry": { "type": "LineString", "coordinates": [ [ 5.428273, 43.331483 ], [ 5.42854, 43.331472 ] ] } },
{ "type": "Feature", "properties": { "nom_zone": "La Rose Mignet", "nombre_arret": 2, "nom_ligne": "['4B' 'M1' '144' '2' '4' '27' '42T' '42' 'B3' 'BM1A']", "nombre_ligne": 10, "type_ligne": "['Bus' 'Subway']", "bool_bus": true, "bool_tram": false, "bool_metro": true, "bool_ferry": false }, "geometry": { "type": "LineString", "coordinates": [ [ 5.42729, 43.329898 ], [ 5.427527620000013, 43.330115669999984 ] ] } },
{ "type": "Feature", "properties": { "nom_zone": "La Rose Verdière", "nombre_arret": 2, "nom_ligne": "['42T' '42']", "nombre_ligne": 2, "type_ligne": "Bus", "bool_bus": true, "bool_tram": false, "bool_metro": false, "bool_ferry": false }, "geometry": { "type": "LineString", "coordinates": [ [ 5.418931, 43.325214 ], [ 5.419144, 43.32547 ] ] } },
{ "type": "Feature", "properties": { "nom_zone": "La Rose Village", "nombre_arret": 2, "nom_ligne": "['27' '42T' '42' 'B3' 'BM1A']", "nombre_ligne": 5, "type_ligne": "Bus", "bool_bus": true, "bool_tram": false, "bool_metro": false, "bool_ferry": false }, "geometry": { "type": "LineString", "coordinates": [ [ 5.42682867, 43.328826399999983 ], [ 5.424987, 43.328072 ] ] } },
{ "type": "Feature", "properties": { "nom_zone": "La Rougière", "nombre_arret": 2, "nom_ligne": "['121' '122']", "nombre_ligne": 2, "type_ligne": "Bus", "bool_bus": true, "bool_tram": false, "bool_metro": false, "bool_ferry": false }, "geometry": { "type": "LineString", "coordinates": [ [ 5.362973, 43.390738 ], [ 5.363396, 43.391166 ] ] } },
{ "type": "Feature", "properties": { "nom_zone": "La Rouguière", "nombre_arret": 2, "nom_ligne": "['12B' '12' '12S']", "nombre_ligne": 3, "type_ligne": "Bus", "bool_bus": true, "bool_tram": false, "bool_metro": false, "bool_ferry": false }, "geometry": { "type": "LineString", "coordinates": [ [ 5.458994, 43.292342 ], [ 5.459576, 43.291986 ] ] } },
{ "type": "Feature", "properties": { "nom_zone": "La Rouvière", "nombre_arret": 4, "nom_ligne": "['48' '24' '518' '46']", "nombre_ligne": 4, "type_ligne": "Bus", "bool_bus": true, "bool_tram": false, "bool_metro": false, "bool_ferry": false }, "geometry": { "type": "Polygon", "coordinates": [ [ [ 5.422007069999979, 43.252918750000028 ], [ 5.421857, 43.251951 ], [ 5.42137, 43.252532 ], [ 5.422013, 43.252924 ], [ 5.422007069999979, 43.252918750000028 ] ] ] } },
{ "type": "Feature", "properties": { "nom_zone": "La Sablière La Montre", "nombre_arret": 2, "nom_ligne": "['12B' '12' '15S' '50' '4' '12S']", "nombre_ligne": 6, "type_ligne": "Bus", "bool_bus": true, "bool_tram": false, "bool_metro": false, "bool_ferry": false }, "geometry": { "type": "LineString", "coordinates": [ [ 5.474196, 43.290605 ], [ 5.474145, 43.290449 ] ] } },
{ "type": "Feature", "properties": { "nom_zone": "La Sablière La Ravelle", "nombre_arret": 2, "nom_ligne": "['12B' '12' '50' '12S' '64']", "nombre_ligne": 5, "type_ligne": "Bus", "bool_bus": true, "bool_tram": false, "bool_metro": false, "bool_ferry": false }, "geometry": { "type": "LineString", "coordinates": [ [ 5.48057377, 43.29393436 ], [ 5.47901, 43.291943 ] ] } },
{ "type": "Feature", "properties": { "nom_zone": "La Sablière Saint-Menet", "nombre_arret": 2, "nom_ligne": "['12B' '12' '50' '12S' '64']", "nombre_ligne": 5, "type_ligne": "Bus", "bool_bus": true, "bool_tram": false, "bool_metro": false, "bool_ferry": false }, "geometry": { "type": "LineString", "coordinates": [ [ 5.478615, 43.291121 ], [ 5.477637, 43.29076 ] ] } },
{ "type": "Feature", "properties": { "nom_zone": "La Sauvagère", "nombre_arret": 2, "nom_ligne": "['15S' '15' '17' '518']", "nombre_ligne": 4, "type_ligne": "Bus", "bool_bus": true, "bool_tram": false, "bool_metro": false, "bool_ferry": false }, "geometry": { "type": "LineString", "coordinates": [ [ 5.414169, 43.273826 ], [ 5.414518, 43.274208 ] ] } },
{ "type": "Feature", "properties": { "nom_zone": "La Savine", "nombre_arret": 2, "nom_ligne": "30", "nombre_ligne": 1, "type_ligne": "Bus", "bool_bus": true, "bool_tram": false, "bool_metro": false, "bool_ferry": false }, "geometry": { "type": "LineString", "coordinates": [ [ 5.370389040000012, 43.36872231 ], [ 5.36968518, 43.368790380000014 ] ] } },
{ "type": "Feature", "properties": { "nom_zone": "La Savine Couronne", "nombre_arret": 2, "nom_ligne": "30", "nombre_ligne": 1, "type_ligne": "Bus", "bool_bus": true, "bool_tram": false, "bool_metro": false, "bool_ferry": false }, "geometry": { "type": "LineString", "coordinates": [ [ 5.36949049999998, 43.36745697 ], [ 5.36966138, 43.36718921 ] ] } },
{ "type": "Feature", "properties": { "nom_zone": "La Savine Les Pins", "nombre_arret": 2, "nom_ligne": "['530' '30']", "nombre_ligne": 2, "type_ligne": "Bus", "bool_bus": true, "bool_tram": false, "bool_metro": false, "bool_ferry": false }, "geometry": { "type": "LineString", "coordinates": [ [ 5.373125, 43.365947 ], [ 5.37242263, 43.36615216 ] ] } },
{ "type": "Feature", "properties": { "nom_zone": "La Savine Sud", "nombre_arret": 2, "nom_ligne": "30", "nombre_ligne": 1, "type_ligne": "Bus", "bool_bus": true, "bool_tram": false, "bool_metro": false, "bool_ferry": false }, "geometry": { "type": "LineString", "coordinates": [ [ 5.37204, 43.366706 ], [ 5.37205985, 43.36659009 ] ] } },
{ "type": "Feature", "properties": { "nom_zone": "La Seigneurie", "nombre_arret": 2, "nom_ligne": "['22S' '22']", "nombre_ligne": 2, "type_ligne": "Bus", "bool_bus": true, "bool_tram": false, "bool_metro": false, "bool_ferry": false }, "geometry": { "type": "LineString", "coordinates": [ [ 5.414285659999972, 43.239192549999984 ], [ 5.414305, 43.239303 ] ] } },
{ "type": "Feature", "properties": { "nom_zone": "La Simiane", "nombre_arret": 2, "nom_ligne": "['31' '28' '530' '27']", "nombre_ligne": 4, "type_ligne": "Bus", "bool_bus": true, "bool_tram": false, "bool_metro": false, "bool_ferry": false }, "geometry": { "type": "LineString", "coordinates": [ [ 5.38665, 43.34203 ], [ 5.386241, 43.342343 ] ] } },
{ "type": "Feature", "properties": { "nom_zone": "La Solidarité", "nombre_arret": 1, "nom_ligne": "['96' 'S1' '97']", "nombre_ligne": 3, "type_ligne": "Bus", "bool_bus": true, "bool_tram": false, "bool_metro": false, "bool_ferry": false }, "geometry": { "type": "Point", "coordinates": [ 5.369464, 43.386081 ] } },
{ "type": "Feature", "properties": { "nom_zone": "La Solitude", "nombre_arret": 2, "nom_ligne": "['540' '40']", "nombre_ligne": 2, "type_ligne": "Bus", "bool_bus": true, "bool_tram": false, "bool_metro": false, "bool_ferry": false }, "geometry": { "type": "LineString", "coordinates": [ [ 5.503174, 43.283556 ], [ 5.503122, 43.283439 ] ] } },
{ "type": "Feature", "properties": { "nom_zone": "La Sylve Le Castellas", "nombre_arret": 2, "nom_ligne": "['31' '28' '530' '30']", "nombre_ligne": 4, "type_ligne": "Bus", "bool_bus": true, "bool_tram": false, "bool_metro": false, "bool_ferry": false }, "geometry": { "type": "LineString", "coordinates": [ [ 5.371441, 43.353768 ], [ 5.371387, 43.354165 ] ] } },
{ "type": "Feature", "properties": { "nom_zone": "La Timone", "nombre_arret": 2, "nom_ligne": "['M1' '52' '72' '91' '540' '54' 'BM1A' 'BM1B']", "nombre_ligne": 8, "type_ligne": "['Subway' 'Bus']", "bool_bus": true, "bool_tram": false, "bool_metro": true, "bool_ferry": false }, "geometry": { "type": "LineString", "coordinates": [ [ 5.400483500000011, 43.291122 ], [ 5.4003885, 43.2911725 ] ] } },
{ "type": "Feature", "properties": { "nom_zone": "La Treille", "nombre_arret": 2, "nom_ligne": "['S6' '12S']", "nombre_ligne": 2, "type_ligne": "Bus", "bool_bus": true, "bool_tram": false, "bool_metro": false, "bool_ferry": false }, "geometry": { "type": "LineString", "coordinates": [ [ 5.512182, 43.311334 ], [ 5.512012, 43.311366 ] ] } },
{ "type": "Feature", "properties": { "nom_zone": "La Valentelle", "nombre_arret": 3, "nom_ligne": "['15S' '50' '51' '4']", "nombre_ligne": 4, "type_ligne": "Bus", "bool_bus": true, "bool_tram": false, "bool_metro": false, "bool_ferry": false }, "geometry": { "type": "Polygon", "coordinates": [ [ [ 5.475842359999973, 43.296737700000023 ], [ 5.475871, 43.296767 ], [ 5.476014, 43.296356 ], [ 5.475842359999973, 43.296737700000023 ] ] ] } },
{ "type": "Feature", "properties": { "nom_zone": "La Valentine", "nombre_arret": 2, "nom_ligne": "['12B' '12' 'S6' '51' '4' '12S' '64']", "nombre_ligne": 7, "type_ligne": "Bus", "bool_bus": true, "bool_tram": false, "bool_metro": false, "bool_ferry": false }, "geometry": { "type": "LineString", "coordinates": [ [ 5.482949, 43.29643 ], [ 5.483434, 43.296573 ] ] } },
{ "type": "Feature", "properties": { "nom_zone": "La Valentine Centre Commercial", "nombre_arret": 4, "nom_ligne": "['15S' '50' '51' '4']", "nombre_ligne": 4, "type_ligne": "Bus", "bool_bus": true, "bool_tram": false, "bool_metro": false, "bool_ferry": false }, "geometry": { "type": "Polygon", "coordinates": [ [ [ 5.475756, 43.294325 ], [ 5.475, 43.293986 ], [ 5.475737, 43.294332 ], [ 5.475749, 43.294331 ], [ 5.475756, 43.294325 ] ] ] } },
{ "type": "Feature", "properties": { "nom_zone": "La Verdière", "nombre_arret": 2, "nom_ligne": "['48' '47']", "nombre_ligne": 2, "type_ligne": "Bus", "bool_bus": true, "bool_tram": false, "bool_metro": false, "bool_ferry": false }, "geometry": { "type": "LineString", "coordinates": [ [ 5.40404795, 43.2570411 ], [ 5.403842089999974, 43.25716807000002 ] ] } },
{ "type": "Feature", "properties": { "nom_zone": "La Viste", "nombre_arret": 2, "nom_ligne": "B2", "nombre_ligne": 1, "type_ligne": "Bus", "bool_bus": true, "bool_tram": false, "bool_metro": false, "bool_ferry": false }, "geometry": { "type": "LineString", "coordinates": [ [ 5.357712729999952, 43.35960876 ], [ 5.357521, 43.359836 ] ] } },
{ "type": "Feature", "properties": { "nom_zone": "La Viste Hanoï", "nombre_arret": 2, "nom_ligne": "B2", "nombre_ligne": 1, "type_ligne": "Bus", "bool_bus": true, "bool_tram": false, "bool_metro": false, "bool_ferry": false }, "geometry": { "type": "LineString", "coordinates": [ [ 5.357546, 43.358172 ], [ 5.357664, 43.358031 ] ] } },
{ "type": "Feature", "properties": { "nom_zone": "La Viste Scierie", "nombre_arret": 2, "nom_ligne": "B2", "nombre_ligne": 1, "type_ligne": "Bus", "bool_bus": true, "bool_tram": false, "bool_metro": false, "bool_ferry": false }, "geometry": { "type": "LineString", "coordinates": [ [ 5.357295, 43.36284 ], [ 5.357266, 43.362211 ] ] } },
{ "type": "Feature", "properties": { "nom_zone": "Lachamp Le Clos des Iris", "nombre_arret": 2, "nom_ligne": "['B1' '21JET' '24' 'N1']", "nombre_ligne": 4, "type_ligne": "Bus", "bool_bus": true, "bool_tram": false, "bool_metro": false, "bool_ferry": false }, "geometry": { "type": "LineString", "coordinates": [ [ 5.43243, 43.246277 ], [ 5.431975, 43.246363 ] ] } },
{ "type": "Feature", "properties": { "nom_zone": "Lacédémone Villas Paradis", "nombre_arret": 1, "nom_ligne": "49", "nombre_ligne": 1, "type_ligne": "Bus", "bool_bus": true, "bool_tram": false, "bool_metro": false, "bool_ferry": false }, "geometry": { "type": "Point", "coordinates": [ 5.377084, 43.281226 ] } },
{ "type": "Feature", "properties": { "nom_zone": "Langevin", "nombre_arret": 1, "nom_ligne": "['5' 'S3' '42T']", "nombre_ligne": 3, "type_ligne": "Bus", "bool_bus": true, "bool_tram": false, "bool_metro": false, "bool_ferry": false }, "geometry": { "type": "Point", "coordinates": [ 5.428314, 43.346698 ] } },
{ "type": "Feature", "properties": { "nom_zone": "Langevin Consolation", "nombre_arret": 2, "nom_ligne": "['S3' 'S2' '42T' '42' '63']", "nombre_ligne": 5, "type_ligne": "Bus", "bool_bus": true, "bool_tram": false, "bool_metro": false, "bool_ferry": false }, "geometry": { "type": "LineString", "coordinates": [ [ 5.432613, 43.338721 ], [ 5.432879, 43.339005 ] ] } },
{ "type": "Feature", "properties": { "nom_zone": "Langevin Plank", "nombre_arret": 2, "nom_ligne": "['42T' '63']", "nombre_ligne": 2, "type_ligne": "Bus", "bool_bus": true, "bool_tram": false, "bool_metro": false, "bool_ferry": false }, "geometry": { "type": "LineString", "coordinates": [ [ 5.432839, 43.341279 ], [ 5.432739, 43.340979 ] ] } },
{ "type": "Feature", "properties": { "nom_zone": "Langevin Wallon", "nombre_arret": 2, "nom_ligne": "['121' '122']", "nombre_ligne": 2, "type_ligne": "Bus", "bool_bus": true, "bool_tram": false, "bool_metro": false, "bool_ferry": false }, "geometry": { "type": "LineString", "coordinates": [ [ 5.35195, 43.386538 ], [ 5.352138, 43.38708 ] ] } },
{ "type": "Feature", "properties": { "nom_zone": "Lapin Blanc", "nombre_arret": 2, "nom_ligne": "['44' '45']", "nombre_ligne": 2, "type_ligne": "Bus", "bool_bus": true, "bool_tram": false, "bool_metro": false, "bool_ferry": false }, "geometry": { "type": "LineString", "coordinates": [ [ 5.383182, 43.246966 ], [ 5.382287, 43.246928 ] ] } },
{ "type": "Feature", "properties": { "nom_zone": "Le Bosquet", "nombre_arret": 2, "nom_ligne": "18", "nombre_ligne": 1, "type_ligne": "Bus", "bool_bus": true, "bool_tram": false, "bool_metro": false, "bool_ferry": false }, "geometry": { "type": "LineString", "coordinates": [ [ 5.457677, 43.284969 ], [ 5.4574129, 43.28504909 ] ] } },
{ "type": "Feature", "properties": { "nom_zone": "Le Cabot", "nombre_arret": 2, "nom_ligne": "['518' '24']", "nombre_ligne": 2, "type_ligne": "Bus", "bool_bus": true, "bool_tram": false, "bool_metro": false, "bool_ferry": false }, "geometry": { "type": "LineString", "coordinates": [ [ 5.416953, 43.259092 ], [ 5.417279, 43.258642 ] ] } },
{ "type": "Feature", "properties": { "nom_zone": "Le Canal", "nombre_arret": 2, "nom_ligne": "['530' '30']", "nombre_ligne": 2, "type_ligne": "Bus", "bool_bus": true, "bool_tram": false, "bool_metro": false, "bool_ferry": false }, "geometry": { "type": "LineString", "coordinates": [ [ 5.370096, 43.366106 ], [ 5.369308, 43.366359 ] ] } },
{ "type": "Feature", "properties": { "nom_zone": "Le Canet Jean Jaurès", "nombre_arret": 1, "nom_ligne": "89", "nombre_ligne": 1, "type_ligne": "Bus", "bool_bus": true, "bool_tram": false, "bool_metro": false, "bool_ferry": false }, "geometry": { "type": "Point", "coordinates": [ 5.378066, 43.33344 ] } },
{ "type": "Feature", "properties": { "nom_zone": "Le Castellas", "nombre_arret": 2, "nom_ligne": "['31' '28' '530']", "nombre_ligne": 3, "type_ligne": "Bus", "bool_bus": true, "bool_tram": false, "bool_metro": false, "bool_ferry": false }, "geometry": { "type": "LineString", "coordinates": [ [ 5.372978, 43.35202 ], [ 5.372897599999988, 43.352413 ] ] } },
{ "type": "Feature", "properties": { "nom_zone": "Le Corbusier", "nombre_arret": 2, "nom_ligne": "['22S' '48' 'B1' '21JET' '22' 'N1']", "nombre_ligne": 6, "type_ligne": "Bus", "bool_bus": true, "bool_tram": false, "bool_metro": false, "bool_ferry": false }, "geometry": { "type": "LineString", "coordinates": [ [ 5.397499, 43.261675 ], [ 5.397512, 43.261283 ] ] } },
{ "type": "Feature", "properties": { "nom_zone": "Le Dôme", "nombre_arret": 2, "nom_ligne": "72", "nombre_ligne": 1, "type_ligne": "Bus", "bool_bus": true, "bool_tram": false, "bool_metro": false, "bool_ferry": false }, "geometry": { "type": "LineString", "coordinates": [ [ 5.402553, 43.315118 ], [ 5.40307, 43.315234 ] ] } },
{ "type": "Feature", "properties": { "nom_zone": "Le Fangas", "nombre_arret": 2, "nom_ligne": "['48' '24']", "nombre_ligne": 2, "type_ligne": "Bus", "bool_bus": true, "bool_tram": false, "bool_metro": false, "bool_ferry": false }, "geometry": { "type": "LineString", "coordinates": [ [ 5.422174, 43.250067 ], [ 5.422383, 43.250077 ] ] } },
{ "type": "Feature", "properties": { "nom_zone": "Le Lancier", "nombre_arret": 2, "nom_ligne": "['23' '47']", "nombre_ligne": 2, "type_ligne": "Bus", "bool_bus": true, "bool_tram": false, "bool_metro": false, "bool_ferry": false }, "geometry": { "type": "LineString", "coordinates": [ [ 5.395781, 43.246747 ], [ 5.396306, 43.24691 ] ] } },
{ "type": "Feature", "properties": { "nom_zone": "Le Marinier", "nombre_arret": 2, "nom_ligne": "['95' '95S']", "nombre_ligne": 2, "type_ligne": "Bus", "bool_bus": true, "bool_tram": false, "bool_metro": false, "bool_ferry": false }, "geometry": { "type": "LineString", "coordinates": [ [ 5.314214, 43.369091 ], [ 5.313749, 43.368758 ] ] } },
{ "type": "Feature", "properties": { "nom_zone": "Le Merlan", "nombre_arret": 2, "nom_ligne": "['33' '34']", "nombre_ligne": 2, "type_ligne": "Bus", "bool_bus": true, "bool_tram": false, "bool_metro": false, "bool_ferry": false }, "geometry": { "type": "LineString", "coordinates": [ [ 5.407664, 43.349509 ], [ 5.407538, 43.349563 ] ] } },
{ "type": "Feature", "properties": { "nom_zone": "Le Petit Bosquet", "nombre_arret": 2, "nom_ligne": "6", "nombre_ligne": 1, "type_ligne": "Bus", "bool_bus": true, "bool_tram": false, "bool_metro": false, "bool_ferry": false }, "geometry": { "type": "LineString", "coordinates": [ [ 5.413312, 43.313699 ], [ 5.413437, 43.313975 ] ] } },
{ "type": "Feature", "properties": { "nom_zone": "Le Pharo", "nombre_arret": 3, "nom_ligne": "['82' '81' '82S' '83']", "nombre_ligne": 4, "type_ligne": "[nan 'Bus']", "bool_bus": true, "bool_tram": false, "bool_metro": false, "bool_ferry": false }, "geometry": { "type": "Polygon", "coordinates": [ [ [ 5.359259, 43.29215 ], [ 5.359211, 43.2915 ], [ 5.35902794, 43.291719679999964 ], [ 5.359259, 43.29215 ] ] ] } },
{ "type": "Feature", "properties": { "nom_zone": "Le Redon", "nombre_arret": 5, "nom_ligne": "['B1' '21JET' '24' 'N1']", "nombre_ligne": 4, "type_ligne": "Bus", "bool_bus": true, "bool_tram": false, "bool_metro": false, "bool_ferry": false }, "geometry": { "type": "Polygon", "coordinates": [ [ [ 5.427184, 43.244916 ], [ 5.426675, 43.244844 ], [ 5.426995, 43.245244 ], [ 5.428258789999989, 43.24506279 ], [ 5.428109, 43.244964 ], [ 5.427184, 43.244916 ] ] ] } },
{ "type": "Feature", "properties": { "nom_zone": "Le Redon La Panouse", "nombre_arret": 2, "nom_ligne": "['518' '24' '46']", "nombre_ligne": 3, "type_ligne": "Bus", "bool_bus": true, "bool_tram": false, "bool_metro": false, "bool_ferry": false }, "geometry": { "type": "LineString", "coordinates": [ [ 5.419443, 43.256594 ], [ 5.419474, 43.256766 ] ] } },
{ "type": "Feature", "properties": { "nom_zone": "Le Silo", "nombre_arret": 2, "nom_ligne": "['35T' '35' '83' 'BM2']", "nombre_ligne": 4, "type_ligne": "Bus", "bool_bus": true, "bool_tram": false, "bool_metro": false, "bool_ferry": false }, "geometry": { "type": "LineString", "coordinates": [ [ 5.366967, 43.310131 ], [ 5.36726654, 43.310526080000024 ] ] } },
{ "type": "Feature", "properties": { "nom_zone": "Le Terrail", "nombre_arret": 2, "nom_ligne": "['55' '73']", "nombre_ligne": 2, "type_ligne": "Bus", "bool_bus": true, "bool_tram": false, "bool_metro": false, "bool_ferry": false }, "geometry": { "type": "LineString", "coordinates": [ [ 5.368653, 43.280164 ], [ 5.368757, 43.280275 ] ] } },
{ "type": "Feature", "properties": { "nom_zone": "Le Vendôme", "nombre_arret": 2, "nom_ligne": "10", "nombre_ligne": 1, "type_ligne": "Bus", "bool_bus": true, "bool_tram": false, "bool_metro": false, "bool_ferry": false }, "geometry": { "type": "LineString", "coordinates": [ [ 5.431365, 43.298632 ], [ 5.431271, 43.29849 ] ] } },
{ "type": "Feature", "properties": { "nom_zone": "Lecache Les Comtes", "nombre_arret": 2, "nom_ligne": "['12B' '12' '12S']", "nombre_ligne": 3, "type_ligne": "Bus", "bool_bus": true, "bool_tram": false, "bool_metro": false, "bool_ferry": false }, "geometry": { "type": "LineString", "coordinates": [ [ 5.449568, 43.294881 ], [ 5.449759, 43.294615 ] ] } },
{ "type": "Feature", "properties": { "nom_zone": "Leprince Ringuet", "nombre_arret": 2, "nom_ligne": "['N2' '63']", "nombre_ligne": 2, "type_ligne": "Bus", "bool_bus": true, "bool_tram": false, "bool_metro": false, "bool_ferry": false }, "geometry": { "type": "LineString", "coordinates": [ [ 5.442285, 43.34425 ], [ 5.441697, 43.344166 ] ] } },
{ "type": "Feature", "properties": { "nom_zone": "Les 2 Tours", "nombre_arret": 2, "nom_ligne": "['5' 'S3']", "nombre_ligne": 2, "type_ligne": "Bus", "bool_bus": true, "bool_tram": false, "bool_metro": false, "bool_ferry": false }, "geometry": { "type": "LineString", "coordinates": [ [ 5.42397, 43.345302 ], [ 5.424357, 43.345432 ] ] } },
{ "type": "Feature", "properties": { "nom_zone": "Les 3 Lucs", "nombre_arret": 3, "nom_ligne": "['4B' 'S6' '4' '7' '107']", "nombre_ligne": 5, "type_ligne": "Bus", "bool_bus": true, "bool_tram": false, "bool_metro": false, "bool_ferry": false }, "geometry": { "type": "Polygon", "coordinates": [ [ [ 5.46448, 43.312569 ], [ 5.464894, 43.3119 ], [ 5.464731, 43.311989 ], [ 5.46448, 43.312569 ] ] ] } },
{ "type": "Feature", "properties": { "nom_zone": "Les 3 Lucs Bouquière", "nombre_arret": 2, "nom_ligne": "['S6' '4']", "nombre_ligne": 2, "type_ligne": "Bus", "bool_bus": true, "bool_tram": false, "bool_metro": false, "bool_ferry": false }, "geometry": { "type": "LineString", "coordinates": [ [ 5.47605095, 43.301246910000032 ], [ 5.476239, 43.301323 ] ] } },
{ "type": "Feature", "properties": { "nom_zone": "Les 3 Lucs Chante Cigale", "nombre_arret": 2, "nom_ligne": "['S6' '7' '107']", "nombre_ligne": 3, "type_ligne": "Bus", "bool_bus": true, "bool_tram": false, "bool_metro": false, "bool_ferry": false }, "geometry": { "type": "LineString", "coordinates": [ [ 5.467227, 43.314544 ], [ 5.466893, 43.314467 ] ] } },
{ "type": "Feature", "properties": { "nom_zone": "Les 3 Lucs Enco de Botte", "nombre_arret": 2, "nom_ligne": "['S6' '7' '107']", "nombre_ligne": 3, "type_ligne": "Bus", "bool_bus": true, "bool_tram": false, "bool_metro": false, "bool_ferry": false }, "geometry": { "type": "LineString", "coordinates": [ [ 5.46919933, 43.31689016 ], [ 5.469395, 43.31683 ] ] } },
{ "type": "Feature", "properties": { "nom_zone": "Les 3 Lucs Germaine", "nombre_arret": 2, "nom_ligne": "['7' '107']", "nombre_ligne": 2, "type_ligne": "Bus", "bool_bus": true, "bool_tram": false, "bool_metro": false, "bool_ferry": false }, "geometry": { "type": "LineString", "coordinates": [ [ 5.461563, 43.309671 ], [ 5.46213, 43.309616 ] ] } },
{ "type": "Feature", "properties": { "nom_zone": "Les 3 Lucs Marionne", "nombre_arret": 2, "nom_ligne": "['7' '107']", "nombre_ligne": 2, "type_ligne": "Bus", "bool_bus": true, "bool_tram": false, "bool_metro": false, "bool_ferry": false }, "geometry": { "type": "LineString", "coordinates": [ [ 5.45736603, 43.31124541 ], [ 5.45713, 43.311357 ] ] } },
{ "type": "Feature", "properties": { "nom_zone": "Les 3 Lucs Salette", "nombre_arret": 2, "nom_ligne": "['S6' '7' '107']", "nombre_ligne": 3, "type_ligne": "Bus", "bool_bus": true, "bool_tram": false, "bool_metro": false, "bool_ferry": false }, "geometry": { "type": "LineString", "coordinates": [ [ 5.465982, 43.313677 ], [ 5.46547, 43.313256 ] ] } },
{ "type": "Feature", "properties": { "nom_zone": "Les 3 Lucs Ste Rita", "nombre_arret": 2, "nom_ligne": "['4B' '4']", "nombre_ligne": 2, "type_ligne": "Bus", "bool_bus": true, "bool_tram": false, "bool_metro": false, "bool_ferry": false }, "geometry": { "type": "LineString", "coordinates": [ [ 5.464229, 43.311868 ], [ 5.463773, 43.313209 ] ] } },
{ "type": "Feature", "properties": { "nom_zone": "Les 4 Saisons", "nombre_arret": 2, "nom_ligne": "['12B' '12' 'S6' '12S']", "nombre_ligne": 4, "type_ligne": "Bus", "bool_bus": true, "bool_tram": false, "bool_metro": false, "bool_ferry": false }, "geometry": { "type": "LineString", "coordinates": [ [ 5.502088, 43.299789 ], [ 5.501895, 43.299834 ] ] } },
{ "type": "Feature", "properties": { "nom_zone": "Les 4 saisons", "nombre_arret": 2, "nom_ligne": "64", "nombre_ligne": 1, "type_ligne": "Bus", "bool_bus": true, "bool_tram": false, "bool_metro": false, "bool_ferry": false }, "geometry": { "type": "LineString", "coordinates": [ [ 5.501614669999984, 43.30009156000002 ], [ 5.50153422, 43.30020287 ] ] } },
{ "type": "Feature", "properties": { "nom_zone": "Les Abattoirs", "nombre_arret": 2, "nom_ligne": "['70' '36B' '36' '535']", "nombre_ligne": 4, "type_ligne": "Bus", "bool_bus": true, "bool_tram": false, "bool_metro": false, "bool_ferry": false }, "geometry": { "type": "LineString", "coordinates": [ [ 5.35750218, 43.33807703 ], [ 5.357675, 43.338186 ] ] } },
{ "type": "Feature", "properties": { "nom_zone": "Les Acacias", "nombre_arret": 2, "nom_ligne": "['4B' '4']", "nombre_ligne": 2, "type_ligne": "Bus", "bool_bus": true, "bool_tram": false, "bool_metro": false, "bool_ferry": false }, "geometry": { "type": "LineString", "coordinates": [ [ 5.452894, 43.3254 ], [ 5.452671, 43.325494 ] ] } },
{ "type": "Feature", "properties": { "nom_zone": "Les Accates", "nombre_arret": 2, "nom_ligne": "['12B' '12' 'S6' '12S' '64']", "nombre_ligne": 5, "type_ligne": "Bus", "bool_bus": true, "bool_tram": false, "bool_metro": false, "bool_ferry": false }, "geometry": { "type": "LineString", "coordinates": [ [ 5.497058, 43.297557 ], [ 5.496463, 43.297511 ] ] } },
{ "type": "Feature", "properties": { "nom_zone": "Les Alvergnes", "nombre_arret": 2, "nom_ligne": "37", "nombre_ligne": 1, "type_ligne": "Bus", "bool_bus": true, "bool_tram": false, "bool_metro": false, "bool_ferry": false }, "geometry": { "type": "LineString", "coordinates": [ [ 5.420837, 43.338087 ], [ 5.420943, 43.336832 ] ] } },
{ "type": "Feature", "properties": { "nom_zone": "Les Amaryllis", "nombre_arret": 2, "nom_ligne": "['39' 'S4' '9']", "nombre_ligne": 3, "type_ligne": "Bus", "bool_bus": true, "bool_tram": false, "bool_metro": false, "bool_ferry": false }, "geometry": { "type": "LineString", "coordinates": [ [ 5.439585, 43.317216 ], [ 5.439502, 43.317182 ] ] } },
{ "type": "Feature", "properties": { "nom_zone": "Les Amaryllis Etoile", "nombre_arret": 1, "nom_ligne": "['39' 'S4' '9']", "nombre_ligne": 3, "type_ligne": "Bus", "bool_bus": true, "bool_tram": false, "bool_metro": false, "bool_ferry": false }, "geometry": { "type": "Point", "coordinates": [ 5.441319, 43.317083 ] } },
{ "type": "Feature", "properties": { "nom_zone": "Les Aurengues", "nombre_arret": 2, "nom_ligne": "['4B' '4']", "nombre_ligne": 2, "type_ligne": "Bus", "bool_bus": true, "bool_tram": false, "bool_metro": false, "bool_ferry": false }, "geometry": { "type": "LineString", "coordinates": [ [ 5.45039, 43.325118 ], [ 5.450013, 43.324642 ] ] } },
{ "type": "Feature", "properties": { "nom_zone": "Les Aygalades", "nombre_arret": 2, "nom_ligne": "['530' '30' '31' '28']", "nombre_ligne": 4, "type_ligne": "Bus", "bool_bus": true, "bool_tram": false, "bool_metro": false, "bool_ferry": false }, "geometry": { "type": "LineString", "coordinates": [ [ 5.368852, 43.356815 ], [ 5.369573240000013, 43.35593689 ] ] } },
{ "type": "Feature", "properties": { "nom_zone": "Les Baronnies", "nombre_arret": 1, "nom_ligne": "42T", "nombre_ligne": 1, "type_ligne": "Bus", "bool_bus": true, "bool_tram": false, "bool_metro": false, "bool_ferry": false }, "geometry": { "type": "Point", "coordinates": [ 5.431866, 43.34551 ] } },
{ "type": "Feature", "properties": { "nom_zone": "Les Bartavelles", "nombre_arret": 2, "nom_ligne": "['144' '1100' '2']", "nombre_ligne": 3, "type_ligne": "Bus", "bool_bus": true, "bool_tram": false, "bool_metro": false, "bool_ferry": false }, "geometry": { "type": "LineString", "coordinates": [ [ 5.456036, 43.333537 ], [ 5.45599, 43.333732 ] ] } },
{ "type": "Feature", "properties": { "nom_zone": "Les Baudillons", "nombre_arret": 2, "nom_ligne": "['4B' '4']", "nombre_ligne": 2, "type_ligne": "Bus", "bool_bus": true, "bool_tram": false, "bool_metro": false, "bool_ferry": false }, "geometry": { "type": "LineString", "coordinates": [ [ 5.433588, 43.328345 ], [ 5.433853, 43.328427 ] ] } },
{ "type": "Feature", "properties": { "nom_zone": "Les Baumettes", "nombre_arret": 1, "nom_ligne": "22", "nombre_ligne": 1, "type_ligne": "Bus", "bool_bus": true, "bool_tram": false, "bool_metro": false, "bool_ferry": false }, "geometry": { "type": "Point", "coordinates": [ 5.416403, 43.226255 ] } },
{ "type": "Feature", "properties": { "nom_zone": "Les Borels", "nombre_arret": 2, "nom_ligne": "['530' '30']", "nombre_ligne": 2, "type_ligne": "Bus", "bool_bus": true, "bool_tram": false, "bool_metro": false, "bool_ferry": false }, "geometry": { "type": "LineString", "coordinates": [ [ 5.3630815, 43.3670648 ], [ 5.36299, 43.366673 ] ] } },
{ "type": "Feature", "properties": { "nom_zone": "Les Borromées", "nombre_arret": 2, "nom_ligne": "['S4' '10']", "nombre_ligne": 2, "type_ligne": "Bus", "bool_bus": true, "bool_tram": false, "bool_metro": false, "bool_ferry": false }, "geometry": { "type": "LineString", "coordinates": [ [ 5.430835, 43.300878 ], [ 5.431215, 43.301161 ] ] } },
{ "type": "Feature", "properties": { "nom_zone": "Les Bougainvillées", "nombre_arret": 2, "nom_ligne": "['39' 'S4' '9']", "nombre_ligne": 3, "type_ligne": "Bus", "bool_bus": true, "bool_tram": false, "bool_metro": false, "bool_ferry": false }, "geometry": { "type": "LineString", "coordinates": [ [ 5.44264, 43.317756 ], [ 5.441983, 43.317308 ] ] } },
{ "type": "Feature", "properties": { "nom_zone": "Les Caillols", "nombre_arret": 2, "nom_ligne": "['17' '509' '9' '10' 'T1']", "nombre_ligne": 5, "type_ligne": "['Bus' 'Tram']", "bool_bus": true, "bool_tram": true, "bool_metro": false, "bool_ferry": false }, "geometry": { "type": "LineString", "coordinates": [ [ 5.443973, 43.294775 ], [ 5.444134, 43.294718 ] ] } },
{ "type": "Feature", "properties": { "nom_zone": "Les Caillols Centre Urbain", "nombre_arret": 6, "nom_ligne": "['10' '17' '509' '9' '12B' '12' '91' 'S5' '12S' 'T1']", "nombre_ligne": 10, "type_ligne": "['Bus' 'Tram']", "bool_bus": true, "bool_tram": true, "bool_metro": false, "bool_ferry": false }, "geometry": { "type": "Polygon", "coordinates": [ [ [ 5.444160319999987, 43.294721610000011 ], [ 5.443708, 43.294556 ], [ 5.443906, 43.294756 ], [ 5.44457618999997, 43.294847340000032 ], [ 5.445077, 43.294689 ], [ 5.444793, 43.294461 ], [ 5.444160319999987, 43.294721610000011 ] ] ] } },
{ "type": "Feature", "properties": { "nom_zone": "Les Caillols Hôpital", "nombre_arret": 2, "nom_ligne": "['91' '10']", "nombre_ligne": 2, "type_ligne": "Bus", "bool_bus": true, "bool_tram": false, "bool_metro": false, "bool_ferry": false }, "geometry": { "type": "LineString", "coordinates": [ [ 5.459924, 43.297896 ], [ 5.459375, 43.29769 ] ] } },
{ "type": "Feature", "properties": { "nom_zone": "Les Camoins", "nombre_arret": 3, "nom_ligne": "['12B' '12' '12S']", "nombre_ligne": 3, "type_ligne": "Bus", "bool_bus": true, "bool_tram": false, "bool_metro": false, "bool_ferry": false }, "geometry": { "type": "Polygon", "coordinates": [ [ [ 5.509139, 43.301315 ], [ 5.510642, 43.301229 ], [ 5.510104, 43.301061 ], [ 5.509139, 43.301315 ] ] ] } },
{ "type": "Feature", "properties": { "nom_zone": "Les Campanules", "nombre_arret": 2, "nom_ligne": "['12B' '12' '17' '91' 'S5' '12S' '540' '40']", "nombre_ligne": 8, "type_ligne": "Bus", "bool_bus": true, "bool_tram": false, "bool_metro": false, "bool_ferry": false }, "geometry": { "type": "LineString", "coordinates": [ [ 5.44388652, 43.29134174 ], [ 5.442119, 43.291061 ] ] } },
{ "type": "Feature", "properties": { "nom_zone": "Les Chartreux", "nombre_arret": 2, "nom_ligne": "['42T' '42']", "nombre_ligne": 2, "type_ligne": "Bus", "bool_bus": true, "bool_tram": false, "bool_metro": false, "bool_ferry": false }, "geometry": { "type": "LineString", "coordinates": [ [ 5.404111, 43.316202 ], [ 5.403592, 43.315409 ] ] } },
{ "type": "Feature", "properties": { "nom_zone": "Les Cigalons", "nombre_arret": 2, "nom_ligne": "['91' '10']", "nombre_ligne": 2, "type_ligne": "Bus", "bool_bus": true, "bool_tram": false, "bool_metro": false, "bool_ferry": false }, "geometry": { "type": "LineString", "coordinates": [ [ 5.452185, 43.298832 ], [ 5.451884, 43.298854 ] ] } },
{ "type": "Feature", "properties": { "nom_zone": "Les Cèdres", "nombre_arret": 2, "nom_ligne": "['38' '32']", "nombre_ligne": 2, "type_ligne": "Bus", "bool_bus": true, "bool_tram": false, "bool_metro": false, "bool_ferry": false }, "geometry": { "type": "LineString", "coordinates": [ [ 5.410133, 43.326217 ], [ 5.41030848, 43.326333140000031 ] ] } },
{ "type": "Feature", "properties": { "nom_zone": "Les Escourtines", "nombre_arret": 2, "nom_ligne": "['15' '50']", "nombre_ligne": 2, "type_ligne": "Bus", "bool_bus": true, "bool_tram": false, "bool_metro": false, "bool_ferry": false }, "geometry": { "type": "LineString", "coordinates": [ [ 5.50449681, 43.2813404 ], [ 5.504795200000014, 43.28147 ] ] } },
{ "type": "Feature", "properties": { "nom_zone": "Les Fabres", "nombre_arret": 2, "nom_ligne": "64", "nombre_ligne": 1, "type_ligne": "Bus", "bool_bus": true, "bool_tram": false, "bool_metro": false, "bool_ferry": false }, "geometry": { "type": "LineString", "coordinates": [ [ 5.50113995, 43.30186417 ], [ 5.501205119999982, 43.30200802 ] ] } },
{ "type": "Feature", "properties": { "nom_zone": "Les Fabrettes", "nombre_arret": 2, "nom_ligne": "['96' '97JET' '97' 'B2' '121' '122']", "nombre_ligne": 6, "type_ligne": "Bus", "bool_bus": true, "bool_tram": false, "bool_metro": false, "bool_ferry": false }, "geometry": { "type": "LineString", "coordinates": [ [ 5.357291, 43.379704 ], [ 5.357099, 43.379532 ] ] } },
{ "type": "Feature", "properties": { "nom_zone": "Les Flamants", "nombre_arret": 1, "nom_ligne": "53", "nombre_ligne": 1, "type_ligne": "Bus", "bool_bus": true, "bool_tram": false, "bool_metro": false, "bool_ferry": false }, "geometry": { "type": "Point", "coordinates": [ 5.403284, 43.333107 ] } },
{ "type": "Feature", "properties": { "nom_zone": "Les Flamants Les Iris", "nombre_arret": 2, "nom_ligne": "['38' '53']", "nombre_ligne": 2, "type_ligne": "Bus", "bool_bus": true, "bool_tram": false, "bool_metro": false, "bool_ferry": false }, "geometry": { "type": "LineString", "coordinates": [ [ 5.403851, 43.332096 ], [ 5.40343, 43.33223 ] ] } },
{ "type": "Feature", "properties": { "nom_zone": "Les Goudes", "nombre_arret": 2, "nom_ligne": "20", "nombre_ligne": 1, "type_ligne": "Bus", "bool_bus": true, "bool_tram": false, "bool_metro": false, "bool_ferry": false }, "geometry": { "type": "LineString", "coordinates": [ [ 5.347725, 43.215259 ], [ 5.34776164, 43.215324099999982 ] ] } },
{ "type": "Feature", "properties": { "nom_zone": "Les Goudes Giraud", "nombre_arret": 2, "nom_ligne": "20", "nombre_ligne": 1, "type_ligne": "Bus", "bool_bus": true, "bool_tram": false, "bool_metro": false, "bool_ferry": false }, "geometry": { "type": "LineString", "coordinates": [ [ 5.346211, 43.217119 ], [ 5.34643, 43.216993 ] ] } },
{ "type": "Feature", "properties": { "nom_zone": "Les Hirondelles", "nombre_arret": 2, "nom_ligne": "27", "nombre_ligne": 1, "type_ligne": "Bus", "bool_bus": true, "bool_tram": false, "bool_metro": false, "bool_ferry": false }, "geometry": { "type": "LineString", "coordinates": [ [ 5.406799, 43.331087 ], [ 5.40685, 43.330905 ] ] } },
{ "type": "Feature", "properties": { "nom_zone": "Les Jardins de Flore", "nombre_arret": 2, "nom_ligne": "16", "nombre_ligne": 1, "type_ligne": "Bus", "bool_bus": true, "bool_tram": false, "bool_metro": false, "bool_ferry": false }, "geometry": { "type": "LineString", "coordinates": [ [ 5.426963, 43.266855 ], [ 5.427215, 43.267022 ] ] } },
{ "type": "Feature", "properties": { "nom_zone": "Les Lauriers", "nombre_arret": 2, "nom_ligne": "['38' '32']", "nombre_ligne": 2, "type_ligne": "Bus", "bool_bus": true, "bool_tram": false, "bool_metro": false, "bool_ferry": false }, "geometry": { "type": "LineString", "coordinates": [ [ 5.412787, 43.327534 ], [ 5.41269, 43.327306 ] ] } },
{ "type": "Feature", "properties": { "nom_zone": "Les Lauriers Martin", "nombre_arret": 2, "nom_ligne": "B4", "nombre_ligne": 1, "type_ligne": "Bus", "bool_bus": true, "bool_tram": false, "bool_metro": false, "bool_ferry": false }, "geometry": { "type": "LineString", "coordinates": [ [ 5.408916, 43.329543900000033 ], [ 5.4089161, 43.329593 ] ] } },
{ "type": "Feature", "properties": { "nom_zone": "Les Libérateurs", "nombre_arret": 2, "nom_ligne": "['91' '10']", "nombre_ligne": 2, "type_ligne": "Bus", "bool_bus": true, "bool_tram": false, "bool_metro": false, "bool_ferry": false }, "geometry": { "type": "LineString", "coordinates": [ [ 5.458035, 43.299651 ], [ 5.457639, 43.299742 ] ] } },
{ "type": "Feature", "properties": { "nom_zone": "Les Lierres", "nombre_arret": 2, "nom_ligne": "['7B' '7' '107']", "nombre_ligne": 3, "type_ligne": "Bus", "bool_bus": true, "bool_tram": false, "bool_metro": false, "bool_ferry": false }, "geometry": { "type": "LineString", "coordinates": [ [ 5.428695319999981, 43.307739689999977 ], [ 5.4281399, 43.307885300000017 ] ] } },
{ "type": "Feature", "properties": { "nom_zone": "Les Lilas", "nombre_arret": 4, "nom_ligne": "['32' 'B3']", "nombre_ligne": 2, "type_ligne": "Bus", "bool_bus": true, "bool_tram": false, "bool_metro": false, "bool_ferry": false }, "geometry": { "type": "Polygon", "coordinates": [ [ [ 5.410265, 43.331792 ], [ 5.410258, 43.331923 ], [ 5.410353, 43.331927 ], [ 5.410376, 43.331923 ], [ 5.410265, 43.331792 ] ] ] } },
{ "type": "Feature", "properties": { "nom_zone": "Les Madets", "nombre_arret": 1, "nom_ligne": "['1100' '62']", "nombre_ligne": 2, "type_ligne": "Bus", "bool_bus": true, "bool_tram": false, "bool_metro": false, "bool_ferry": false }, "geometry": { "type": "Point", "coordinates": [ 5.456642, 43.340639 ] } },
{ "type": "Feature", "properties": { "nom_zone": "Les Marronniers", "nombre_arret": 2, "nom_ligne": "['17' 'S5']", "nombre_ligne": 2, "type_ligne": "Bus", "bool_bus": true, "bool_tram": false, "bool_metro": false, "bool_ferry": false }, "geometry": { "type": "LineString", "coordinates": [ [ 5.420334, 43.276811 ], [ 5.420388, 43.276939 ] ] } },
{ "type": "Feature", "properties": { "nom_zone": "Les Martégaux", "nombre_arret": 2, "nom_ligne": "['4B' '4']", "nombre_ligne": 2, "type_ligne": "Bus", "bool_bus": true, "bool_tram": false, "bool_metro": false, "bool_ferry": false }, "geometry": { "type": "LineString", "coordinates": [ [ 5.441542, 43.32554 ], [ 5.441893, 43.325114 ] ] } },
{ "type": "Feature", "properties": { "nom_zone": "Les Mazets", "nombre_arret": 2, "nom_ligne": "['121' '122']", "nombre_ligne": 2, "type_ligne": "Bus", "bool_bus": true, "bool_tram": false, "bool_metro": false, "bool_ferry": false }, "geometry": { "type": "LineString", "coordinates": [ [ 5.364456, 43.392017 ], [ 5.364493, 43.391913 ] ] } },
{ "type": "Feature", "properties": { "nom_zone": "Les Micocouliers", "nombre_arret": 2, "nom_ligne": "16", "nombre_ligne": 1, "type_ligne": "Bus", "bool_bus": true, "bool_tram": false, "bool_metro": false, "bool_ferry": false }, "geometry": { "type": "LineString", "coordinates": [ [ 5.417055, 43.268014 ], [ 5.416573, 43.268184 ] ] } },
{ "type": "Feature", "properties": { "nom_zone": "Les Mourets", "nombre_arret": 2, "nom_ligne": "['5' 'S3']", "nombre_ligne": 2, "type_ligne": "Bus", "bool_bus": true, "bool_tram": false, "bool_metro": false, "bool_ferry": false }, "geometry": { "type": "LineString", "coordinates": [ [ 5.436317439999979, 43.351966619999985 ], [ 5.43570492, 43.351935919999981 ] ] } },
{ "type": "Feature", "properties": { "nom_zone": "Les Néréïdes", "nombre_arret": 2, "nom_ligne": "18", "nombre_ligne": 1, "type_ligne": "Bus", "bool_bus": true, "bool_tram": false, "bool_metro": false, "bool_ferry": false }, "geometry": { "type": "LineString", "coordinates": [ [ 5.459583, 43.285151 ], [ 5.459399, 43.285076 ] ] } },
{ "type": "Feature", "properties": { "nom_zone": "Les Olives Blaches", "nombre_arret": 1, "nom_ligne": "['4B' '4']", "nombre_ligne": 2, "type_ligne": "Bus", "bool_bus": true, "bool_tram": false, "bool_metro": false, "bool_ferry": false }, "geometry": { "type": "Point", "coordinates": [ 5.454503, 43.325144 ] } },
{ "type": "Feature", "properties": { "nom_zone": "Les Olives Comtesse", "nombre_arret": 2, "nom_ligne": "['4B' '4']", "nombre_ligne": 2, "type_ligne": "Bus", "bool_bus": true, "bool_tram": false, "bool_metro": false, "bool_ferry": false }, "geometry": { "type": "LineString", "coordinates": [ [ 5.447978, 43.32308 ], [ 5.448087, 43.323283 ] ] } },
{ "type": "Feature", "properties": { "nom_zone": "Les Olives Village", "nombre_arret": 2, "nom_ligne": "['4B' '4']", "nombre_ligne": 2, "type_ligne": "Bus", "bool_bus": true, "bool_tram": false, "bool_metro": false, "bool_ferry": false }, "geometry": { "type": "LineString", "coordinates": [ [ 5.455888, 43.324119 ], [ 5.456276, 43.323866 ] ] } },
{ "type": "Feature", "properties": { "nom_zone": "Les Oliviers", "nombre_arret": 6, "nom_ligne": "['B4' '32' '27' 'B3']", "nombre_ligne": 4, "type_ligne": "Bus", "bool_bus": true, "bool_tram": false, "bool_metro": false, "bool_ferry": false }, "geometry": { "type": "Polygon", "coordinates": [ [ [ 5.412956899999984, 43.3301519 ], [ 5.412866, 43.330078 ], [ 5.412845, 43.330314 ], [ 5.412983, 43.330258 ], [ 5.41323, 43.330033 ], [ 5.413109, 43.330098 ], [ 5.412956899999984, 43.3301519 ] ] ] } },
{ "type": "Feature", "properties": { "nom_zone": "Les Peyrards Chasseurs", "nombre_arret": 1, "nom_ligne": "['121' '122']", "nombre_ligne": 2, "type_ligne": "Bus", "bool_bus": true, "bool_tram": false, "bool_metro": false, "bool_ferry": false }, "geometry": { "type": "Point", "coordinates": [ 5.380285, 43.371981 ] } },
{ "type": "Feature", "properties": { "nom_zone": "Les Peyrards Corradi", "nombre_arret": 1, "nom_ligne": "['121' '122']", "nombre_ligne": 2, "type_ligne": "Bus", "bool_bus": true, "bool_tram": false, "bool_metro": false, "bool_ferry": false }, "geometry": { "type": "Point", "coordinates": [ 5.38196, 43.373592 ] } },
{ "type": "Feature", "properties": { "nom_zone": "Les Peyrards Placette", "nombre_arret": 2, "nom_ligne": "['121' '122']", "nombre_ligne": 2, "type_ligne": "Bus", "bool_bus": true, "bool_tram": false, "bool_metro": false, "bool_ferry": false }, "geometry": { "type": "LineString", "coordinates": [ [ 5.377069, 43.371314 ], [ 5.376978, 43.371259 ] ] } },
{ "type": "Feature", "properties": { "nom_zone": "Les Roches", "nombre_arret": 2, "nom_ligne": "16", "nombre_ligne": 1, "type_ligne": "Bus", "bool_bus": true, "bool_tram": false, "bool_metro": false, "bool_ferry": false }, "geometry": { "type": "LineString", "coordinates": [ [ 5.427509, 43.271964 ], [ 5.42784, 43.271876 ] ] } },
{ "type": "Feature", "properties": { "nom_zone": "Les Romarins", "nombre_arret": 2, "nom_ligne": "['39' 'S4' '9']", "nombre_ligne": 3, "type_ligne": "Bus", "bool_bus": true, "bool_tram": false, "bool_metro": false, "bool_ferry": false }, "geometry": { "type": "LineString", "coordinates": [ [ 5.444799, 43.317959 ], [ 5.444927, 43.317834 ] ] } },
{ "type": "Feature", "properties": { "nom_zone": "Les Trois Ponts", "nombre_arret": 2, "nom_ligne": "['17' '16']", "nombre_ligne": 2, "type_ligne": "Bus", "bool_bus": true, "bool_tram": false, "bool_metro": false, "bool_ferry": false }, "geometry": { "type": "LineString", "coordinates": [ [ 5.436138530000013, 43.27408854 ], [ 5.436064, 43.274142 ] ] } },
{ "type": "Feature", "properties": { "nom_zone": "Les Vaudrans", "nombre_arret": 1, "nom_ligne": "['4B' '4']", "nombre_ligne": 2, "type_ligne": "Bus", "bool_bus": true, "bool_tram": false, "bool_metro": false, "bool_ferry": false }, "geometry": { "type": "Point", "coordinates": [ 5.476168, 43.309119 ] } },
{ "type": "Feature", "properties": { "nom_zone": "Les Vaudrans 3 Lucs", "nombre_arret": 2, "nom_ligne": "['4B' '4']", "nombre_ligne": 2, "type_ligne": "Bus", "bool_bus": true, "bool_tram": false, "bool_metro": false, "bool_ferry": false }, "geometry": { "type": "LineString", "coordinates": [ [ 5.470724, 43.30692 ], [ 5.471029, 43.306776 ] ] } },
{ "type": "Feature", "properties": { "nom_zone": "Les Vaudrans Marronniers", "nombre_arret": 2, "nom_ligne": "['4B' '4']", "nombre_ligne": 2, "type_ligne": "Bus", "bool_bus": true, "bool_tram": false, "bool_metro": false, "bool_ferry": false }, "geometry": { "type": "LineString", "coordinates": [ [ 5.475109, 43.307432 ], [ 5.475215, 43.307678 ] ] } },
{ "type": "Feature", "properties": { "nom_zone": "Les Vidarès", "nombre_arret": 1, "nom_ligne": "['1100' '62']", "nombre_ligne": 2, "type_ligne": "Bus", "bool_bus": true, "bool_tram": false, "bool_metro": false, "bool_ferry": false }, "geometry": { "type": "Point", "coordinates": [ 5.466655, 43.356015 ] } },
{ "type": "Feature", "properties": { "nom_zone": "Les Vieux Cyprès", "nombre_arret": 4, "nom_ligne": "['N2' 'S3' '142' '1' '62' 'B3']", "nombre_ligne": 6, "type_ligne": "Bus", "bool_bus": true, "bool_tram": false, "bool_metro": false, "bool_ferry": false }, "geometry": { "type": "Polygon", "coordinates": [ [ [ 5.43585598, 43.33760574 ], [ 5.435552, 43.337563 ], [ 5.435654, 43.337646 ], [ 5.435898, 43.337722 ], [ 5.43585598, 43.33760574 ] ] ] } },
{ "type": "Feature", "properties": { "nom_zone": "Liberté Lafayette", "nombre_arret": 1, "nom_ligne": "['52' '509' 'N2' 'BM1A' 'BM2' 'M2']", "nombre_ligne": 6, "type_ligne": "['Bus' 'Subway']", "bool_bus": true, "bool_tram": false, "bool_metro": true, "bool_ferry": false }, "geometry": { "type": "Point", "coordinates": [ 5.381119, 43.30063 ] } },
{ "type": "Feature", "properties": { "nom_zone": "Liberté Sembat", "nombre_arret": 2, "nom_ligne": "['33' '52' '509' '34' '49' 'BM1A' 'BM2']", "nombre_ligne": 7, "type_ligne": "Bus", "bool_bus": true, "bool_tram": false, "bool_metro": false, "bool_ferry": false }, "geometry": { "type": "LineString", "coordinates": [ [ 5.383221, 43.301545 ], [ 5.383459, 43.301523 ] ] } },
{ "type": "Feature", "properties": { "nom_zone": "Libération Dormoy", "nombre_arret": 1, "nom_ligne": "['81' '582' 'BM1A']", "nombre_ligne": 3, "type_ligne": "Bus", "bool_bus": true, "bool_tram": false, "bool_metro": false, "bool_ferry": false }, "geometry": { "type": "Point", "coordinates": [ 5.395374, 43.302461 ] } },
{ "type": "Feature", "properties": { "nom_zone": "Libération Espérandieu", "nombre_arret": 1, "nom_ligne": "['81' 'BM1A']", "nombre_ligne": 2, "type_ligne": "Bus", "bool_bus": true, "bool_tram": false, "bool_metro": false, "bool_ferry": false }, "geometry": { "type": "Point", "coordinates": [ 5.394065, 43.301941 ] } },
{ "type": "Feature", "properties": { "nom_zone": "Libération Réformés", "nombre_arret": 2, "nom_ligne": "['81' 'BM1A']", "nombre_ligne": 2, "type_ligne": "Bus", "bool_bus": true, "bool_tram": false, "bool_metro": false, "bool_ferry": false }, "geometry": { "type": "LineString", "coordinates": [ [ 5.385964, 43.299321 ], [ 5.386361, 43.299331 ] ] } },
{ "type": "Feature", "properties": { "nom_zone": "Libération St Vincent de Paul", "nombre_arret": 2, "nom_ligne": "['81' 'BM1A']", "nombre_ligne": 2, "type_ligne": "Bus", "bool_bus": true, "bool_tram": false, "bool_metro": false, "bool_ferry": false }, "geometry": { "type": "LineString", "coordinates": [ [ 5.391514, 43.301167 ], [ 5.390199, 43.300634 ] ] } },
{ "type": "Feature", "properties": { "nom_zone": "Lices Chaix", "nombre_arret": 1, "nom_ligne": "60", "nombre_ligne": 1, "type_ligne": "Bus", "bool_bus": true, "bool_tram": false, "bool_metro": false, "bool_ferry": false }, "geometry": { "type": "Point", "coordinates": [ 5.368382329999989, 43.28949482 ] } },
{ "type": "Feature", "properties": { "nom_zone": "Lieutaud Baille", "nombre_arret": 2, "nom_ligne": "['41' '54' 'BM1A' 'BM2' 'N1']", "nombre_ligne": 5, "type_ligne": "Bus", "bool_bus": true, "bool_tram": false, "bool_metro": false, "bool_ferry": false }, "geometry": { "type": "LineString", "coordinates": [ [ 5.385018579999988, 43.287212280000027 ], [ 5.38521861, 43.287067920000027 ] ] } },
{ "type": "Feature", "properties": { "nom_zone": "Lieutaud Cours Julien", "nombre_arret": 2, "nom_ligne": "['81' 'BM2' 'M2']", "nombre_ligne": 3, "type_ligne": "['Bus' 'Subway']", "bool_bus": true, "bool_tram": false, "bool_metro": true, "bool_ferry": false }, "geometry": { "type": "LineString", "coordinates": [ [ 5.381646, 43.2958 ], [ 5.381487, 43.295774 ] ] } },
{ "type": "Feature", "properties": { "nom_zone": "Lieutaud Salvator", "nombre_arret": 2, "nom_ligne": "['41' '54' 'BM1A' 'BM2' 'N1']", "nombre_ligne": 5, "type_ligne": "Bus", "bool_bus": true, "bool_tram": false, "bool_metro": false, "bool_ferry": false }, "geometry": { "type": "LineString", "coordinates": [ [ 5.383335289999976, 43.29074032 ], [ 5.38317895, 43.29076799 ] ] } },
{ "type": "Feature", "properties": { "nom_zone": "Lissandre", "nombre_arret": 2, "nom_ligne": "['37' 'S2']", "nombre_ligne": 2, "type_ligne": "Bus", "bool_bus": true, "bool_tram": false, "bool_metro": false, "bool_ferry": false }, "geometry": { "type": "LineString", "coordinates": [ [ 5.414654, 43.356082 ], [ 5.41332607, 43.3564049 ] ] } },
{ "type": "Feature", "properties": { "nom_zone": "Lissandre Ecoles", "nombre_arret": 2, "nom_ligne": "['37' 'S2']", "nombre_ligne": 2, "type_ligne": "Bus", "bool_bus": true, "bool_tram": false, "bool_metro": false, "bool_ferry": false }, "geometry": { "type": "LineString", "coordinates": [ [ 5.41019, 43.356042 ], [ 5.410278, 43.356113 ] ] } },
{ "type": "Feature", "properties": { "nom_zone": "Littoral Beauséjour", "nombre_arret": 2, "nom_ligne": "['35T' '35']", "nombre_ligne": 2, "type_ligne": "Bus", "bool_bus": true, "bool_tram": false, "bool_metro": false, "bool_ferry": false }, "geometry": { "type": "LineString", "coordinates": [ [ 5.3547, 43.332331 ], [ 5.355032450000013, 43.331868600000064 ] ] } },
{ "type": "Feature", "properties": { "nom_zone": "Littoral Bernabo", "nombre_arret": 2, "nom_ligne": "['35T' '35']", "nombre_ligne": 2, "type_ligne": "Bus", "bool_bus": true, "bool_tram": false, "bool_metro": false, "bool_ferry": false }, "geometry": { "type": "LineString", "coordinates": [ [ 5.354639, 43.335668 ], [ 5.354458, 43.335603 ] ] } },
{ "type": "Feature", "properties": { "nom_zone": "Littoral Consolat", "nombre_arret": 2, "nom_ligne": "['35' '36B' '36']", "nombre_ligne": 3, "type_ligne": "Bus", "bool_bus": true, "bool_tram": false, "bool_metro": false, "bool_ferry": false }, "geometry": { "type": "LineString", "coordinates": [ [ 5.345635, 43.346637 ], [ 5.344048, 43.347196 ] ] } },
{ "type": "Feature", "properties": { "nom_zone": "Littoral Fenouil", "nombre_arret": 2, "nom_ligne": "['95' '35' '95S' '535']", "nombre_ligne": 4, "type_ligne": "Bus", "bool_bus": true, "bool_tram": false, "bool_metro": false, "bool_ferry": false }, "geometry": { "type": "LineString", "coordinates": [ [ 5.3204214, 43.3575813 ], [ 5.3206064, 43.357430100000023 ] ] } },
{ "type": "Feature", "properties": { "nom_zone": "Littoral Jean Labro", "nombre_arret": 2, "nom_ligne": "35", "nombre_ligne": 1, "type_ligne": "Bus", "bool_bus": true, "bool_tram": false, "bool_metro": false, "bool_ferry": false }, "geometry": { "type": "LineString", "coordinates": [ [ 5.338128, 43.352369 ], [ 5.337995099999982, 43.352717500000011 ] ] } },
{ "type": "Feature", "properties": { "nom_zone": "Littoral Mouren", "nombre_arret": 2, "nom_ligne": "['35T' '35' '98']", "nombre_ligne": 3, "type_ligne": "Bus", "bool_bus": true, "bool_tram": false, "bool_metro": false, "bool_ferry": false }, "geometry": { "type": "LineString", "coordinates": [ [ 5.35528, 43.330534 ], [ 5.355036, 43.329845 ] ] } },
{ "type": "Feature", "properties": { "nom_zone": "Littoral Mourepiane", "nombre_arret": 2, "nom_ligne": "35", "nombre_ligne": 1, "type_ligne": "Bus", "bool_bus": true, "bool_tram": false, "bool_metro": false, "bool_ferry": false }, "geometry": { "type": "LineString", "coordinates": [ [ 5.3327386, 43.354278100000045 ], [ 5.332751, 43.354164 ] ] } },
{ "type": "Feature", "properties": { "nom_zone": "Littoral Pas du Faon", "nombre_arret": 2, "nom_ligne": "35", "nombre_ligne": 1, "type_ligne": "Bus", "bool_bus": true, "bool_tram": false, "bool_metro": false, "bool_ferry": false }, "geometry": { "type": "LineString", "coordinates": [ [ 5.341081, 43.350584 ], [ 5.3406429, 43.351089699999989 ] ] } },
{ "type": "Feature", "properties": { "nom_zone": "Littoral Saumaty", "nombre_arret": 2, "nom_ligne": "35", "nombre_ligne": 1, "type_ligne": "Bus", "bool_bus": true, "bool_tram": false, "bool_metro": false, "bool_ferry": false }, "geometry": { "type": "LineString", "coordinates": [ [ 5.327842, 43.355314 ], [ 5.327961, 43.354166 ] ] } },
{ "type": "Feature", "properties": { "nom_zone": "Littoral St Henri", "nombre_arret": 2, "nom_ligne": "35", "nombre_ligne": 1, "type_ligne": "Bus", "bool_bus": true, "bool_tram": false, "bool_metro": false, "bool_ferry": false }, "geometry": { "type": "LineString", "coordinates": [ [ 5.336277, 43.353905 ], [ 5.336333, 43.353743 ] ] } },
{ "type": "Feature", "properties": { "nom_zone": "Littoral Vallouise", "nombre_arret": 2, "nom_ligne": "35", "nombre_ligne": 1, "type_ligne": "Bus", "bool_bus": true, "bool_tram": false, "bool_metro": false, "bool_ferry": false }, "geometry": { "type": "LineString", "coordinates": [ [ 5.330639, 43.353646 ], [ 5.330597, 43.353745 ] ] } },
{ "type": "Feature", "properties": { "nom_zone": "Lodi Fontange", "nombre_arret": 2, "nom_ligne": "74", "nombre_ligne": 1, "type_ligne": "Bus", "bool_bus": true, "bool_tram": false, "bool_metro": false, "bool_ferry": false }, "geometry": { "type": "LineString", "coordinates": [ [ 5.384408, 43.291751 ], [ 5.38512268, 43.29142987 ] ] } },
{ "type": "Feature", "properties": { "nom_zone": "Lodi Village", "nombre_arret": 2, "nom_ligne": "74", "nombre_ligne": 1, "type_ligne": "Bus", "bool_bus": true, "bool_tram": false, "bool_metro": false, "bool_ferry": false }, "geometry": { "type": "LineString", "coordinates": [ [ 5.388064, 43.288384 ], [ 5.388136, 43.288482 ] ] } },
{ "type": "Feature", "properties": { "nom_zone": "Lombard Bezombes", "nombre_arret": 2, "nom_ligne": "['12B' '12' '91' '540' 'S5' '40' '12S']", "nombre_ligne": 7, "type_ligne": "Bus", "bool_bus": true, "bool_tram": false, "bool_metro": false, "bool_ferry": false }, "geometry": { "type": "LineString", "coordinates": [ [ 5.430559, 43.288889 ], [ 5.429724, 43.288982 ] ] } },
{ "type": "Feature", "properties": { "nom_zone": "Lombard Mireille Lauze", "nombre_arret": 2, "nom_ligne": "['12B' '12' '91' '540' 'S5' '40' '12S']", "nombre_ligne": 7, "type_ligne": "Bus", "bool_bus": true, "bool_tram": false, "bool_metro": false, "bool_ferry": false }, "geometry": { "type": "LineString", "coordinates": [ [ 5.437459, 43.289361 ], [ 5.437189, 43.289269 ] ] } },
{ "type": "Feature", "properties": { "nom_zone": "Lombard Parette", "nombre_arret": 2, "nom_ligne": "['12B' '12' '91' '540' 'S5' '40' '12S']", "nombre_ligne": 7, "type_ligne": "Bus", "bool_bus": true, "bool_tram": false, "bool_metro": false, "bool_ferry": false }, "geometry": { "type": "LineString", "coordinates": [ [ 5.426813, 43.289607 ], [ 5.426695, 43.289827 ] ] } },
{ "type": "Feature", "properties": { "nom_zone": "Lombard Rebattu", "nombre_arret": 2, "nom_ligne": "['12B' '12' '91' '540' 'S5' '40' '12S']", "nombre_ligne": 7, "type_ligne": "Bus", "bool_bus": true, "bool_tram": false, "bool_metro": false, "bool_ferry": false }, "geometry": { "type": "LineString", "coordinates": [ [ 5.433296, 43.289048 ], [ 5.432952, 43.288911 ] ] } },
{ "type": "Feature", "properties": { "nom_zone": "Longchamp National", "nombre_arret": 2, "nom_ligne": "['M1' 'T2']", "nombre_ligne": 2, "type_ligne": "['Subway' 'Tram']", "bool_bus": false, "bool_tram": true, "bool_metro": true, "bool_ferry": false }, "geometry": { "type": "LineString", "coordinates": [ [ 5.388689, 43.301506 ], [ 5.388536, 43.301586 ] ] } },
{ "type": "Feature", "properties": { "nom_zone": "Loubon Barbini", "nombre_arret": 2, "nom_ligne": "['31' '33' '533' 'N2' '32' '88' '34']", "nombre_ligne": 7, "type_ligne": "Bus", "bool_bus": true, "bool_tram": false, "bool_metro": false, "bool_ferry": false }, "geometry": { "type": "LineString", "coordinates": [ [ 5.382685, 43.312884 ], [ 5.382442, 43.31269 ] ] } },
{ "type": "Feature", "properties": { "nom_zone": "Loubon Bellevue", "nombre_arret": 2, "nom_ligne": "['31' '33' '533' 'N2' '32' '88' '34']", "nombre_ligne": 7, "type_ligne": "Bus", "bool_bus": true, "bool_tram": false, "bool_metro": false, "bool_ferry": false }, "geometry": { "type": "LineString", "coordinates": [ [ 5.3803469, 43.3123806 ], [ 5.379236, 43.312078 ] ] } },
{ "type": "Feature", "properties": { "nom_zone": "Louis Armand", "nombre_arret": 2, "nom_ligne": "M1", "nombre_ligne": 1, "type_ligne": "Subway", "bool_bus": false, "bool_tram": false, "bool_metro": true, "bool_ferry": false }, "geometry": { "type": "LineString", "coordinates": [ [ 5.41363, 43.299951 ], [ 5.413557499999977, 43.300013 ] ] } },
{ "type": "Feature", "properties": { "nom_zone": "Luce Isaac", "nombre_arret": 1, "nom_ligne": "['22S' '22']", "nombre_ligne": 2, "type_ligne": "Bus", "bool_bus": true, "bool_tram": false, "bool_metro": false, "bool_ferry": false }, "geometry": { "type": "Point", "coordinates": [ 5.396717189999966, 43.258069070000019 ] } },
{ "type": "Feature", "properties": { "nom_zone": "Luce Michelet", "nombre_arret": 2, "nom_ligne": "['22S' '22']", "nombre_ligne": 2, "type_ligne": "Bus", "bool_bus": true, "bool_tram": false, "bool_metro": false, "bool_ferry": false }, "geometry": { "type": "LineString", "coordinates": [ [ 5.39825847, 43.25853027 ], [ 5.398603, 43.258512 ] ] } },
{ "type": "Feature", "properties": { "nom_zone": "Luminy Complexe sportif", "nombre_arret": 4, "nom_ligne": "['B1' '21JET' '24' 'N1']", "nombre_ligne": 4, "type_ligne": "Bus", "bool_bus": true, "bool_tram": false, "bool_metro": false, "bool_ferry": false }, "geometry": { "type": "Polygon", "coordinates": [ [ [ 5.435705, 43.237109 ], [ 5.43571836, 43.23789354 ], [ 5.435772839999979, 43.237652780000012 ], [ 5.435735020000013, 43.23688087 ], [ 5.435705, 43.237109 ] ] ] } },
{ "type": "Feature", "properties": { "nom_zone": "Luminy Faculté", "nombre_arret": 4, "nom_ligne": "['B1' '21JET' '24']", "nombre_ligne": 3, "type_ligne": "Bus", "bool_bus": true, "bool_tram": false, "bool_metro": false, "bool_ferry": false }, "geometry": { "type": "Polygon", "coordinates": [ [ [ 5.43967, 43.231068 ], [ 5.43946368, 43.23114229 ], [ 5.43958, 43.231163 ], [ 5.439837439999979, 43.23106126000004 ], [ 5.43967, 43.231068 ] ] ] } },
{ "type": "Feature", "properties": { "nom_zone": "Luminy Kedge BS", "nombre_arret": 4, "nom_ligne": "['B1' '21JET' '24' 'N1']", "nombre_ligne": 4, "type_ligne": "Bus", "bool_bus": true, "bool_tram": false, "bool_metro": false, "bool_ferry": false }, "geometry": { "type": "Polygon", "coordinates": [ [ [ 5.4359862, 43.232474300000021 ], [ 5.43610608, 43.23263422 ], [ 5.436139699999978, 43.232525600000059 ], [ 5.43600822, 43.23236222 ], [ 5.4359862, 43.232474300000021 ] ] ] } },
{ "type": "Feature", "properties": { "nom_zone": "Luminy Lachamp", "nombre_arret": 4, "nom_ligne": "['B1' '21JET' '24' 'N1']", "nombre_ligne": 4, "type_ligne": "Bus", "bool_bus": true, "bool_tram": false, "bool_metro": false, "bool_ferry": false }, "geometry": { "type": "Polygon", "coordinates": [ [ [ 5.436394, 43.24625 ], [ 5.43623716, 43.246373490000046 ], [ 5.436391, 43.246324 ], [ 5.43668911, 43.246140500000031 ], [ 5.436394, 43.24625 ] ] ] } },
{ "type": "Feature", "properties": { "nom_zone": "Luminy PN des Calanques", "nombre_arret": 4, "nom_ligne": "['B1' '21JET' '24' 'N1']", "nombre_ligne": 4, "type_ligne": "Bus", "bool_bus": true, "bool_tram": false, "bool_metro": false, "bool_ferry": false }, "geometry": { "type": "Polygon", "coordinates": [ [ [ 5.437289, 43.231401 ], [ 5.436799529999955, 43.231774289999983 ], [ 5.43710004, 43.2316791 ], [ 5.437367709999968, 43.23138254 ], [ 5.437289, 43.231401 ] ] ] } },
{ "type": "Feature", "properties": { "nom_zone": "Lycée Ampère", "nombre_arret": 2, "nom_ligne": "['15S' '15' '91' 'S5' '518']", "nombre_ligne": 5, "type_ligne": "Bus", "bool_bus": true, "bool_tram": false, "bool_metro": false, "bool_ferry": false }, "geometry": { "type": "LineString", "coordinates": [ [ 5.423788, 43.279521 ], [ 5.423727, 43.279659 ] ] } },
{ "type": "Feature", "properties": { "nom_zone": "Lycée Artaud", "nombre_arret": 2, "nom_ligne": "['5' 'N2' 'S3' 'S2' '3']", "nombre_ligne": 5, "type_ligne": "Bus", "bool_bus": true, "bool_tram": false, "bool_metro": false, "bool_ferry": false }, "geometry": { "type": "LineString", "coordinates": [ [ 5.423790759999946, 43.340400289999977 ], [ 5.424732, 43.340401 ] ] } },
{ "type": "Feature", "properties": { "nom_zone": "Lycée Blaise Pascal", "nombre_arret": 2, "nom_ligne": "['S4' '9']", "nombre_ligne": 2, "type_ligne": "Bus", "bool_bus": true, "bool_tram": false, "bool_metro": false, "bool_ferry": false }, "geometry": { "type": "LineString", "coordinates": [ [ 5.422512, 43.31115 ], [ 5.422356, 43.311155 ] ] } },
{ "type": "Feature", "properties": { "nom_zone": "Lycée Brochier", "nombre_arret": 2, "nom_ligne": "['72' '18' '518' 'N1']", "nombre_ligne": 4, "type_ligne": "Bus", "bool_bus": true, "bool_tram": false, "bool_metro": false, "bool_ferry": false }, "geometry": { "type": "LineString", "coordinates": [ [ 5.402706, 43.282462 ], [ 5.402788, 43.282547 ] ] } },
{ "type": "Feature", "properties": { "nom_zone": "Lycée Camille Jullian", "nombre_arret": 2, "nom_ligne": "['15S' '15' '540' '40']", "nombre_ligne": 4, "type_ligne": "Bus", "bool_bus": true, "bool_tram": false, "bool_metro": false, "bool_ferry": false }, "geometry": { "type": "LineString", "coordinates": [ [ 5.47756836, 43.28620059 ], [ 5.477574, 43.286067 ] ] } },
{ "type": "Feature", "properties": { "nom_zone": "Lycée Charlotte Grawitz", "nombre_arret": 2, "nom_ligne": "37", "nombre_ligne": 1, "type_ligne": "Bus", "bool_bus": true, "bool_tram": false, "bool_metro": false, "bool_ferry": false }, "geometry": { "type": "LineString", "coordinates": [ [ 5.420757, 43.335182 ], [ 5.420661, 43.335484 ] ] } },
{ "type": "Feature", "properties": { "nom_zone": "Lycée Colbert", "nombre_arret": 1, "nom_ligne": "['81' '82S' '54']", "nombre_ligne": 3, "type_ligne": "Bus", "bool_bus": true, "bool_tram": false, "bool_metro": false, "bool_ferry": false }, "geometry": { "type": "Point", "coordinates": [ 5.357183, 43.28824 ] } },
{ "type": "Feature", "properties": { "nom_zone": "Lycée Daumier", "nombre_arret": 2, "nom_ligne": "44", "nombre_ligne": 1, "type_ligne": "Bus", "bool_bus": true, "bool_tram": false, "bool_metro": false, "bool_ferry": false }, "geometry": { "type": "LineString", "coordinates": [ [ 5.387462, 43.261338 ], [ 5.387388, 43.261431 ] ] } },
{ "type": "Feature", "properties": { "nom_zone": "Lycée Diderot", "nombre_arret": 2, "nom_ligne": "['38' '27']", "nombre_ligne": 2, "type_ligne": "Bus", "bool_bus": true, "bool_tram": false, "bool_metro": false, "bool_ferry": false }, "geometry": { "type": "LineString", "coordinates": [ [ 5.414314, 43.325545 ], [ 5.414544, 43.325215 ] ] } },
{ "type": "Feature", "properties": { "nom_zone": "Lycée Hôtelier", "nombre_arret": 2, "nom_ligne": "45", "nombre_ligne": 1, "type_ligne": "Bus", "bool_bus": true, "bool_tram": false, "bool_metro": false, "bool_ferry": false }, "geometry": { "type": "LineString", "coordinates": [ [ 5.392553, 43.245879 ], [ 5.393783, 43.245754 ] ] } },
{ "type": "Feature", "properties": { "nom_zone": "Lycée Jean Perrin", "nombre_arret": 1, "nom_ligne": "['17' 'S5' 'B5']", "nombre_ligne": 3, "type_ligne": "Bus", "bool_bus": true, "bool_tram": false, "bool_metro": false, "bool_ferry": false }, "geometry": { "type": "Point", "coordinates": [ 5.42611263000001, 43.274797820000018 ] } },
{ "type": "Feature", "properties": { "nom_zone": "Lycée L'Estaque", "nombre_arret": 2, "nom_ligne": "['96' '36B' '36' '535']", "nombre_ligne": 4, "type_ligne": "Bus", "bool_bus": true, "bool_tram": false, "bool_metro": false, "bool_ferry": false }, "geometry": { "type": "LineString", "coordinates": [ [ 5.32504305, 43.36199695 ], [ 5.325155309999965, 43.361978279999974 ] ] } },
{ "type": "Feature", "properties": { "nom_zone": "Lycée La Calade", "nombre_arret": 2, "nom_ligne": "['70' '535']", "nombre_ligne": 2, "type_ligne": "Bus", "bool_bus": true, "bool_tram": false, "bool_metro": false, "bool_ferry": false }, "geometry": { "type": "LineString", "coordinates": [ [ 5.35335241999995, 43.34066597 ], [ 5.352188, 43.340962 ] ] } },
{ "type": "Feature", "properties": { "nom_zone": "Lycée La Floride", "nombre_arret": 2, "nom_ligne": "38", "nombre_ligne": 1, "type_ligne": "Bus", "bool_bus": true, "bool_tram": false, "bool_metro": false, "bool_ferry": false }, "geometry": { "type": "LineString", "coordinates": [ [ 5.37441941999997, 43.336507780000019 ], [ 5.374455, 43.33566 ] ] } },
{ "type": "Feature", "properties": { "nom_zone": "Lycée Le Chatelier", "nombre_arret": 1, "nom_ligne": "['72' '88' '29' '535']", "nombre_ligne": 4, "type_ligne": "Bus", "bool_bus": true, "bool_tram": false, "bool_metro": false, "bool_ferry": false }, "geometry": { "type": "Point", "coordinates": [ 5.370834480000012, 43.31422085 ] } },
{ "type": "Feature", "properties": { "nom_zone": "Lycée Marcel Pagnol", "nombre_arret": 4, "nom_ligne": "['18' '15S' '15']", "nombre_ligne": 3, "type_ligne": "Bus", "bool_bus": true, "bool_tram": false, "bool_metro": false, "bool_ferry": false }, "geometry": { "type": "Polygon", "coordinates": [ [ [ 5.433386, 43.282846 ], [ 5.432762, 43.283156 ], [ 5.433248, 43.283093 ], [ 5.433585, 43.282903 ], [ 5.433386, 43.282846 ] ] ] } },
{ "type": "Feature", "properties": { "nom_zone": "Lycée Marie Gasquet", "nombre_arret": 2, "nom_ligne": "['7B' '67' '509' '7' 'BM1B']", "nombre_ligne": 5, "type_ligne": "Bus", "bool_bus": true, "bool_tram": false, "bool_metro": false, "bool_ferry": false }, "geometry": { "type": "LineString", "coordinates": [ [ 5.417518, 43.305449 ], [ 5.417502, 43.305523 ] ] } },
{ "type": "Feature", "properties": { "nom_zone": "Lycée Marseilleveyre", "nombre_arret": 3, "nom_ligne": "['S8' '45' 'S7']", "nombre_ligne": 3, "type_ligne": "Bus", "bool_bus": true, "bool_tram": false, "bool_metro": false, "bool_ferry": false }, "geometry": { "type": "Polygon", "coordinates": [ [ [ 5.377314, 43.240252 ], [ 5.37749301, 43.24027435 ], [ 5.37723319, 43.240109369999985 ], [ 5.377314, 43.240252 ] ] ] } },
{ "type": "Feature", "properties": { "nom_zone": "Lycée Monte Cristo", "nombre_arret": 3, "nom_ligne": "['S6' '1100' '107']", "nombre_ligne": 3, "type_ligne": "Bus", "bool_bus": true, "bool_tram": false, "bool_metro": false, "bool_ferry": false }, "geometry": { "type": "Polygon", "coordinates": [ [ [ 5.469685419999973, 43.322765080000011 ], [ 5.469793, 43.322664 ], [ 5.46958452, 43.32263131 ], [ 5.469685419999973, 43.322765080000011 ] ] ] } },
{ "type": "Feature", "properties": { "nom_zone": "Lycée Monte-Cristo", "nombre_arret": 1, "nom_ligne": "['S6' '1100' '107']", "nombre_ligne": 3, "type_ligne": "Bus", "bool_bus": true, "bool_tram": false, "bool_metro": false, "bool_ferry": false }, "geometry": { "type": "Point", "coordinates": [ 5.469352399999989, 43.322192269999974 ] } },
{ "type": "Feature", "properties": { "nom_zone": "Lycée Nelson Mandela", "nombre_arret": 1, "nom_ligne": "S4", "nombre_ligne": 1, "type_ligne": "Bus", "bool_bus": true, "bool_tram": false, "bool_metro": false, "bool_ferry": false }, "geometry": { "type": "Point", "coordinates": [ 5.426566, 43.297898 ] } },
{ "type": "Feature", "properties": { "nom_zone": "Lycée Paul Melizan", "nombre_arret": 2, "nom_ligne": "['12B' '12' 'S6' '12S' '64']", "nombre_ligne": 5, "type_ligne": "Bus", "bool_bus": true, "bool_tram": false, "bool_metro": false, "bool_ferry": false }, "geometry": { "type": "LineString", "coordinates": [ [ 5.4934, 43.296867 ], [ 5.492497, 43.296798 ] ] } },
{ "type": "Feature", "properties": { "nom_zone": "Lycée Perrin", "nombre_arret": 2, "nom_ligne": "B5", "nombre_ligne": 1, "type_ligne": "Bus", "bool_bus": true, "bool_tram": false, "bool_metro": false, "bool_ferry": false }, "geometry": { "type": "LineString", "coordinates": [ [ 5.42365107, 43.27366886 ], [ 5.42396939000001, 43.273571830000016 ] ] } },
{ "type": "Feature", "properties": { "nom_zone": "Lycée Perrin Doize", "nombre_arret": 2, "nom_ligne": "16", "nombre_ligne": 1, "type_ligne": "Bus", "bool_bus": true, "bool_tram": false, "bool_metro": false, "bool_ferry": false }, "geometry": { "type": "LineString", "coordinates": [ [ 5.4268, 43.274509 ], [ 5.42672074, 43.27436550000003 ] ] } },
{ "type": "Feature", "properties": { "nom_zone": "Lycée Perrin Verdillon", "nombre_arret": 2, "nom_ligne": "['17' 'S5' 'B5']", "nombre_ligne": 3, "type_ligne": "Bus", "bool_bus": true, "bool_tram": false, "bool_metro": false, "bool_ferry": false }, "geometry": { "type": "LineString", "coordinates": [ [ 5.42521985, 43.275282300000029 ], [ 5.42601862, 43.27497561 ] ] } },
{ "type": "Feature", "properties": { "nom_zone": "Lycée Poinso Chapuis", "nombre_arret": 2, "nom_ligne": "['S8' '45' 'S7']", "nombre_ligne": 3, "type_ligne": "Bus", "bool_bus": true, "bool_tram": false, "bool_metro": false, "bool_ferry": false }, "geometry": { "type": "LineString", "coordinates": [ [ 5.379422, 43.242224 ], [ 5.37983, 43.243013 ] ] } },
{ "type": "Feature", "properties": { "nom_zone": "Lycée Périer", "nombre_arret": 1, "nom_ligne": "41", "nombre_ligne": 1, "type_ligne": "Bus", "bool_bus": true, "bool_tram": false, "bool_metro": false, "bool_ferry": false }, "geometry": { "type": "Point", "coordinates": [ 5.381669, 43.28171 ] } },
{ "type": "Feature", "properties": { "nom_zone": "Lycée René Caillié", "nombre_arret": 2, "nom_ligne": "['15S' '15']", "nombre_ligne": 2, "type_ligne": "Bus", "bool_bus": true, "bool_tram": false, "bool_metro": false, "bool_ferry": false }, "geometry": { "type": "LineString", "coordinates": [ [ 5.437913, 43.284695 ], [ 5.436985, 43.284621 ] ] } },
{ "type": "Feature", "properties": { "nom_zone": "Lycée Saint-Exupéry", "nombre_arret": 3, "nom_ligne": "['25' '27' '535' '70']", "nombre_ligne": 4, "type_ligne": "Bus", "bool_bus": true, "bool_tram": false, "bool_metro": false, "bool_ferry": false }, "geometry": { "type": "Polygon", "coordinates": [ [ [ 5.355685, 43.347944 ], [ 5.355709, 43.347459 ], [ 5.355249, 43.347324 ], [ 5.355685, 43.347944 ] ] ] } },
{ "type": "Feature", "properties": { "nom_zone": "Lycée Simone Veil", "nombre_arret": 2, "nom_ligne": "3", "nombre_ligne": 1, "type_ligne": "Bus", "bool_bus": true, "bool_tram": false, "bool_metro": false, "bool_ferry": false }, "geometry": { "type": "LineString", "coordinates": [ [ 5.414029, 43.345686 ], [ 5.413895, 43.345615 ] ] } },
{ "type": "Feature", "properties": { "nom_zone": "Lycée St Charles", "nombre_arret": 2, "nom_ligne": "49", "nombre_ligne": 1, "type_ligne": "Bus", "bool_bus": true, "bool_tram": false, "bool_metro": false, "bool_ferry": false }, "geometry": { "type": "LineString", "coordinates": [ [ 5.391847, 43.305415 ], [ 5.391338, 43.305286 ] ] } },
{ "type": "Feature", "properties": { "nom_zone": "Lyon Cap Pinède", "nombre_arret": 2, "nom_ligne": "['36B' 'BM2']", "nombre_ligne": 2, "type_ligne": "Bus", "bool_bus": true, "bool_tram": false, "bool_metro": false, "bool_ferry": false }, "geometry": { "type": "LineString", "coordinates": [ [ 5.36628, 43.327438 ], [ 5.366153, 43.327255 ] ] } },
{ "type": "Feature", "properties": { "nom_zone": "Lyon Commanderie", "nombre_arret": 2, "nom_ligne": "['25' 'B2']", "nombre_ligne": 2, "type_ligne": "Bus", "bool_bus": true, "bool_tram": false, "bool_metro": false, "bool_ferry": false }, "geometry": { "type": "LineString", "coordinates": [ [ 5.362464, 43.338071 ], [ 5.362003, 43.339396 ] ] } },
{ "type": "Feature", "properties": { "nom_zone": "Lyon Oddo", "nombre_arret": 2, "nom_ligne": "['25' '70' 'B2' '36B' '535']", "nombre_ligne": 5, "type_ligne": "Bus", "bool_bus": true, "bool_tram": false, "bool_metro": false, "bool_ferry": false }, "geometry": { "type": "LineString", "coordinates": [ [ 5.36528975, 43.32987411 ], [ 5.365409, 43.329897 ] ] } },
{ "type": "Feature", "properties": { "nom_zone": "Lyon Raffineries", "nombre_arret": 2, "nom_ligne": "['25' 'B2']", "nombre_ligne": 2, "type_ligne": "Bus", "bool_bus": true, "bool_tram": false, "bool_metro": false, "bool_ferry": false }, "geometry": { "type": "LineString", "coordinates": [ [ 5.363179, 43.336331 ], [ 5.363119, 43.336159 ] ] } },
{ "type": "Feature", "properties": { "nom_zone": "Léon Bancal Saint-Menet", "nombre_arret": 2, "nom_ligne": "['15S' '15' '540' '40' '50' '64']", "nombre_ligne": 6, "type_ligne": "Bus", "bool_bus": true, "bool_tram": false, "bool_metro": false, "bool_ferry": false }, "geometry": { "type": "LineString", "coordinates": [ [ 5.481513, 43.289571 ], [ 5.481135, 43.289393 ] ] } },
{ "type": "Feature", "properties": { "nom_zone": "Léon Meisserel", "nombre_arret": 1, "nom_ligne": "['67' 'S4' '9' 'BM1B']", "nombre_ligne": 4, "type_ligne": "Bus", "bool_bus": true, "bool_tram": false, "bool_metro": false, "bool_ferry": false }, "geometry": { "type": "Point", "coordinates": [ 5.418608, 43.304925 ] } },
{ "type": "Feature", "properties": { "nom_zone": "MAC", "nombre_arret": 2, "nom_ligne": "['23' '45']", "nombre_ligne": 2, "type_ligne": "Bus", "bool_bus": true, "bool_tram": false, "bool_metro": false, "bool_ferry": false }, "geometry": { "type": "LineString", "coordinates": [ [ 5.390073, 43.250948 ], [ 5.389564, 43.250908 ] ] } },
{ "type": "Feature", "properties": { "nom_zone": "MIN Arnavaux", "nombre_arret": 2, "nom_ligne": "38", "nombre_ligne": 1, "type_ligne": "Bus", "bool_bus": true, "bool_tram": false, "bool_metro": false, "bool_ferry": false }, "geometry": { "type": "LineString", "coordinates": [ [ 5.382506, 43.338444 ], [ 5.380904, 43.339434 ] ] } },
{ "type": "Feature", "properties": { "nom_zone": "MIN Bolivar", "nombre_arret": 2, "nom_ligne": "38", "nombre_ligne": 1, "type_ligne": "Bus", "bool_bus": true, "bool_tram": false, "bool_metro": false, "bool_ferry": false }, "geometry": { "type": "LineString", "coordinates": [ [ 5.377551, 43.340909 ], [ 5.37749, 43.341111 ] ] } },
{ "type": "Feature", "properties": { "nom_zone": "MIN Gibbes", "nombre_arret": 2, "nom_ligne": "38", "nombre_ligne": 1, "type_ligne": "Bus", "bool_bus": true, "bool_tram": false, "bool_metro": false, "bool_ferry": false }, "geometry": { "type": "LineString", "coordinates": [ [ 5.385107, 43.337098 ], [ 5.385034, 43.3376 ] ] } },
{ "type": "Feature", "properties": { "nom_zone": "Madrague Mont Rose", "nombre_arret": 2, "nom_ligne": "['19' 'S8']", "nombre_ligne": 2, "type_ligne": "Bus", "bool_bus": true, "bool_tram": false, "bool_metro": false, "bool_ferry": false }, "geometry": { "type": "LineString", "coordinates": [ [ 5.35553169999997, 43.2317617 ], [ 5.3551517, 43.231424 ] ] } },
{ "type": "Feature", "properties": { "nom_zone": "Madrague de Montredon", "nombre_arret": 1, "nom_ligne": "['19' 'S8' '20']", "nombre_ligne": 3, "type_ligne": "Bus", "bool_bus": true, "bool_tram": false, "bool_metro": false, "bool_ferry": false }, "geometry": { "type": "Point", "coordinates": [ 5.354625, 43.231095 ] } },
{ "type": "Feature", "properties": { "nom_zone": "Magdelon", "nombre_arret": 2, "nom_ligne": "47", "nombre_ligne": 1, "type_ligne": "Bus", "bool_bus": true, "bool_tram": false, "bool_metro": false, "bool_ferry": false }, "geometry": { "type": "LineString", "coordinates": [ [ 5.401461, 43.248664 ], [ 5.401307, 43.248374 ] ] } },
{ "type": "Feature", "properties": { "nom_zone": "Mairie", "nombre_arret": 1, "nom_ligne": "FERRY", "nombre_ligne": 1, "type_ligne": "Ferry", "bool_bus": false, "bool_tram": false, "bool_metro": false, "bool_ferry": true }, "geometry": { "type": "Point", "coordinates": [ 5.37040472, 43.29587875 ] } },
{ "type": "Feature", "properties": { "nom_zone": "Mairie 11-12", "nombre_arret": 2, "nom_ligne": "10", "nombre_ligne": 1, "type_ligne": "Bus", "bool_bus": true, "bool_tram": false, "bool_metro": false, "bool_ferry": false }, "geometry": { "type": "LineString", "coordinates": [ [ 5.44272, 43.296722 ], [ 5.442587, 43.296878 ] ] } },
{ "type": "Feature", "properties": { "nom_zone": "Mairie 6-8", "nombre_arret": 1, "nom_ligne": "86", "nombre_ligne": 1, "type_ligne": "Bus", "bool_bus": true, "bool_tram": false, "bool_metro": false, "bool_ferry": false }, "geometry": { "type": "Point", "coordinates": [ 5.382936, 43.271073309999984 ] } },
{ "type": "Feature", "properties": { "nom_zone": "Malosse Butris", "nombre_arret": 2, "nom_ligne": "['91' '509' 'S5' '9' '10']", "nombre_ligne": 5, "type_ligne": "Bus", "bool_bus": true, "bool_tram": false, "bool_metro": false, "bool_ferry": false }, "geometry": { "type": "LineString", "coordinates": [ [ 5.449974, 43.29853 ], [ 5.450151, 43.298648 ] ] } },
{ "type": "Feature", "properties": { "nom_zone": "Malpassé", "nombre_arret": 4, "nom_ligne": "['38' '37' '42T' '42']", "nombre_ligne": 4, "type_ligne": "Bus", "bool_bus": true, "bool_tram": false, "bool_metro": false, "bool_ferry": false }, "geometry": { "type": "Polygon", "coordinates": [ [ [ 5.412879, 43.322442 ], [ 5.412718, 43.322797 ], [ 5.413259559999989, 43.32300145 ], [ 5.413566, 43.322362 ], [ 5.412879, 43.322442 ] ] ] } },
{ "type": "Feature", "properties": { "nom_zone": "Marché aux Puces", "nombre_arret": 2, "nom_ligne": "['36B' '36']", "nombre_ligne": 2, "type_ligne": "Bus", "bool_bus": true, "bool_tram": false, "bool_metro": false, "bool_ferry": false }, "geometry": { "type": "LineString", "coordinates": [ [ 5.361232, 43.325884 ], [ 5.360994, 43.326462 ] ] } },
{ "type": "Feature", "properties": { "nom_zone": "Marinier Belvédère", "nombre_arret": 2, "nom_ligne": "['95' '95S']", "nombre_ligne": 2, "type_ligne": "Bus", "bool_bus": true, "bool_tram": false, "bool_metro": false, "bool_ferry": false }, "geometry": { "type": "LineString", "coordinates": [ [ 5.313122, 43.370294 ], [ 5.313195, 43.37037 ] ] } },
{ "type": "Feature", "properties": { "nom_zone": "Marinier Grotte", "nombre_arret": 1, "nom_ligne": "['95' '95S']", "nombre_ligne": 2, "type_ligne": "Bus", "bool_bus": true, "bool_tram": false, "bool_metro": false, "bool_ferry": false }, "geometry": { "type": "Point", "coordinates": [ 5.314309, 43.366102 ] } },
{ "type": "Feature", "properties": { "nom_zone": "Marseilleveyre", "nombre_arret": 1, "nom_ligne": "45", "nombre_ligne": 1, "type_ligne": "Bus", "bool_bus": true, "bool_tram": false, "bool_metro": false, "bool_ferry": false }, "geometry": { "type": "Point", "coordinates": [ 5.375477, 43.239203 ] } },
{ "type": "Feature", "properties": { "nom_zone": "Martinique Guadeloupe", "nombre_arret": 1, "nom_ligne": "49", "nombre_ligne": 1, "type_ligne": "Bus", "bool_bus": true, "bool_tram": false, "bool_metro": false, "bool_ferry": false }, "geometry": { "type": "Point", "coordinates": [ 5.374745, 43.281893 ] } },
{ "type": "Feature", "properties": { "nom_zone": "Martinique Pythagore", "nombre_arret": 1, "nom_ligne": "49", "nombre_ligne": 1, "type_ligne": "Bus", "bool_bus": true, "bool_tram": false, "bool_metro": false, "bool_ferry": false }, "geometry": { "type": "Point", "coordinates": [ 5.3762, 43.283205 ] } },
{ "type": "Feature", "properties": { "nom_zone": "Maréchal Juin", "nombre_arret": 2, "nom_ligne": "['72' 'BM1A']", "nombre_ligne": 2, "type_ligne": "Bus", "bool_bus": true, "bool_tram": false, "bool_metro": false, "bool_ferry": false }, "geometry": { "type": "LineString", "coordinates": [ [ 5.403604, 43.311887 ], [ 5.405156, 43.312879 ] ] } },
{ "type": "Feature", "properties": { "nom_zone": "Mauriac Saint-Cyr", "nombre_arret": 2, "nom_ligne": "16", "nombre_ligne": 1, "type_ligne": "Bus", "bool_bus": true, "bool_tram": false, "bool_metro": false, "bool_ferry": false }, "geometry": { "type": "LineString", "coordinates": [ [ 5.42661, 43.267895 ], [ 5.426887, 43.267823 ] ] } },
{ "type": "Feature", "properties": { "nom_zone": "Mazarade Norma", "nombre_arret": 1, "nom_ligne": "6", "nombre_ligne": 1, "type_ligne": "Bus", "bool_bus": true, "bool_tram": false, "bool_metro": false, "bool_ferry": false }, "geometry": { "type": "Point", "coordinates": [ 5.429745, 43.315023 ] } },
{ "type": "Feature", "properties": { "nom_zone": "Mazargues", "nombre_arret": 2, "nom_ligne": "['22S' '22']", "nombre_ligne": 2, "type_ligne": "Bus", "bool_bus": true, "bool_tram": false, "bool_metro": false, "bool_ferry": false }, "geometry": { "type": "LineString", "coordinates": [ [ 5.403814, 43.246021 ], [ 5.404135, 43.246192 ] ] } },
{ "type": "Feature", "properties": { "nom_zone": "Mazargues Barral", "nombre_arret": 2, "nom_ligne": "['23' '45']", "nombre_ligne": 2, "type_ligne": "Bus", "bool_bus": true, "bool_tram": false, "bool_metro": false, "bool_ferry": false }, "geometry": { "type": "LineString", "coordinates": [ [ 5.392841, 43.263039 ], [ 5.393036, 43.262875 ] ] } },
{ "type": "Feature", "properties": { "nom_zone": "Mazargues Etienne Milan", "nombre_arret": 2, "nom_ligne": "['44' '23' '45']", "nombre_ligne": 3, "type_ligne": "Bus", "bool_bus": true, "bool_tram": false, "bool_metro": false, "bool_ferry": false }, "geometry": { "type": "LineString", "coordinates": [ [ 5.389494, 43.267419 ], [ 5.389663, 43.266484 ] ] } },
{ "type": "Feature", "properties": { "nom_zone": "Mazargues Legré", "nombre_arret": 2, "nom_ligne": "['22S' '22']", "nombre_ligne": 2, "type_ligne": "Bus", "bool_bus": true, "bool_tram": false, "bool_metro": false, "bool_ferry": false }, "geometry": { "type": "LineString", "coordinates": [ [ 5.395671, 43.250298 ], [ 5.395597, 43.250499 ] ] } },
{ "type": "Feature", "properties": { "nom_zone": "Mazargues Négresko", "nombre_arret": 1, "nom_ligne": "['44' '23' '45']", "nombre_ligne": 3, "type_ligne": "Bus", "bool_bus": true, "bool_tram": false, "bool_metro": false, "bool_ferry": false }, "geometry": { "type": "Point", "coordinates": [ 5.388723, 43.268781 ] } },
{ "type": "Feature", "properties": { "nom_zone": "Merlan Brissac", "nombre_arret": 2, "nom_ligne": "['33' '533' 'N2' '34']", "nombre_ligne": 4, "type_ligne": "Bus", "bool_bus": true, "bool_tram": false, "bool_metro": false, "bool_ferry": false }, "geometry": { "type": "LineString", "coordinates": [ [ 5.407398, 43.33607 ], [ 5.407143, 43.33644 ] ] } },
{ "type": "Feature", "properties": { "nom_zone": "Merlan Guynemer", "nombre_arret": 2, "nom_ligne": "['33' '34']", "nombre_ligne": 2, "type_ligne": "Bus", "bool_bus": true, "bool_tram": false, "bool_metro": false, "bool_ferry": false }, "geometry": { "type": "LineString", "coordinates": [ [ 5.408235, 43.346489 ], [ 5.408092, 43.346827 ] ] } },
{ "type": "Feature", "properties": { "nom_zone": "Merlan Pâquerettes", "nombre_arret": 2, "nom_ligne": "['33' '34']", "nombre_ligne": 2, "type_ligne": "Bus", "bool_bus": true, "bool_tram": false, "bool_metro": false, "bool_ferry": false }, "geometry": { "type": "LineString", "coordinates": [ [ 5.408461, 43.345411 ], [ 5.40847, 43.345151 ] ] } },
{ "type": "Feature", "properties": { "nom_zone": "Merlan Ste Marthe", "nombre_arret": 3, "nom_ligne": "['33' '38' '533' 'N2' '27' '34']", "nombre_ligne": 6, "type_ligne": "Bus", "bool_bus": true, "bool_tram": false, "bool_metro": false, "bool_ferry": false }, "geometry": { "type": "Polygon", "coordinates": [ [ [ 5.404303, 43.331025 ], [ 5.40436248, 43.33032313 ], [ 5.404335, 43.330506 ], [ 5.404303, 43.331025 ] ] ] } },
{ "type": "Feature", "properties": { "nom_zone": "Merlan Tourelle", "nombre_arret": 2, "nom_ligne": "['33' '34']", "nombre_ligne": 2, "type_ligne": "Bus", "bool_bus": true, "bool_tram": false, "bool_metro": false, "bool_ferry": false }, "geometry": { "type": "LineString", "coordinates": [ [ 5.407414, 43.341647 ], [ 5.407678, 43.341861 ] ] } },
{ "type": "Feature", "properties": { "nom_zone": "Merlan Trompette", "nombre_arret": 2, "nom_ligne": "['33' '533' 'N2' '34']", "nombre_ligne": 4, "type_ligne": "Bus", "bool_bus": true, "bool_tram": false, "bool_metro": false, "bool_ferry": false }, "geometry": { "type": "LineString", "coordinates": [ [ 5.40679564000001, 43.332322700000041 ], [ 5.406510819999983, 43.33200144000002 ] ] } },
{ "type": "Feature", "properties": { "nom_zone": "Merlan Verdon", "nombre_arret": 2, "nom_ligne": "['33' '533' 'N2' '34']", "nombre_ligne": 4, "type_ligne": "Bus", "bool_bus": true, "bool_tram": false, "bool_metro": false, "bool_ferry": false }, "geometry": { "type": "LineString", "coordinates": [ [ 5.407566, 43.33432 ], [ 5.407522, 43.333779 ] ] } },
{ "type": "Feature", "properties": { "nom_zone": "Merlan Village", "nombre_arret": 2, "nom_ligne": "['33' '533' 'N2' '34']", "nombre_ligne": 4, "type_ligne": "Bus", "bool_bus": true, "bool_tram": false, "bool_metro": false, "bool_ferry": false }, "geometry": { "type": "LineString", "coordinates": [ [ 5.407712, 43.338373 ], [ 5.407523, 43.33826 ] ] } },
{ "type": "Feature", "properties": { "nom_zone": "Mermoz Chalet", "nombre_arret": 1, "nom_ligne": "86", "nombre_ligne": 1, "type_ligne": "Bus", "bool_bus": true, "bool_tram": false, "bool_metro": false, "bool_ferry": false }, "geometry": { "type": "Point", "coordinates": [ 5.387324, 43.277348 ] } },
{ "type": "Feature", "properties": { "nom_zone": "Mermoz Duveen", "nombre_arret": 1, "nom_ligne": "86", "nombre_ligne": 1, "type_ligne": "Bus", "bool_bus": true, "bool_tram": false, "bool_metro": false, "bool_ferry": false }, "geometry": { "type": "Point", "coordinates": [ 5.386814, 43.275639 ] } },
{ "type": "Feature", "properties": { "nom_zone": "Mermoz Sicard", "nombre_arret": 1, "nom_ligne": "86", "nombre_ligne": 1, "type_ligne": "Bus", "bool_bus": true, "bool_tram": false, "bool_metro": false, "bool_ferry": false }, "geometry": { "type": "Point", "coordinates": [ 5.386814, 43.271632 ] } },
{ "type": "Feature", "properties": { "nom_zone": "Michelet Bonneaude", "nombre_arret": 2, "nom_ligne": "['B1' '21JET' '47' 'N1']", "nombre_ligne": 4, "type_ligne": "Bus", "bool_bus": true, "bool_tram": false, "bool_metro": false, "bool_ferry": false }, "geometry": { "type": "LineString", "coordinates": [ [ 5.401789, 43.253742 ], [ 5.401809449999963, 43.254143140000011 ] ] } },
{ "type": "Feature", "properties": { "nom_zone": "Michelet Bousquet", "nombre_arret": 2, "nom_ligne": "['22S' '48' 'B1' '21JET' '22' 'N1']", "nombre_ligne": 6, "type_ligne": "Bus", "bool_bus": true, "bool_tram": false, "bool_metro": false, "bool_ferry": false }, "geometry": { "type": "LineString", "coordinates": [ [ 5.396639, 43.262876 ], [ 5.396585, 43.263361 ] ] } },
{ "type": "Feature", "properties": { "nom_zone": "Michelet Huveaune", "nombre_arret": 2, "nom_ligne": "['22S' '48' 'B1' '21JET' '22' 'BM2' 'N1']", "nombre_ligne": 7, "type_ligne": "Bus", "bool_bus": true, "bool_tram": false, "bool_metro": false, "bool_ferry": false }, "geometry": { "type": "LineString", "coordinates": [ [ 5.394001, 43.268014 ], [ 5.393887, 43.26774 ] ] } },
{ "type": "Feature", "properties": { "nom_zone": "Michelet Luce", "nombre_arret": 3, "nom_ligne": "['48' '47' '22S' 'B1' '21JET' '22' 'N1']", "nombre_ligne": 7, "type_ligne": "Bus", "bool_bus": true, "bool_tram": false, "bool_metro": false, "bool_ferry": false }, "geometry": { "type": "Polygon", "coordinates": [ [ [ 5.39891, 43.25926 ], [ 5.399654669999976, 43.258905550000044 ], [ 5.399048, 43.258608 ], [ 5.39891, 43.25926 ] ] ] } },
{ "type": "Feature", "properties": { "nom_zone": "Michelet Ramon", "nombre_arret": 2, "nom_ligne": "['22S' '48' 'B1' '21JET' '22' 'BM2' 'N1']", "nombre_ligne": 7, "type_ligne": "Bus", "bool_bus": true, "bool_tram": false, "bool_metro": false, "bool_ferry": false }, "geometry": { "type": "LineString", "coordinates": [ [ 5.395138, 43.266045 ], [ 5.394902, 43.265981 ] ] } },
{ "type": "Feature", "properties": { "nom_zone": "Michelet Taine", "nombre_arret": 2, "nom_ligne": "['B1' '21JET' '47' 'N1']", "nombre_ligne": 4, "type_ligne": "Bus", "bool_bus": true, "bool_tram": false, "bool_metro": false, "bool_ferry": false }, "geometry": { "type": "LineString", "coordinates": [ [ 5.40024, 43.256493 ], [ 5.400235, 43.256976 ] ] } },
{ "type": "Feature", "properties": { "nom_zone": "Mirabeau Peyssonnel", "nombre_arret": 1, "nom_ligne": "['88' '29' 'BM2']", "nombre_ligne": 3, "type_ligne": "Bus", "bool_bus": true, "bool_tram": false, "bool_metro": false, "bool_ferry": false }, "geometry": { "type": "Point", "coordinates": [ 5.36912906, 43.31418638 ] } },
{ "type": "Feature", "properties": { "nom_zone": "Monet Florida", "nombre_arret": 2, "nom_ligne": "['533' 'N2' '32' '34']", "nombre_ligne": 4, "type_ligne": "Bus", "bool_bus": true, "bool_tram": false, "bool_metro": false, "bool_ferry": false }, "geometry": { "type": "LineString", "coordinates": [ [ 5.39532, 43.326854 ], [ 5.39521199, 43.326895700000023 ] ] } },
{ "type": "Feature", "properties": { "nom_zone": "Monet Lavandins", "nombre_arret": 2, "nom_ligne": "['533' 'N2' '32' '34']", "nombre_ligne": 4, "type_ligne": "Bus", "bool_bus": true, "bool_tram": false, "bool_metro": false, "bool_ferry": false }, "geometry": { "type": "LineString", "coordinates": [ [ 5.393767, 43.324973 ], [ 5.394273, 43.325653 ] ] } },
{ "type": "Feature", "properties": { "nom_zone": "Monet St Barthélemy", "nombre_arret": 2, "nom_ligne": "['533' 'N2' '32' '34']", "nombre_ligne": 4, "type_ligne": "Bus", "bool_bus": true, "bool_tram": false, "bool_metro": false, "bool_ferry": false }, "geometry": { "type": "LineString", "coordinates": [ [ 5.393032, 43.323702 ], [ 5.393359299999989, 43.32398 ] ] } },
{ "type": "Feature", "properties": { "nom_zone": "Monte Cristo Camas", "nombre_arret": 2, "nom_ligne": "['52' '509']", "nombre_ligne": 2, "type_ligne": "Bus", "bool_bus": true, "bool_tram": false, "bool_metro": false, "bool_ferry": false }, "geometry": { "type": "LineString", "coordinates": [ [ 5.391539189999975, 43.29895735 ], [ 5.391858, 43.298945 ] ] } },
{ "type": "Feature", "properties": { "nom_zone": "Monte Cristo Faria", "nombre_arret": 2, "nom_ligne": "['52' '509']", "nombre_ligne": 2, "type_ligne": "Bus", "bool_bus": true, "bool_tram": false, "bool_metro": false, "bool_ferry": false }, "geometry": { "type": "LineString", "coordinates": [ [ 5.395675, 43.299559 ], [ 5.395826, 43.299434 ] ] } },
{ "type": "Feature", "properties": { "nom_zone": "Montebello", "nombre_arret": 2, "nom_ligne": "74", "nombre_ligne": 1, "type_ligne": "Bus", "bool_bus": true, "bool_tram": false, "bool_metro": false, "bool_ferry": false }, "geometry": { "type": "LineString", "coordinates": [ [ 5.378486, 43.279974 ], [ 5.378452, 43.280213 ] ] } },
{ "type": "Feature", "properties": { "nom_zone": "Montgrand", "nombre_arret": 2, "nom_ligne": "['15' '540' '40' '50']", "nombre_ligne": 4, "type_ligne": "Bus", "bool_bus": true, "bool_tram": false, "bool_metro": false, "bool_ferry": false }, "geometry": { "type": "LineString", "coordinates": [ [ 5.494155, 43.28363 ], [ 5.49302, 43.283898 ] ] } },
{ "type": "Feature", "properties": { "nom_zone": "Montolivet", "nombre_arret": 2, "nom_ligne": "6", "nombre_ligne": 1, "type_ligne": "Bus", "bool_bus": true, "bool_tram": false, "bool_metro": false, "bool_ferry": false }, "geometry": { "type": "LineString", "coordinates": [ [ 5.424043, 43.317491 ], [ 5.423923, 43.317457 ] ] } },
{ "type": "Feature", "properties": { "nom_zone": "Montolivet Beauregard", "nombre_arret": 2, "nom_ligne": "['67' '6']", "nombre_ligne": 2, "type_ligne": "Bus", "bool_bus": true, "bool_tram": false, "bool_metro": false, "bool_ferry": false }, "geometry": { "type": "LineString", "coordinates": [ [ 5.411887, 43.312549 ], [ 5.411111, 43.312182 ] ] } },
{ "type": "Feature", "properties": { "nom_zone": "Montolivet Chabot", "nombre_arret": 2, "nom_ligne": "6", "nombre_ligne": 1, "type_ligne": "Bus", "bool_bus": true, "bool_tram": false, "bool_metro": false, "bool_ferry": false }, "geometry": { "type": "LineString", "coordinates": [ [ 5.421901, 43.31815 ], [ 5.421338, 43.318231 ] ] } },
{ "type": "Feature", "properties": { "nom_zone": "Montolivet Corbière", "nombre_arret": 2, "nom_ligne": "6", "nombre_ligne": 1, "type_ligne": "Bus", "bool_bus": true, "bool_tram": false, "bool_metro": false, "bool_ferry": false }, "geometry": { "type": "LineString", "coordinates": [ [ 5.414551, 43.314938 ], [ 5.414273, 43.314776 ] ] } },
{ "type": "Feature", "properties": { "nom_zone": "Montolivet Matheron", "nombre_arret": 2, "nom_ligne": "6", "nombre_ligne": 1, "type_ligne": "Bus", "bool_bus": true, "bool_tram": false, "bool_metro": false, "bool_ferry": false }, "geometry": { "type": "LineString", "coordinates": [ [ 5.417384, 43.317688 ], [ 5.419146, 43.317702 ] ] } },
{ "type": "Feature", "properties": { "nom_zone": "Montolivet Roux", "nombre_arret": 1, "nom_ligne": "['67' '6']", "nombre_ligne": 2, "type_ligne": "Bus", "bool_bus": true, "bool_tram": false, "bool_metro": false, "bool_ferry": false }, "geometry": { "type": "Point", "coordinates": [ 5.407402, 43.309692 ] } },
{ "type": "Feature", "properties": { "nom_zone": "Montredon Chancel", "nombre_arret": 1, "nom_ligne": "['19' 'S8' '19B']", "nombre_ligne": 3, "type_ligne": "Bus", "bool_bus": true, "bool_tram": false, "bool_metro": false, "bool_ferry": false }, "geometry": { "type": "Point", "coordinates": [ 5.368988, 43.241953 ] } },
{ "type": "Feature", "properties": { "nom_zone": "Montredon Miremonts", "nombre_arret": 1, "nom_ligne": "['19' 'S8']", "nombre_ligne": 2, "type_ligne": "Bus", "bool_bus": true, "bool_tram": false, "bool_metro": false, "bool_ferry": false }, "geometry": { "type": "Point", "coordinates": [ 5.36353, 43.237383 ] } },
{ "type": "Feature", "properties": { "nom_zone": "Montée Graille", "nombre_arret": 2, "nom_ligne": "['25' '98']", "nombre_ligne": 2, "type_ligne": "Bus", "bool_bus": true, "bool_tram": false, "bool_metro": false, "bool_ferry": false }, "geometry": { "type": "LineString", "coordinates": [ [ 5.348853, 43.372042 ], [ 5.348912, 43.372312 ] ] } },
{ "type": "Feature", "properties": { "nom_zone": "Montée de l'Oratoire", "nombre_arret": 1, "nom_ligne": "60", "nombre_ligne": 1, "type_ligne": "Bus", "bool_bus": true, "bool_tram": false, "bool_metro": false, "bool_ferry": false }, "geometry": { "type": "Point", "coordinates": [ 5.37084, 43.288954 ] } },
{ "type": "Feature", "properties": { "nom_zone": "Moretti Gibbes", "nombre_arret": 2, "nom_ligne": "['28' '530' '28B']", "nombre_ligne": 3, "type_ligne": "Bus", "bool_bus": true, "bool_tram": false, "bool_metro": false, "bool_ferry": false }, "geometry": { "type": "LineString", "coordinates": [ [ 5.3833339, 43.3245019 ], [ 5.383689, 43.324146900000024 ] ] } },
{ "type": "Feature", "properties": { "nom_zone": "Moretti Ste Marthe", "nombre_arret": 2, "nom_ligne": "['28' '530' '28B']", "nombre_ligne": 3, "type_ligne": "Bus", "bool_bus": true, "bool_tram": false, "bool_metro": false, "bool_ferry": false }, "geometry": { "type": "LineString", "coordinates": [ [ 5.388244, 43.323589 ], [ 5.38823, 43.323748 ] ] } },
{ "type": "Feature", "properties": { "nom_zone": "Morgiou Arnaud", "nombre_arret": 2, "nom_ligne": "22", "nombre_ligne": 1, "type_ligne": "Bus", "bool_bus": true, "bool_tram": false, "bool_metro": false, "bool_ferry": false }, "geometry": { "type": "LineString", "coordinates": [ [ 5.415327, 43.228377 ], [ 5.415423, 43.228657 ] ] } },
{ "type": "Feature", "properties": { "nom_zone": "Morgiou Beauvallon", "nombre_arret": 1, "nom_ligne": "['22S' '22' '23']", "nombre_ligne": 3, "type_ligne": "Bus", "bool_bus": true, "bool_tram": false, "bool_metro": false, "bool_ferry": false }, "geometry": { "type": "Point", "coordinates": [ 5.410998, 43.235046 ] } },
{ "type": "Feature", "properties": { "nom_zone": "Morgiou Cauvière", "nombre_arret": 2, "nom_ligne": "['22S' '22']", "nombre_ligne": 2, "type_ligne": "Bus", "bool_bus": true, "bool_tram": false, "bool_metro": false, "bool_ferry": false }, "geometry": { "type": "LineString", "coordinates": [ [ 5.409033, 43.237511 ], [ 5.4088, 43.23757 ] ] } },
{ "type": "Feature", "properties": { "nom_zone": "Morgiou Rosiers", "nombre_arret": 2, "nom_ligne": "['22S' '22']", "nombre_ligne": 2, "type_ligne": "Bus", "bool_bus": true, "bool_tram": false, "bool_metro": false, "bool_ferry": false }, "geometry": { "type": "LineString", "coordinates": [ [ 5.406986, 43.240331 ], [ 5.407054379999976, 43.240688900000016 ] ] } },
{ "type": "Feature", "properties": { "nom_zone": "Morgiou Seigneurie", "nombre_arret": 2, "nom_ligne": "['22S' '22']", "nombre_ligne": 2, "type_ligne": "Bus", "bool_bus": true, "bool_tram": false, "bool_metro": false, "bool_ferry": false }, "geometry": { "type": "LineString", "coordinates": [ [ 5.406323, 43.242832 ], [ 5.406314, 43.242534 ] ] } },
{ "type": "Feature", "properties": { "nom_zone": "Morgiou Vert Plan", "nombre_arret": 2, "nom_ligne": "['22S' '22']", "nombre_ligne": 2, "type_ligne": "Bus", "bool_bus": true, "bool_tram": false, "bool_metro": false, "bool_ferry": false }, "geometry": { "type": "LineString", "coordinates": [ [ 5.410074, 43.236041 ], [ 5.410431, 43.23592 ] ] } },
{ "type": "Feature", "properties": { "nom_zone": "Moulin à Vent", "nombre_arret": 2, "nom_ligne": "['36B' '36']", "nombre_ligne": 2, "type_ligne": "Bus", "bool_bus": true, "bool_tram": false, "bool_metro": false, "bool_ferry": false }, "geometry": { "type": "LineString", "coordinates": [ [ 5.359267, 43.330871 ], [ 5.359093, 43.330659 ] ] } },
{ "type": "Feature", "properties": { "nom_zone": "Moutte Daudet", "nombre_arret": 1, "nom_ligne": "['42T' '42' '53']", "nombre_ligne": 3, "type_ligne": "Bus", "bool_bus": true, "bool_tram": false, "bool_metro": false, "bool_ferry": false }, "geometry": { "type": "Point", "coordinates": [ 5.408933, 43.320719 ] } },
{ "type": "Feature", "properties": { "nom_zone": "Mucem Saint-Jean", "nombre_arret": 3, "nom_ligne": "['60' '82S' '582' '49' '83']", "nombre_ligne": 5, "type_ligne": "Bus", "bool_bus": true, "bool_tram": false, "bool_metro": false, "bool_ferry": false }, "geometry": { "type": "Polygon", "coordinates": [ [ [ 5.36247075, 43.296331650000013 ], [ 5.362873, 43.296441 ], [ 5.362829, 43.296245 ], [ 5.36247075, 43.296331650000013 ] ] ] } },
{ "type": "Feature", "properties": { "nom_zone": "Musso Roy d'Espagne", "nombre_arret": 2, "nom_ligne": "44", "nombre_ligne": 1, "type_ligne": "Bus", "bool_bus": true, "bool_tram": false, "bool_metro": false, "bool_ferry": false }, "geometry": { "type": "LineString", "coordinates": [ [ 5.38539, 43.243936 ], [ 5.385524, 43.243937 ] ] } },
{ "type": "Feature", "properties": { "nom_zone": "Musée de la Moto", "nombre_arret": 2, "nom_ligne": "['38' 'B4' '32']", "nombre_ligne": 3, "type_ligne": "Bus", "bool_bus": true, "bool_tram": false, "bool_metro": false, "bool_ferry": false }, "geometry": { "type": "LineString", "coordinates": [ [ 5.403782939999973, 43.329267850000015 ], [ 5.403908, 43.329255 ] ] } },
{ "type": "Feature", "properties": { "nom_zone": "Méditerranée", "nombre_arret": 2, "nom_ligne": "['70' '36B' '535']", "nombre_ligne": 3, "type_ligne": "Bus", "bool_bus": true, "bool_tram": false, "bool_metro": false, "bool_ferry": false }, "geometry": { "type": "LineString", "coordinates": [ [ 5.361926, 43.333024 ], [ 5.36201, 43.333098 ] ] } },
{ "type": "Feature", "properties": { "nom_zone": "Mérimée Corot", "nombre_arret": 2, "nom_ligne": "['533' 'N2' '32' '34' '53']", "nombre_ligne": 5, "type_ligne": "Bus", "bool_bus": true, "bool_tram": false, "bool_metro": false, "bool_ferry": false }, "geometry": { "type": "LineString", "coordinates": [ [ 5.396839, 43.327762 ], [ 5.396791, 43.327834 ] ] } },
{ "type": "Feature", "properties": { "nom_zone": "Mérimée Saint-Paul", "nombre_arret": 2, "nom_ligne": "B4", "nombre_ligne": 1, "type_ligne": "Bus", "bool_bus": true, "bool_tram": false, "bool_metro": false, "bool_ferry": false }, "geometry": { "type": "LineString", "coordinates": [ [ 5.404418, 43.3296388 ], [ 5.404346299999972, 43.32968570000002 ] ] } },
{ "type": "Feature", "properties": { "nom_zone": "Métro 5 Avenues", "nombre_arret": 3, "nom_ligne": "['81' '88' '42T' '42' 'M1']", "nombre_ligne": 5, "type_ligne": "['Bus' 'Subway']", "bool_bus": true, "bool_tram": false, "bool_metro": true, "bool_ferry": false }, "geometry": { "type": "Polygon", "coordinates": [ [ [ 5.397133179999988, 43.30406129 ], [ 5.396812, 43.303548 ], [ 5.396961, 43.303832 ], [ 5.397133179999988, 43.30406129 ] ] ] } },
{ "type": "Feature", "properties": { "nom_zone": "Métro Bougainville", "nombre_arret": 6, "nom_ligne": "['28' '70' '36' '36B' '28B' 'BM2' 'M2' '72' '535']", "nombre_ligne": 9, "type_ligne": "['Bus' 'Subway']", "bool_bus": true, "bool_tram": false, "bool_metro": true, "bool_ferry": false }, "geometry": { "type": "Polygon", "coordinates": [ [ [ 5.371527, 43.320881 ], [ 5.371416, 43.321237 ], [ 5.371724, 43.320897 ], [ 5.37110674, 43.319401500000012 ], [ 5.371158, 43.320221 ], [ 5.371527, 43.320881 ] ] ] } },
{ "type": "Feature", "properties": { "nom_zone": "Métro Chartreux", "nombre_arret": 3, "nom_ligne": "['67' '72' '6' 'BM1A']", "nombre_ligne": 4, "type_ligne": "Bus", "bool_bus": true, "bool_tram": false, "bool_metro": false, "bool_ferry": false }, "geometry": { "type": "Polygon", "coordinates": [ [ [ 5.401238, 43.308945 ], [ 5.403215, 43.30974 ], [ 5.402687, 43.30909 ], [ 5.401238, 43.308945 ] ] ] } },
{ "type": "Feature", "properties": { "nom_zone": "Métro Colbert", "nombre_arret": 2, "nom_ligne": "['31' '89' '509' '533' 'M1' 'N2' '32' '97JET' '97' '530' '29' 'BM1A']", "nombre_ligne": 12, "type_ligne": "['Bus' 'Subway']", "bool_bus": true, "bool_tram": false, "bool_metro": true, "bool_ferry": false }, "geometry": { "type": "LineString", "coordinates": [ [ 5.374308, 43.300237 ], [ 5.374519, 43.300224 ] ] } },
{ "type": "Feature", "properties": { "nom_zone": "Métro Désirée Clary", "nombre_arret": 1, "nom_ligne": "['88' 'M2']", "nombre_ligne": 2, "type_ligne": "['Bus' 'Subway']", "bool_bus": true, "bool_tram": false, "bool_metro": true, "bool_ferry": false }, "geometry": { "type": "Point", "coordinates": [ 5.372983559999968, 43.309612600000015 ] } },
{ "type": "Feature", "properties": { "nom_zone": "Métro Estrangin", "nombre_arret": 1, "nom_ligne": "['M1' '41']", "nombre_ligne": 2, "type_ligne": "['Subway' 'Bus']", "bool_bus": true, "bool_tram": false, "bool_metro": true, "bool_ferry": false }, "geometry": { "type": "Point", "coordinates": [ 5.378248, 43.289812 ] } },
{ "type": "Feature", "properties": { "nom_zone": "Métro Frais Vallon", "nombre_arret": 7, "nom_ligne": "['27' '42T' '42' 'B3' 'BM1A' 'M1' '39' 'B4' '6']", "nombre_ligne": 9, "type_ligne": "['Bus' 'Subway']", "bool_bus": true, "bool_tram": false, "bool_metro": true, "bool_ferry": false }, "geometry": { "type": "Polygon", "coordinates": [ [ [ 5.4232015, 43.3255405 ], [ 5.423245, 43.327052 ], [ 5.423530569999985, 43.327089640000011 ], [ 5.423258, 43.325467 ], [ 5.424541, 43.324977 ], [ 5.422919209999948, 43.324990710000023 ], [ 5.422598069999975, 43.32496118 ], [ 5.4232015, 43.3255405 ] ] ] } },
{ "type": "Feature", "properties": { "nom_zone": "Métro Joliette", "nombre_arret": 2, "nom_ligne": "['55' 'M2' 'T2' 'T3']", "nombre_ligne": 4, "type_ligne": "['Bus' 'Subway' 'Tram']", "bool_bus": true, "bool_tram": true, "bool_metro": true, "bool_ferry": false }, "geometry": { "type": "LineString", "coordinates": [ [ 5.367757, 43.30399 ], [ 5.367662989999973, 43.304354040000028 ] ] } },
{ "type": "Feature", "properties": { "nom_zone": "Métro Jules Guesde", "nombre_arret": 4, "nom_ligne": "['31' '89' '32' '97JET' '97' '530' '29' 'M2' '82S' '582' 'BM2']", "nombre_ligne": 11, "type_ligne": "['Bus' 'Subway']", "bool_bus": true, "bool_tram": false, "bool_metro": true, "bool_ferry": false }, "geometry": { "type": "Polygon", "coordinates": [ [ [ 5.37343162, 43.301563 ], [ 5.372957, 43.301837 ], [ 5.3742539, 43.302087300000025 ], [ 5.374433899999974, 43.302080500000038 ], [ 5.37343162, 43.301563 ] ] ] } },
{ "type": "Feature", "properties": { "nom_zone": "Métro La Fourragère", "nombre_arret": 12, "nom_ligne": "['10' '7' '7B' '509' 'B4' 'M1' 'S5' 'B5' 'S4' '9' '107' 'BM1B']", "nombre_ligne": 12, "type_ligne": "['Bus' 'Subway']", "bool_bus": true, "bool_tram": false, "bool_metro": true, "bool_ferry": false }, "geometry": { "type": "Polygon", "coordinates": [ [ [ 5.423878190000011, 43.30384615 ], [ 5.42375654, 43.304186620000031 ], [ 5.42416957, 43.304058630000029 ], [ 5.424519789999988, 43.30404434 ], [ 5.425108050000012, 43.304509969999977 ], [ 5.425773, 43.30460131 ], [ 5.42577847, 43.30430054 ], [ 5.42511832000001, 43.30435635 ], [ 5.42458487, 43.303870309999979 ], [ 5.42446927, 43.303834360000018 ], [ 5.42432168, 43.303827500000011 ], [ 5.4241967, 43.303870060000015 ], [ 5.423878190000011, 43.30384615 ] ] ] } },
{ "type": "Feature", "properties": { "nom_zone": "Métro La Rose", "nombre_arret": 17, "nom_ligne": "['2' '3' '4' '4B' 'M1' '142' '144' '27' 'BM1A' '5' '1' '42T' '42' '62'\n '63' 'B3']", "nombre_ligne": 16, "type_ligne": "['Bus' 'Subway']", "bool_bus": true, "bool_tram": false, "bool_metro": true, "bool_ferry": false }, "geometry": { "type": "Polygon", "coordinates": [ [ [ 5.429453, 43.332995 ], [ 5.429419, 43.333591 ], [ 5.429625, 43.333451 ], [ 5.429634500000011, 43.333138 ], [ 5.429672, 43.33322 ], [ 5.42976, 43.333208 ], [ 5.429997, 43.333403 ], [ 5.430115, 43.33349 ], [ 5.43083623, 43.33364348 ], [ 5.431117, 43.333691 ], [ 5.43100655, 43.333606410000023 ], [ 5.430734, 43.333544 ], [ 5.43011596, 43.333137510000014 ], [ 5.42992577, 43.33300274 ], [ 5.429740499999972, 43.333097 ], [ 5.429709, 43.333084 ], [ 5.429563, 43.332863 ], [ 5.429453, 43.332995 ] ] ] } },
{ "type": "Feature", "properties": { "nom_zone": "Métro La Timone", "nombre_arret": 7, "nom_ligne": "['12B' '12' '52' '72' '91' '540' 'M1' '12S' '54' 'BM1B' '40' 'BM1A']", "nombre_ligne": 12, "type_ligne": "['Bus' 'Subway']", "bool_bus": true, "bool_tram": false, "bool_metro": true, "bool_ferry": false }, "geometry": { "type": "Polygon", "coordinates": [ [ [ 5.399972, 43.291445 ], [ 5.400162, 43.291696 ], [ 5.400728, 43.291773 ], [ 5.400478, 43.291538 ], [ 5.400229, 43.291165 ], [ 5.400166, 43.291018 ], [ 5.399794, 43.291005 ], [ 5.399972, 43.291445 ] ] ] } },
{ "type": "Feature", "properties": { "nom_zone": "Métro Louis Armand", "nombre_arret": 2, "nom_ligne": "['10' 'BM1B' 'M1']", "nombre_ligne": 3, "type_ligne": "['Bus' 'Subway']", "bool_bus": true, "bool_tram": false, "bool_metro": true, "bool_ferry": false }, "geometry": { "type": "LineString", "coordinates": [ [ 5.412998, 43.299987 ], [ 5.41305275999998, 43.299432390000014 ] ] } },
{ "type": "Feature", "properties": { "nom_zone": "Métro Malpassé", "nombre_arret": 7, "nom_ligne": "['39' '38' 'M1' '37' 'BM1A']", "nombre_ligne": 5, "type_ligne": "['Bus' 'Subway']", "bool_bus": true, "bool_tram": false, "bool_metro": true, "bool_ferry": false }, "geometry": { "type": "Polygon", "coordinates": [ [ [ 5.41568149000001, 43.3205264 ], [ 5.41553, 43.320435 ], [ 5.4156591, 43.320806779999963 ], [ 5.4164315, 43.3209855 ], [ 5.41644, 43.320944500000017 ], [ 5.416505250000011, 43.32051818 ], [ 5.41570723, 43.320556990000014 ], [ 5.41568149000001, 43.3205264 ] ] ] } },
{ "type": "Feature", "properties": { "nom_zone": "Métro National", "nombre_arret": 2, "nom_ligne": "['89' '88' '530' '29' 'BM2' 'M2']", "nombre_ligne": 6, "type_ligne": "['Bus' 'Subway']", "bool_bus": true, "bool_tram": false, "bool_metro": true, "bool_ferry": false }, "geometry": { "type": "LineString", "coordinates": [ [ 5.373036, 43.315639 ], [ 5.37321568, 43.31554955 ] ] } },
{ "type": "Feature", "properties": { "nom_zone": "Métro Notre Dame du Mont", "nombre_arret": 4, "nom_ligne": "['81' 'BM2' '74']", "nombre_ligne": 3, "type_ligne": "Bus", "bool_bus": true, "bool_tram": false, "bool_metro": false, "bool_ferry": false }, "geometry": { "type": "Polygon", "coordinates": [ [ [ 5.382397819999981, 43.293348570000049 ], [ 5.382227589999965, 43.293567079999988 ], [ 5.384133, 43.292647 ], [ 5.384091, 43.29249 ], [ 5.382397819999981, 43.293348570000049 ] ] ] } },
{ "type": "Feature", "properties": { "nom_zone": "Métro Périer", "nombre_arret": 1, "nom_ligne": "86", "nombre_ligne": 1, "type_ligne": "Bus", "bool_bus": true, "bool_tram": false, "bool_metro": false, "bool_ferry": false }, "geometry": { "type": "Point", "coordinates": [ 5.38709263, 43.279334900000016 ] } },
{ "type": "Feature", "properties": { "nom_zone": "Métro Rond Point du Prado", "nombre_arret": 15, "nom_ligne": "['44' '22S' '48' 'B1' '21JET' '22' '23' '45' 'BM2' 'N1' 'M2' '19' '19B'\n '41' '83' '72']", "nombre_ligne": 16, "type_ligne": "['Bus' 'Subway']", "bool_bus": true, "bool_tram": false, "bool_metro": true, "bool_ferry": false }, "geometry": { "type": "Polygon", "coordinates": [ [ [ 5.38987756, 43.27146 ], [ 5.38937867, 43.271374070000014 ], [ 5.390144, 43.271911 ], [ 5.390509, 43.272123 ], [ 5.391953, 43.273012 ], [ 5.392301, 43.273048 ], [ 5.392275, 43.271451 ], [ 5.392437, 43.271104 ], [ 5.39262414, 43.27075889 ], [ 5.39269945, 43.27063286 ], [ 5.392239, 43.270537 ], [ 5.392259359999984, 43.271108469999987 ], [ 5.392112, 43.271687 ], [ 5.391944, 43.271977 ], [ 5.390784, 43.272004 ], [ 5.38987756, 43.27146 ] ] ] } },
{ "type": "Feature", "properties": { "nom_zone": "Métro St Barnabé", "nombre_arret": 2, "nom_ligne": "['10' '9']", "nombre_ligne": 2, "type_ligne": "Bus", "bool_bus": true, "bool_tram": false, "bool_metro": false, "bool_ferry": false }, "geometry": { "type": "LineString", "coordinates": [ [ 5.419413, 43.303716 ], [ 5.4193908, 43.303798100000023 ] ] } },
{ "type": "Feature", "properties": { "nom_zone": "Métro St Just", "nombre_arret": 4, "nom_ligne": "['81' '53' 'M1' 'BM1A']", "nombre_ligne": 4, "type_ligne": "['Bus' 'Subway']", "bool_bus": true, "bool_tram": false, "bool_metro": true, "bool_ferry": false }, "geometry": { "type": "Polygon", "coordinates": [ [ [ 5.407271459999977, 43.31567727 ], [ 5.405349, 43.31621 ], [ 5.405335, 43.316378 ], [ 5.407566290000013, 43.31590774 ], [ 5.407271459999977, 43.31567727 ] ] ] } },
{ "type": "Feature", "properties": { "nom_zone": "National", "nombre_arret": 2, "nom_ligne": "['89' '88' '530' '29' 'BM2' 'M2']", "nombre_ligne": 6, "type_ligne": "['Bus' 'Subway']", "bool_bus": true, "bool_tram": false, "bool_metro": true, "bool_ferry": false }, "geometry": { "type": "LineString", "coordinates": [ [ 5.373079009999978, 43.315124499999975 ], [ 5.372969, 43.315123500000041 ] ] } },
{ "type": "Feature", "properties": { "nom_zone": "National Belle de Mai", "nombre_arret": 2, "nom_ligne": "['33' '533' 'N2' '582' '34' '49']", "nombre_ligne": 6, "type_ligne": "Bus", "bool_bus": true, "bool_tram": false, "bool_metro": false, "bool_ferry": false }, "geometry": { "type": "LineString", "coordinates": [ [ 5.381879, 43.307545 ], [ 5.381363679999986, 43.30824724 ] ] } },
{ "type": "Feature", "properties": { "nom_zone": "National Guibal", "nombre_arret": 2, "nom_ligne": "['33' '56' '533' 'N2' '582' '34']", "nombre_ligne": 6, "type_ligne": "Bus", "bool_bus": true, "bool_tram": false, "bool_metro": false, "bool_ferry": false }, "geometry": { "type": "LineString", "coordinates": [ [ 5.384298559999976, 43.305353850000024 ], [ 5.384125, 43.305373 ] ] } },
{ "type": "Feature", "properties": { "nom_zone": "National Jullien", "nombre_arret": 2, "nom_ligne": "['89' '530']", "nombre_ligne": 2, "type_ligne": "Bus", "bool_bus": true, "bool_tram": false, "bool_metro": false, "bool_ferry": false }, "geometry": { "type": "LineString", "coordinates": [ [ 5.374633, 43.313481 ], [ 5.37428224, 43.31384597000001 ] ] } },
{ "type": "Feature", "properties": { "nom_zone": "National Loubon", "nombre_arret": 2, "nom_ligne": "['31' '33' '89' '533' 'N2' '32' '530' '34']", "nombre_ligne": 8, "type_ligne": "Bus", "bool_bus": true, "bool_tram": false, "bool_metro": false, "bool_ferry": false }, "geometry": { "type": "LineString", "coordinates": [ [ 5.378737, 43.310525 ], [ 5.378529, 43.310816 ] ] } },
{ "type": "Feature", "properties": { "nom_zone": "National Pyat", "nombre_arret": 2, "nom_ligne": "['89' '88' '97JET' '97' '530']", "nombre_ligne": 5, "type_ligne": "Bus", "bool_bus": true, "bool_tram": false, "bool_metro": false, "bool_ferry": false }, "geometry": { "type": "LineString", "coordinates": [ [ 5.37653807000001, 43.312196350000015 ], [ 5.376235, 43.312495 ] ] } },
{ "type": "Feature", "properties": { "nom_zone": "Nicolas Appert", "nombre_arret": 2, "nom_ligne": "['N2' '3']", "nombre_ligne": 2, "type_ligne": "Bus", "bool_bus": true, "bool_tram": false, "bool_metro": false, "bool_ferry": false }, "geometry": { "type": "LineString", "coordinates": [ [ 5.418121, 43.339584 ], [ 5.41845, 43.339263 ] ] } },
{ "type": "Feature", "properties": { "nom_zone": "Noailles", "nombre_arret": 8, "nom_ligne": "['81' 'BM2' 'M2' 'T1' 'T2']", "nombre_ligne": 5, "type_ligne": "['Bus' 'Subway' 'Tram']", "bool_bus": true, "bool_tram": true, "bool_metro": true, "bool_ferry": false }, "geometry": { "type": "Polygon", "coordinates": [ [ [ 5.381109, 43.297158 ], [ 5.380914, 43.298076 ], [ 5.38110085, 43.298140539999984 ], [ 5.381482, 43.297928 ], [ 5.382307, 43.297998 ], [ 5.381626, 43.29771 ], [ 5.381277, 43.296773500000022 ], [ 5.381212, 43.296780500000018 ], [ 5.381109, 43.297158 ] ] ] } },
{ "type": "Feature", "properties": { "nom_zone": "Norma Compostelle", "nombre_arret": 2, "nom_ligne": "6", "nombre_ligne": 1, "type_ligne": "Bus", "bool_bus": true, "bool_tram": false, "bool_metro": false, "bool_ferry": false }, "geometry": { "type": "LineString", "coordinates": [ [ 5.431271, 43.318442 ], [ 5.431365, 43.318491 ] ] } },
{ "type": "Feature", "properties": { "nom_zone": "Norma Peyrard", "nombre_arret": 1, "nom_ligne": "6", "nombre_ligne": 1, "type_ligne": "Bus", "bool_bus": true, "bool_tram": false, "bool_metro": false, "bool_ferry": false }, "geometry": { "type": "Point", "coordinates": [ 5.430809, 43.316772 ] } },
{ "type": "Feature", "properties": { "nom_zone": "Notre Dame", "nombre_arret": 2, "nom_ligne": "['121' '122']", "nombre_ligne": 2, "type_ligne": "Bus", "bool_bus": true, "bool_tram": false, "bool_metro": false, "bool_ferry": false }, "geometry": { "type": "LineString", "coordinates": [ [ 5.360868, 43.388772 ], [ 5.361204, 43.388858 ] ] } },
{ "type": "Feature", "properties": { "nom_zone": "Notre Dame Dragon", "nombre_arret": 1, "nom_ligne": "49", "nombre_ligne": 1, "type_ligne": "Bus", "bool_bus": true, "bool_tram": false, "bool_metro": false, "bool_ferry": false }, "geometry": { "type": "Point", "coordinates": [ 5.373891, 43.287149 ] } },
{ "type": "Feature", "properties": { "nom_zone": "Notre Dame Limite", "nombre_arret": 2, "nom_ligne": "['96' '97' 'B2' '121' '122']", "nombre_ligne": 5, "type_ligne": "Bus", "bool_bus": true, "bool_tram": false, "bool_metro": false, "bool_ferry": false }, "geometry": { "type": "LineString", "coordinates": [ [ 5.358732, 43.384472 ], [ 5.359001, 43.38481 ] ] } },
{ "type": "Feature", "properties": { "nom_zone": "Notre Dame de la Consolation", "nombre_arret": 3, "nom_ligne": "['5' 'S3' '37' 'S2' '3' 'N2']", "nombre_ligne": 6, "type_ligne": "Bus", "bool_bus": true, "bool_tram": false, "bool_metro": false, "bool_ferry": false }, "geometry": { "type": "Polygon", "coordinates": [ [ [ 5.420016, 43.339885 ], [ 5.42075515, 43.33950973000001 ], [ 5.420256, 43.339276 ], [ 5.420016, 43.339885 ] ] ] } },
{ "type": "Feature", "properties": { "nom_zone": "Notre Dame de la Garde", "nombre_arret": 1, "nom_ligne": "60", "nombre_ligne": 1, "type_ligne": "Bus", "bool_bus": true, "bool_tram": false, "bool_metro": false, "bool_ferry": false }, "geometry": { "type": "Point", "coordinates": [ 5.371708, 43.284373 ] } },
{ "type": "Feature", "properties": { "nom_zone": "Notre-Dame du Mont", "nombre_arret": 2, "nom_ligne": "M2", "nombre_ligne": 1, "type_ligne": "Subway", "bool_bus": false, "bool_tram": false, "bool_metro": true, "bool_ferry": false }, "geometry": { "type": "LineString", "coordinates": [ [ 5.383636499999986, 43.292812 ], [ 5.3836905, 43.2928265 ] ] } },
{ "type": "Feature", "properties": { "nom_zone": "Nungesser", "nombre_arret": 2, "nom_ligne": "['31' '28' '530' '27']", "nombre_ligne": 4, "type_ligne": "Bus", "bool_bus": true, "bool_tram": false, "bool_metro": false, "bool_ferry": false }, "geometry": { "type": "LineString", "coordinates": [ [ 5.386703, 43.340548 ], [ 5.386852, 43.340789 ] ] } },
{ "type": "Feature", "properties": { "nom_zone": "Nédelec Guesde", "nombre_arret": 2, "nom_ligne": "['82S' '509' '533' 'N2' '582' 'BM1A' 'BM2']", "nombre_ligne": 7, "type_ligne": "Bus", "bool_bus": true, "bool_tram": false, "bool_metro": false, "bool_ferry": false }, "geometry": { "type": "LineString", "coordinates": [ [ 5.37728727, 43.30246112 ], [ 5.376509429999984, 43.30225421 ] ] } },
{ "type": "Feature", "properties": { "nom_zone": "Nédelec St Charles", "nombre_arret": 1, "nom_ligne": "['82S' '509' '533' 'N2' '582' 'BM1A' 'BM2' 'M2']", "nombre_ligne": 8, "type_ligne": "['Bus' 'Subway']", "bool_bus": true, "bool_tram": false, "bool_metro": true, "bool_ferry": false }, "geometry": { "type": "Point", "coordinates": [ 5.37851572, 43.30311697 ] } },
{ "type": "Feature", "properties": { "nom_zone": "Néel", "nombre_arret": 2, "nom_ligne": "['N2' '63' 'B3']", "nombre_ligne": 3, "type_ligne": "Bus", "bool_bus": true, "bool_tram": false, "bool_metro": false, "bool_ferry": false }, "geometry": { "type": "LineString", "coordinates": [ [ 5.43937, 43.34402 ], [ 5.439519, 43.343732 ] ] } },
{ "type": "Feature", "properties": { "nom_zone": "Négresko", "nombre_arret": 2, "nom_ligne": "['44' '23' '45']", "nombre_ligne": 3, "type_ligne": "Bus", "bool_bus": true, "bool_tram": false, "bool_metro": false, "bool_ferry": false }, "geometry": { "type": "LineString", "coordinates": [ [ 5.390632, 43.269656 ], [ 5.389798, 43.269559 ] ] } },
{ "type": "Feature", "properties": { "nom_zone": "Obélisque", "nombre_arret": 2, "nom_ligne": "['B1' '21JET' '47' 'N1']", "nombre_ligne": 4, "type_ligne": "Bus", "bool_bus": true, "bool_tram": false, "bool_metro": false, "bool_ferry": false }, "geometry": { "type": "LineString", "coordinates": [ [ 5.403314, 43.251085 ], [ 5.403307, 43.25154 ] ] } },
{ "type": "Feature", "properties": { "nom_zone": "Océan Pistou", "nombre_arret": 2, "nom_ligne": "23", "nombre_ligne": 1, "type_ligne": "Bus", "bool_bus": true, "bool_tram": false, "bool_metro": false, "bool_ferry": false }, "geometry": { "type": "LineString", "coordinates": [ [ 5.401024, 43.240593 ], [ 5.402174, 43.240736 ] ] } },
{ "type": "Feature", "properties": { "nom_zone": "Océan Réattu", "nombre_arret": 2, "nom_ligne": "23", "nombre_ligne": 1, "type_ligne": "Bus", "bool_bus": true, "bool_tram": false, "bool_metro": false, "bool_ferry": false }, "geometry": { "type": "LineString", "coordinates": [ [ 5.399047, 43.241198 ], [ 5.398705, 43.241519 ] ] } },
{ "type": "Feature", "properties": { "nom_zone": "Oratoire Gazzino", "nombre_arret": 1, "nom_ligne": "60", "nombre_ligne": 1, "type_ligne": "Bus", "bool_bus": true, "bool_tram": false, "bool_metro": false, "bool_ferry": false }, "geometry": { "type": "Point", "coordinates": [ 5.370334, 43.288107 ] } },
{ "type": "Feature", "properties": { "nom_zone": "Oriol Corniche", "nombre_arret": 2, "nom_ligne": "73", "nombre_ligne": 1, "type_ligne": "Bus", "bool_bus": true, "bool_tram": false, "bool_metro": false, "bool_ferry": false }, "geometry": { "type": "LineString", "coordinates": [ [ 5.360318469999988, 43.27570496 ], [ 5.36026, 43.275464 ] ] } },
{ "type": "Feature", "properties": { "nom_zone": "Palais Longchamp", "nombre_arret": 4, "nom_ligne": "['582' 'M1' 'T2']", "nombre_ligne": 3, "type_ligne": "['Bus' 'Subway' 'Tram']", "bool_bus": true, "bool_tram": true, "bool_metro": true, "bool_ferry": false }, "geometry": { "type": "Polygon", "coordinates": [ [ [ 5.392395, 43.30337 ], [ 5.39309, 43.304228 ], [ 5.39322, 43.304149 ], [ 5.392459, 43.303228 ], [ 5.392395, 43.30337 ] ] ] } },
{ "type": "Feature", "properties": { "nom_zone": "Palais Omnisports", "nombre_arret": 2, "nom_ligne": "['72' 'N1']", "nombre_ligne": 2, "type_ligne": "Bus", "bool_bus": true, "bool_tram": false, "bool_metro": false, "bool_ferry": false }, "geometry": { "type": "LineString", "coordinates": [ [ 5.401836, 43.281291 ], [ 5.402203, 43.281463 ] ] } },
{ "type": "Feature", "properties": { "nom_zone": "Palama Camoins", "nombre_arret": 2, "nom_ligne": "['5' 'S3']", "nombre_ligne": 2, "type_ligne": "Bus", "bool_bus": true, "bool_tram": false, "bool_metro": false, "bool_ferry": false }, "geometry": { "type": "LineString", "coordinates": [ [ 5.439247, 43.354908 ], [ 5.439371, 43.35473 ] ] } },
{ "type": "Feature", "properties": { "nom_zone": "Palama Carrousel", "nombre_arret": 2, "nom_ligne": "['5' 'S3']", "nombre_ligne": 2, "type_ligne": "Bus", "bool_bus": true, "bool_tram": false, "bool_metro": false, "bool_ferry": false }, "geometry": { "type": "LineString", "coordinates": [ [ 5.441413, 43.358735 ], [ 5.441036, 43.358447 ] ] } },
{ "type": "Feature", "properties": { "nom_zone": "Palama Château Gombert", "nombre_arret": 2, "nom_ligne": "['5' 'S3' '1']", "nombre_ligne": 3, "type_ligne": "Bus", "bool_bus": true, "bool_tram": false, "bool_metro": false, "bool_ferry": false }, "geometry": { "type": "LineString", "coordinates": [ [ 5.437743, 43.352248 ], [ 5.437648, 43.352383 ] ] } },
{ "type": "Feature", "properties": { "nom_zone": "Palama Ecuyers", "nombre_arret": 2, "nom_ligne": "['5' 'S3']", "nombre_ligne": 2, "type_ligne": "Bus", "bool_bus": true, "bool_tram": false, "bool_metro": false, "bool_ferry": false }, "geometry": { "type": "LineString", "coordinates": [ [ 5.442118, 43.359703 ], [ 5.441956, 43.359432 ] ] } },
{ "type": "Feature", "properties": { "nom_zone": "Palama Fumade", "nombre_arret": 2, "nom_ligne": "['5' 'S3']", "nombre_ligne": 2, "type_ligne": "Bus", "bool_bus": true, "bool_tram": false, "bool_metro": false, "bool_ferry": false }, "geometry": { "type": "LineString", "coordinates": [ [ 5.44022, 43.357243 ], [ 5.440005, 43.356708 ] ] } },
{ "type": "Feature", "properties": { "nom_zone": "Paradis D'Urville", "nombre_arret": 1, "nom_ligne": "41", "nombre_ligne": 1, "type_ligne": "Bus", "bool_bus": true, "bool_tram": false, "bool_metro": false, "bool_ferry": false }, "geometry": { "type": "Point", "coordinates": [ 5.385762, 43.27202 ] } },
{ "type": "Feature", "properties": { "nom_zone": "Paradis Dragon", "nombre_arret": 1, "nom_ligne": "['M1' '41']", "nombre_ligne": 2, "type_ligne": "['Subway' 'Bus']", "bool_bus": true, "bool_tram": false, "bool_metro": true, "bool_ferry": false }, "geometry": { "type": "Point", "coordinates": [ 5.379081, 43.287853 ] } },
{ "type": "Feature", "properties": { "nom_zone": "Paradis Fiolle", "nombre_arret": 1, "nom_ligne": "41", "nombre_ligne": 1, "type_ligne": "Bus", "bool_bus": true, "bool_tram": false, "bool_metro": false, "bool_ferry": false }, "geometry": { "type": "Point", "coordinates": [ 5.380631, 43.284205 ] } },
{ "type": "Feature", "properties": { "nom_zone": "Paradis Lord Duveen", "nombre_arret": 2, "nom_ligne": "41", "nombre_ligne": 1, "type_ligne": "Bus", "bool_bus": true, "bool_tram": false, "bool_metro": false, "bool_ferry": false }, "geometry": { "type": "LineString", "coordinates": [ [ 5.384432, 43.2752 ], [ 5.38439, 43.275667 ] ] } },
{ "type": "Feature", "properties": { "nom_zone": "Paradis Mistral", "nombre_arret": 2, "nom_ligne": "41", "nombre_ligne": 1, "type_ligne": "Bus", "bool_bus": true, "bool_tram": false, "bool_metro": false, "bool_ferry": false }, "geometry": { "type": "LineString", "coordinates": [ [ 5.385239, 43.273312 ], [ 5.385541, 43.272914 ] ] } },
{ "type": "Feature", "properties": { "nom_zone": "Paradis Ste Victoire", "nombre_arret": 1, "nom_ligne": "41", "nombre_ligne": 1, "type_ligne": "Bus", "bool_bus": true, "bool_tram": false, "bool_metro": false, "bool_ferry": false }, "geometry": { "type": "Point", "coordinates": [ 5.379445, 43.286655 ] } },
{ "type": "Feature", "properties": { "nom_zone": "Paradis Wulfran Puget", "nombre_arret": 2, "nom_ligne": "41", "nombre_ligne": 1, "type_ligne": "Bus", "bool_bus": true, "bool_tram": false, "bool_metro": false, "bool_ferry": false }, "geometry": { "type": "LineString", "coordinates": [ [ 5.38373, 43.276815 ], [ 5.38354, 43.277724 ] ] } },
{ "type": "Feature", "properties": { "nom_zone": "Parangon Neptune", "nombre_arret": 2, "nom_ligne": "45", "nombre_ligne": 1, "type_ligne": "Bus", "bool_bus": true, "bool_tram": false, "bool_metro": false, "bool_ferry": false }, "geometry": { "type": "LineString", "coordinates": [ [ 5.380128, 43.245262 ], [ 5.380262, 43.245211 ] ] } },
{ "type": "Feature", "properties": { "nom_zone": "Parc Bagatelle", "nombre_arret": 1, "nom_ligne": "86", "nombre_ligne": 1, "type_ligne": "Bus", "bool_bus": true, "bool_tram": false, "bool_metro": false, "bool_ferry": false }, "geometry": { "type": "Point", "coordinates": [ 5.381519819999969, 43.269494050000034 ] } },
{ "type": "Feature", "properties": { "nom_zone": "Parc Bellevue", "nombre_arret": 2, "nom_ligne": "['29' 'BM2']", "nombre_ligne": 2, "type_ligne": "Bus", "bool_bus": true, "bool_tram": false, "bool_metro": false, "bool_ferry": false }, "geometry": { "type": "LineString", "coordinates": [ [ 5.374690459999977, 43.31806208 ], [ 5.374594339999966, 43.317685660000031 ] ] } },
{ "type": "Feature", "properties": { "nom_zone": "Parc Blanchard", "nombre_arret": 2, "nom_ligne": "30", "nombre_ligne": 1, "type_ligne": "Bus", "bool_bus": true, "bool_tram": false, "bool_metro": false, "bool_ferry": false }, "geometry": { "type": "LineString", "coordinates": [ [ 5.365854, 43.34373 ], [ 5.365591, 43.343291 ] ] } },
{ "type": "Feature", "properties": { "nom_zone": "Parc Borély", "nombre_arret": 2, "nom_ligne": "['19' '19B' '83']", "nombre_ligne": 3, "type_ligne": "Bus", "bool_bus": true, "bool_tram": false, "bool_metro": false, "bool_ferry": false }, "geometry": { "type": "LineString", "coordinates": [ [ 5.377813, 43.263961 ], [ 5.378095, 43.263909 ] ] } },
{ "type": "Feature", "properties": { "nom_zone": "Parc Corot", "nombre_arret": 2, "nom_ligne": "53", "nombre_ligne": 1, "type_ligne": "Bus", "bool_bus": true, "bool_tram": false, "bool_metro": false, "bool_ferry": false }, "geometry": { "type": "LineString", "coordinates": [ [ 5.404732, 43.323962 ], [ 5.404909, 43.323829 ] ] } },
{ "type": "Feature", "properties": { "nom_zone": "Parc Fleuri", "nombre_arret": 2, "nom_ligne": "16", "nombre_ligne": 1, "type_ligne": "Bus", "bool_bus": true, "bool_tram": false, "bool_metro": false, "bool_ferry": false }, "geometry": { "type": "LineString", "coordinates": [ [ 5.412268, 43.268113 ], [ 5.411737, 43.267999 ] ] } },
{ "type": "Feature", "properties": { "nom_zone": "Parc Kallisté", "nombre_arret": 2, "nom_ligne": "['96' '97' 'B2']", "nombre_ligne": 3, "type_ligne": "Bus", "bool_bus": true, "bool_tram": false, "bool_metro": false, "bool_ferry": false }, "geometry": { "type": "LineString", "coordinates": [ [ 5.364883, 43.38464 ], [ 5.364794, 43.384484 ] ] } },
{ "type": "Feature", "properties": { "nom_zone": "Parc Monticelli", "nombre_arret": 1, "nom_ligne": "86", "nombre_ligne": 1, "type_ligne": "Bus", "bool_bus": true, "bool_tram": false, "bool_metro": false, "bool_ferry": false }, "geometry": { "type": "Point", "coordinates": [ 5.382703449999988, 43.2744543 ] } },
{ "type": "Feature", "properties": { "nom_zone": "Parc Pastré", "nombre_arret": 2, "nom_ligne": "['19' 'S8' '19B']", "nombre_ligne": 3, "type_ligne": "Bus", "bool_bus": true, "bool_tram": false, "bool_metro": false, "bool_ferry": false }, "geometry": { "type": "LineString", "coordinates": [ [ 5.36611, 43.240217 ], [ 5.367282, 43.240313 ] ] } },
{ "type": "Feature", "properties": { "nom_zone": "Parc Saint-Cyr", "nombre_arret": 2, "nom_ligne": "['17' '18']", "nombre_ligne": 2, "type_ligne": "Bus", "bool_bus": true, "bool_tram": false, "bool_metro": false, "bool_ferry": false }, "geometry": { "type": "LineString", "coordinates": [ [ 5.442578, 43.281691 ], [ 5.442779939999948, 43.28167332 ] ] } },
{ "type": "Feature", "properties": { "nom_zone": "Parc St Louis", "nombre_arret": 2, "nom_ligne": "['25' 'B2']", "nombre_ligne": 2, "type_ligne": "Bus", "bool_bus": true, "bool_tram": false, "bool_metro": false, "bool_ferry": false }, "geometry": { "type": "LineString", "coordinates": [ [ 5.359526, 43.343487 ], [ 5.35962, 43.343639 ] ] } },
{ "type": "Feature", "properties": { "nom_zone": "Parc Sévigné", "nombre_arret": 2, "nom_ligne": "T3", "nombre_ligne": 1, "type_ligne": "Tram", "bool_bus": false, "bool_tram": true, "bool_metro": false, "bool_ferry": false }, "geometry": { "type": "LineString", "coordinates": [ [ 5.40483793, 43.261826130000017 ], [ 5.40489251000001, 43.26187135 ] ] } },
{ "type": "Feature", "properties": { "nom_zone": "Parc Valmer", "nombre_arret": 2, "nom_ligne": "['83' 'S7']", "nombre_ligne": 2, "type_ligne": "Bus", "bool_bus": true, "bool_tram": false, "bool_metro": false, "bool_ferry": false }, "geometry": { "type": "LineString", "coordinates": [ [ 5.354920459999971, 43.27811986 ], [ 5.354374, 43.278884 ] ] } },
{ "type": "Feature", "properties": { "nom_zone": "Parc des Bruyères", "nombre_arret": 2, "nom_ligne": "16", "nombre_ligne": 1, "type_ligne": "Bus", "bool_bus": true, "bool_tram": false, "bool_metro": false, "bool_ferry": false }, "geometry": { "type": "LineString", "coordinates": [ [ 5.439013, 43.274717 ], [ 5.440221, 43.274914 ] ] } },
{ "type": "Feature", "properties": { "nom_zone": "Parc du 26ème Centenaire", "nombre_arret": 4, "nom_ligne": "['T3' '50']", "nombre_ligne": 2, "type_ligne": "['Tram' 'Bus']", "bool_bus": true, "bool_tram": true, "bool_metro": false, "bool_ferry": false }, "geometry": { "type": "Polygon", "coordinates": [ [ [ 5.390335689999987, 43.28239281 ], [ 5.390293519999988, 43.28234566 ], [ 5.389446, 43.283145 ], [ 5.39062233, 43.282889 ], [ 5.390335689999987, 43.28239281 ] ] ] } },
{ "type": "Feature", "properties": { "nom_zone": "Pardigon", "nombre_arret": 2, "nom_ligne": "81", "nombre_ligne": 1, "type_ligne": "Bus", "bool_bus": true, "bool_tram": false, "bool_metro": false, "bool_ferry": false }, "geometry": { "type": "LineString", "coordinates": [ [ 5.396157, 43.311604 ], [ 5.39601189, 43.311707870000028 ] ] } },
{ "type": "Feature", "properties": { "nom_zone": "Pardigon Barbier", "nombre_arret": 2, "nom_ligne": "88", "nombre_ligne": 1, "type_ligne": "Bus", "bool_bus": true, "bool_tram": false, "bool_metro": false, "bool_ferry": false }, "geometry": { "type": "LineString", "coordinates": [ [ 5.39507186, 43.311208270000023 ], [ 5.39451915, 43.31156139 ] ] } },
{ "type": "Feature", "properties": { "nom_zone": "Paris Clary", "nombre_arret": 1, "nom_ligne": "['88' '29']", "nombre_ligne": 2, "type_ligne": "Bus", "bool_bus": true, "bool_tram": false, "bool_metro": false, "bool_ferry": false }, "geometry": { "type": "Point", "coordinates": [ 5.370665, 43.309019 ] } },
{ "type": "Feature", "properties": { "nom_zone": "Paris Mirès", "nombre_arret": 1, "nom_ligne": "['88' '29']", "nombre_ligne": 2, "type_ligne": "Bus", "bool_bus": true, "bool_tram": false, "bool_metro": false, "bool_ferry": false }, "geometry": { "type": "Point", "coordinates": [ 5.369658, 43.310683 ] } },
{ "type": "Feature", "properties": { "nom_zone": "Pasteur Monette", "nombre_arret": 2, "nom_ligne": "['1100' '62']", "nombre_ligne": 2, "type_ligne": "Bus", "bool_bus": true, "bool_tram": false, "bool_metro": false, "bool_ferry": false }, "geometry": { "type": "LineString", "coordinates": [ [ 5.466582670000013, 43.35852432 ], [ 5.46639948, 43.35717855 ] ] } },
{ "type": "Feature", "properties": { "nom_zone": "Paul Gaffarel", "nombre_arret": 2, "nom_ligne": "['25' '27']", "nombre_ligne": 2, "type_ligne": "Bus", "bool_bus": true, "bool_tram": false, "bool_metro": false, "bool_ferry": false }, "geometry": { "type": "LineString", "coordinates": [ [ 5.356832, 43.348581 ], [ 5.35811484, 43.34902093 ] ] } },
{ "type": "Feature", "properties": { "nom_zone": "Paulette", "nombre_arret": 2, "nom_ligne": "81", "nombre_ligne": 1, "type_ligne": "Bus", "bool_bus": true, "bool_tram": false, "bool_metro": false, "bool_ferry": false }, "geometry": { "type": "LineString", "coordinates": [ [ 5.398279, 43.315406 ], [ 5.39747, 43.314596 ] ] } },
{ "type": "Feature", "properties": { "nom_zone": "Peintres Roux Jardinerie", "nombre_arret": 2, "nom_ligne": "['4B' 'S6' '4']", "nombre_ligne": 3, "type_ligne": "Bus", "bool_bus": true, "bool_tram": false, "bool_metro": false, "bool_ferry": false }, "geometry": { "type": "LineString", "coordinates": [ [ 5.469362, 43.306556 ], [ 5.469436, 43.306248 ] ] } },
{ "type": "Feature", "properties": { "nom_zone": "Peintres Roux La Serviane", "nombre_arret": 2, "nom_ligne": "['S6' '4']", "nombre_ligne": 2, "type_ligne": "Bus", "bool_bus": true, "bool_tram": false, "bool_metro": false, "bool_ferry": false }, "geometry": { "type": "LineString", "coordinates": [ [ 5.473175, 43.303401 ], [ 5.473975, 43.303107 ] ] } },
{ "type": "Feature", "properties": { "nom_zone": "Peintres Roux La Valentine", "nombre_arret": 2, "nom_ligne": "['S6' '4']", "nombre_ligne": 2, "type_ligne": "Bus", "bool_bus": true, "bool_tram": false, "bool_metro": false, "bool_ferry": false }, "geometry": { "type": "LineString", "coordinates": [ [ 5.480994, 43.295694 ], [ 5.481318, 43.295733 ] ] } },
{ "type": "Feature", "properties": { "nom_zone": "Peintres Roux Montre", "nombre_arret": 2, "nom_ligne": "['S6' '4']", "nombre_ligne": 2, "type_ligne": "Bus", "bool_bus": true, "bool_tram": false, "bool_metro": false, "bool_ferry": false }, "geometry": { "type": "LineString", "coordinates": [ [ 5.478644, 43.298462 ], [ 5.47846, 43.298979 ] ] } },
{ "type": "Feature", "properties": { "nom_zone": "Pelletan St Lazare", "nombre_arret": 1, "nom_ligne": "29", "nombre_ligne": 1, "type_ligne": "Bus", "bool_bus": true, "bool_tram": false, "bool_metro": false, "bool_ferry": false }, "geometry": { "type": "Point", "coordinates": [ 5.37426283, 43.308609890000028 ] } },
{ "type": "Feature", "properties": { "nom_zone": "Perrin Guigou", "nombre_arret": 1, "nom_ligne": "['31' '33' '72' '533' 'N2' '32' '34']", "nombre_ligne": 7, "type_ligne": "Bus", "bool_bus": true, "bool_tram": false, "bool_metro": false, "bool_ferry": false }, "geometry": { "type": "Point", "coordinates": [ 5.389043, 43.315061 ] } },
{ "type": "Feature", "properties": { "nom_zone": "Petit Chantier", "nombre_arret": 2, "nom_ligne": "['55' '60' '80' '81' '61' '54' 'S7']", "nombre_ligne": 7, "type_ligne": "Bus", "bool_bus": true, "bool_tram": false, "bool_metro": false, "bool_ferry": false }, "geometry": { "type": "LineString", "coordinates": [ [ 5.368679, 43.290128 ], [ 5.369248, 43.290413 ] ] } },
{ "type": "Feature", "properties": { "nom_zone": "Petit St Marcel", "nombre_arret": 2, "nom_ligne": "['12B' '12' '12S']", "nombre_ligne": 3, "type_ligne": "Bus", "bool_bus": true, "bool_tram": false, "bool_metro": false, "bool_ferry": false }, "geometry": { "type": "LineString", "coordinates": [ [ 5.466028, 43.289372 ], [ 5.465638, 43.289385 ] ] } },
{ "type": "Feature", "properties": { "nom_zone": "Petit Séminaire", "nombre_arret": 2, "nom_ligne": "6", "nombre_ligne": 1, "type_ligne": "Bus", "bool_bus": true, "bool_tram": false, "bool_metro": false, "bool_ferry": false }, "geometry": { "type": "LineString", "coordinates": [ [ 5.440735, 43.320848 ], [ 5.440797, 43.320755 ] ] } },
{ "type": "Feature", "properties": { "nom_zone": "Pharo Catalans", "nombre_arret": 2, "nom_ligne": "['81' '82S']", "nombre_ligne": 2, "type_ligne": "Bus", "bool_bus": true, "bool_tram": false, "bool_metro": false, "bool_ferry": false }, "geometry": { "type": "LineString", "coordinates": [ [ 5.356286, 43.291877 ], [ 5.355868830000013, 43.2915737 ] ] } },
{ "type": "Feature", "properties": { "nom_zone": "Pichou Galinette", "nombre_arret": 1, "nom_ligne": "['95' '95S']", "nombre_ligne": 2, "type_ligne": "Bus", "bool_bus": true, "bool_tram": false, "bool_metro": false, "bool_ferry": false }, "geometry": { "type": "Point", "coordinates": [ 5.310347, 43.364511 ] } },
{ "type": "Feature", "properties": { "nom_zone": "Pichou Luzzatti", "nombre_arret": 1, "nom_ligne": "['95' '95S']", "nombre_ligne": 2, "type_ligne": "Bus", "bool_bus": true, "bool_tram": false, "bool_metro": false, "bool_ferry": false }, "geometry": { "type": "Point", "coordinates": [ 5.311616, 43.364678 ] } },
{ "type": "Feature", "properties": { "nom_zone": "Pichou Miramare", "nombre_arret": 1, "nom_ligne": "['95' '95S']", "nombre_ligne": 2, "type_ligne": "Bus", "bool_bus": true, "bool_tram": false, "bool_metro": false, "bool_ferry": false }, "geometry": { "type": "Point", "coordinates": [ 5.312399, 43.36651 ] } },
{ "type": "Feature", "properties": { "nom_zone": "Pichou Villa Bellevue", "nombre_arret": 1, "nom_ligne": "['95' '95S']", "nombre_ligne": 2, "type_ligne": "Bus", "bool_bus": true, "bool_tram": false, "bool_metro": false, "bool_ferry": false }, "geometry": { "type": "Point", "coordinates": [ 5.31173661, 43.3677105 ] } },
{ "type": "Feature", "properties": { "nom_zone": "Picon", "nombre_arret": 2, "nom_ligne": "B4", "nombre_ligne": 1, "type_ligne": "Bus", "bool_bus": true, "bool_tram": false, "bool_metro": false, "bool_ferry": false }, "geometry": { "type": "LineString", "coordinates": [ [ 5.389722250000011, 43.33026134 ], [ 5.38944647, 43.330361650000071 ] ] } },
{ "type": "Feature", "properties": { "nom_zone": "Pinède Rougière", "nombre_arret": 2, "nom_ligne": "['121' '122']", "nombre_ligne": 2, "type_ligne": "Bus", "bool_bus": true, "bool_tram": false, "bool_metro": false, "bool_ferry": false }, "geometry": { "type": "LineString", "coordinates": [ [ 5.375851, 43.390469 ], [ 5.375328, 43.390642 ] ] } },
{ "type": "Feature", "properties": { "nom_zone": "Piscine Municipale", "nombre_arret": 2, "nom_ligne": "['70' '535']", "nombre_ligne": 2, "type_ligne": "Bus", "bool_bus": true, "bool_tram": false, "bool_metro": false, "bool_ferry": false }, "geometry": { "type": "LineString", "coordinates": [ [ 5.35457983, 43.344684699999988 ], [ 5.353983, 43.344225 ] ] } },
{ "type": "Feature", "properties": { "nom_zone": "Place Amiral Muselier", "nombre_arret": 2, "nom_ligne": "['83' 'S7']", "nombre_ligne": 2, "type_ligne": "Bus", "bool_bus": true, "bool_tram": false, "bool_metro": false, "bool_ferry": false }, "geometry": { "type": "LineString", "coordinates": [ [ 5.373622, 43.264523 ], [ 5.373559, 43.264148 ] ] } },
{ "type": "Feature", "properties": { "nom_zone": "Place Bargemon", "nombre_arret": 2, "nom_ligne": "49", "nombre_ligne": 1, "type_ligne": "Bus", "bool_bus": true, "bool_tram": false, "bool_metro": false, "bool_ferry": false }, "geometry": { "type": "LineString", "coordinates": [ [ 5.369921, 43.297749 ], [ 5.370515, 43.297679 ] ] } },
{ "type": "Feature", "properties": { "nom_zone": "Place Bonnefon", "nombre_arret": 4, "nom_ligne": "['44' '47']", "nombre_ligne": 2, "type_ligne": "Bus", "bool_bus": true, "bool_tram": false, "bool_metro": false, "bool_ferry": false }, "geometry": { "type": "Polygon", "coordinates": [ [ [ 5.382802, 43.254116 ], [ 5.381996, 43.253425 ], [ 5.382162, 43.25394 ], [ 5.38263, 43.25429 ], [ 5.382802, 43.254116 ] ] ] } },
{ "type": "Feature", "properties": { "nom_zone": "Place Bougainville", "nombre_arret": 2, "nom_ligne": "['72' '28' '28B' '36B' '36' '535' 'BM2']", "nombre_ligne": 7, "type_ligne": "Bus", "bool_bus": true, "bool_tram": false, "bool_metro": false, "bool_ferry": false }, "geometry": { "type": "LineString", "coordinates": [ [ 5.368800759999989, 43.319530560000025 ], [ 5.369112, 43.319313 ] ] } },
{ "type": "Feature", "properties": { "nom_zone": "Place Brossolette", "nombre_arret": 5, "nom_ligne": "['72' '6' 'BM1A' '42T' '42' '67' 'M1']", "nombre_ligne": 7, "type_ligne": "['Bus' 'Subway']", "bool_bus": true, "bool_tram": false, "bool_metro": true, "bool_ferry": false }, "geometry": { "type": "Polygon", "coordinates": [ [ [ 5.400664, 43.306256 ], [ 5.399764, 43.307298 ], [ 5.399972, 43.307292 ], [ 5.400221, 43.306962 ], [ 5.400977, 43.305995 ], [ 5.400664, 43.306256 ] ] ] } },
{ "type": "Feature", "properties": { "nom_zone": "Place Burel", "nombre_arret": 2, "nom_ligne": "['72' '31' '33']", "nombre_ligne": 3, "type_ligne": "Bus", "bool_bus": true, "bool_tram": false, "bool_metro": false, "bool_ferry": false }, "geometry": { "type": "LineString", "coordinates": [ [ 5.389299, 43.314768 ], [ 5.389394, 43.315015 ] ] } },
{ "type": "Feature", "properties": { "nom_zone": "Place Cadenat", "nombre_arret": 2, "nom_ligne": "['56' '88' '582' '49']", "nombre_ligne": 4, "type_ligne": "Bus", "bool_bus": true, "bool_tram": false, "bool_metro": false, "bool_ferry": false }, "geometry": { "type": "LineString", "coordinates": [ [ 5.387376, 43.31185 ], [ 5.387818899999949, 43.31190569000001 ] ] } },
{ "type": "Feature", "properties": { "nom_zone": "Place Caffo", "nombre_arret": 2, "nom_ligne": "['31' '33' '533' 'N2' '32' '88' '34']", "nombre_ligne": 7, "type_ligne": "Bus", "bool_bus": true, "bool_tram": false, "bool_metro": false, "bool_ferry": false }, "geometry": { "type": "LineString", "coordinates": [ [ 5.384606, 43.312868 ], [ 5.384855, 43.312836 ] ] } },
{ "type": "Feature", "properties": { "nom_zone": "Place Cazemajou", "nombre_arret": 1, "nom_ligne": "['72' '535']", "nombre_ligne": 2, "type_ligne": "Bus", "bool_bus": true, "bool_tram": false, "bool_metro": false, "bool_ferry": false }, "geometry": { "type": "Point", "coordinates": [ 5.366802, 43.318413 ] } },
{ "type": "Feature", "properties": { "nom_zone": "Place Colonel Edon", "nombre_arret": 1, "nom_ligne": "60", "nombre_ligne": 1, "type_ligne": "Bus", "bool_bus": true, "bool_tram": false, "bool_metro": false, "bool_ferry": false }, "geometry": { "type": "Point", "coordinates": [ 5.370189, 43.286302 ] } },
{ "type": "Feature", "properties": { "nom_zone": "Place Delibes", "nombre_arret": 3, "nom_ligne": "['86' '73' '41' '74']", "nombre_ligne": 4, "type_ligne": "Bus", "bool_bus": true, "bool_tram": false, "bool_metro": false, "bool_ferry": false }, "geometry": { "type": "Polygon", "coordinates": [ [ [ 5.383266, 43.279224 ], [ 5.383433, 43.279135 ], [ 5.38294, 43.278712 ], [ 5.383266, 43.279224 ] ] ] } },
{ "type": "Feature", "properties": { "nom_zone": "Place Ferrié", "nombre_arret": 4, "nom_ligne": "['T3' '72' 'N1']", "nombre_ligne": 3, "type_ligne": "['Tram' 'Bus']", "bool_bus": true, "bool_tram": true, "bool_metro": false, "bool_ferry": false }, "geometry": { "type": "Polygon", "coordinates": [ [ [ 5.398727890000011, 43.27710471 ], [ 5.398515289999974, 43.2771735 ], [ 5.399307889999963, 43.276975680000014 ], [ 5.39922898000001, 43.276964960000022 ], [ 5.398727890000011, 43.27710471 ] ] ] } },
{ "type": "Feature", "properties": { "nom_zone": "Place Gabriel Péri", "nombre_arret": 2, "nom_ligne": "['121' '122']", "nombre_ligne": 2, "type_ligne": "Bus", "bool_bus": true, "bool_tram": false, "bool_metro": false, "bool_ferry": false }, "geometry": { "type": "LineString", "coordinates": [ [ 5.35929018, 43.38698426 ], [ 5.359179, 43.387026 ] ] } },
{ "type": "Feature", "properties": { "nom_zone": "Place Jean Jaurès", "nombre_arret": 2, "nom_ligne": "74", "nombre_ligne": 1, "type_ligne": "Bus", "bool_bus": true, "bool_tram": false, "bool_metro": false, "bool_ferry": false }, "geometry": { "type": "LineString", "coordinates": [ [ 5.38587947, 43.294570699999987 ], [ 5.386024, 43.294746 ] ] } },
{ "type": "Feature", "properties": { "nom_zone": "Place Joseph Etienne", "nombre_arret": 1, "nom_ligne": "60", "nombre_ligne": 1, "type_ligne": "Bus", "bool_bus": true, "bool_tram": false, "bool_metro": false, "bool_ferry": false }, "geometry": { "type": "Point", "coordinates": [ 5.36675543, 43.289246920000032 ] } },
{ "type": "Feature", "properties": { "nom_zone": "Place Leverrier", "nombre_arret": 2, "nom_ligne": "['582' '49']", "nombre_ligne": 2, "type_ligne": "Bus", "bool_bus": true, "bool_tram": false, "bool_metro": false, "bool_ferry": false }, "geometry": { "type": "LineString", "coordinates": [ [ 5.393038, 43.306389 ], [ 5.393145, 43.306436 ] ] } },
{ "type": "Feature", "properties": { "nom_zone": "Place Marceau", "nombre_arret": 3, "nom_ligne": "['31' '89' '32' '530' '29' '49' '97JET' '97']", "nombre_ligne": 8, "type_ligne": "Bus", "bool_bus": true, "bool_tram": false, "bool_metro": false, "bool_ferry": false }, "geometry": { "type": "Polygon", "coordinates": [ [ [ 5.372554, 43.305596 ], [ 5.373547, 43.305065 ], [ 5.373315, 43.304615 ], [ 5.372554, 43.305596 ] ] ] } },
{ "type": "Feature", "properties": { "nom_zone": "Place Saint-Eugène", "nombre_arret": 2, "nom_ligne": "['80' '84']", "nombre_ligne": 2, "type_ligne": "Bus", "bool_bus": true, "bool_tram": false, "bool_metro": false, "bool_ferry": false }, "geometry": { "type": "LineString", "coordinates": [ [ 5.357492, 43.283956 ], [ 5.358321, 43.284395 ] ] } },
{ "type": "Feature", "properties": { "nom_zone": "Place Sébastopol", "nombre_arret": 3, "nom_ligne": "['52' '509']", "nombre_ligne": 2, "type_ligne": "Bus", "bool_bus": true, "bool_tram": false, "bool_metro": false, "bool_ferry": false }, "geometry": { "type": "Polygon", "coordinates": [ [ [ 5.397826, 43.299721 ], [ 5.397816, 43.299052 ], [ 5.39717052, 43.29902311 ], [ 5.397826, 43.299721 ] ] ] } },
{ "type": "Feature", "properties": { "nom_zone": "Place Valentin Pignol", "nombre_arret": 2, "nom_ligne": "91", "nombre_ligne": 1, "type_ligne": "Bus", "bool_bus": true, "bool_tram": false, "bool_metro": false, "bool_ferry": false }, "geometry": { "type": "LineString", "coordinates": [ [ 5.404504, 43.285949 ], [ 5.404109, 43.286009 ] ] } },
{ "type": "Feature", "properties": { "nom_zone": "Place Valère Bernard", "nombre_arret": 2, "nom_ligne": "['60' '49']", "nombre_ligne": 2, "type_ligne": "Bus", "bool_bus": true, "bool_tram": false, "bool_metro": false, "bool_ferry": false }, "geometry": { "type": "LineString", "coordinates": [ [ 5.375085, 43.284284 ], [ 5.37547, 43.28387 ] ] } },
{ "type": "Feature", "properties": { "nom_zone": "Place aux Huiles", "nombre_arret": 3, "nom_ligne": "['55' '60' '80' '81' '82S' '61' '41' '49' '54' '83' 'BM1A' 'N1' 'FERRY']", "nombre_ligne": 13, "type_ligne": "['Bus' 'Ferry']", "bool_bus": true, "bool_tram": false, "bool_metro": false, "bool_ferry": true }, "geometry": { "type": "Polygon", "coordinates": [ [ [ 5.3707695, 43.29328231 ], [ 5.37109137, 43.29345996 ], [ 5.371556, 43.293432 ], [ 5.3707695, 43.29328231 ] ] ] } },
{ "type": "Feature", "properties": { "nom_zone": "Place de Bois Luzy", "nombre_arret": 2, "nom_ligne": "['S4' '9']", "nombre_ligne": 2, "type_ligne": "Bus", "bool_bus": true, "bool_tram": false, "bool_metro": false, "bool_ferry": false }, "geometry": { "type": "LineString", "coordinates": [ [ 5.419769, 43.309875 ], [ 5.419695, 43.309966 ] ] } },
{ "type": "Feature", "properties": { "nom_zone": "Place de Lenche", "nombre_arret": 2, "nom_ligne": "49", "nombre_ligne": 1, "type_ligne": "Bus", "bool_bus": true, "bool_tram": false, "bool_metro": false, "bool_ferry": false }, "geometry": { "type": "LineString", "coordinates": [ [ 5.365309, 43.297329 ], [ 5.366211, 43.29644 ] ] } },
{ "type": "Feature", "properties": { "nom_zone": "Place de Pologne", "nombre_arret": 1, "nom_ligne": "['72' '540' 'N1']", "nombre_ligne": 3, "type_ligne": "Bus", "bool_bus": true, "bool_tram": false, "bool_metro": false, "bool_ferry": false }, "geometry": { "type": "Point", "coordinates": [ 5.39836358, 43.284005199999982 ] } },
{ "type": "Feature", "properties": { "nom_zone": "Place de Rome", "nombre_arret": 2, "nom_ligne": "T3", "nombre_ligne": 1, "type_ligne": "Tram", "bool_bus": false, "bool_tram": true, "bool_metro": false, "bool_ferry": false }, "geometry": { "type": "LineString", "coordinates": [ [ 5.380716, 43.291407 ], [ 5.380621, 43.291433 ] ] } },
{ "type": "Feature", "properties": { "nom_zone": "Place de St Mitre", "nombre_arret": 2, "nom_ligne": "['37' 'S2' '3']", "nombre_ligne": 3, "type_ligne": "Bus", "bool_bus": true, "bool_tram": false, "bool_metro": false, "bool_ferry": false }, "geometry": { "type": "LineString", "coordinates": [ [ 5.41766981, 43.343390250000013 ], [ 5.417332, 43.343708 ] ] } },
{ "type": "Feature", "properties": { "nom_zone": "Place de Strasbourg", "nombre_arret": 2, "nom_ligne": "['31' '89' '32' '530' '29' '49']", "nombre_ligne": 6, "type_ligne": "Bus", "bool_bus": true, "bool_tram": false, "bool_metro": false, "bool_ferry": false }, "geometry": { "type": "LineString", "coordinates": [ [ 5.373499989999974, 43.30622828000002 ], [ 5.3741169, 43.306407850000021 ] ] } },
{ "type": "Feature", "properties": { "nom_zone": "Place de la Corderie", "nombre_arret": 2, "nom_ligne": "['80' '81' '61' '41' '49' '54' 'BM1A' 'N1' 'S7' '55' '60']", "nombre_ligne": 11, "type_ligne": "Bus", "bool_bus": true, "bool_tram": false, "bool_metro": false, "bool_ferry": false }, "geometry": { "type": "LineString", "coordinates": [ [ 5.372497, 43.290382 ], [ 5.371355, 43.290611 ] ] } },
{ "type": "Feature", "properties": { "nom_zone": "Place des Etats Unis", "nombre_arret": 4, "nom_ligne": "['29' '535' '28' '28B']", "nombre_ligne": 4, "type_ligne": "Bus", "bool_bus": true, "bool_tram": false, "bool_metro": false, "bool_ferry": false }, "geometry": { "type": "Polygon", "coordinates": [ [ [ 5.37492707, 43.326776110000019 ], [ 5.374818, 43.326934 ], [ 5.37563, 43.326358 ], [ 5.375311, 43.326318 ], [ 5.37492707, 43.326776110000019 ] ] ] } },
{ "type": "Feature", "properties": { "nom_zone": "Place des Héros", "nombre_arret": 2, "nom_ligne": "1", "nombre_ligne": 1, "type_ligne": "Bus", "bool_bus": true, "bool_tram": false, "bool_metro": false, "bool_ferry": false }, "geometry": { "type": "LineString", "coordinates": [ [ 5.439234, 43.351801 ], [ 5.439481, 43.35187 ] ] } },
{ "type": "Feature", "properties": { "nom_zone": "Place du 4 Septembre", "nombre_arret": 5, "nom_ligne": "['83' '81' '84' '54' 'S7' '82S']", "nombre_ligne": 6, "type_ligne": "Bus", "bool_bus": true, "bool_tram": false, "bool_metro": false, "bool_ferry": false }, "geometry": { "type": "Polygon", "coordinates": [ [ [ 5.3594, 43.289081 ], [ 5.359493, 43.28923 ], [ 5.359958, 43.288867 ], [ 5.3596447, 43.2882418 ], [ 5.359206, 43.288581 ], [ 5.3594, 43.289081 ] ] ] } },
{ "type": "Feature", "properties": { "nom_zone": "Plage de l'Huveaune", "nombre_arret": 2, "nom_ligne": "['19' '19B' 'S7']", "nombre_ligne": 3, "type_ligne": "Bus", "bool_bus": true, "bool_tram": false, "bool_metro": false, "bool_ferry": false }, "geometry": { "type": "LineString", "coordinates": [ [ 5.375595929999973, 43.260037260000011 ], [ 5.375334, 43.2599 ] ] } },
{ "type": "Feature", "properties": { "nom_zone": "Plage du Prado", "nombre_arret": 2, "nom_ligne": "['19' '19B' '83']", "nombre_ligne": 3, "type_ligne": "Bus", "bool_bus": true, "bool_tram": false, "bool_metro": false, "bool_ferry": false }, "geometry": { "type": "LineString", "coordinates": [ [ 5.375565, 43.262548 ], [ 5.375683, 43.262338 ] ] } },
{ "type": "Feature", "properties": { "nom_zone": "Plage du Prophète", "nombre_arret": 2, "nom_ligne": "['73' '83' 'S7']", "nombre_ligne": 3, "type_ligne": "Bus", "bool_bus": true, "bool_tram": false, "bool_metro": false, "bool_ferry": false }, "geometry": { "type": "LineString", "coordinates": [ [ 5.362642, 43.272549 ], [ 5.36286, 43.27253032 ] ] } },
{ "type": "Feature", "properties": { "nom_zone": "Plages de Corbières", "nombre_arret": 1, "nom_ligne": "35", "nombre_ligne": 1, "type_ligne": "Bus", "bool_bus": true, "bool_tram": false, "bool_metro": false, "bool_ferry": false }, "geometry": { "type": "Point", "coordinates": [ 5.287573, 43.358158 ] } },
{ "type": "Feature", "properties": { "nom_zone": "Plan d'Aou", "nombre_arret": 2, "nom_ligne": "96", "nombre_ligne": 1, "type_ligne": "Bus", "bool_bus": true, "bool_tram": false, "bool_metro": false, "bool_ferry": false }, "geometry": { "type": "LineString", "coordinates": [ [ 5.35347313, 43.36830819 ], [ 5.35348, 43.368528 ] ] } },
{ "type": "Feature", "properties": { "nom_zone": "Plan-de-Cuques Montade", "nombre_arret": 2, "nom_ligne": "['1100' '62']", "nombre_ligne": 2, "type_ligne": "Bus", "bool_bus": true, "bool_tram": false, "bool_metro": false, "bool_ferry": false }, "geometry": { "type": "LineString", "coordinates": [ [ 5.4648453, 43.36004396 ], [ 5.464385829999968, 43.3602699 ] ] } },
{ "type": "Feature", "properties": { "nom_zone": "Platanes Romain Rolland", "nombre_arret": 1, "nom_ligne": "['15S' '15' '17']", "nombre_ligne": 3, "type_ligne": "Bus", "bool_bus": true, "bool_tram": false, "bool_metro": false, "bool_ferry": false }, "geometry": { "type": "Point", "coordinates": [ 5.408836, 43.272003 ] } },
{ "type": "Feature", "properties": { "nom_zone": "Plombières Arnal", "nombre_arret": 3, "nom_ligne": "['31' '33' '72' '533' 'N2' '32' '34']", "nombre_ligne": 7, "type_ligne": "Bus", "bool_bus": true, "bool_tram": false, "bool_metro": false, "bool_ferry": false }, "geometry": { "type": "Polygon", "coordinates": [ [ [ 5.383655, 43.31637 ], [ 5.384342, 43.315981 ], [ 5.383806, 43.31581 ], [ 5.383655, 43.31637 ] ] ] } },
{ "type": "Feature", "properties": { "nom_zone": "Plombières Battala", "nombre_arret": 2, "nom_ligne": "72", "nombre_ligne": 1, "type_ligne": "Bus", "bool_bus": true, "bool_tram": false, "bool_metro": false, "bool_ferry": false }, "geometry": { "type": "LineString", "coordinates": [ [ 5.379967, 43.318216 ], [ 5.3807, 43.317945 ] ] } },
{ "type": "Feature", "properties": { "nom_zone": "Plombières Bon Secours", "nombre_arret": 2, "nom_ligne": "['31' '33' '72' '533' 'N2' '32' '34']", "nombre_ligne": 7, "type_ligne": "Bus", "bool_bus": true, "bool_tram": false, "bool_metro": false, "bool_ferry": false }, "geometry": { "type": "LineString", "coordinates": [ [ 5.3859319, 43.315467720000022 ], [ 5.38619897, 43.31555082 ] ] } },
{ "type": "Feature", "properties": { "nom_zone": "Plombières Cubeddu", "nombre_arret": 2, "nom_ligne": "72", "nombre_ligne": 1, "type_ligne": "Bus", "bool_bus": true, "bool_tram": false, "bool_metro": false, "bool_ferry": false }, "geometry": { "type": "LineString", "coordinates": [ [ 5.38216766, 43.31691142 ], [ 5.3820178, 43.31677936 ] ] } },
{ "type": "Feature", "properties": { "nom_zone": "Poilus Ecoles", "nombre_arret": 2, "nom_ligne": "['4B' '4']", "nombre_ligne": 2, "type_ligne": "Bus", "bool_bus": true, "bool_tram": false, "bool_metro": false, "bool_ferry": false }, "geometry": { "type": "LineString", "coordinates": [ [ 5.462524, 43.31427 ], [ 5.462418, 43.314575 ] ] } },
{ "type": "Feature", "properties": { "nom_zone": "Poilus Mistral", "nombre_arret": 2, "nom_ligne": "['4B' '4']", "nombre_ligne": 2, "type_ligne": "Bus", "bool_bus": true, "bool_tram": false, "bool_metro": false, "bool_ferry": false }, "geometry": { "type": "LineString", "coordinates": [ [ 5.456997, 43.3226 ], [ 5.457186, 43.322592 ] ] } },
{ "type": "Feature", "properties": { "nom_zone": "Poilus Siphon", "nombre_arret": 2, "nom_ligne": "['4B' '4']", "nombre_ligne": 2, "type_ligne": "Bus", "bool_bus": true, "bool_tram": false, "bool_metro": false, "bool_ferry": false }, "geometry": { "type": "LineString", "coordinates": [ [ 5.459725, 43.318245 ], [ 5.459695, 43.318563 ] ] } },
{ "type": "Feature", "properties": { "nom_zone": "Pointe Rouge", "nombre_arret": 2, "nom_ligne": "['19' 'S8' '19B']", "nombre_ligne": 3, "type_ligne": "Bus", "bool_bus": true, "bool_tram": false, "bool_metro": false, "bool_ferry": false }, "geometry": { "type": "LineString", "coordinates": [ [ 5.370064, 43.243717 ], [ 5.371088, 43.24392 ] ] } },
{ "type": "Feature", "properties": { "nom_zone": "Pointe Rouge Port", "nombre_arret": 2, "nom_ligne": "['19' 'S8' '19B']", "nombre_ligne": 3, "type_ligne": "Bus", "bool_bus": true, "bool_tram": false, "bool_metro": false, "bool_ferry": false }, "geometry": { "type": "LineString", "coordinates": [ [ 5.367598, 43.242337 ], [ 5.367705, 43.242442 ] ] } },
{ "type": "Feature", "properties": { "nom_zone": "Pol Roux Rabelais", "nombre_arret": 2, "nom_ligne": "['96' '36B' '36' '535']", "nombre_ligne": 4, "type_ligne": "Bus", "bool_bus": true, "bool_tram": false, "bool_metro": false, "bool_ferry": false }, "geometry": { "type": "LineString", "coordinates": [ [ 5.332753, 43.35962 ], [ 5.332882, 43.359625 ] ] } },
{ "type": "Feature", "properties": { "nom_zone": "Pont de Vivaux", "nombre_arret": 4, "nom_ligne": "['18' '518' '91']", "nombre_ligne": 3, "type_ligne": "Bus", "bool_bus": true, "bool_tram": false, "bool_metro": false, "bool_ferry": false }, "geometry": { "type": "Polygon", "coordinates": [ [ [ 5.417828, 43.279579 ], [ 5.417172, 43.27926 ], [ 5.417, 43.279454 ], [ 5.41809, 43.279773 ], [ 5.417828, 43.279579 ] ] ] } },
{ "type": "Feature", "properties": { "nom_zone": "Pont de Vivaux Frênes", "nombre_arret": 2, "nom_ligne": "['18' '518']", "nombre_ligne": 2, "type_ligne": "Bus", "bool_bus": true, "bool_tram": false, "bool_metro": false, "bool_ferry": false }, "geometry": { "type": "LineString", "coordinates": [ [ 5.422316859999942, 43.280981370000035 ], [ 5.422127, 43.281029 ] ] } },
{ "type": "Feature", "properties": { "nom_zone": "Pont de Vivaux Hippodrome", "nombre_arret": 2, "nom_ligne": "['91' '18' '518']", "nombre_ligne": 3, "type_ligne": "Bus", "bool_bus": true, "bool_tram": false, "bool_metro": false, "bool_ferry": false }, "geometry": { "type": "LineString", "coordinates": [ [ 5.415647, 43.279579 ], [ 5.415081, 43.279473 ] ] } },
{ "type": "Feature", "properties": { "nom_zone": "Pont de Vivaux Sidolle", "nombre_arret": 2, "nom_ligne": "['18' '518']", "nombre_ligne": 2, "type_ligne": "Bus", "bool_bus": true, "bool_tram": false, "bool_metro": false, "bool_ferry": false }, "geometry": { "type": "LineString", "coordinates": [ [ 5.4238, 43.281704 ], [ 5.4241, 43.281547 ] ] } },
{ "type": "Feature", "properties": { "nom_zone": "Pont de la Clue", "nombre_arret": 2, "nom_ligne": "64", "nombre_ligne": 1, "type_ligne": "Bus", "bool_bus": true, "bool_tram": false, "bool_metro": false, "bool_ferry": false }, "geometry": { "type": "LineString", "coordinates": [ [ 5.50055457, 43.30952161000004 ], [ 5.500383129999983, 43.309474610000017 ] ] } },
{ "type": "Feature", "properties": { "nom_zone": "Pont du Canal", "nombre_arret": 2, "nom_ligne": "['121' '122']", "nombre_ligne": 2, "type_ligne": "Bus", "bool_bus": true, "bool_tram": false, "bool_metro": false, "bool_ferry": false }, "geometry": { "type": "LineString", "coordinates": [ [ 5.372307, 43.371916 ], [ 5.372458, 43.371804 ] ] } },
{ "type": "Feature", "properties": { "nom_zone": "Pontevès Paris", "nombre_arret": 1, "nom_ligne": "49", "nombre_ligne": 1, "type_ligne": "Bus", "bool_bus": true, "bool_tram": false, "bool_metro": false, "bool_ferry": false }, "geometry": { "type": "Point", "coordinates": [ 5.37081, 43.30714 ] } },
{ "type": "Feature", "properties": { "nom_zone": "Pourrière Floralia", "nombre_arret": 2, "nom_ligne": "44", "nombre_ligne": 1, "type_ligne": "Bus", "bool_bus": true, "bool_tram": false, "bool_metro": false, "bool_ferry": false }, "geometry": { "type": "LineString", "coordinates": [ [ 5.386993, 43.244941 ], [ 5.386877, 43.244765 ] ] } },
{ "type": "Feature", "properties": { "nom_zone": "Prado Borde", "nombre_arret": 2, "nom_ligne": "['19' 'B1' 'BM2' 'M2']", "nombre_ligne": 4, "type_ligne": "['Bus' 'Subway']", "bool_bus": true, "bool_tram": false, "bool_metro": true, "bool_ferry": false }, "geometry": { "type": "LineString", "coordinates": [ [ 5.388269, 43.277679 ], [ 5.388154, 43.278338 ] ] } },
{ "type": "Feature", "properties": { "nom_zone": "Prado Dupré", "nombre_arret": 2, "nom_ligne": "['19' 'B1' '73' '41' '74' 'BM2' 'M2']", "nombre_ligne": 7, "type_ligne": "['Bus' 'Subway']", "bool_bus": true, "bool_tram": false, "bool_metro": true, "bool_ferry": false }, "geometry": { "type": "LineString", "coordinates": [ [ 5.386241, 43.281722 ], [ 5.385625, 43.282397 ] ] } },
{ "type": "Feature", "properties": { "nom_zone": "Prado Louvain", "nombre_arret": 2, "nom_ligne": "['19' 'B1' 'BM2' 'M2']", "nombre_ligne": 4, "type_ligne": "['Bus' 'Subway']", "bool_bus": true, "bool_tram": false, "bool_metro": true, "bool_ferry": false }, "geometry": { "type": "LineString", "coordinates": [ [ 5.389122, 43.276624 ], [ 5.389258, 43.275929 ] ] } },
{ "type": "Feature", "properties": { "nom_zone": "Prado Périer", "nombre_arret": 2, "nom_ligne": "['19' '86' 'B1' 'BM2' 'M2']", "nombre_ligne": 5, "type_ligne": "['Bus' 'Subway']", "bool_bus": true, "bool_tram": false, "bool_metro": true, "bool_ferry": false }, "geometry": { "type": "LineString", "coordinates": [ [ 5.387443, 43.279155 ], [ 5.387591, 43.279336 ] ] } },
{ "type": "Feature", "properties": { "nom_zone": "Prado Rodocanachi", "nombre_arret": 2, "nom_ligne": "['19' 'B1' 'BM2' 'M2']", "nombre_ligne": 4, "type_ligne": "['Bus' 'Subway']", "bool_bus": true, "bool_tram": false, "bool_metro": true, "bool_ferry": false }, "geometry": { "type": "LineString", "coordinates": [ [ 5.390187, 43.27429 ], [ 5.390119, 43.274862 ] ] } },
{ "type": "Feature", "properties": { "nom_zone": "Prado Saint-Exupéry", "nombre_arret": 2, "nom_ligne": "['19' '86' '19B' '83']", "nombre_ligne": 4, "type_ligne": "Bus", "bool_bus": true, "bool_tram": false, "bool_metro": false, "bool_ferry": false }, "geometry": { "type": "LineString", "coordinates": [ [ 5.384478, 43.268247 ], [ 5.384584, 43.268075 ] ] } },
{ "type": "Feature", "properties": { "nom_zone": "Prado Saint-Giniez", "nombre_arret": 2, "nom_ligne": "['19' '19B' '41' '83' '86']", "nombre_ligne": 5, "type_ligne": "Bus", "bool_bus": true, "bool_tram": false, "bool_metro": false, "bool_ferry": false }, "geometry": { "type": "LineString", "coordinates": [ [ 5.388502, 43.27062 ], [ 5.386545, 43.269543 ] ] } },
{ "type": "Feature", "properties": { "nom_zone": "Prado Tunis", "nombre_arret": 2, "nom_ligne": "['19' '19B' '83']", "nombre_ligne": 3, "type_ligne": "Bus", "bool_bus": true, "bool_tram": false, "bool_metro": false, "bool_ferry": false }, "geometry": { "type": "LineString", "coordinates": [ [ 5.381871, 43.266336 ], [ 5.381248, 43.266167 ] ] } },
{ "type": "Feature", "properties": { "nom_zone": "Préfecture", "nombre_arret": 2, "nom_ligne": "['81' '41' '54' 'BM1A' 'N1']", "nombre_ligne": 5, "type_ligne": "Bus", "bool_bus": true, "bool_tram": false, "bool_metro": false, "bool_ferry": false }, "geometry": { "type": "LineString", "coordinates": [ [ 5.378834, 43.290164 ], [ 5.378895, 43.290015 ] ] } },
{ "type": "Feature", "properties": { "nom_zone": "Puget Fortia", "nombre_arret": 1, "nom_ligne": "['60' '80' '81' '61' '41' '54' 'BM1A' 'N1']", "nombre_ligne": 8, "type_ligne": "Bus", "bool_bus": true, "bool_tram": false, "bool_metro": false, "bool_ferry": false }, "geometry": { "type": "Point", "coordinates": [ 5.373852, 43.290283 ] } },
{ "type": "Feature", "properties": { "nom_zone": "Pyat De Lesseps", "nombre_arret": 1, "nom_ligne": "['72' '28' '28B' '29' '535' 'BM2']", "nombre_ligne": 6, "type_ligne": "Bus", "bool_bus": true, "bool_tram": false, "bool_metro": false, "bool_ferry": false }, "geometry": { "type": "Point", "coordinates": [ 5.37455751000001, 43.320550210000015 ] } },
{ "type": "Feature", "properties": { "nom_zone": "Périer", "nombre_arret": 2, "nom_ligne": "['19' 'B1' 'BM2' 'M2']", "nombre_ligne": 4, "type_ligne": "['Bus' 'Subway']", "bool_bus": true, "bool_tram": false, "bool_metro": true, "bool_ferry": false }, "geometry": { "type": "LineString", "coordinates": [ [ 5.387588, 43.2793795 ], [ 5.3876895, 43.279405 ] ] } },
{ "type": "Feature", "properties": { "nom_zone": "Périer Arles", "nombre_arret": 2, "nom_ligne": "73", "nombre_ligne": 1, "type_ligne": "Bus", "bool_bus": true, "bool_tram": false, "bool_metro": false, "bool_ferry": false }, "geometry": { "type": "LineString", "coordinates": [ [ 5.376498, 43.278537 ], [ 5.376737, 43.278546 ] ] } },
{ "type": "Feature", "properties": { "nom_zone": "Périer Crémieux", "nombre_arret": 2, "nom_ligne": "73", "nombre_ligne": 1, "type_ligne": "Bus", "bool_bus": true, "bool_tram": false, "bool_metro": false, "bool_ferry": false }, "geometry": { "type": "LineString", "coordinates": [ [ 5.380291, 43.278506 ], [ 5.380078, 43.278586 ] ] } },
{ "type": "Feature", "properties": { "nom_zone": "Périer Escaliers", "nombre_arret": 2, "nom_ligne": "73", "nombre_ligne": 1, "type_ligne": "Bus", "bool_bus": true, "bool_tram": false, "bool_metro": false, "bool_ferry": false }, "geometry": { "type": "LineString", "coordinates": [ [ 5.377191, 43.277908 ], [ 5.377164, 43.27803 ] ] } },
{ "type": "Feature", "properties": { "nom_zone": "Périer Gagliardo", "nombre_arret": 2, "nom_ligne": "73", "nombre_ligne": 1, "type_ligne": "Bus", "bool_bus": true, "bool_tram": false, "bool_metro": false, "bool_ferry": false }, "geometry": { "type": "LineString", "coordinates": [ [ 5.374824, 43.277863 ], [ 5.374457, 43.277932 ] ] } },
{ "type": "Feature", "properties": { "nom_zone": "Périer Prado", "nombre_arret": 2, "nom_ligne": "['86' '73' '41' '74']", "nombre_ligne": 4, "type_ligne": "Bus", "bool_bus": true, "bool_tram": false, "bool_metro": false, "bool_ferry": false }, "geometry": { "type": "LineString", "coordinates": [ [ 5.386319, 43.279823 ], [ 5.386453, 43.279745 ] ] } },
{ "type": "Feature", "properties": { "nom_zone": "Pôle Média", "nombre_arret": 1, "nom_ligne": "['56' '582']", "nombre_ligne": 2, "type_ligne": "Bus", "bool_bus": true, "bool_tram": false, "bool_metro": false, "bool_ferry": false }, "geometry": { "type": "Point", "coordinates": [ 5.388715, 43.308431 ] } },
{ "type": "Feature", "properties": { "nom_zone": "Quai du Port", "nombre_arret": 2, "nom_ligne": "['60' '82S' '582' '83']", "nombre_ligne": 4, "type_ligne": "Bus", "bool_bus": true, "bool_tram": false, "bool_metro": false, "bool_ferry": false }, "geometry": { "type": "LineString", "coordinates": [ [ 5.367981, 43.295865 ], [ 5.367074, 43.295822 ] ] } },
{ "type": "Feature", "properties": { "nom_zone": "Queillau Calvet", "nombre_arret": 2, "nom_ligne": "38", "nombre_ligne": 1, "type_ligne": "Bus", "bool_bus": true, "bool_tram": false, "bool_metro": false, "bool_ferry": false }, "geometry": { "type": "LineString", "coordinates": [ [ 5.386305, 43.332263 ], [ 5.387182, 43.331607 ] ] } },
{ "type": "Feature", "properties": { "nom_zone": "Rabat Baumettes", "nombre_arret": 1, "nom_ligne": "['22S' '22' '23']", "nombre_ligne": 3, "type_ligne": "Bus", "bool_bus": true, "bool_tram": false, "bool_metro": false, "bool_ferry": false }, "geometry": { "type": "Point", "coordinates": [ 5.41248, 43.233752 ] } },
{ "type": "Feature", "properties": { "nom_zone": "Rabat Beauvallon", "nombre_arret": 2, "nom_ligne": "['22S' '22']", "nombre_ligne": 2, "type_ligne": "Bus", "bool_bus": true, "bool_tram": false, "bool_metro": false, "bool_ferry": false }, "geometry": { "type": "LineString", "coordinates": [ [ 5.41313403, 43.235421479999985 ], [ 5.412961, 43.235379 ] ] } },
{ "type": "Feature", "properties": { "nom_zone": "Rabat Seigneurie", "nombre_arret": 2, "nom_ligne": "['22S' '22']", "nombre_ligne": 2, "type_ligne": "Bus", "bool_bus": true, "bool_tram": false, "bool_metro": false, "bool_ferry": false }, "geometry": { "type": "LineString", "coordinates": [ [ 5.413277, 43.237138 ], [ 5.413243, 43.237403 ] ] } },
{ "type": "Feature", "properties": { "nom_zone": "Rabattu", "nombre_arret": 2, "nom_ligne": "['36B' '36']", "nombre_ligne": 2, "type_ligne": "Bus", "bool_bus": true, "bool_tram": false, "bool_metro": false, "bool_ferry": false }, "geometry": { "type": "LineString", "coordinates": [ [ 5.359641, 43.328071 ], [ 5.359374, 43.328547 ] ] } },
{ "type": "Feature", "properties": { "nom_zone": "Rabelais Bourgade", "nombre_arret": 1, "nom_ligne": "['36B' '36' '535']", "nombre_ligne": 3, "type_ligne": "Bus", "bool_bus": true, "bool_tram": false, "bool_metro": false, "bool_ferry": false }, "geometry": { "type": "Point", "coordinates": [ 5.327226, 43.361093 ] } },
{ "type": "Feature", "properties": { "nom_zone": "Rabelais Frères", "nombre_arret": 1, "nom_ligne": "['36B' '36' '535']", "nombre_ligne": 3, "type_ligne": "Bus", "bool_bus": true, "bool_tram": false, "bool_metro": false, "bool_ferry": false }, "geometry": { "type": "Point", "coordinates": [ 5.329263, 43.360654 ] } },
{ "type": "Feature", "properties": { "nom_zone": "Rabelais Roussin", "nombre_arret": 1, "nom_ligne": "['96' '36B' '36' '535']", "nombre_ligne": 4, "type_ligne": "Bus", "bool_bus": true, "bool_tram": false, "bool_metro": false, "bool_ferry": false }, "geometry": { "type": "Point", "coordinates": [ 5.336347, 43.358069 ] } },
{ "type": "Feature", "properties": { "nom_zone": "Raguse Chutes Lavie", "nombre_arret": 2, "nom_ligne": "81", "nombre_ligne": 1, "type_ligne": "Bus", "bool_bus": true, "bool_tram": false, "bool_metro": false, "bool_ferry": false }, "geometry": { "type": "LineString", "coordinates": [ [ 5.403059, 43.318615 ], [ 5.403256, 43.318559 ] ] } },
{ "type": "Feature", "properties": { "nom_zone": "Raimu La Busserine", "nombre_arret": 2, "nom_ligne": "['33' '27' '53']", "nombre_ligne": 3, "type_ligne": "Bus", "bool_bus": true, "bool_tram": false, "bool_metro": false, "bool_ferry": false }, "geometry": { "type": "LineString", "coordinates": [ [ 5.399019, 43.332365 ], [ 5.398603, 43.332127 ] ] } },
{ "type": "Feature", "properties": { "nom_zone": "Ranc-Sakakini Saint-Loup", "nombre_arret": 2, "nom_ligne": "17", "nombre_ligne": 1, "type_ligne": "Bus", "bool_bus": true, "bool_tram": false, "bool_metro": false, "bool_ferry": false }, "geometry": { "type": "LineString", "coordinates": [ [ 5.43712399, 43.276070259999983 ], [ 5.437382429999972, 43.276732739999964 ] ] } },
{ "type": "Feature", "properties": { "nom_zone": "Ranc-Sakakini Saint-Thys", "nombre_arret": 2, "nom_ligne": "17", "nombre_ligne": 1, "type_ligne": "Bus", "bool_bus": true, "bool_tram": false, "bool_metro": false, "bool_ferry": false }, "geometry": { "type": "LineString", "coordinates": [ [ 5.440900799999971, 43.278961040000013 ], [ 5.4403403, 43.27884034 ] ] } },
{ "type": "Feature", "properties": { "nom_zone": "Recher Corse", "nombre_arret": 1, "nom_ligne": "['81' '84' '54' 'S7']", "nombre_ligne": 4, "type_ligne": "Bus", "bool_bus": true, "bool_tram": false, "bool_metro": false, "bool_ferry": false }, "geometry": { "type": "Point", "coordinates": [ 5.36206573, 43.288934480000016 ] } },
{ "type": "Feature", "properties": { "nom_zone": "Recher Coteau", "nombre_arret": 1, "nom_ligne": "84", "nombre_ligne": 1, "type_ligne": "Bus", "bool_bus": true, "bool_tram": false, "bool_metro": false, "bool_ferry": false }, "geometry": { "type": "Point", "coordinates": [ 5.362597, 43.286875 ] } },
{ "type": "Feature", "properties": { "nom_zone": "Reggio", "nombre_arret": 2, "nom_ligne": "['23' '45']", "nombre_ligne": 2, "type_ligne": "Bus", "bool_bus": true, "bool_tram": false, "bool_metro": false, "bool_ferry": false }, "geometry": { "type": "LineString", "coordinates": [ [ 5.393624, 43.261101 ], [ 5.393808, 43.261106 ] ] } },
{ "type": "Feature", "properties": { "nom_zone": "Richard 4 Chemins", "nombre_arret": 1, "nom_ligne": "6", "nombre_ligne": 1, "type_ligne": "Bus", "bool_bus": true, "bool_tram": false, "bool_metro": false, "bool_ferry": false }, "geometry": { "type": "Point", "coordinates": [ 5.42384505, 43.31599059 ] } },
{ "type": "Feature", "properties": { "nom_zone": "Richard Aiguillette", "nombre_arret": 2, "nom_ligne": "6", "nombre_ligne": 1, "type_ligne": "Bus", "bool_bus": true, "bool_tram": false, "bool_metro": false, "bool_ferry": false }, "geometry": { "type": "LineString", "coordinates": [ [ 5.4272752, 43.315561599999988 ], [ 5.42724073, 43.315635420000021 ] ] } },
{ "type": "Feature", "properties": { "nom_zone": "Richard Py", "nombre_arret": 2, "nom_ligne": "6", "nombre_ligne": 1, "type_ligne": "Bus", "bool_bus": true, "bool_tram": false, "bool_metro": false, "bool_ferry": false }, "geometry": { "type": "LineString", "coordinates": [ [ 5.424404, 43.315777 ], [ 5.425438, 43.31568 ] ] } },
{ "type": "Feature", "properties": { "nom_zone": "Robespierre", "nombre_arret": 2, "nom_ligne": "['22S' '22' '47']", "nombre_ligne": 3, "type_ligne": "Bus", "bool_bus": true, "bool_tram": false, "bool_metro": false, "bool_ferry": false }, "geometry": { "type": "LineString", "coordinates": [ [ 5.401525449999985, 43.2470993 ], [ 5.401181, 43.248122 ] ] } },
{ "type": "Feature", "properties": { "nom_zone": "Roche Albe", "nombre_arret": 1, "nom_ligne": "['67' '6']", "nombre_ligne": 2, "type_ligne": "Bus", "bool_bus": true, "bool_tram": false, "bool_metro": false, "bool_ferry": false }, "geometry": { "type": "Point", "coordinates": [ 5.403589, 43.309309 ] } },
{ "type": "Feature", "properties": { "nom_zone": "Rochers de l'Estaque", "nombre_arret": 1, "nom_ligne": "['95' '95S']", "nombre_ligne": 2, "type_ligne": "Bus", "bool_bus": true, "bool_tram": false, "bool_metro": false, "bool_ferry": false }, "geometry": { "type": "Point", "coordinates": [ 5.30984, 43.373371 ] } },
{ "type": "Feature", "properties": { "nom_zone": "Roches Blanches", "nombre_arret": 2, "nom_ligne": "20", "nombre_ligne": 1, "type_ligne": "Bus", "bool_bus": true, "bool_tram": false, "bool_metro": false, "bool_ferry": false }, "geometry": { "type": "LineString", "coordinates": [ [ 5.345605, 43.218548 ], [ 5.345533, 43.21911 ] ] } },
{ "type": "Feature", "properties": { "nom_zone": "Roches Chanot", "nombre_arret": 2, "nom_ligne": "73", "nombre_ligne": 1, "type_ligne": "Bus", "bool_bus": true, "bool_tram": false, "bool_metro": false, "bool_ferry": false }, "geometry": { "type": "LineString", "coordinates": [ [ 5.363478939999943, 43.27943361 ], [ 5.363325180000022, 43.279399509999976 ] ] } },
{ "type": "Feature", "properties": { "nom_zone": "Roches Vève", "nombre_arret": 2, "nom_ligne": "73", "nombre_ligne": 1, "type_ligne": "Bus", "bool_bus": true, "bool_tram": false, "bool_metro": false, "bool_ferry": false }, "geometry": { "type": "LineString", "coordinates": [ [ 5.366138, 43.28052 ], [ 5.36630264, 43.28053503000001 ] ] } },
{ "type": "Feature", "properties": { "nom_zone": "Rolland Aubanel", "nombre_arret": 1, "nom_ligne": "86", "nombre_ligne": 1, "type_ligne": "Bus", "bool_bus": true, "bool_tram": false, "bool_metro": false, "bool_ferry": false }, "geometry": { "type": "Point", "coordinates": [ 5.382823, 43.272093 ] } },
{ "type": "Feature", "properties": { "nom_zone": "Rolland Daumier", "nombre_arret": 1, "nom_ligne": "86", "nombre_ligne": 1, "type_ligne": "Bus", "bool_bus": true, "bool_tram": false, "bool_metro": false, "bool_ferry": false }, "geometry": { "type": "Point", "coordinates": [ 5.3825008, 43.278280600000024 ] } },
{ "type": "Feature", "properties": { "nom_zone": "Rolland Puget", "nombre_arret": 1, "nom_ligne": "86", "nombre_ligne": 1, "type_ligne": "Bus", "bool_bus": true, "bool_tram": false, "bool_metro": false, "bool_ferry": false }, "geometry": { "type": "Point", "coordinates": [ 5.38291, 43.276776 ] } },
{ "type": "Feature", "properties": { "nom_zone": "Romain Rolland Belle Ombre", "nombre_arret": 1, "nom_ligne": "['15S' '15' '17' '518']", "nombre_ligne": 4, "type_ligne": "Bus", "bool_bus": true, "bool_tram": false, "bool_metro": false, "bool_ferry": false }, "geometry": { "type": "Point", "coordinates": [ 5.408078, 43.270775 ] } },
{ "type": "Feature", "properties": { "nom_zone": "Romain Rolland Gymnase", "nombre_arret": 2, "nom_ligne": "['15S' '15' '91' 'S5' '518']", "nombre_ligne": 5, "type_ligne": "Bus", "bool_bus": true, "bool_tram": false, "bool_metro": false, "bool_ferry": false }, "geometry": { "type": "LineString", "coordinates": [ [ 5.421662, 43.278281 ], [ 5.421187900000011, 43.27818460000001 ] ] } },
{ "type": "Feature", "properties": { "nom_zone": "Romain Rolland Icard", "nombre_arret": 2, "nom_ligne": "['15S' '15' '17' '91' '518']", "nombre_ligne": 5, "type_ligne": "Bus", "bool_bus": true, "bool_tram": false, "bool_metro": false, "bool_ferry": false }, "geometry": { "type": "LineString", "coordinates": [ [ 5.419267, 43.277004 ], [ 5.418397, 43.27641 ] ] } },
{ "type": "Feature", "properties": { "nom_zone": "Romain Rolland Pont de Vivaux", "nombre_arret": 2, "nom_ligne": "['15S' '15' '17' '518']", "nombre_ligne": 4, "type_ligne": "Bus", "bool_bus": true, "bool_tram": false, "bool_metro": false, "bool_ferry": false }, "geometry": { "type": "LineString", "coordinates": [ [ 5.416906, 43.275526 ], [ 5.416786, 43.275663 ] ] } },
{ "type": "Feature", "properties": { "nom_zone": "Rome Davso", "nombre_arret": 2, "nom_ligne": "T3", "nombre_ligne": 1, "type_ligne": "Tram", "bool_bus": false, "bool_tram": true, "bool_metro": false, "bool_ferry": false }, "geometry": { "type": "LineString", "coordinates": [ [ 5.379262, 43.293544 ], [ 5.379481, 43.29362 ] ] } },
{ "type": "Feature", "properties": { "nom_zone": "Rome Dragon", "nombre_arret": 2, "nom_ligne": "T3", "nombre_ligne": 1, "type_ligne": "Tram", "bool_bus": false, "bool_tram": true, "bool_metro": false, "bool_ferry": false }, "geometry": { "type": "LineString", "coordinates": [ [ 5.381918, 43.289099 ], [ 5.382025, 43.289134 ] ] } },
{ "type": "Feature", "properties": { "nom_zone": "Rond Point du Prado", "nombre_arret": 2, "nom_ligne": "['19' 'B1' 'BM2' 'M2']", "nombre_ligne": 4, "type_ligne": "['Bus' 'Subway']", "bool_bus": true, "bool_tram": false, "bool_metro": true, "bool_ferry": false }, "geometry": { "type": "LineString", "coordinates": [ [ 5.39108, 43.273144 ], [ 5.390881, 43.273052 ] ] } },
{ "type": "Feature", "properties": { "nom_zone": "Rond-Point du Prado", "nombre_arret": 2, "nom_ligne": "['M2' '44' '22S' '48' '21JET' '22' '23' '45']", "nombre_ligne": 8, "type_ligne": "['Subway' 'Bus']", "bool_bus": true, "bool_tram": false, "bool_metro": true, "bool_ferry": false }, "geometry": { "type": "LineString", "coordinates": [ [ 5.392652, 43.27143 ], [ 5.392494, 43.271387 ] ] } },
{ "type": "Feature", "properties": { "nom_zone": "Roosevelt Réformés", "nombre_arret": 2, "nom_ligne": "['52' '509' '74']", "nombre_ligne": 3, "type_ligne": "Bus", "bool_bus": true, "bool_tram": false, "bool_metro": false, "bool_ferry": false }, "geometry": { "type": "LineString", "coordinates": [ [ 5.386057, 43.298964 ], [ 5.386457900000012, 43.29907290000002 ] ] } },
{ "type": "Feature", "properties": { "nom_zone": "Rosière Fournier", "nombre_arret": 1, "nom_ligne": "509", "nombre_ligne": 1, "type_ligne": "Bus", "bool_bus": true, "bool_tram": false, "bool_metro": false, "bool_ferry": false }, "geometry": { "type": "Point", "coordinates": [ 5.4354093, 43.306051600000046 ] } },
{ "type": "Feature", "properties": { "nom_zone": "Roucas Blanc", "nombre_arret": 1, "nom_ligne": "55", "nombre_ligne": 1, "type_ligne": "Bus", "bool_bus": true, "bool_tram": false, "bool_metro": false, "bool_ferry": false }, "geometry": { "type": "Point", "coordinates": [ 5.365420019999968, 43.27625511 ] } },
{ "type": "Feature", "properties": { "nom_zone": "Roucas Blanc Emile Duployé", "nombre_arret": 2, "nom_ligne": "55", "nombre_ligne": 1, "type_ligne": "Bus", "bool_bus": true, "bool_tram": false, "bool_metro": false, "bool_ferry": false }, "geometry": { "type": "LineString", "coordinates": [ [ 5.366606, 43.278011 ], [ 5.366498, 43.277733 ] ] } },
{ "type": "Feature", "properties": { "nom_zone": "Rougemont", "nombre_arret": 2, "nom_ligne": "['7B' '509' '7' '107']", "nombre_ligne": 4, "type_ligne": "Bus", "bool_bus": true, "bool_tram": false, "bool_metro": false, "bool_ferry": false }, "geometry": { "type": "LineString", "coordinates": [ [ 5.43913, 43.308824 ], [ 5.440294, 43.309039 ] ] } },
{ "type": "Feature", "properties": { "nom_zone": "Roussin Barnier", "nombre_arret": 2, "nom_ligne": "['25' '96']", "nombre_ligne": 2, "type_ligne": "Bus", "bool_bus": true, "bool_tram": false, "bool_metro": false, "bool_ferry": false }, "geometry": { "type": "LineString", "coordinates": [ [ 5.341063, 43.362844 ], [ 5.340377, 43.362666 ] ] } },
{ "type": "Feature", "properties": { "nom_zone": "Roussin Cohen", "nombre_arret": 2, "nom_ligne": "['25' '96']", "nombre_ligne": 2, "type_ligne": "Bus", "bool_bus": true, "bool_tram": false, "bool_metro": false, "bool_ferry": false }, "geometry": { "type": "LineString", "coordinates": [ [ 5.337925, 43.359663 ], [ 5.338802, 43.360744 ] ] } },
{ "type": "Feature", "properties": { "nom_zone": "Roussin Labro", "nombre_arret": 1, "nom_ligne": "96", "nombre_ligne": 1, "type_ligne": "Bus", "bool_bus": true, "bool_tram": false, "bool_metro": false, "bool_ferry": false }, "geometry": { "type": "Point", "coordinates": [ 5.338084, 43.353436 ] } },
{ "type": "Feature", "properties": { "nom_zone": "Roussin Maurras", "nombre_arret": 2, "nom_ligne": "96", "nombre_ligne": 1, "type_ligne": "Bus", "bool_bus": true, "bool_tram": false, "bool_metro": false, "bool_ferry": false }, "geometry": { "type": "LineString", "coordinates": [ [ 5.337972, 43.355966 ], [ 5.338139, 43.356241 ] ] } },
{ "type": "Feature", "properties": { "nom_zone": "Roussin Picaron", "nombre_arret": 2, "nom_ligne": "['25' '96']", "nombre_ligne": 2, "type_ligne": "Bus", "bool_bus": true, "bool_tram": false, "bool_metro": false, "bool_ferry": false }, "geometry": { "type": "LineString", "coordinates": [ [ 5.337914, 43.358216 ], [ 5.337631, 43.358154 ] ] } },
{ "type": "Feature", "properties": { "nom_zone": "Roux Beausoleil", "nombre_arret": 2, "nom_ligne": "['67' '6']", "nombre_ligne": 2, "type_ligne": "Bus", "bool_bus": true, "bool_tram": false, "bool_metro": false, "bool_ferry": false }, "geometry": { "type": "LineString", "coordinates": [ [ 5.409109, 43.30822303 ], [ 5.409004, 43.308096 ] ] } },
{ "type": "Feature", "properties": { "nom_zone": "Roux Esplanade", "nombre_arret": 1, "nom_ligne": "['67' '6']", "nombre_ligne": 2, "type_ligne": "Bus", "bool_bus": true, "bool_tram": false, "bool_metro": false, "bool_ferry": false }, "geometry": { "type": "Point", "coordinates": [ 5.40915, 43.307232 ] } },
{ "type": "Feature", "properties": { "nom_zone": "Roux Gavaudan", "nombre_arret": 1, "nom_ligne": "['67' '6']", "nombre_ligne": 2, "type_ligne": "Bus", "bool_bus": true, "bool_tram": false, "bool_metro": false, "bool_ferry": false }, "geometry": { "type": "Point", "coordinates": [ 5.405426, 43.307026 ] } },
{ "type": "Feature", "properties": { "nom_zone": "Roux Montolivet", "nombre_arret": 1, "nom_ligne": "['67' '6']", "nombre_ligne": 2, "type_ligne": "Bus", "bool_bus": true, "bool_tram": false, "bool_metro": false, "bool_ferry": false }, "geometry": { "type": "Point", "coordinates": [ 5.408588, 43.309317 ] } },
{ "type": "Feature", "properties": { "nom_zone": "Roux St Bruno", "nombre_arret": 1, "nom_ligne": "['67' '6']", "nombre_ligne": 2, "type_ligne": "Bus", "bool_bus": true, "bool_tram": false, "bool_metro": false, "bool_ferry": false }, "geometry": { "type": "Point", "coordinates": [ 5.402575, 43.307636 ] } },
{ "type": "Feature", "properties": { "nom_zone": "Rove Tuileries", "nombre_arret": 2, "nom_ligne": "['25' '36B' '36' '535']", "nombre_ligne": 4, "type_ligne": "Bus", "bool_bus": true, "bool_tram": false, "bool_metro": false, "bool_ferry": false }, "geometry": { "type": "LineString", "coordinates": [ [ 5.35061002, 43.354532689999971 ], [ 5.34959614, 43.354716019999977 ] ] } },
{ "type": "Feature", "properties": { "nom_zone": "Réformés Canebière", "nombre_arret": 8, "nom_ligne": "['49' '33' 'M1' 'N2' '34' 'T2' '74']", "nombre_ligne": 7, "type_ligne": "['Bus' 'Subway' 'Tram']", "bool_bus": true, "bool_tram": true, "bool_metro": true, "bool_ferry": false }, "geometry": { "type": "Polygon", "coordinates": [ [ [ 5.385559, 43.300018 ], [ 5.385274, 43.298605 ], [ 5.38517028000001, 43.299944990000029 ], [ 5.385477, 43.300114 ], [ 5.386047, 43.300371 ], [ 5.386163, 43.3004195 ], [ 5.38620249999998, 43.300401 ], [ 5.385824, 43.300264 ], [ 5.385559, 43.300018 ] ] ] } },
{ "type": "Feature", "properties": { "nom_zone": "République Dames", "nombre_arret": 4, "nom_ligne": "['55' 'T2' 'T3' 'M2']", "nombre_ligne": 4, "type_ligne": "['Bus' 'Tram' 'Subway']", "bool_bus": true, "bool_tram": true, "bool_metro": true, "bool_ferry": false }, "geometry": { "type": "Polygon", "coordinates": [ [ [ 5.369293, 43.302172 ], [ 5.3690891, 43.30227568 ], [ 5.369424, 43.302202 ], [ 5.36952994, 43.302058950000017 ], [ 5.369293, 43.302172 ] ] ] } },
{ "type": "Feature", "properties": { "nom_zone": "République Grand Rue", "nombre_arret": 2, "nom_ligne": "['55' 'BM1A']", "nombre_ligne": 2, "type_ligne": "Bus", "bool_bus": true, "bool_tram": false, "bool_metro": false, "bool_ferry": false }, "geometry": { "type": "LineString", "coordinates": [ [ 5.37268409, 43.29800362 ], [ 5.37276162, 43.29807475 ] ] } },
{ "type": "Feature", "properties": { "nom_zone": "Résidence Athéna", "nombre_arret": 2, "nom_ligne": "62", "nombre_ligne": 1, "type_ligne": "Bus", "bool_bus": true, "bool_tram": false, "bool_metro": false, "bool_ferry": false }, "geometry": { "type": "LineString", "coordinates": [ [ 5.44464443000001, 43.33622279 ], [ 5.44486505, 43.336188160000013 ] ] } },
{ "type": "Feature", "properties": { "nom_zone": "Résidence Fondacle", "nombre_arret": 1, "nom_ligne": "39", "nombre_ligne": 1, "type_ligne": "Bus", "bool_bus": true, "bool_tram": false, "bool_metro": false, "bool_ferry": false }, "geometry": { "type": "Point", "coordinates": [ 5.451725, 43.320933 ] } },
{ "type": "Feature", "properties": { "nom_zone": "Résidence L' Echiquier", "nombre_arret": 1, "nom_ligne": "['33' '34']", "nombre_ligne": 2, "type_ligne": "Bus", "bool_bus": true, "bool_tram": false, "bool_metro": false, "bool_ferry": false }, "geometry": { "type": "Point", "coordinates": [ 5.408390159999981, 43.34366472 ] } },
{ "type": "Feature", "properties": { "nom_zone": "Résidence L'Echiquier", "nombre_arret": 1, "nom_ligne": "['33' '34']", "nombre_ligne": 2, "type_ligne": "Bus", "bool_bus": true, "bool_tram": false, "bool_metro": false, "bool_ferry": false }, "geometry": { "type": "Point", "coordinates": [ 5.408244, 43.343195 ] } },
{ "type": "Feature", "properties": { "nom_zone": "Résidence La Pâquerette", "nombre_arret": 2, "nom_ligne": "27", "nombre_ligne": 1, "type_ligne": "Bus", "bool_bus": true, "bool_tram": false, "bool_metro": false, "bool_ferry": false }, "geometry": { "type": "LineString", "coordinates": [ [ 5.371699, 43.348824 ], [ 5.37175, 43.348642 ] ] } },
{ "type": "Feature", "properties": { "nom_zone": "Résidence La Station", "nombre_arret": 1, "nom_ligne": "89", "nombre_ligne": 1, "type_ligne": "Bus", "bool_bus": true, "bool_tram": false, "bool_metro": false, "bool_ferry": false }, "geometry": { "type": "Point", "coordinates": [ 5.384903, 43.332591 ] } },
{ "type": "Feature", "properties": { "nom_zone": "Résidence Le Montmorency", "nombre_arret": 2, "nom_ligne": "['B1' '21JET' 'N1']", "nombre_ligne": 3, "type_ligne": "Bus", "bool_bus": true, "bool_tram": false, "bool_metro": false, "bool_ferry": false }, "geometry": { "type": "LineString", "coordinates": [ [ 5.4085498, 43.246381220000018 ], [ 5.40844531, 43.246351700000012 ] ] } },
{ "type": "Feature", "properties": { "nom_zone": "Résidence Les Borels", "nombre_arret": 2, "nom_ligne": "['97JET' '97' '530' '30']", "nombre_ligne": 4, "type_ligne": "Bus", "bool_bus": true, "bool_tram": false, "bool_metro": false, "bool_ferry": false }, "geometry": { "type": "LineString", "coordinates": [ [ 5.3611, 43.363739 ], [ 5.361297, 43.363567 ] ] } },
{ "type": "Feature", "properties": { "nom_zone": "Résidence Mourepiane", "nombre_arret": 2, "nom_ligne": "['36B' '36']", "nombre_ligne": 2, "type_ligne": "Bus", "bool_bus": true, "bool_tram": false, "bool_metro": false, "bool_ferry": false }, "geometry": { "type": "LineString", "coordinates": [ [ 5.347323, 43.349495 ], [ 5.346934, 43.349471 ] ] } },
{ "type": "Feature", "properties": { "nom_zone": "Résidence St Louis", "nombre_arret": 2, "nom_ligne": "B2", "nombre_ligne": 1, "type_ligne": "Bus", "bool_bus": true, "bool_tram": false, "bool_metro": false, "bool_ferry": false }, "geometry": { "type": "LineString", "coordinates": [ [ 5.357888, 43.352205 ], [ 5.357903, 43.35245 ] ] } },
{ "type": "Feature", "properties": { "nom_zone": "Résidence Valmont Redon", "nombre_arret": 2, "nom_ligne": "['B1' '21JET' 'N1']", "nombre_ligne": 3, "type_ligne": "Bus", "bool_bus": true, "bool_tram": false, "bool_metro": false, "bool_ferry": false }, "geometry": { "type": "LineString", "coordinates": [ [ 5.424172, 43.245151 ], [ 5.423345, 43.245548 ] ] } },
{ "type": "Feature", "properties": { "nom_zone": "Résidence Valvert", "nombre_arret": 2, "nom_ligne": "['S4' '10']", "nombre_ligne": 2, "type_ligne": "Bus", "bool_bus": true, "bool_tram": false, "bool_metro": false, "bool_ferry": false }, "geometry": { "type": "LineString", "coordinates": [ [ 5.430245, 43.299586 ], [ 5.430597, 43.299878 ] ] } },
{ "type": "Feature", "properties": { "nom_zone": "Sablier Cité Borély", "nombre_arret": 2, "nom_ligne": "44", "nombre_ligne": 1, "type_ligne": "Bus", "bool_bus": true, "bool_tram": false, "bool_metro": false, "bool_ferry": false }, "geometry": { "type": "LineString", "coordinates": [ [ 5.382229, 43.252064 ], [ 5.3821603, 43.251681300000037 ] ] } },
{ "type": "Feature", "properties": { "nom_zone": "Sadi Carnot", "nombre_arret": 4, "nom_ligne": "['55' 'T2' 'T3']", "nombre_ligne": 3, "type_ligne": "['Bus' 'Tram']", "bool_bus": true, "bool_tram": true, "bool_metro": false, "bool_ferry": false }, "geometry": { "type": "Polygon", "coordinates": [ [ [ 5.37105918, 43.29991961 ], [ 5.371064, 43.300262 ], [ 5.371309, 43.299905 ], [ 5.371209, 43.299863 ], [ 5.37105918, 43.29991961 ] ] ] } },
{ "type": "Feature", "properties": { "nom_zone": "Saint-Barnabé", "nombre_arret": 2, "nom_ligne": "M1", "nombre_ligne": 1, "type_ligne": "Subway", "bool_bus": false, "bool_tram": false, "bool_metro": true, "bool_ferry": false }, "geometry": { "type": "LineString", "coordinates": [ [ 5.418618, 43.303241 ], [ 5.418592499999988, 43.303318 ] ] } },
{ "type": "Feature", "properties": { "nom_zone": "Saint-Barnabé Cadolive", "nombre_arret": 2, "nom_ligne": "['7B' '509' '7']", "nombre_ligne": 3, "type_ligne": "Bus", "bool_bus": true, "bool_tram": false, "bool_metro": false, "bool_ferry": false }, "geometry": { "type": "LineString", "coordinates": [ [ 5.40740848, 43.30418272 ], [ 5.407242180000011, 43.304151490000024 ] ] } },
{ "type": "Feature", "properties": { "nom_zone": "Saint-Barnabé Impôts", "nombre_arret": 2, "nom_ligne": "['7B' '509' '7' 'S4' '9']", "nombre_ligne": 5, "type_ligne": "Bus", "bool_bus": true, "bool_tram": false, "bool_metro": false, "bool_ferry": false }, "geometry": { "type": "LineString", "coordinates": [ [ 5.419904, 43.306245 ], [ 5.41997687, 43.306174750000025 ] ] } },
{ "type": "Feature", "properties": { "nom_zone": "Saint-Barnabé La Croix", "nombre_arret": 2, "nom_ligne": "['7B' '67' '509' '7' '10' 'BM1B']", "nombre_ligne": 6, "type_ligne": "Bus", "bool_bus": true, "bool_tram": false, "bool_metro": false, "bool_ferry": false }, "geometry": { "type": "LineString", "coordinates": [ [ 5.4139883, 43.3044197 ], [ 5.414679, 43.304415 ] ] } },
{ "type": "Feature", "properties": { "nom_zone": "Saint-Charles", "nombre_arret": 4, "nom_ligne": "['M1' 'M2']", "nombre_ligne": 2, "type_ligne": "Subway", "bool_bus": false, "bool_tram": false, "bool_metro": true, "bool_ferry": false }, "geometry": { "type": "Polygon", "coordinates": [ [ [ 5.380105, 43.30233 ], [ 5.380007, 43.302284 ], [ 5.3801525, 43.302370500000016 ], [ 5.3802575, 43.302408 ], [ 5.380105, 43.30233 ] ] ] } },
{ "type": "Feature", "properties": { "nom_zone": "Saint-Jean", "nombre_arret": 2, "nom_ligne": "['60' '82S' '582' '49' '83']", "nombre_ligne": 5, "type_ligne": "Bus", "bool_bus": true, "bool_tram": false, "bool_metro": false, "bool_ferry": false }, "geometry": { "type": "LineString", "coordinates": [ [ 5.364636, 43.295422 ], [ 5.365549, 43.295418 ] ] } },
{ "type": "Feature", "properties": { "nom_zone": "Saint-Joseph Aiguier", "nombre_arret": 2, "nom_ligne": "48", "nombre_ligne": 1, "type_ligne": "Bus", "bool_bus": true, "bool_tram": false, "bool_metro": false, "bool_ferry": false }, "geometry": { "type": "LineString", "coordinates": [ [ 5.415113, 43.251482 ], [ 5.414927, 43.251453 ] ] } },
{ "type": "Feature", "properties": { "nom_zone": "Saint-Joseph Bon Pasteur", "nombre_arret": 2, "nom_ligne": "['48' '46']", "nombre_ligne": 2, "type_ligne": "Bus", "bool_bus": true, "bool_tram": false, "bool_metro": false, "bool_ferry": false }, "geometry": { "type": "LineString", "coordinates": [ [ 5.419262899999983, 43.252281699999983 ], [ 5.418741, 43.252164 ] ] } },
{ "type": "Feature", "properties": { "nom_zone": "Saint-Julien Comtesse", "nombre_arret": 2, "nom_ligne": "['7' '107']", "nombre_ligne": 2, "type_ligne": "Bus", "bool_bus": true, "bool_tram": false, "bool_metro": false, "bool_ferry": false }, "geometry": { "type": "LineString", "coordinates": [ [ 5.447328659999967, 43.312014110000028 ], [ 5.447956239999976, 43.31226129 ] ] } },
{ "type": "Feature", "properties": { "nom_zone": "Saint-Julien Helvétie", "nombre_arret": 2, "nom_ligne": "['7' '107']", "nombre_ligne": 2, "type_ligne": "Bus", "bool_bus": true, "bool_tram": false, "bool_metro": false, "bool_ferry": false }, "geometry": { "type": "LineString", "coordinates": [ [ 5.44191768999998, 43.310149079999981 ], [ 5.442583, 43.310482 ] ] } },
{ "type": "Feature", "properties": { "nom_zone": "Saint-Julien Kaddouz", "nombre_arret": 3, "nom_ligne": "['7B' '509' 'B4' '7' '107']", "nombre_ligne": 5, "type_ligne": "Bus", "bool_bus": true, "bool_tram": false, "bool_metro": false, "bool_ferry": false }, "geometry": { "type": "Polygon", "coordinates": [ [ [ 5.424291419999969, 43.30742915 ], [ 5.42551726, 43.30713187 ], [ 5.424861459999963, 43.30699036 ], [ 5.424291419999969, 43.30742915 ] ] ] } },
{ "type": "Feature", "properties": { "nom_zone": "Saint-Julien Kallisté", "nombre_arret": 2, "nom_ligne": "['7B' '509' '7' '107']", "nombre_ligne": 4, "type_ligne": "Bus", "bool_bus": true, "bool_tram": false, "bool_metro": false, "bool_ferry": false }, "geometry": { "type": "LineString", "coordinates": [ [ 5.432441, 43.307947 ], [ 5.432054, 43.308044 ] ] } },
{ "type": "Feature", "properties": { "nom_zone": "Saint-Julien Saint-Pons", "nombre_arret": 2, "nom_ligne": "['7' '107']", "nombre_ligne": 2, "type_ligne": "Bus", "bool_bus": true, "bool_tram": false, "bool_metro": false, "bool_ferry": false }, "geometry": { "type": "LineString", "coordinates": [ [ 5.445084, 43.311542 ], [ 5.445449, 43.311418 ] ] } },
{ "type": "Feature", "properties": { "nom_zone": "Saint-Just", "nombre_arret": 2, "nom_ligne": "M1", "nombre_ligne": 1, "type_ligne": "Subway", "bool_bus": false, "bool_tram": false, "bool_metro": true, "bool_ferry": false }, "geometry": { "type": "LineString", "coordinates": [ [ 5.406436499999987, 43.315411500000032 ], [ 5.406393, 43.315486 ] ] } },
{ "type": "Feature", "properties": { "nom_zone": "Saint-Loup Florian", "nombre_arret": 4, "nom_ligne": "['15S' '15' '18' '91' 'S5' 'B5']", "nombre_ligne": 6, "type_ligne": "Bus", "bool_bus": true, "bool_tram": false, "bool_metro": false, "bool_ferry": false }, "geometry": { "type": "Polygon", "coordinates": [ [ [ 5.42780936, 43.2816028 ], [ 5.426726, 43.28196 ], [ 5.42716941, 43.282259880000019 ], [ 5.42799443, 43.2816731 ], [ 5.42780936, 43.2816028 ] ] ] } },
{ "type": "Feature", "properties": { "nom_zone": "Saint-Marcel", "nombre_arret": 2, "nom_ligne": "['15S' '15' '540' '40']", "nombre_ligne": 4, "type_ligne": "Bus", "bool_bus": true, "bool_tram": false, "bool_metro": false, "bool_ferry": false }, "geometry": { "type": "LineString", "coordinates": [ [ 5.464713799999984, 43.28773984 ], [ 5.465157409999987, 43.28749663 ] ] } },
{ "type": "Feature", "properties": { "nom_zone": "Saint-Marcel Cavaillon", "nombre_arret": 2, "nom_ligne": "['15S' '15' '540' '40']", "nombre_ligne": 4, "type_ligne": "Bus", "bool_bus": true, "bool_tram": false, "bool_metro": false, "bool_ferry": false }, "geometry": { "type": "LineString", "coordinates": [ [ 5.467788, 43.286644 ], [ 5.46778748, 43.28657052 ] ] } },
{ "type": "Feature", "properties": { "nom_zone": "Saint-Marcel Dravet", "nombre_arret": 2, "nom_ligne": "['15S' '15' '540' '40']", "nombre_ligne": 4, "type_ligne": "Bus", "bool_bus": true, "bool_tram": false, "bool_metro": false, "bool_ferry": false }, "geometry": { "type": "LineString", "coordinates": [ [ 5.46181889, 43.28869098000002 ], [ 5.461689, 43.288795 ] ] } },
{ "type": "Feature", "properties": { "nom_zone": "Saint-Menet", "nombre_arret": 2, "nom_ligne": "['15S' '50' '64']", "nombre_ligne": 3, "type_ligne": "Bus", "bool_bus": true, "bool_tram": false, "bool_metro": false, "bool_ferry": false }, "geometry": { "type": "LineString", "coordinates": [ [ 5.477578, 43.289754 ], [ 5.478474, 43.289748 ] ] } },
{ "type": "Feature", "properties": { "nom_zone": "Saint-Pierre", "nombre_arret": 3, "nom_ligne": "['12B' '12' '540' '40' '12S' 'T1']", "nombre_ligne": 6, "type_ligne": "['Bus' 'Tram']", "bool_bus": true, "bool_tram": true, "bool_metro": false, "bool_ferry": false }, "geometry": { "type": "Polygon", "coordinates": [ [ [ 5.414205, 43.291897 ], [ 5.414213910000012, 43.29189473 ], [ 5.414219, 43.291797 ], [ 5.414205, 43.291897 ] ] ] } },
{ "type": "Feature", "properties": { "nom_zone": "Saint-Savournin Loisir", "nombre_arret": 1, "nom_ligne": "74", "nombre_ligne": 1, "type_ligne": "Bus", "bool_bus": true, "bool_tram": false, "bool_metro": false, "bool_ferry": false }, "geometry": { "type": "Point", "coordinates": [ 5.3869959, 43.296472340000037 ] } },
{ "type": "Feature", "properties": { "nom_zone": "Saint-Tronc Clair Matin", "nombre_arret": 2, "nom_ligne": "16", "nombre_ligne": 1, "type_ligne": "Bus", "bool_bus": true, "bool_tram": false, "bool_metro": false, "bool_ferry": false }, "geometry": { "type": "LineString", "coordinates": [ [ 5.42388326, 43.2698255 ], [ 5.423902, 43.26992 ] ] } },
{ "type": "Feature", "properties": { "nom_zone": "Saint-Tronc Mauriac", "nombre_arret": 2, "nom_ligne": "B5", "nombre_ligne": 1, "type_ligne": "Bus", "bool_bus": true, "bool_tram": false, "bool_metro": false, "bool_ferry": false }, "geometry": { "type": "LineString", "coordinates": [ [ 5.42217371, 43.271724200000016 ], [ 5.42250175, 43.27166151 ] ] } },
{ "type": "Feature", "properties": { "nom_zone": "Saint-Victor", "nombre_arret": 4, "nom_ligne": "['55' '60' '80' '81' '61' '54' 'S7']", "nombre_ligne": 7, "type_ligne": "Bus", "bool_bus": true, "bool_tram": false, "bool_metro": false, "bool_ferry": false }, "geometry": { "type": "Polygon", "coordinates": [ [ [ 5.366303, 43.289367 ], [ 5.36538, 43.289778 ], [ 5.366972, 43.289885 ], [ 5.367067, 43.289906 ], [ 5.366303, 43.289367 ] ] ] } },
{ "type": "Feature", "properties": { "nom_zone": "Sainte Fort Notre-Dame", "nombre_arret": 1, "nom_ligne": "55", "nombre_ligne": 1, "type_ligne": "Bus", "bool_bus": true, "bool_tram": false, "bool_metro": false, "bool_ferry": false }, "geometry": { "type": "Point", "coordinates": [ 5.371304, 43.291651 ] } },
{ "type": "Feature", "properties": { "nom_zone": "Sainte Fortia", "nombre_arret": 1, "nom_ligne": "55", "nombre_ligne": 1, "type_ligne": "Bus", "bool_bus": true, "bool_tram": false, "bool_metro": false, "bool_ferry": false }, "geometry": { "type": "Point", "coordinates": [ 5.37417, 43.292302 ] } },
{ "type": "Feature", "properties": { "nom_zone": "Sainte Petit Chantier", "nombre_arret": 1, "nom_ligne": "55", "nombre_ligne": 1, "type_ligne": "Bus", "bool_bus": true, "bool_tram": false, "bool_metro": false, "bool_ferry": false }, "geometry": { "type": "Point", "coordinates": [ 5.368114, 43.291025 ] } },
{ "type": "Feature", "properties": { "nom_zone": "Sainte-Marguerite Dromel", "nombre_arret": 14, "nom_ligne": "['15' '15S' '16' '17' 'T3' '24' '518' 'BM2' 'M2']", "nombre_ligne": 9, "type_ligne": "['Bus' 'Tram' 'Subway']", "bool_bus": true, "bool_tram": true, "bool_metro": true, "bool_ferry": false }, "geometry": { "type": "Polygon", "coordinates": [ [ [ 5.402131500000014, 43.270618 ], [ 5.40203575000001, 43.271198030000029 ], [ 5.402110439999988, 43.27121516 ], [ 5.40290586, 43.27107387 ], [ 5.403380609999983, 43.27120765 ], [ 5.40369041, 43.27132134 ], [ 5.40325991, 43.270930330000013 ], [ 5.403060090000011, 43.270782880000027 ], [ 5.402781360000011, 43.270598390000011 ], [ 5.4021975, 43.2705445 ], [ 5.402131500000014, 43.270618 ] ] ] } },
{ "type": "Feature", "properties": { "nom_zone": "Sainte-Marthe Le Camp", "nombre_arret": 2, "nom_ligne": "['31' '33' '38' '28' '530']", "nombre_ligne": 5, "type_ligne": "Bus", "bool_bus": true, "bool_tram": false, "bool_metro": false, "bool_ferry": false }, "geometry": { "type": "LineString", "coordinates": [ [ 5.389314, 43.331358 ], [ 5.389078, 43.331242 ] ] } },
{ "type": "Feature", "properties": { "nom_zone": "Sainte-Thérèse", "nombre_arret": 2, "nom_ligne": "T1", "nombre_ligne": 1, "type_ligne": "Tram", "bool_bus": false, "bool_tram": true, "bool_metro": false, "bool_ferry": false }, "geometry": { "type": "LineString", "coordinates": [ [ 5.409683, 43.294093 ], [ 5.409555, 43.294141 ] ] } },
{ "type": "Feature", "properties": { "nom_zone": "Sakakini Chave", "nombre_arret": 2, "nom_ligne": "72", "nombre_ligne": 1, "type_ligne": "Bus", "bool_bus": true, "bool_tram": false, "bool_metro": false, "bool_ferry": false }, "geometry": { "type": "LineString", "coordinates": [ [ 5.40048932, 43.295362970000021 ], [ 5.40068895, 43.295380399999985 ] ] } },
{ "type": "Feature", "properties": { "nom_zone": "Sakakini Jeanne d'Arc", "nombre_arret": 2, "nom_ligne": "['52' '72' 'BM1B']", "nombre_ligne": 3, "type_ligne": "Bus", "bool_bus": true, "bool_tram": false, "bool_metro": false, "bool_ferry": false }, "geometry": { "type": "LineString", "coordinates": [ [ 5.40136727, 43.2931939 ], [ 5.401565089999978, 43.2930939 ] ] } },
{ "type": "Feature", "properties": { "nom_zone": "Sakakini Sidi Brahim", "nombre_arret": 2, "nom_ligne": "72", "nombre_ligne": 1, "type_ligne": "Bus", "bool_bus": true, "bool_tram": false, "bool_metro": false, "bool_ferry": false }, "geometry": { "type": "LineString", "coordinates": [ [ 5.4003843, 43.297103500000013 ], [ 5.400998389999969, 43.29785310000004 ] ] } },
{ "type": "Feature", "properties": { "nom_zone": "Salengro Bachas", "nombre_arret": 2, "nom_ligne": "T3", "nombre_ligne": 1, "type_ligne": "Tram", "bool_bus": false, "bool_tram": true, "bool_metro": false, "bool_ferry": false }, "geometry": { "type": "LineString", "coordinates": [ [ 5.36876947, 43.317203970000016 ], [ 5.36930667, 43.31723625 ] ] } },
{ "type": "Feature", "properties": { "nom_zone": "Salengro Briançon", "nombre_arret": 1, "nom_ligne": "['72' '535']", "nombre_ligne": 2, "type_ligne": "Bus", "bool_bus": true, "bool_tram": false, "bool_metro": false, "bool_ferry": false }, "geometry": { "type": "Point", "coordinates": [ 5.369354, 43.316524 ] } },
{ "type": "Feature", "properties": { "nom_zone": "Salengro Cougit", "nombre_arret": 3, "nom_ligne": "['T3' '36B' '36' 'BM2']", "nombre_ligne": 4, "type_ligne": "['Tram' 'Bus']", "bool_bus": true, "bool_tram": true, "bool_metro": false, "bool_ferry": false }, "geometry": { "type": "Polygon", "coordinates": [ [ [ 5.367528299999987, 43.321550440000017 ], [ 5.3677145, 43.3216308 ], [ 5.367643390000012, 43.32154048 ], [ 5.367528299999987, 43.321550440000017 ] ] ] } },
{ "type": "Feature", "properties": { "nom_zone": "Salengro Mirès", "nombre_arret": 1, "nom_ligne": "['88' '29']", "nombre_ligne": 2, "type_ligne": "Bus", "bool_bus": true, "bool_tram": false, "bool_metro": false, "bool_ferry": false }, "geometry": { "type": "Point", "coordinates": [ 5.371974, 43.312382 ] } },
{ "type": "Feature", "properties": { "nom_zone": "Salvator Italie", "nombre_arret": 2, "nom_ligne": "['81' '41' '54' 'BM1A' 'N1']", "nombre_ligne": 5, "type_ligne": "Bus", "bool_bus": true, "bool_tram": false, "bool_metro": false, "bool_ferry": false }, "geometry": { "type": "LineString", "coordinates": [ [ 5.381645859999963, 43.29097372 ], [ 5.381437989999988, 43.291034250000017 ] ] } },
{ "type": "Feature", "properties": { "nom_zone": "Salvator Paoli Calmettes", "nombre_arret": 2, "nom_ligne": "['518' 'B5' '24']", "nombre_ligne": 3, "type_ligne": "Bus", "bool_bus": true, "bool_tram": false, "bool_metro": false, "bool_ferry": false }, "geometry": { "type": "LineString", "coordinates": [ [ 5.411159, 43.263181 ], [ 5.410945, 43.263487 ] ] } },
{ "type": "Feature", "properties": { "nom_zone": "Samatan", "nombre_arret": 1, "nom_ligne": "84", "nombre_ligne": 1, "type_ligne": "Bus", "bool_bus": true, "bool_tram": false, "bool_metro": false, "bool_ferry": false }, "geometry": { "type": "Point", "coordinates": [ 5.354946, 43.288113 ] } },
{ "type": "Feature", "properties": { "nom_zone": "Saména", "nombre_arret": 2, "nom_ligne": "20", "nombre_ligne": 1, "type_ligne": "Bus", "bool_bus": true, "bool_tram": false, "bool_metro": false, "bool_ferry": false }, "geometry": { "type": "LineString", "coordinates": [ [ 5.352955, 43.228897 ], [ 5.353826, 43.229193 ] ] } },
{ "type": "Feature", "properties": { "nom_zone": "Savine Tuves", "nombre_arret": 2, "nom_ligne": "['530' '30' '121' '122']", "nombre_ligne": 4, "type_ligne": "Bus", "bool_bus": true, "bool_tram": false, "bool_metro": false, "bool_ferry": false }, "geometry": { "type": "LineString", "coordinates": [ [ 5.364825, 43.367819 ], [ 5.364575740000011, 43.36795697 ] ] } },
{ "type": "Feature", "properties": { "nom_zone": "Schuman Dames", "nombre_arret": 1, "nom_ligne": "['82S' '582' '49' 'BM2']", "nombre_ligne": 4, "type_ligne": "Bus", "bool_bus": true, "bool_tram": false, "bool_metro": false, "bool_ferry": false }, "geometry": { "type": "Point", "coordinates": [ 5.366645, 43.302869 ] } },
{ "type": "Feature", "properties": { "nom_zone": "Sedan Chave", "nombre_arret": 2, "nom_ligne": "52", "nombre_ligne": 1, "type_ligne": "Bus", "bool_bus": true, "bool_tram": false, "bool_metro": false, "bool_ferry": false }, "geometry": { "type": "LineString", "coordinates": [ [ 5.397891, 43.294972 ], [ 5.397952, 43.295415 ] ] } },
{ "type": "Feature", "properties": { "nom_zone": "Simon Ricard", "nombre_arret": 2, "nom_ligne": "88", "nombre_ligne": 1, "type_ligne": "Bus", "bool_bus": true, "bool_tram": false, "bool_metro": false, "bool_ferry": false }, "geometry": { "type": "LineString", "coordinates": [ [ 5.391081539999989, 43.31197123 ], [ 5.390704449999971, 43.31185235 ] ] } },
{ "type": "Feature", "properties": { "nom_zone": "Solitude Escourtines", "nombre_arret": 2, "nom_ligne": "['15' '50']", "nombre_ligne": 2, "type_ligne": "Bus", "bool_bus": true, "bool_tram": false, "bool_metro": false, "bool_ferry": false }, "geometry": { "type": "LineString", "coordinates": [ [ 5.501729, 43.281145 ], [ 5.502153, 43.281603 ] ] } },
{ "type": "Feature", "properties": { "nom_zone": "Solitude Millière", "nombre_arret": 1, "nom_ligne": "['15' '50']", "nombre_ligne": 2, "type_ligne": "Bus", "bool_bus": true, "bool_tram": false, "bool_metro": false, "bool_ferry": false }, "geometry": { "type": "Point", "coordinates": [ 5.50230655999993, 43.283099320000019 ] } },
{ "type": "Feature", "properties": { "nom_zone": "Sormiou Cayolle", "nombre_arret": 2, "nom_ligne": "23", "nombre_ligne": 1, "type_ligne": "Bus", "bool_bus": true, "bool_tram": false, "bool_metro": false, "bool_ferry": false }, "geometry": { "type": "LineString", "coordinates": [ [ 5.40115, 43.229873 ], [ 5.401038, 43.230309 ] ] } },
{ "type": "Feature", "properties": { "nom_zone": "Sormiou Jarre", "nombre_arret": 2, "nom_ligne": "23", "nombre_ligne": 1, "type_ligne": "Bus", "bool_bus": true, "bool_tram": false, "bool_metro": false, "bool_ferry": false }, "geometry": { "type": "LineString", "coordinates": [ [ 5.399315, 43.23418 ], [ 5.399317, 43.234976 ] ] } },
{ "type": "Feature", "properties": { "nom_zone": "Sormiou Roy d'Espagne", "nombre_arret": 2, "nom_ligne": "23", "nombre_ligne": 1, "type_ligne": "Bus", "bool_bus": true, "bool_tram": false, "bool_metro": false, "bool_ferry": false }, "geometry": { "type": "LineString", "coordinates": [ [ 5.399031, 43.236598 ], [ 5.398844, 43.236042 ] ] } },
{ "type": "Feature", "properties": { "nom_zone": "Soude Poméon", "nombre_arret": 2, "nom_ligne": "23", "nombre_ligne": 1, "type_ligne": "Bus", "bool_bus": true, "bool_tram": false, "bool_metro": false, "bool_ferry": false }, "geometry": { "type": "LineString", "coordinates": [ [ 5.403064, 43.242298 ], [ 5.402998, 43.242508 ] ] } },
{ "type": "Feature", "properties": { "nom_zone": "Soude Réginensi", "nombre_arret": 2, "nom_ligne": "23", "nombre_ligne": 1, "type_ligne": "Bus", "bool_bus": true, "bool_tram": false, "bool_metro": false, "bool_ferry": false }, "geometry": { "type": "LineString", "coordinates": [ [ 5.399607, 43.244705 ], [ 5.400134, 43.244499 ] ] } },
{ "type": "Feature", "properties": { "nom_zone": "St André", "nombre_arret": 2, "nom_ligne": "['25' '36B' '36' '535']", "nombre_ligne": 4, "type_ligne": "Bus", "bool_bus": true, "bool_tram": false, "bool_metro": false, "bool_ferry": false }, "geometry": { "type": "LineString", "coordinates": [ [ 5.343561, 43.356647 ], [ 5.342835, 43.356813 ] ] } },
{ "type": "Feature", "properties": { "nom_zone": "St André PN", "nombre_arret": 2, "nom_ligne": "['25' '36B' '36' '535' '98']", "nombre_ligne": 5, "type_ligne": "Bus", "bool_bus": true, "bool_tram": false, "bool_metro": false, "bool_ferry": false }, "geometry": { "type": "LineString", "coordinates": [ [ 5.345849, 43.355854 ], [ 5.346657, 43.355641 ] ] } },
{ "type": "Feature", "properties": { "nom_zone": "St Antoine", "nombre_arret": 4, "nom_ligne": "['25' '98']", "nombre_ligne": 2, "type_ligne": "Bus", "bool_bus": true, "bool_tram": false, "bool_metro": false, "bool_ferry": false }, "geometry": { "type": "Polygon", "coordinates": [ [ [ 5.354016, 43.373217 ], [ 5.353513, 43.373277 ], [ 5.353841, 43.373315 ], [ 5.354532, 43.373404 ], [ 5.354016, 43.373217 ] ] ] } },
{ "type": "Feature", "properties": { "nom_zone": "St Antoine Collet", "nombre_arret": 2, "nom_ligne": "['96' 'B2']", "nombre_ligne": 2, "type_ligne": "Bus", "bool_bus": true, "bool_tram": false, "bool_metro": false, "bool_ferry": false }, "geometry": { "type": "LineString", "coordinates": [ [ 5.3558, 43.374298 ], [ 5.355793, 43.3734 ] ] } },
{ "type": "Feature", "properties": { "nom_zone": "St Antoine Mairie", "nombre_arret": 2, "nom_ligne": "['96' 'B2']", "nombre_ligne": 2, "type_ligne": "Bus", "bool_bus": true, "bool_tram": false, "bool_metro": false, "bool_ferry": false }, "geometry": { "type": "LineString", "coordinates": [ [ 5.356133, 43.375891 ], [ 5.356099, 43.376255 ] ] } },
{ "type": "Feature", "properties": { "nom_zone": "St Antoine Village", "nombre_arret": 2, "nom_ligne": "['96' 'B2']", "nombre_ligne": 2, "type_ligne": "Bus", "bool_bus": true, "bool_tram": false, "bool_metro": false, "bool_ferry": false }, "geometry": { "type": "LineString", "coordinates": [ [ 5.35613, 43.370891 ], [ 5.35624, 43.371026 ] ] } },
{ "type": "Feature", "properties": { "nom_zone": "St Barnabé Cauvin", "nombre_arret": 1, "nom_ligne": "['67' '10' 'BM1B']", "nombre_ligne": 3, "type_ligne": "Bus", "bool_bus": true, "bool_tram": false, "bool_metro": false, "bool_ferry": false }, "geometry": { "type": "Point", "coordinates": [ 5.41763842, 43.303796240000018 ] } },
{ "type": "Feature", "properties": { "nom_zone": "St Barnabé La Croix", "nombre_arret": 2, "nom_ligne": "['67' '10' 'BM1B']", "nombre_ligne": 3, "type_ligne": "Bus", "bool_bus": true, "bool_tram": false, "bool_metro": false, "bool_ferry": false }, "geometry": { "type": "LineString", "coordinates": [ [ 5.414701, 43.303933 ], [ 5.415107, 43.304157 ] ] } },
{ "type": "Feature", "properties": { "nom_zone": "St Cassien", "nombre_arret": 2, "nom_ligne": "['35T' '35']", "nombre_ligne": 2, "type_ligne": "Bus", "bool_bus": true, "bool_tram": false, "bool_metro": false, "bool_ferry": false }, "geometry": { "type": "LineString", "coordinates": [ [ 5.363019, 43.320728 ], [ 5.362677, 43.320023 ] ] } },
{ "type": "Feature", "properties": { "nom_zone": "St Giniez", "nombre_arret": 2, "nom_ligne": "41", "nombre_ligne": 1, "type_ligne": "Bus", "bool_bus": true, "bool_tram": false, "bool_metro": false, "bool_ferry": false }, "geometry": { "type": "LineString", "coordinates": [ [ 5.386378, 43.270575 ], [ 5.38645506, 43.270799900000014 ] ] } },
{ "type": "Feature", "properties": { "nom_zone": "St Henri", "nombre_arret": 1, "nom_ligne": "['36B' '36' '535']", "nombre_ligne": 3, "type_ligne": "Bus", "bool_bus": true, "bool_tram": false, "bool_metro": false, "bool_ferry": false }, "geometry": { "type": "Point", "coordinates": [ 5.332264, 43.359476 ] } },
{ "type": "Feature", "properties": { "nom_zone": "St Henri Chaîne", "nombre_arret": 1, "nom_ligne": "['96' '36B' '36' '535']", "nombre_ligne": 4, "type_ligne": "Bus", "bool_bus": true, "bool_tram": false, "bool_metro": false, "bool_ferry": false }, "geometry": { "type": "Point", "coordinates": [ 5.33417344, 43.35657461 ] } },
{ "type": "Feature", "properties": { "nom_zone": "St Joseph", "nombre_arret": 2, "nom_ligne": "['31' '28' '530' '27']", "nombre_ligne": 4, "type_ligne": "Bus", "bool_bus": true, "bool_tram": false, "bool_metro": false, "bool_ferry": false }, "geometry": { "type": "LineString", "coordinates": [ [ 5.37875, 43.347206 ], [ 5.378219, 43.346211 ] ] } },
{ "type": "Feature", "properties": { "nom_zone": "St Joseph Les Lions", "nombre_arret": 3, "nom_ligne": "['31' '28' '530' '27']", "nombre_ligne": 4, "type_ligne": "Bus", "bool_bus": true, "bool_tram": false, "bool_metro": false, "bool_ferry": false }, "geometry": { "type": "Polygon", "coordinates": [ [ [ 5.375591, 43.349307 ], [ 5.376191, 43.348708 ], [ 5.376078, 43.348329 ], [ 5.375591, 43.349307 ] ] ] } },
{ "type": "Feature", "properties": { "nom_zone": "St Julien", "nombre_arret": 2, "nom_ligne": "['S4' '9']", "nombre_ligne": 2, "type_ligne": "Bus", "bool_bus": true, "bool_tram": false, "bool_metro": false, "bool_ferry": false }, "geometry": { "type": "LineString", "coordinates": [ [ 5.44738412, 43.313851680000013 ], [ 5.447523, 43.314002 ] ] } },
{ "type": "Feature", "properties": { "nom_zone": "St Just Achard", "nombre_arret": 2, "nom_ligne": "['42T' '42']", "nombre_ligne": 2, "type_ligne": "Bus", "bool_bus": true, "bool_tram": false, "bool_metro": false, "bool_ferry": false }, "geometry": { "type": "LineString", "coordinates": [ [ 5.402496, 43.313499 ], [ 5.402086, 43.313203 ] ] } },
{ "type": "Feature", "properties": { "nom_zone": "St Just Ivaldi", "nombre_arret": 2, "nom_ligne": "['42T' '42']", "nombre_ligne": 2, "type_ligne": "Bus", "bool_bus": true, "bool_tram": false, "bool_metro": false, "bool_ferry": false }, "geometry": { "type": "LineString", "coordinates": [ [ 5.401203, 43.311602 ], [ 5.400741, 43.311107 ] ] } },
{ "type": "Feature", "properties": { "nom_zone": "St Just Raguse", "nombre_arret": 2, "nom_ligne": "['81' '42T' '42' '53']", "nombre_ligne": 4, "type_ligne": "Bus", "bool_bus": true, "bool_tram": false, "bool_metro": false, "bool_ferry": false }, "geometry": { "type": "LineString", "coordinates": [ [ 5.404972, 43.317233 ], [ 5.405307, 43.317273 ] ] } },
{ "type": "Feature", "properties": { "nom_zone": "St Just Vidal", "nombre_arret": 1, "nom_ligne": "['42T' '42' '53']", "nombre_ligne": 3, "type_ligne": "Bus", "bool_bus": true, "bool_tram": false, "bool_metro": false, "bool_ferry": false }, "geometry": { "type": "Point", "coordinates": [ 5.408132, 43.319549 ] } },
{ "type": "Feature", "properties": { "nom_zone": "St Jérôme Faculté", "nombre_arret": 4, "nom_ligne": "['32' 'B3']", "nombre_ligne": 2, "type_ligne": "Bus", "bool_bus": true, "bool_tram": false, "bool_metro": false, "bool_ferry": false }, "geometry": { "type": "Polygon", "coordinates": [ [ [ 5.410166, 43.336462 ], [ 5.410068, 43.336308 ], [ 5.41004, 43.336542 ], [ 5.410157, 43.33658 ], [ 5.410166, 43.336462 ] ] ] } },
{ "type": "Feature", "properties": { "nom_zone": "St Jérôme IUT", "nombre_arret": 6, "nom_ligne": "['N2' '3' '32' 'B3']", "nombre_ligne": 4, "type_ligne": "Bus", "bool_bus": true, "bool_tram": false, "bool_metro": false, "bool_ferry": false }, "geometry": { "type": "Polygon", "coordinates": [ [ [ 5.409973, 43.340536 ], [ 5.409871, 43.340387 ], [ 5.409871, 43.340617 ], [ 5.409958, 43.340661 ], [ 5.41065469, 43.341306310000036 ], [ 5.411266, 43.340915 ], [ 5.409973, 43.340536 ] ] ] } },
{ "type": "Feature", "properties": { "nom_zone": "St Jérôme Les Sereins", "nombre_arret": 2, "nom_ligne": "37", "nombre_ligne": 1, "type_ligne": "Bus", "bool_bus": true, "bool_tram": false, "bool_metro": false, "bool_ferry": false }, "geometry": { "type": "LineString", "coordinates": [ [ 5.419873, 43.332458 ], [ 5.419685, 43.332378 ] ] } },
{ "type": "Feature", "properties": { "nom_zone": "St Jérôme Parking Relais", "nombre_arret": 3, "nom_ligne": "['33' '3' 'B3']", "nombre_ligne": 3, "type_ligne": "Bus", "bool_bus": true, "bool_tram": false, "bool_metro": false, "bool_ferry": false }, "geometry": { "type": "Polygon", "coordinates": [ [ [ 5.41043, 43.34301 ], [ 5.410283, 43.342681 ], [ 5.410308, 43.342866 ], [ 5.41043, 43.34301 ] ] ] } },
{ "type": "Feature", "properties": { "nom_zone": "St Jérôme Pélabon", "nombre_arret": 2, "nom_ligne": "37", "nombre_ligne": 1, "type_ligne": "Bus", "bool_bus": true, "bool_tram": false, "bool_metro": false, "bool_ferry": false }, "geometry": { "type": "LineString", "coordinates": [ [ 5.4191581, 43.33054222 ], [ 5.419333, 43.330954 ] ] } },
{ "type": "Feature", "properties": { "nom_zone": "St Jérôme Susini", "nombre_arret": 2, "nom_ligne": "37", "nombre_ligne": 1, "type_ligne": "Bus", "bool_bus": true, "bool_tram": false, "bool_metro": false, "bool_ferry": false }, "geometry": { "type": "LineString", "coordinates": [ [ 5.420329, 43.33384 ], [ 5.42021, 43.333906 ] ] } },
{ "type": "Feature", "properties": { "nom_zone": "St Louis", "nombre_arret": 2, "nom_ligne": "B2", "nombre_ligne": 1, "type_ligne": "Bus", "bool_bus": true, "bool_tram": false, "bool_metro": false, "bool_ferry": false }, "geometry": { "type": "LineString", "coordinates": [ [ 5.35906823, 43.34802136 ], [ 5.358966, 43.347995 ] ] } },
{ "type": "Feature", "properties": { "nom_zone": "St Louis Camau", "nombre_arret": 2, "nom_ligne": "B2", "nombre_ligne": 1, "type_ligne": "Bus", "bool_bus": true, "bool_tram": false, "bool_metro": false, "bool_ferry": false }, "geometry": { "type": "LineString", "coordinates": [ [ 5.358887, 43.349924 ], [ 5.3587, 43.350257 ] ] } },
{ "type": "Feature", "properties": { "nom_zone": "St Louis La Poste", "nombre_arret": 2, "nom_ligne": "['25' 'B2']", "nombre_ligne": 2, "type_ligne": "Bus", "bool_bus": true, "bool_tram": false, "bool_metro": false, "bool_ferry": false }, "geometry": { "type": "LineString", "coordinates": [ [ 5.360576, 43.341127 ], [ 5.360411, 43.34162 ] ] } },
{ "type": "Feature", "properties": { "nom_zone": "St Louis Picardie", "nombre_arret": 2, "nom_ligne": "27", "nombre_ligne": 1, "type_ligne": "Bus", "bool_bus": true, "bool_tram": false, "bool_metro": false, "bool_ferry": false }, "geometry": { "type": "LineString", "coordinates": [ [ 5.368893, 43.347275 ], [ 5.369283, 43.347202 ] ] } },
{ "type": "Feature", "properties": { "nom_zone": "St Louis Rove", "nombre_arret": 2, "nom_ligne": "25", "nombre_ligne": 1, "type_ligne": "Bus", "bool_bus": true, "bool_tram": false, "bool_metro": false, "bool_ferry": false }, "geometry": { "type": "LineString", "coordinates": [ [ 5.358466, 43.348007 ], [ 5.357659, 43.348253 ] ] } },
{ "type": "Feature", "properties": { "nom_zone": "St Louis Susini", "nombre_arret": 2, "nom_ligne": "['25' 'B2']", "nombre_ligne": 2, "type_ligne": "Bus", "bool_bus": true, "bool_tram": false, "bool_metro": false, "bool_ferry": false }, "geometry": { "type": "LineString", "coordinates": [ [ 5.359283, 43.346169 ], [ 5.359201, 43.346098 ] ] } },
{ "type": "Feature", "properties": { "nom_zone": "St Loup Eglise", "nombre_arret": 2, "nom_ligne": "['15S' '15' '18']", "nombre_ligne": 3, "type_ligne": "Bus", "bool_bus": true, "bool_tram": false, "bool_metro": false, "bool_ferry": false }, "geometry": { "type": "LineString", "coordinates": [ [ 5.430113, 43.282188 ], [ 5.431093, 43.282572 ] ] } },
{ "type": "Feature", "properties": { "nom_zone": "St Loup de Trets", "nombre_arret": 2, "nom_ligne": "['15S' '15']", "nombre_ligne": 2, "type_ligne": "Bus", "bool_bus": true, "bool_tram": false, "bool_metro": false, "bool_ferry": false }, "geometry": { "type": "LineString", "coordinates": [ [ 5.435273, 43.283901 ], [ 5.43533, 43.284006 ] ] } },
{ "type": "Feature", "properties": { "nom_zone": "St Menet Buzine", "nombre_arret": 1, "nom_ligne": "51", "nombre_ligne": 1, "type_ligne": "Bus", "bool_bus": true, "bool_tram": false, "bool_metro": false, "bool_ferry": false }, "geometry": { "type": "Point", "coordinates": [ 5.494862, 43.292773 ] } },
{ "type": "Feature", "properties": { "nom_zone": "St Menet La Buzine", "nombre_arret": 1, "nom_ligne": "51", "nombre_ligne": 1, "type_ligne": "Bus", "bool_bus": true, "bool_tram": false, "bool_metro": false, "bool_ferry": false }, "geometry": { "type": "Point", "coordinates": [ 5.493796, 43.293526 ] } },
{ "type": "Feature", "properties": { "nom_zone": "St Menet Pompiers", "nombre_arret": 2, "nom_ligne": "51", "nombre_ligne": 1, "type_ligne": "Bus", "bool_bus": true, "bool_tram": false, "bool_metro": false, "bool_ferry": false }, "geometry": { "type": "LineString", "coordinates": [ [ 5.495701, 43.289728 ], [ 5.496338, 43.289287 ] ] } },
{ "type": "Feature", "properties": { "nom_zone": "St Menet Village", "nombre_arret": 2, "nom_ligne": "51", "nombre_ligne": 1, "type_ligne": "Bus", "bool_bus": true, "bool_tram": false, "bool_metro": false, "bool_ferry": false }, "geometry": { "type": "LineString", "coordinates": [ [ 5.499486, 43.288477 ], [ 5.499749, 43.288579 ] ] } },
{ "type": "Feature", "properties": { "nom_zone": "St Mitre", "nombre_arret": 4, "nom_ligne": "['37' 'S2' '3' '5' 'S3']", "nombre_ligne": 5, "type_ligne": "Bus", "bool_bus": true, "bool_tram": false, "bool_metro": false, "bool_ferry": false }, "geometry": { "type": "Polygon", "coordinates": [ [ [ 5.419277, 43.34258 ], [ 5.418911580000011, 43.34259117 ], [ 5.42025, 43.342661 ], [ 5.42039, 43.342509 ], [ 5.419277, 43.34258 ] ] ] } },
{ "type": "Feature", "properties": { "nom_zone": "St Mitre Ecoles", "nombre_arret": 2, "nom_ligne": "['5' 'S3' '37' 'S2' '3']", "nombre_ligne": 5, "type_ligne": "Bus", "bool_bus": true, "bool_tram": false, "bool_metro": false, "bool_ferry": false }, "geometry": { "type": "LineString", "coordinates": [ [ 5.419878, 43.34119 ], [ 5.420005, 43.340581 ] ] } },
{ "type": "Feature", "properties": { "nom_zone": "St Mitre Eglise", "nombre_arret": 2, "nom_ligne": "['37' 'S2' '3']", "nombre_ligne": 3, "type_ligne": "Bus", "bool_bus": true, "bool_tram": false, "bool_metro": false, "bool_ferry": false }, "geometry": { "type": "LineString", "coordinates": [ [ 5.416164730000011, 43.345318579999962 ], [ 5.41620281, 43.344973310000036 ] ] } },
{ "type": "Feature", "properties": { "nom_zone": "St Mitre Party", "nombre_arret": 2, "nom_ligne": "['37' 'S2']", "nombre_ligne": 2, "type_ligne": "Bus", "bool_bus": true, "bool_tram": false, "bool_metro": false, "bool_ferry": false }, "geometry": { "type": "LineString", "coordinates": [ [ 5.41577, 43.347144 ], [ 5.415938, 43.34681 ] ] } },
{ "type": "Feature", "properties": { "nom_zone": "St Pierre", "nombre_arret": 2, "nom_ligne": "['12B' '12' '540' '40' '12S' 'T1']", "nombre_ligne": 6, "type_ligne": "['Bus' 'Tram']", "bool_bus": true, "bool_tram": true, "bool_metro": false, "bool_ferry": false }, "geometry": { "type": "LineString", "coordinates": [ [ 5.41370723, 43.29176736 ], [ 5.41402143, 43.291681500000024 ] ] } },
{ "type": "Feature", "properties": { "nom_zone": "St Pierre Godchot", "nombre_arret": 2, "nom_ligne": "['12B' '12' '540' '40' '12S']", "nombre_ligne": 5, "type_ligne": "Bus", "bool_bus": true, "bool_tram": false, "bool_metro": false, "bool_ferry": false }, "geometry": { "type": "LineString", "coordinates": [ [ 5.407186, 43.291692 ], [ 5.405664, 43.291602 ] ] } },
{ "type": "Feature", "properties": { "nom_zone": "St Pierre Jeannette", "nombre_arret": 2, "nom_ligne": "['12B' '12' '540' '40' '12S']", "nombre_ligne": 5, "type_ligne": "Bus", "bool_bus": true, "bool_tram": false, "bool_metro": false, "bool_ferry": false }, "geometry": { "type": "LineString", "coordinates": [ [ 5.422908, 43.290578 ], [ 5.422104, 43.290628 ] ] } },
{ "type": "Feature", "properties": { "nom_zone": "St Pierre Petite Porte", "nombre_arret": 2, "nom_ligne": "['12B' '12' '540' '40' '12S']", "nombre_ligne": 5, "type_ligne": "Bus", "bool_bus": true, "bool_tram": false, "bool_metro": false, "bool_ferry": false }, "geometry": { "type": "LineString", "coordinates": [ [ 5.419831, 43.290436 ], [ 5.420211, 43.290547 ] ] } },
{ "type": "Feature", "properties": { "nom_zone": "St Pierre Ste Thérèse", "nombre_arret": 2, "nom_ligne": "['12B' '12' '540' '40' '12S']", "nombre_ligne": 5, "type_ligne": "Bus", "bool_bus": true, "bool_tram": false, "bool_metro": false, "bool_ferry": false }, "geometry": { "type": "LineString", "coordinates": [ [ 5.410451, 43.291535 ], [ 5.408667, 43.29182 ] ] } },
{ "type": "Feature", "properties": { "nom_zone": "St Savournin Barbaroux", "nombre_arret": 1, "nom_ligne": "74", "nombre_ligne": 1, "type_ligne": "Bus", "bool_bus": true, "bool_tram": false, "bool_metro": false, "bool_ferry": false }, "geometry": { "type": "Point", "coordinates": [ 5.387742519999977, 43.298026100000023 ] } },
{ "type": "Feature", "properties": { "nom_zone": "St Thys", "nombre_arret": 2, "nom_ligne": "18", "nombre_ligne": 1, "type_ligne": "Bus", "bool_bus": true, "bool_tram": false, "bool_metro": false, "bool_ferry": false }, "geometry": { "type": "LineString", "coordinates": [ [ 5.439237, 43.281077 ], [ 5.439107, 43.281196 ] ] } },
{ "type": "Feature", "properties": { "nom_zone": "Stade Coder", "nombre_arret": 2, "nom_ligne": "['15S' '15' '540' '18' '40']", "nombre_ligne": 5, "type_ligne": "Bus", "bool_bus": true, "bool_tram": false, "bool_metro": false, "bool_ferry": false }, "geometry": { "type": "LineString", "coordinates": [ [ 5.446864829999976, 43.287238469999977 ], [ 5.446708, 43.287347 ] ] } },
{ "type": "Feature", "properties": { "nom_zone": "Stade Mallet", "nombre_arret": 2, "nom_ligne": "['5' 'S3']", "nombre_ligne": 2, "type_ligne": "Bus", "bool_bus": true, "bool_tram": false, "bool_metro": false, "bool_ferry": false }, "geometry": { "type": "LineString", "coordinates": [ [ 5.427789909999953, 43.34693252000001 ], [ 5.42705774, 43.346773740000025 ] ] } },
{ "type": "Feature", "properties": { "nom_zone": "Stade Michelier Montredon", "nombre_arret": 2, "nom_ligne": "['19' 'S8']", "nombre_ligne": 2, "type_ligne": "Bus", "bool_bus": true, "bool_tram": false, "bool_metro": false, "bool_ferry": false }, "geometry": { "type": "LineString", "coordinates": [ [ 5.357928, 43.233491 ], [ 5.35799956, 43.23343591 ] ] } },
{ "type": "Feature", "properties": { "nom_zone": "Stade Nautique", "nombre_arret": 2, "nom_ligne": "['83' 'S7']", "nombre_ligne": 2, "type_ligne": "Bus", "bool_bus": true, "bool_tram": false, "bool_metro": false, "bool_ferry": false }, "geometry": { "type": "LineString", "coordinates": [ [ 5.372981169999964, 43.2655303 ], [ 5.37292883, 43.266142900000013 ] ] } },
{ "type": "Feature", "properties": { "nom_zone": "Stade Vallier", "nombre_arret": 3, "nom_ligne": "['509' 'T2' '72']", "nombre_ligne": 3, "type_ligne": "['Bus' 'Tram']", "bool_bus": true, "bool_tram": true, "bool_metro": false, "bool_ferry": false }, "geometry": { "type": "Polygon", "coordinates": [ [ [ 5.400309, 43.299988 ], [ 5.400875609999976, 43.300486100000022 ], [ 5.400669060000013, 43.300141 ], [ 5.400309, 43.299988 ] ] ] } },
{ "type": "Feature", "properties": { "nom_zone": "Stade de Malpassé", "nombre_arret": 2, "nom_ligne": "['32' '27']", "nombre_ligne": 2, "type_ligne": "Bus", "bool_bus": true, "bool_tram": false, "bool_metro": false, "bool_ferry": false }, "geometry": { "type": "LineString", "coordinates": [ [ 5.41383, 43.328458 ], [ 5.413688, 43.328433 ] ] } },
{ "type": "Feature", "properties": { "nom_zone": "Ste Anne", "nombre_arret": 3, "nom_ligne": "['22S' '22' '23' '45']", "nombre_ligne": 4, "type_ligne": "Bus", "bool_bus": true, "bool_tram": false, "bool_metro": false, "bool_ferry": false }, "geometry": { "type": "Polygon", "coordinates": [ [ [ 5.39421, 43.256971 ], [ 5.394589, 43.256647 ], [ 5.393993, 43.256668 ], [ 5.39421, 43.256971 ] ] ] } },
{ "type": "Feature", "properties": { "nom_zone": "Ste Anne Haïfa", "nombre_arret": 2, "nom_ligne": "['22S' '22' '23' '45']", "nombre_ligne": 4, "type_ligne": "Bus", "bool_bus": true, "bool_tram": false, "bool_metro": false, "bool_ferry": false }, "geometry": { "type": "LineString", "coordinates": [ [ 5.3941, 43.254676 ], [ 5.394352, 43.25452426 ] ] } },
{ "type": "Feature", "properties": { "nom_zone": "Ste Marguerite", "nombre_arret": 2, "nom_ligne": "['518' '24']", "nombre_ligne": 2, "type_ligne": "Bus", "bool_bus": true, "bool_tram": false, "bool_metro": false, "bool_ferry": false }, "geometry": { "type": "LineString", "coordinates": [ [ 5.406417, 43.268173 ], [ 5.405712, 43.268386 ] ] } },
{ "type": "Feature", "properties": { "nom_zone": "Ste Marguerite Vauthier", "nombre_arret": 2, "nom_ligne": "['518' '24']", "nombre_ligne": 2, "type_ligne": "Bus", "bool_bus": true, "bool_tram": false, "bool_metro": false, "bool_ferry": false }, "geometry": { "type": "LineString", "coordinates": [ [ 5.408474, 43.266206 ], [ 5.40834378, 43.266235530000017 ] ] } },
{ "type": "Feature", "properties": { "nom_zone": "Ste Marthe", "nombre_arret": 4, "nom_ligne": "['31' '28' '530' '27']", "nombre_ligne": 4, "type_ligne": "Bus", "bool_bus": true, "bool_tram": false, "bool_metro": false, "bool_ferry": false }, "geometry": { "type": "Polygon", "coordinates": [ [ [ 5.391395, 43.338767 ], [ 5.391686, 43.339337 ], [ 5.392048, 43.339046 ], [ 5.3914, 43.338656 ], [ 5.391395, 43.338767 ] ] ] } },
{ "type": "Feature", "properties": { "nom_zone": "Ste Marthe Bougie", "nombre_arret": 2, "nom_ligne": "['31' '33']", "nombre_ligne": 2, "type_ligne": "Bus", "bool_bus": true, "bool_tram": false, "bool_metro": false, "bool_ferry": false }, "geometry": { "type": "LineString", "coordinates": [ [ 5.389493, 43.322708 ], [ 5.389425, 43.321552 ] ] } },
{ "type": "Feature", "properties": { "nom_zone": "Ste Marthe Colonel", "nombre_arret": 2, "nom_ligne": "['31' '33']", "nombre_ligne": 2, "type_ligne": "Bus", "bool_bus": true, "bool_tram": false, "bool_metro": false, "bool_ferry": false }, "geometry": { "type": "LineString", "coordinates": [ [ 5.390044, 43.31938 ], [ 5.390157, 43.31941 ] ] } },
{ "type": "Feature", "properties": { "nom_zone": "Ste Marthe Jourdan", "nombre_arret": 2, "nom_ligne": "['31' '28' '530']", "nombre_ligne": 3, "type_ligne": "Bus", "bool_bus": true, "bool_tram": false, "bool_metro": false, "bool_ferry": false }, "geometry": { "type": "LineString", "coordinates": [ [ 5.390201, 43.332883 ], [ 5.390744, 43.333572 ] ] } },
{ "type": "Feature", "properties": { "nom_zone": "Ste Marthe Peupliers", "nombre_arret": 2, "nom_ligne": "['31' '28' '530']", "nombre_ligne": 3, "type_ligne": "Bus", "bool_bus": true, "bool_tram": false, "bool_metro": false, "bool_ferry": false }, "geometry": { "type": "LineString", "coordinates": [ [ 5.392197, 43.336384 ], [ 5.392033, 43.336637 ] ] } },
{ "type": "Feature", "properties": { "nom_zone": "Ste Marthe Vert Bois", "nombre_arret": 1, "nom_ligne": "['31' '28' '530']", "nombre_ligne": 3, "type_ligne": "Bus", "bool_bus": true, "bool_tram": false, "bool_metro": false, "bool_ferry": false }, "geometry": { "type": "Point", "coordinates": [ 5.39146, 43.334974 ] } },
{ "type": "Feature", "properties": { "nom_zone": "Ste Trinité", "nombre_arret": 2, "nom_ligne": "['B1' '21JET' 'N1']", "nombre_ligne": 3, "type_ligne": "Bus", "bool_bus": true, "bool_tram": false, "bool_metro": false, "bool_ferry": false }, "geometry": { "type": "LineString", "coordinates": [ [ 5.406488479999975, 43.24787741 ], [ 5.40637046, 43.24782857000001 ] ] } },
{ "type": "Feature", "properties": { "nom_zone": "Strasbourg", "nombre_arret": 1, "nom_ligne": "['31' '89' '32' '530' '49']", "nombre_ligne": 5, "type_ligne": "Bus", "bool_bus": true, "bool_tram": false, "bool_metro": false, "bool_ferry": false }, "geometry": { "type": "Point", "coordinates": [ 5.379296, 43.309424 ] } },
{ "type": "Feature", "properties": { "nom_zone": "Strasbourg Amiens", "nombre_arret": 1, "nom_ligne": "['31' '89' '32' '530' '49']", "nombre_ligne": 5, "type_ligne": "Bus", "bool_bus": true, "bool_tram": false, "bool_metro": false, "bool_ferry": false }, "geometry": { "type": "Point", "coordinates": [ 5.37501, 43.306909 ] } },
{ "type": "Feature", "properties": { "nom_zone": "Strasbourg Desaix", "nombre_arret": 2, "nom_ligne": "['31' '89' '32' '530' '49']", "nombre_ligne": 5, "type_ligne": "Bus", "bool_bus": true, "bool_tram": false, "bool_metro": false, "bool_ferry": false }, "geometry": { "type": "LineString", "coordinates": [ [ 5.376326, 43.307798 ], [ 5.376943, 43.308267 ] ] } },
{ "type": "Feature", "properties": { "nom_zone": "Susini Marie Louise", "nombre_arret": 2, "nom_ligne": "['N2' '3']", "nombre_ligne": 2, "type_ligne": "Bus", "bool_bus": true, "bool_tram": false, "bool_metro": false, "bool_ferry": false }, "geometry": { "type": "LineString", "coordinates": [ [ 5.413652, 43.339806 ], [ 5.413539299999987, 43.33975249 ] ] } },
{ "type": "Feature", "properties": { "nom_zone": "Sévigné", "nombre_arret": 2, "nom_ligne": "['B4' 'B3']", "nombre_ligne": 2, "type_ligne": "Bus", "bool_bus": true, "bool_tram": false, "bool_metro": false, "bool_ferry": false }, "geometry": { "type": "LineString", "coordinates": [ [ 5.41746553, 43.328420570000013 ], [ 5.417568, 43.32823551 ] ] } },
{ "type": "Feature", "properties": { "nom_zone": "Tastevin", "nombre_arret": 2, "nom_ligne": "['5' 'S3']", "nombre_ligne": 2, "type_ligne": "Bus", "bool_bus": true, "bool_tram": false, "bool_metro": false, "bool_ferry": false }, "geometry": { "type": "LineString", "coordinates": [ [ 5.431755, 43.350065 ], [ 5.43147, 43.349853 ] ] } },
{ "type": "Feature", "properties": { "nom_zone": "Technopôle Centrale Med", "nombre_arret": 2, "nom_ligne": "['N2' 'B3']", "nombre_ligne": 2, "type_ligne": "Bus", "bool_bus": true, "bool_tram": false, "bool_metro": false, "bool_ferry": false }, "geometry": { "type": "LineString", "coordinates": [ [ 5.436608, 43.342404 ], [ 5.436517, 43.342314 ] ] } },
{ "type": "Feature", "properties": { "nom_zone": "Technopôle Polytech Marseille", "nombre_arret": 2, "nom_ligne": "['N2' '63' 'B3']", "nombre_ligne": 3, "type_ligne": "Bus", "bool_bus": true, "bool_tram": false, "bool_metro": false, "bool_ferry": false }, "geometry": { "type": "LineString", "coordinates": [ [ 5.43681622, 43.34459322 ], [ 5.43706298, 43.344468380000038 ] ] } },
{ "type": "Feature", "properties": { "nom_zone": "Technopôle de Château Gombert", "nombre_arret": 2, "nom_ligne": "B3", "nombre_ligne": 1, "type_ligne": "Bus", "bool_bus": true, "bool_tram": false, "bool_metro": false, "bool_ferry": false }, "geometry": { "type": "LineString", "coordinates": [ [ 5.43911085, 43.34483412 ], [ 5.439252, 43.344884 ] ] } },
{ "type": "Feature", "properties": { "nom_zone": "Tellène Chantecler", "nombre_arret": 2, "nom_ligne": "55", "nombre_ligne": 1, "type_ligne": "Bus", "bool_bus": true, "bool_tram": false, "bool_metro": false, "bool_ferry": false }, "geometry": { "type": "LineString", "coordinates": [ [ 5.367044, 43.28612 ], [ 5.3669821, 43.28695582 ] ] } },
{ "type": "Feature", "properties": { "nom_zone": "Tellène Valentin", "nombre_arret": 2, "nom_ligne": "55", "nombre_ligne": 1, "type_ligne": "Bus", "bool_bus": true, "bool_tram": false, "bool_metro": false, "bool_ferry": false }, "geometry": { "type": "LineString", "coordinates": [ [ 5.367584910000012, 43.284404169999981 ], [ 5.368016, 43.284346 ] ] } },
{ "type": "Feature", "properties": { "nom_zone": "Terminal Croisières", "nombre_arret": 4, "nom_ligne": "['35T' '35' '36B' '36']", "nombre_ligne": 4, "type_ligne": "Bus", "bool_bus": true, "bool_tram": false, "bool_metro": false, "bool_ferry": false }, "geometry": { "type": "Polygon", "coordinates": [ [ [ 5.348119, 43.338976 ], [ 5.346024, 43.340106 ], [ 5.346588, 43.340345 ], [ 5.34903477, 43.338916370000014 ], [ 5.348119, 43.338976 ] ] ] } },
{ "type": "Feature", "properties": { "nom_zone": "Terminal Maghreb", "nombre_arret": 2, "nom_ligne": "['35T' '35' '36B' '36']", "nombre_ligne": 4, "type_ligne": "Bus", "bool_bus": true, "bool_tram": false, "bool_metro": false, "bool_ferry": false }, "geometry": { "type": "LineString", "coordinates": [ [ 5.34914347, 43.33724736 ], [ 5.34917029, 43.33705657 ] ] } },
{ "type": "Feature", "properties": { "nom_zone": "Terrasses de Sormiou", "nombre_arret": 2, "nom_ligne": "23", "nombre_ligne": 1, "type_ligne": "Bus", "bool_bus": true, "bool_tram": false, "bool_metro": false, "bool_ferry": false }, "geometry": { "type": "LineString", "coordinates": [ [ 5.40251, 43.232005 ], [ 5.402268, 43.232039 ] ] } },
{ "type": "Feature", "properties": { "nom_zone": "Terrasses du Port", "nombre_arret": 2, "nom_ligne": "['35T' '35' '83' 'BM2']", "nombre_ligne": 4, "type_ligne": "Bus", "bool_bus": true, "bool_tram": false, "bool_metro": false, "bool_ferry": false }, "geometry": { "type": "LineString", "coordinates": [ [ 5.365631, 43.305754 ], [ 5.3656143, 43.30663426 ] ] } },
{ "type": "Feature", "properties": { "nom_zone": "Thiers Loisir", "nombre_arret": 1, "nom_ligne": "74", "nombre_ligne": 1, "type_ligne": "Bus", "bool_bus": true, "bool_tram": false, "bool_metro": false, "bool_ferry": false }, "geometry": { "type": "Point", "coordinates": [ 5.38543268, 43.29658154000002 ] } },
{ "type": "Feature", "properties": { "nom_zone": "Théâtre La Criée", "nombre_arret": 2, "nom_ligne": "['82S' '83']", "nombre_ligne": 2, "type_ligne": "Bus", "bool_bus": true, "bool_tram": false, "bool_metro": false, "bool_ferry": false }, "geometry": { "type": "LineString", "coordinates": [ [ 5.36646757, 43.292528600000018 ], [ 5.36756931, 43.292626630000022 ] ] } },
{ "type": "Feature", "properties": { "nom_zone": "Théâtre du Merlan", "nombre_arret": 4, "nom_ligne": "['B4' '33' '533' '27' '53']", "nombre_ligne": 5, "type_ligne": "Bus", "bool_bus": true, "bool_tram": false, "bool_metro": false, "bool_ferry": false }, "geometry": { "type": "Polygon", "coordinates": [ [ [ 5.397492459999936, 43.329953569999986 ], [ 5.397321989999971, 43.33017388 ], [ 5.397993, 43.330481 ], [ 5.3983587, 43.33074624 ], [ 5.397492459999936, 43.329953569999986 ] ] ] } },
{ "type": "Feature", "properties": { "nom_zone": "Tiboulen", "nombre_arret": 2, "nom_ligne": "['19' 'S8' '19B' 'S7']", "nombre_ligne": 4, "type_ligne": "Bus", "bool_bus": true, "bool_tram": false, "bool_metro": false, "bool_ferry": false }, "geometry": { "type": "LineString", "coordinates": [ [ 5.372899, 43.245219 ], [ 5.373677, 43.24587 ] ] } },
{ "type": "Feature", "properties": { "nom_zone": "Timone Belvédère", "nombre_arret": 2, "nom_ligne": "91", "nombre_ligne": 1, "type_ligne": "Bus", "bool_bus": true, "bool_tram": false, "bool_metro": false, "bool_ferry": false }, "geometry": { "type": "LineString", "coordinates": [ [ 5.411075, 43.286794 ], [ 5.409682, 43.286538 ] ] } },
{ "type": "Feature", "properties": { "nom_zone": "Timone Gabriel Marie", "nombre_arret": 1, "nom_ligne": "91", "nombre_ligne": 1, "type_ligne": "Bus", "bool_bus": true, "bool_tram": false, "bool_metro": false, "bool_ferry": false }, "geometry": { "type": "Point", "coordinates": [ 5.401975, 43.285635 ] } },
{ "type": "Feature", "properties": { "nom_zone": "Timone Gorde", "nombre_arret": 1, "nom_ligne": "91", "nombre_ligne": 1, "type_ligne": "Bus", "bool_bus": true, "bool_tram": false, "bool_metro": false, "bool_ferry": false }, "geometry": { "type": "Point", "coordinates": [ 5.399319, 43.285365 ] } },
{ "type": "Feature", "properties": { "nom_zone": "Timone Hilarion Boeuf", "nombre_arret": 2, "nom_ligne": "91", "nombre_ligne": 1, "type_ligne": "Bus", "bool_bus": true, "bool_tram": false, "bool_metro": false, "bool_ferry": false }, "geometry": { "type": "LineString", "coordinates": [ [ 5.406919, 43.286298 ], [ 5.407694, 43.286317 ] ] } },
{ "type": "Feature", "properties": { "nom_zone": "Tir La Busserine", "nombre_arret": 2, "nom_ligne": "['33' '38']", "nombre_ligne": 2, "type_ligne": "Bus", "bool_bus": true, "bool_tram": false, "bool_metro": false, "bool_ferry": false }, "geometry": { "type": "LineString", "coordinates": [ [ 5.39662989000001, 43.33333737 ], [ 5.395759, 43.33377 ] ] } },
{ "type": "Feature", "properties": { "nom_zone": "Tir Le Mail", "nombre_arret": 2, "nom_ligne": "['33' '38']", "nombre_ligne": 2, "type_ligne": "Bus", "bool_bus": true, "bool_tram": false, "bool_metro": false, "bool_ferry": false }, "geometry": { "type": "LineString", "coordinates": [ [ 5.398613419999988, 43.33317 ], [ 5.39806, 43.333278 ] ] } },
{ "type": "Feature", "properties": { "nom_zone": "Tisseron Arnavaux", "nombre_arret": 1, "nom_ligne": "89", "nombre_ligne": 1, "type_ligne": "Bus", "bool_bus": true, "bool_tram": false, "bool_metro": false, "bool_ferry": false }, "geometry": { "type": "Point", "coordinates": [ 5.378646, 43.333166 ] } },
{ "type": "Feature", "properties": { "nom_zone": "Tomasi", "nombre_arret": 2, "nom_ligne": "['B1' '21JET' 'N1']", "nombre_ligne": 3, "type_ligne": "Bus", "bool_bus": true, "bool_tram": false, "bool_metro": false, "bool_ferry": false }, "geometry": { "type": "LineString", "coordinates": [ [ 5.411630270000011, 43.245444990000024 ], [ 5.411539080000032, 43.245540729999988 ] ] } },
{ "type": "Feature", "properties": { "nom_zone": "Toulon Delphes", "nombre_arret": 2, "nom_ligne": "['540' '18' '50' '518']", "nombre_ligne": 4, "type_ligne": "Bus", "bool_bus": true, "bool_tram": false, "bool_metro": false, "bool_ferry": false }, "geometry": { "type": "LineString", "coordinates": [ [ 5.388818, 43.285259 ], [ 5.387361, 43.285465 ] ] } },
{ "type": "Feature", "properties": { "nom_zone": "Toulon Galinat", "nombre_arret": 2, "nom_ligne": "['540' '18' '518']", "nombre_ligne": 3, "type_ligne": "Bus", "bool_bus": true, "bool_tram": false, "bool_metro": false, "bool_ferry": false }, "geometry": { "type": "LineString", "coordinates": [ [ 5.397765, 43.283355 ], [ 5.39702, 43.283503 ] ] } },
{ "type": "Feature", "properties": { "nom_zone": "Toulon Hébert", "nombre_arret": 2, "nom_ligne": "['540' '18' '518']", "nombre_ligne": 3, "type_ligne": "Bus", "bool_bus": true, "bool_tram": false, "bool_metro": false, "bool_ferry": false }, "geometry": { "type": "LineString", "coordinates": [ [ 5.395476, 43.284585 ], [ 5.395538, 43.284389 ] ] } },
{ "type": "Feature", "properties": { "nom_zone": "Toulon Isly", "nombre_arret": 2, "nom_ligne": "['540' '18' '518']", "nombre_ligne": 3, "type_ligne": "Bus", "bool_bus": true, "bool_tram": false, "bool_metro": false, "bool_ferry": false }, "geometry": { "type": "LineString", "coordinates": [ [ 5.392774, 43.28483 ], [ 5.392433, 43.284666 ] ] } },
{ "type": "Feature", "properties": { "nom_zone": "Tour Sainte", "nombre_arret": 2, "nom_ligne": "['31' '28' '530' '27']", "nombre_ligne": 4, "type_ligne": "Bus", "bool_bus": true, "bool_tram": false, "bool_metro": false, "bool_ferry": false }, "geometry": { "type": "LineString", "coordinates": [ [ 5.384702, 43.344059 ], [ 5.384809, 43.343811 ] ] } },
{ "type": "Feature", "properties": { "nom_zone": "Tourette Cathédrale", "nombre_arret": 1, "nom_ligne": "49", "nombre_ligne": 1, "type_ligne": "Bus", "bool_bus": true, "bool_tram": false, "bool_metro": false, "bool_ferry": false }, "geometry": { "type": "Point", "coordinates": [ 5.36442124, 43.298027710000035 ] } },
{ "type": "Feature", "properties": { "nom_zone": "Traverse Maritime", "nombre_arret": 2, "nom_ligne": "['70' '535']", "nombre_ligne": 2, "type_ligne": "Bus", "bool_bus": true, "bool_tram": false, "bool_metro": false, "bool_ferry": false }, "geometry": { "type": "LineString", "coordinates": [ [ 5.355127, 43.339535 ], [ 5.355256, 43.33959 ] ] } },
{ "type": "Feature", "properties": { "nom_zone": "Traverse Nicolas", "nombre_arret": 2, "nom_ligne": "73", "nombre_ligne": 1, "type_ligne": "Bus", "bool_bus": true, "bool_tram": false, "bool_metro": false, "bool_ferry": false }, "geometry": { "type": "LineString", "coordinates": [ [ 5.361763, 43.27731 ], [ 5.362092, 43.277399 ] ] } },
{ "type": "Feature", "properties": { "nom_zone": "Traverse St Just", "nombre_arret": 2, "nom_ligne": "6", "nombre_ligne": 1, "type_ligne": "Bus", "bool_bus": true, "bool_tram": false, "bool_metro": false, "bool_ferry": false }, "geometry": { "type": "LineString", "coordinates": [ [ 5.415792, 43.316353 ], [ 5.415801, 43.316543 ] ] } },
{ "type": "Feature", "properties": { "nom_zone": "Traverse de l'Oasis", "nombre_arret": 2, "nom_ligne": "30", "nombre_ligne": 1, "type_ligne": "Bus", "bool_bus": true, "bool_tram": false, "bool_metro": false, "bool_ferry": false }, "geometry": { "type": "LineString", "coordinates": [ [ 5.366434, 43.348446 ], [ 5.36633, 43.348905 ] ] } },
{ "type": "Feature", "properties": { "nom_zone": "Traverse de la Barre", "nombre_arret": 2, "nom_ligne": "['25' '98']", "nombre_ligne": 2, "type_ligne": "Bus", "bool_bus": true, "bool_tram": false, "bool_metro": false, "bool_ferry": false }, "geometry": { "type": "LineString", "coordinates": [ [ 5.344758, 43.368535 ], [ 5.344573, 43.368588 ] ] } },
{ "type": "Feature", "properties": { "nom_zone": "Traverse de la Buzine", "nombre_arret": 1, "nom_ligne": "51", "nombre_ligne": 1, "type_ligne": "Bus", "bool_bus": true, "bool_tram": false, "bool_metro": false, "bool_ferry": false }, "geometry": { "type": "Point", "coordinates": [ 5.49716, 43.294014 ] } },
{ "type": "Feature", "properties": { "nom_zone": "Traverse des Fraises", "nombre_arret": 2, "nom_ligne": "121", "nombre_ligne": 1, "type_ligne": "Bus", "bool_bus": true, "bool_tram": false, "bool_metro": false, "bool_ferry": false }, "geometry": { "type": "LineString", "coordinates": [ [ 5.35034845, 43.382835300000011 ], [ 5.35064018, 43.383223599999987 ] ] } },
{ "type": "Feature", "properties": { "nom_zone": "Trinitaires Huveaune", "nombre_arret": 1, "nom_ligne": "['15S' '15' '17' '16' '518']", "nombre_ligne": 5, "type_ligne": "Bus", "bool_bus": true, "bool_tram": false, "bool_metro": false, "bool_ferry": false }, "geometry": { "type": "Point", "coordinates": [ 5.406542, 43.271974 ] } },
{ "type": "Feature", "properties": { "nom_zone": "Trinitaires Romain Rolland", "nombre_arret": 1, "nom_ligne": "['15S' '15' '17' '16' '518']", "nombre_ligne": 5, "type_ligne": "Bus", "bool_bus": true, "bool_tram": false, "bool_metro": false, "bool_ferry": false }, "geometry": { "type": "Point", "coordinates": [ 5.407296, 43.271182 ] } },
{ "type": "Feature", "properties": { "nom_zone": "Trévaresse Cité Jardin", "nombre_arret": 2, "nom_ligne": "['67' 'BM1B']", "nombre_ligne": 2, "type_ligne": "Bus", "bool_bus": true, "bool_tram": false, "bool_metro": false, "bool_ferry": false }, "geometry": { "type": "LineString", "coordinates": [ [ 5.410179, 43.296249 ], [ 5.410065, 43.296322 ] ] } },
{ "type": "Feature", "properties": { "nom_zone": "Trévaresse Cité SNCF", "nombre_arret": 2, "nom_ligne": "['67' 'BM1B']", "nombre_ligne": 2, "type_ligne": "Bus", "bool_bus": true, "bool_tram": false, "bool_metro": false, "bool_ferry": false }, "geometry": { "type": "LineString", "coordinates": [ [ 5.4125326, 43.296564800000013 ], [ 5.413119, 43.2965972 ] ] } },
{ "type": "Feature", "properties": { "nom_zone": "Turbine Flotte", "nombre_arret": 2, "nom_ligne": "86", "nombre_ligne": 1, "type_ligne": "Bus", "bool_bus": true, "bool_tram": false, "bool_metro": false, "bool_ferry": false }, "geometry": { "type": "LineString", "coordinates": [ [ 5.381248, 43.276684 ], [ 5.38101554, 43.276525750000012 ] ] } },
{ "type": "Feature", "properties": { "nom_zone": "Tuves Bosphore", "nombre_arret": 2, "nom_ligne": "['121' '122' '530' '30']", "nombre_ligne": 4, "type_ligne": "Bus", "bool_bus": true, "bool_tram": false, "bool_metro": false, "bool_ferry": false }, "geometry": { "type": "LineString", "coordinates": [ [ 5.3650113, 43.3682574 ], [ 5.36455, 43.3680877 ] ] } },
{ "type": "Feature", "properties": { "nom_zone": "Val Pins", "nombre_arret": 2, "nom_ligne": "['B2' '121' '122']", "nombre_ligne": 3, "type_ligne": "Bus", "bool_bus": true, "bool_tram": false, "bool_metro": false, "bool_ferry": false }, "geometry": { "type": "LineString", "coordinates": [ [ 5.363723, 43.370474 ], [ 5.36351, 43.370508 ] ] } },
{ "type": "Feature", "properties": { "nom_zone": "Val Plan", "nombre_arret": 2, "nom_ligne": "['5' '142' '1' '3' '42T' '42' '62' '63' 'B3']", "nombre_ligne": 9, "type_ligne": "Bus", "bool_bus": true, "bool_tram": false, "bool_metro": false, "bool_ferry": false }, "geometry": { "type": "LineString", "coordinates": [ [ 5.432617, 43.334815 ], [ 5.432454, 43.334799 ] ] } },
{ "type": "Feature", "properties": { "nom_zone": "Val des Bois", "nombre_arret": 2, "nom_ligne": "16", "nombre_ligne": 1, "type_ligne": "Bus", "bool_bus": true, "bool_tram": false, "bool_metro": false, "bool_ferry": false }, "geometry": { "type": "LineString", "coordinates": [ [ 5.422714899999968, 43.264055410000019 ], [ 5.422869, 43.264224 ] ] } },
{ "type": "Feature", "properties": { "nom_zone": "Valbarelle Andreu", "nombre_arret": 2, "nom_ligne": "['15S' '15' '540' '18' '40']", "nombre_ligne": 5, "type_ligne": "Bus", "bool_bus": true, "bool_tram": false, "bool_metro": false, "bool_ferry": false }, "geometry": { "type": "LineString", "coordinates": [ [ 5.450823, 43.288154 ], [ 5.450157, 43.288116 ] ] } },
{ "type": "Feature", "properties": { "nom_zone": "Valbarelle Heckel", "nombre_arret": 2, "nom_ligne": "['15S' '15' '540' '18' '40']", "nombre_ligne": 5, "type_ligne": "Bus", "bool_bus": true, "bool_tram": false, "bool_metro": false, "bool_ferry": false }, "geometry": { "type": "LineString", "coordinates": [ [ 5.443829, 43.286268 ], [ 5.443074, 43.286074 ] ] } },
{ "type": "Feature", "properties": { "nom_zone": "Valbarelle Lanfranchi", "nombre_arret": 2, "nom_ligne": "['15S' '15' '540' '18' '40']", "nombre_ligne": 5, "type_ligne": "Bus", "bool_bus": true, "bool_tram": false, "bool_metro": false, "bool_ferry": false }, "geometry": { "type": "LineString", "coordinates": [ [ 5.45407388999995, 43.28855758000001 ], [ 5.454117, 43.288629 ] ] } },
{ "type": "Feature", "properties": { "nom_zone": "Valdonne Fuveau", "nombre_arret": 2, "nom_ligne": "37", "nombre_ligne": 1, "type_ligne": "Bus", "bool_bus": true, "bool_tram": false, "bool_metro": false, "bool_ferry": false }, "geometry": { "type": "LineString", "coordinates": [ [ 5.419017079999983, 43.329208790000017 ], [ 5.418728, 43.328194 ] ] } },
{ "type": "Feature", "properties": { "nom_zone": "Valdonne Hôpital Laveran", "nombre_arret": 2, "nom_ligne": "['37' '27']", "nombre_ligne": 2, "type_ligne": "Bus", "bool_bus": true, "bool_tram": false, "bool_metro": false, "bool_ferry": false }, "geometry": { "type": "LineString", "coordinates": [ [ 5.416392, 43.325823 ], [ 5.416932, 43.326243 ] ] } },
{ "type": "Feature", "properties": { "nom_zone": "Valdonne Peypin", "nombre_arret": 2, "nom_ligne": "['37' '27']", "nombre_ligne": 2, "type_ligne": "Bus", "bool_bus": true, "bool_tram": false, "bool_metro": false, "bool_ferry": false }, "geometry": { "type": "LineString", "coordinates": [ [ 5.417898, 43.326965 ], [ 5.417932, 43.327122 ] ] } },
{ "type": "Feature", "properties": { "nom_zone": "Vallon Jourdan", "nombre_arret": 2, "nom_ligne": "['80' '84' '61']", "nombre_ligne": 3, "type_ligne": "Bus", "bool_bus": true, "bool_tram": false, "bool_metro": false, "bool_ferry": false }, "geometry": { "type": "LineString", "coordinates": [ [ 5.363006069999989, 43.286363209999983 ], [ 5.363346, 43.286424 ] ] } },
{ "type": "Feature", "properties": { "nom_zone": "Vallon Montebello", "nombre_arret": 2, "nom_ligne": "74", "nombre_ligne": 1, "type_ligne": "Bus", "bool_bus": true, "bool_tram": false, "bool_metro": false, "bool_ferry": false }, "geometry": { "type": "LineString", "coordinates": [ [ 5.378565, 43.281261 ], [ 5.378258, 43.281225 ] ] } },
{ "type": "Feature", "properties": { "nom_zone": "Vallon Régny", "nombre_arret": 2, "nom_ligne": "['B5' '16']", "nombre_ligne": 2, "type_ligne": "Bus", "bool_bus": true, "bool_tram": false, "bool_metro": false, "bool_ferry": false }, "geometry": { "type": "LineString", "coordinates": [ [ 5.417894509999971, 43.26347382 ], [ 5.418713249999988, 43.26422172 ] ] } },
{ "type": "Feature", "properties": { "nom_zone": "Vallon d'Ol Bourrély", "nombre_arret": 2, "nom_ligne": "['96' '97' 'B2']", "nombre_ligne": 3, "type_ligne": "Bus", "bool_bus": true, "bool_tram": false, "bool_metro": false, "bool_ferry": false }, "geometry": { "type": "LineString", "coordinates": [ [ 5.362632, 43.385177 ], [ 5.361823, 43.385122 ] ] } },
{ "type": "Feature", "properties": { "nom_zone": "Vallon de Toulouse", "nombre_arret": 2, "nom_ligne": "16", "nombre_ligne": 1, "type_ligne": "Bus", "bool_bus": true, "bool_tram": false, "bool_metro": false, "bool_ferry": false }, "geometry": { "type": "LineString", "coordinates": [ [ 5.42412598, 43.266415120000019 ], [ 5.424497629999986, 43.266811040000015 ] ] } },
{ "type": "Feature", "properties": { "nom_zone": "Vallon de l'Oriol", "nombre_arret": 2, "nom_ligne": "['83' 'S7']", "nombre_ligne": 2, "type_ligne": "Bus", "bool_bus": true, "bool_tram": false, "bool_metro": false, "bool_ferry": false }, "geometry": { "type": "LineString", "coordinates": [ [ 5.358851, 43.275791 ], [ 5.3589508, 43.275965650000039 ] ] } },
{ "type": "Feature", "properties": { "nom_zone": "Vallon de la Baudille", "nombre_arret": 2, "nom_ligne": "['83' 'S7']", "nombre_ligne": 2, "type_ligne": "Bus", "bool_bus": true, "bool_tram": false, "bool_metro": false, "bool_ferry": false }, "geometry": { "type": "LineString", "coordinates": [ [ 5.357033, 43.276975 ], [ 5.357008, 43.27719 ] ] } },
{ "type": "Feature", "properties": { "nom_zone": "Vallon de la Rougière", "nombre_arret": 2, "nom_ligne": "['121' '122']", "nombre_ligne": 2, "type_ligne": "Bus", "bool_bus": true, "bool_tram": false, "bool_metro": false, "bool_ferry": false }, "geometry": { "type": "LineString", "coordinates": [ [ 5.37209988, 43.392114779999972 ], [ 5.372942089999979, 43.391986139999986 ] ] } },
{ "type": "Feature", "properties": { "nom_zone": "Vallon des Auffes", "nombre_arret": 2, "nom_ligne": "['83' 'S7']", "nombre_ligne": 2, "type_ligne": "Bus", "bool_bus": true, "bool_tram": false, "bool_metro": false, "bool_ferry": false }, "geometry": { "type": "LineString", "coordinates": [ [ 5.350796, 43.285688 ], [ 5.350658, 43.28572 ] ] } },
{ "type": "Feature", "properties": { "nom_zone": "Vallon des Tuves", "nombre_arret": 2, "nom_ligne": "['B2' '121' '122']", "nombre_ligne": 3, "type_ligne": "Bus", "bool_bus": true, "bool_tram": false, "bool_metro": false, "bool_ferry": false }, "geometry": { "type": "LineString", "coordinates": [ [ 5.362852, 43.368722 ], [ 5.36304, 43.368756 ] ] } },
{ "type": "Feature", "properties": { "nom_zone": "Vallon du Redon", "nombre_arret": 2, "nom_ligne": "48", "nombre_ligne": 1, "type_ligne": "Bus", "bool_bus": true, "bool_tram": false, "bool_metro": false, "bool_ferry": false }, "geometry": { "type": "LineString", "coordinates": [ [ 5.425242, 43.2486 ], [ 5.425442, 43.24881 ] ] } },
{ "type": "Feature", "properties": { "nom_zone": "Valmante", "nombre_arret": 2, "nom_ligne": "['48' '46']", "nombre_ligne": 2, "type_ligne": "Bus", "bool_bus": true, "bool_tram": false, "bool_metro": false, "bool_ferry": false }, "geometry": { "type": "LineString", "coordinates": [ [ 5.41706, 43.250524 ], [ 5.417111619999946, 43.250609380000014 ] ] } },
{ "type": "Feature", "properties": { "nom_zone": "Vauban", "nombre_arret": 1, "nom_ligne": "49", "nombre_ligne": 1, "type_ligne": "Bus", "bool_bus": true, "bool_tram": false, "bool_metro": false, "bool_ferry": false }, "geometry": { "type": "Point", "coordinates": [ 5.37705258, 43.28188007 ] } },
{ "type": "Feature", "properties": { "nom_zone": "Vauban Breteuil", "nombre_arret": 1, "nom_ligne": "49", "nombre_ligne": 1, "type_ligne": "Bus", "bool_bus": true, "bool_tram": false, "bool_metro": false, "bool_ferry": false }, "geometry": { "type": "Point", "coordinates": [ 5.377429, 43.285619 ] } },
{ "type": "Feature", "properties": { "nom_zone": "Verdillon", "nombre_arret": 2, "nom_ligne": "['17' 'S5']", "nombre_ligne": 2, "type_ligne": "Bus", "bool_bus": true, "bool_tram": false, "bool_metro": false, "bool_ferry": false }, "geometry": { "type": "LineString", "coordinates": [ [ 5.422186, 43.276316 ], [ 5.42269, 43.276007 ] ] } },
{ "type": "Feature", "properties": { "nom_zone": "Verrerie", "nombre_arret": 2, "nom_ligne": "['19' 'S8']", "nombre_ligne": 2, "type_ligne": "Bus", "bool_bus": true, "bool_tram": false, "bool_metro": false, "bool_ferry": false }, "geometry": { "type": "LineString", "coordinates": [ [ 5.359335, 43.234453 ], [ 5.359604, 43.234423 ] ] } },
{ "type": "Feature", "properties": { "nom_zone": "Vieille Chapelle", "nombre_arret": 2, "nom_ligne": "['19' '19B' 'S7']", "nombre_ligne": 3, "type_ligne": "Bus", "bool_bus": true, "bool_tram": false, "bool_metro": false, "bool_ferry": false }, "geometry": { "type": "LineString", "coordinates": [ [ 5.375017, 43.248286 ], [ 5.374753, 43.248411 ] ] } },
{ "type": "Feature", "properties": { "nom_zone": "Vieux Chemin d'Endoume", "nombre_arret": 2, "nom_ligne": "['80' '84' '61']", "nombre_ligne": 3, "type_ligne": "Bus", "bool_bus": true, "bool_tram": false, "bool_metro": false, "bool_ferry": false }, "geometry": { "type": "LineString", "coordinates": [ [ 5.36111, 43.286178 ], [ 5.36100898, 43.28625868000001 ] ] } },
{ "type": "Feature", "properties": { "nom_zone": "Vieux Port", "nombre_arret": 1, "nom_ligne": "['NAV2' 'NAV1']", "nombre_ligne": 2, "type_ligne": "Ferry", "bool_bus": false, "bool_tram": false, "bool_metro": false, "bool_ferry": true }, "geometry": { "type": "Point", "coordinates": [ 5.37371323, 43.29463374 ] } },
{ "type": "Feature", "properties": { "nom_zone": "Vieux-Port", "nombre_arret": 6, "nom_ligne": "['55' '60' '82S' 'M1' 'N2' '49' '83' 'BM1A' 'N1']", "nombre_ligne": 9, "type_ligne": "['Bus' 'Subway']", "bool_bus": true, "bool_tram": false, "bool_metro": true, "bool_ferry": false }, "geometry": { "type": "Polygon", "coordinates": [ [ [ 5.37419, 43.295554 ], [ 5.3741815, 43.295639 ], [ 5.37429191, 43.29571672 ], [ 5.374246499999956, 43.2956545 ], [ 5.37445, 43.295015 ], [ 5.374347, 43.294846 ], [ 5.37419, 43.295554 ] ] ] } },
{ "type": "Feature", "properties": { "nom_zone": "Vieux-Port Ballard", "nombre_arret": 3, "nom_ligne": "['55' '60' '80' '81' 'M1' '61' '41' '49' '54' 'BM1A' 'N1' '59']", "nombre_ligne": 12, "type_ligne": "['Bus' 'Subway']", "bool_bus": true, "bool_tram": false, "bool_metro": true, "bool_ferry": false }, "geometry": { "type": "Polygon", "coordinates": [ [ [ 5.374233, 43.293899 ], [ 5.374497, 43.29326 ], [ 5.374317, 43.293689 ], [ 5.374233, 43.293899 ] ] ] } },
{ "type": "Feature", "properties": { "nom_zone": "Village Estellan", "nombre_arret": 2, "nom_ligne": "['15S' '50' '4']", "nombre_ligne": 3, "type_ligne": "Bus", "bool_bus": true, "bool_tram": false, "bool_metro": false, "bool_ferry": false }, "geometry": { "type": "LineString", "coordinates": [ [ 5.473024, 43.291568 ], [ 5.473423, 43.292066 ] ] } },
{ "type": "Feature", "properties": { "nom_zone": "Villecroze Bougie", "nombre_arret": 2, "nom_ligne": "['533' 'N2' '32' '34']", "nombre_ligne": 4, "type_ligne": "Bus", "bool_bus": true, "bool_tram": false, "bool_metro": false, "bool_ferry": false }, "geometry": { "type": "LineString", "coordinates": [ [ 5.392014, 43.321839 ], [ 5.3924, 43.322447 ] ] } },
{ "type": "Feature", "properties": { "nom_zone": "Villecroze Les Oliviers", "nombre_arret": 2, "nom_ligne": "['38' '32']", "nombre_ligne": 2, "type_ligne": "Bus", "bool_bus": true, "bool_tram": false, "bool_metro": false, "bool_ferry": false }, "geometry": { "type": "LineString", "coordinates": [ [ 5.40613425, 43.328239650000029 ], [ 5.40548, 43.328464 ] ] } },
{ "type": "Feature", "properties": { "nom_zone": "Villecroze Marronniers", "nombre_arret": 2, "nom_ligne": "['533' 'N2' '32' '34']", "nombre_ligne": 4, "type_ligne": "Bus", "bool_bus": true, "bool_tram": false, "bool_metro": false, "bool_ferry": false }, "geometry": { "type": "LineString", "coordinates": [ [ 5.392081, 43.319724 ], [ 5.3919487, 43.3194575 ] ] } },
{ "type": "Feature", "properties": { "nom_zone": "Visitation", "nombre_arret": 2, "nom_ligne": "30", "nombre_ligne": 1, "type_ligne": "Bus", "bool_bus": true, "bool_tram": false, "bool_metro": false, "bool_ferry": false }, "geometry": { "type": "LineString", "coordinates": [ [ 5.367125, 43.337736 ], [ 5.367181, 43.337323 ] ] } },
{ "type": "Feature", "properties": { "nom_zone": "Voltaire St Charles", "nombre_arret": 2, "nom_ligne": "['33' '56' '533' 'N2' '582' '34' '49' '52']", "nombre_ligne": 8, "type_ligne": "Bus", "bool_bus": true, "bool_tram": false, "bool_metro": false, "bool_ferry": false }, "geometry": { "type": "LineString", "coordinates": [ [ 5.385139, 43.30314 ], [ 5.384892, 43.302885 ] ] } },
{ "type": "Feature", "properties": { "nom_zone": "Vélodrome", "nombre_arret": 2, "nom_ligne": "['4B' '4']", "nombre_ligne": 2, "type_ligne": "Bus", "bool_bus": true, "bool_tram": false, "bool_metro": false, "bool_ferry": false }, "geometry": { "type": "LineString", "coordinates": [ [ 5.45794, 43.32106 ], [ 5.458141, 43.320999 ] ] } },
{ "type": "Feature", "properties": { "nom_zone": "Wiesel Vallon de Toulouse", "nombre_arret": 4, "nom_ligne": "['16' 'B5']", "nombre_ligne": 2, "type_ligne": "Bus", "bool_bus": true, "bool_tram": false, "bool_metro": false, "bool_ferry": false }, "geometry": { "type": "Polygon", "coordinates": [ [ [ 5.42005508, 43.26778611000001 ], [ 5.419844719999987, 43.267994109999989 ], [ 5.42036425, 43.26808987 ], [ 5.42080035, 43.26834267000001 ], [ 5.42005508, 43.26778611000001 ] ] ] } },
{ "type": "Feature", "properties": { "nom_zone": "William Booth", "nombre_arret": 2, "nom_ligne": "T1", "nombre_ligne": 1, "type_ligne": "Tram", "bool_bus": false, "bool_tram": true, "bool_metro": false, "bool_ferry": false }, "geometry": { "type": "LineString", "coordinates": [ [ 5.436803, 43.292699 ], [ 5.436877, 43.292623 ] ] } },
{ "type": "Feature", "properties": { "nom_zone": "ZI de la Delorme", "nombre_arret": 2, "nom_ligne": "30", "nombre_ligne": 1, "type_ligne": "Bus", "bool_bus": true, "bool_tram": false, "bool_metro": false, "bool_ferry": false }, "geometry": { "type": "LineString", "coordinates": [ [ 5.365446, 43.340822 ], [ 5.365407, 43.340483 ] ] } },
{ "type": "Feature", "properties": { "nom_zone": "Zénatti Ecoles", "nombre_arret": 2, "nom_ligne": "45", "nombre_ligne": 1, "type_ligne": "Bus", "bool_bus": true, "bool_tram": false, "bool_metro": false, "bool_ferry": false }, "geometry": { "type": "LineString", "coordinates": [ [ 5.38644, 43.246464 ], [ 5.38582759, 43.24669916 ] ] } },
{ "type": "Feature", "properties": { "nom_zone": "Zénatti Lancier", "nombre_arret": 2, "nom_ligne": "44", "nombre_ligne": 1, "type_ligne": "Bus", "bool_bus": true, "bool_tram": false, "bool_metro": false, "bool_ferry": false }, "geometry": { "type": "LineString", "coordinates": [ [ 5.383925, 43.245795 ], [ 5.383798, 43.246426 ] ] } },
{ "type": "Feature", "properties": { "nom_zone": "Zénatti Malrieu", "nombre_arret": 2, "nom_ligne": "45", "nombre_ligne": 1, "type_ligne": "Bus", "bool_bus": true, "bool_tram": false, "bool_metro": false, "bool_ferry": false }, "geometry": { "type": "LineString", "coordinates": [ [ 5.389349, 43.246056 ], [ 5.388298, 43.246322 ] ] } }
]
}
