{"type":"FeatureCollection","features":[{"type":"Feature","geometry":{"type":"Point","coordinates":[5.365527,43.346393]},"properties":{"stop_id":"RTM-00000992","stop_code":"00000992","stop_name":"4 Chemins des Aygalades","stop_desc":null,"zone_id":null,"stop_url":null,"location_type":"0","parent_station":null,"stop_timezone":null,"wheelchair_boarding":"2"}},{"type":"Feature","geometry":{"type":"Point","coordinates":[5.39009232,43.31757281]},"properties":{"stop_id":"RTM-00000212","stop_code":"00000212","stop_name":"5 Avenues Burel","stop_desc":null,"zone_id":null,"stop_url":null,"location_type":"0","parent_station":null,"stop_timezone":null,"wheelchair_boarding":"2"}},{"type":"Feature","geometry":{"type":"Point","coordinates":[5.509729,43.308107]},"properties":{"stop_id":"RTM-00001218","stop_code":"00001218","stop_name":"AFPA La Treille","stop_desc":null,"zone_id":null,"stop_url":null,"location_type":"0","parent_station":null,"stop_timezone":null,"wheelchair_boarding":"2"}},{"type":"Feature","geometry":{"type":"Point","coordinates":[5.405153,43.256227]},"properties":{"stop_id":"RTM-00001970","stop_code":"00001970","stop_name":"Aiguier CNRS","stop_desc":null,"zone_id":null,"stop_url":null,"location_type":"0","parent_station":null,"stop_timezone":null,"wheelchair_boarding":"2"}},{"type":"Feature","geometry":{"type":"Point","coordinates":[5.413757,43.250819]},"properties":{"stop_id":"RTM-00002000","stop_code":"00002000","stop_name":"Aiguier CPCAM","stop_desc":null,"zone_id":null,"stop_url":null,"location_type":"0","parent_station":null,"stop_timezone":null,"wheelchair_boarding":"2"}},{"type":"Feature","geometry":{"type":"Point","coordinates":[5.408596,43.253511]},"properties":{"stop_id":"RTM-00002008","stop_code":"00002008","stop_name":"Aiguier Saint-Jacques","stop_desc":null,"zone_id":null,"stop_url":null,"location_type":"0","parent_station":null,"stop_timezone":null,"wheelchair_boarding":"2"}},{"type":"Feature","geometry":{"type":"Point","coordinates":[5.40296,43.258962]},"properties":{"stop_id":"RTM-00001972","stop_code":"00001972","stop_name":"Aiguier Trioulet","stop_desc":null,"zone_id":null,"stop_url":null,"location_type":"0","parent_station":null,"stop_timezone":null,"wheelchair_boarding":"2"}},{"type":"Feature","geometry":{"type":"Point","coordinates":[5.429061,43.294348]},"properties":{"stop_id":"RTM-00003251","stop_code":"00003251","stop_name":"Air Bel","stop_desc":null,"zone_id":null,"stop_url":null,"location_type":"0","parent_station":null,"stop_timezone":null,"wheelchair_boarding":"1"}},{"type":"Feature","geometry":{"type":"Point","coordinates":[5.36505103,43.32456889]},"properties":{"stop_id":"RTM-00004430","stop_code":"00004430","stop_name":"Allar","stop_desc":"##----","zone_id":null,"stop_url":null,"location_type":"0","parent_station":null,"stop_timezone":null,"wheelchair_boarding":"1"}},{"type":"Feature","geometry":{"type":"Point","coordinates":[5.48753078,43.35984004]},"properties":{"stop_id":"RTM-00004546","stop_code":"00004546","stop_name":"Allauch C\u00f4tes R\u00f4ties","stop_desc":"SCO 2022","zone_id":null,"stop_url":null,"location_type":"0","parent_station":null,"stop_timezone":null,"wheelchair_boarding":"2"}},{"type":"Feature","geometry":{"type":"Point","coordinates":[5.496278,43.363811]},"properties":{"stop_id":"RTM-00002420","stop_code":"00002420","stop_name":"Allauch La F\u00e8ve","stop_desc":"TAD 65","zone_id":null,"stop_url":null,"location_type":"0","parent_station":null,"stop_timezone":null,"wheelchair_boarding":"2"}},{"type":"Feature","geometry":{"type":"Point","coordinates":[5.48332822,43.33702368]},"properties":{"stop_id":"RTM-00002185","stop_code":"00002185","stop_name":"Allauch Village","stop_desc":"TAD 65","zone_id":null,"stop_url":null,"location_type":"0","parent_station":null,"stop_timezone":null,"wheelchair_boarding":"2"}},{"type":"Feature","geometry":{"type":"Point","coordinates":[5.420425,43.254547]},"properties":{"stop_id":"RTM-00001896","stop_code":"00001896","stop_name":"All\u00e9e des Pins","stop_desc":null,"zone_id":null,"stop_url":null,"location_type":"0","parent_station":null,"stop_timezone":null,"wheelchair_boarding":"2"}},{"type":"Feature","geometry":{"type":"Point","coordinates":[5.420715,43.254485]},"properties":{"stop_id":"RTM-00001905","stop_code":"00001905","stop_name":"All\u00e9e des Pins","stop_desc":null,"zone_id":null,"stop_url":null,"location_type":"0","parent_station":null,"stop_timezone":null,"wheelchair_boarding":"2"}},{"type":"Feature","geometry":{"type":"Point","coordinates":[5.416232,43.298736]},"properties":{"stop_id":"RTM-00002720","stop_code":"00002720","stop_name":"Alpes Cauvin","stop_desc":null,"zone_id":null,"stop_url":null,"location_type":"0","parent_station":null,"stop_timezone":null,"wheelchair_boarding":"2"}},{"type":"Feature","geometry":{"type":"Point","coordinates":[5.41525662,43.30037248]},"properties":{"stop_id":"RTM-00002721","stop_code":"00002721","stop_name":"Alpes Leman","stop_desc":"BOULEVARD DES ALPES  MARSEILLE 13012","zone_id":null,"stop_url":null,"location_type":"0","parent_station":null,"stop_timezone":null,"wheelchair_boarding":"2"}},{"type":"Feature","geometry":{"type":"Point","coordinates":[5.415181,43.29997]},"properties":{"stop_id":"RTM-00002725","stop_code":"00002725","stop_name":"Alpes Leman","stop_desc":"BOULEVARD DES ALPES  MARSEILLE 13012","zone_id":null,"stop_url":null,"location_type":"0","parent_station":null,"stop_timezone":null,"wheelchair_boarding":"2"}},{"type":"Feature","geometry":{"type":"Point","coordinates":[5.367535,43.282099]},"properties":{"stop_id":"RTM-00001427","stop_code":"00001427","stop_name":"Am\u00e9d\u00e9e Autran","stop_desc":"TAD 59","zone_id":null,"stop_url":null,"location_type":"0","parent_station":null,"stop_timezone":null,"wheelchair_boarding":"2"}},{"type":"Feature","geometry":{"type":"Point","coordinates":[5.367698,43.282104]},"properties":{"stop_id":"RTM-00001435","stop_code":"00001435","stop_name":"Am\u00e9d\u00e9e Autran","stop_desc":"TAD 59","zone_id":null,"stop_url":null,"location_type":"0","parent_station":null,"stop_timezone":null,"wheelchair_boarding":"2"}},{"type":"Feature","geometry":{"type":"Point","coordinates":[5.399639,43.335467]},"properties":{"stop_id":"RTM-00003498","stop_code":"00003498","stop_name":"Ansaldi La Javie","stop_desc":"LES FLAMANTS  MARSEILLE 13014","zone_id":null,"stop_url":null,"location_type":"0","parent_station":null,"stop_timezone":null,"wheelchair_boarding":"1"}},{"type":"Feature","geometry":{"type":"Point","coordinates":[5.408822,43.265329]},"properties":{"stop_id":"RTM-00001890","stop_code":"00001890","stop_name":"Antide Boyer","stop_desc":null,"zone_id":null,"stop_url":null,"location_type":"0","parent_station":null,"stop_timezone":null,"wheelchair_boarding":"2"}},{"type":"Feature","geometry":{"type":"Point","coordinates":[5.387063,43.308919]},"properties":{"stop_id":"RTM-00003699","stop_code":"00003699","stop_name":"Archives Municipales","stop_desc":null,"zone_id":null,"stop_url":null,"location_type":"0","parent_station":null,"stop_timezone":null,"wheelchair_boarding":"2"}},{"type":"Feature","geometry":{"type":"Point","coordinates":[5.36784473,43.3139588]},"properties":{"stop_id":"RTM-00004619","stop_code":"00004619","stop_name":"Arenc Eurom\u00e9diterran\u00e9e","stop_desc":null,"zone_id":null,"stop_url":null,"location_type":"0","parent_station":null,"stop_timezone":null,"wheelchair_boarding":"2"}},{"type":"Feature","geometry":{"type":"Point","coordinates":[5.368575,43.312681]},"properties":{"stop_id":"RTM-00004622","stop_code":"00004622","stop_name":"Arenc Eurom\u00e9diterran\u00e9e","stop_desc":null,"zone_id":null,"stop_url":null,"location_type":"0","parent_station":null,"stop_timezone":null,"wheelchair_boarding":"2"}},{"type":"Feature","geometry":{"type":"Point","coordinates":[5.36622182,43.31285246]},"properties":{"stop_id":"RTM-00004139","stop_code":"00004139","stop_name":"Arenc Mirabeau","stop_desc":"A55  MARSEILLE 13002","zone_id":null,"stop_url":null,"location_type":"0","parent_station":null,"stop_timezone":null,"wheelchair_boarding":"1"}},{"type":"Feature","geometry":{"type":"Point","coordinates":[5.35163462,43.36168593]},"properties":{"stop_id":"RTM-00004306","stop_code":"00004306","stop_name":"Aristarch\u00e9","stop_desc":"DOMAINE BELLAVISTA  MARSEILLE 13015","zone_id":null,"stop_url":null,"location_type":"0","parent_station":null,"stop_timezone":null,"wheelchair_boarding":"2"}},{"type":"Feature","geometry":{"type":"Point","coordinates":[5.380561,43.332597]},"properties":{"stop_id":"RTM-00000544","stop_code":"00000544","stop_name":"Arnavaux Jaur\u00e8s","stop_desc":null,"zone_id":null,"stop_url":null,"location_type":"0","parent_station":null,"stop_timezone":null,"wheelchair_boarding":"2"}},{"type":"Feature","geometry":{"type":"Point","coordinates":[5.378887,43.332858]},"properties":{"stop_id":"RTM-00000545","stop_code":"00000545","stop_name":"Arnavaux Tisseron","stop_desc":null,"zone_id":null,"stop_url":null,"location_type":"0","parent_station":null,"stop_timezone":null,"wheelchair_boarding":"2"}},{"type":"Feature","geometry":{"type":"Point","coordinates":[5.38467346,43.32992913]},"properties":{"stop_id":"RTM-00004710","stop_code":"00004710","stop_name":"Arnavon Calvet","stop_desc":null,"zone_id":null,"stop_url":null,"location_type":"0","parent_station":null,"stop_timezone":null,"wheelchair_boarding":"2"}},{"type":"Feature","geometry":{"type":"Point","coordinates":[5.38019708,43.33066162]},"properties":{"stop_id":"RTM-00004732","stop_code":"00004732","stop_name":"Arnavon Muret","stop_desc":null,"zone_id":null,"stop_url":null,"location_type":"0","parent_station":null,"stop_timezone":null,"wheelchair_boarding":"2"}},{"type":"Feature","geometry":{"type":"Point","coordinates":[5.40307931,43.26601387]},"properties":{"stop_id":"RTM-00004763","stop_code":"00004763","stop_name":"Aubert Ganay","stop_desc":"Prolongement T3","zone_id":null,"stop_url":null,"location_type":"0","parent_station":null,"stop_timezone":null,"wheelchair_boarding":"1"}},{"type":"Feature","geometry":{"type":"Point","coordinates":[5.405634,43.342386]},"properties":{"stop_id":"RTM-00004354","stop_code":"00004354","stop_name":"Audisio Santa Cruz","stop_desc":"LA CERISAIE  MARSEILLE 13014","zone_id":null,"stop_url":null,"location_type":"0","parent_station":null,"stop_timezone":null,"wheelchair_boarding":"2"}},{"type":"Feature","geometry":{"type":"Point","coordinates":[5.405665,43.342329]},"properties":{"stop_id":"RTM-00004359","stop_code":"00004359","stop_name":"Audisio Santa Cruz","stop_desc":"LA CERISAIE  MARSEILLE 13014","zone_id":null,"stop_url":null,"location_type":"0","parent_station":null,"stop_timezone":null,"wheelchair_boarding":"2"}},{"type":"Feature","geometry":{"type":"Point","coordinates":[5.40191,43.342346]},"properties":{"stop_id":"RTM-00004355","stop_code":"00004355","stop_name":"Audisio Valmal\u00e8te","stop_desc":"IMPASSE DU BOIS CHENU  MARSEILLE 13014","zone_id":null,"stop_url":null,"location_type":"0","parent_station":null,"stop_timezone":null,"wheelchair_boarding":"1"}},{"type":"Feature","geometry":{"type":"Point","coordinates":[5.402405,43.342174]},"properties":{"stop_id":"RTM-00004358","stop_code":"00004358","stop_name":"Audisio Valmal\u00e8te","stop_desc":"IMPASSE DU BOIS CHENU  MARSEILLE 13014","zone_id":null,"stop_url":null,"location_type":"0","parent_station":null,"stop_timezone":null,"wheelchair_boarding":"1"}},{"type":"Feature","geometry":{"type":"Point","coordinates":[5.374425,43.316683]},"properties":{"stop_id":"RTM-00000560","stop_code":"00000560","stop_name":"Auphan F\u00e9lix Pyat","stop_desc":"13 RUE AUPHAN  MARSEILLE 13003","zone_id":null,"stop_url":null,"location_type":"0","parent_station":null,"stop_timezone":null,"wheelchair_boarding":"1"}},{"type":"Feature","geometry":{"type":"Point","coordinates":[5.37724319,43.31696704]},"properties":{"stop_id":"RTM-00000530","stop_code":"00000530","stop_name":"Auphan Vaillant","stop_desc":null,"zone_id":null,"stop_url":null,"location_type":"0","parent_station":null,"stop_timezone":null,"wheelchair_boarding":"1"}},{"type":"Feature","geometry":{"type":"Point","coordinates":[5.377068,43.317061]},"properties":{"stop_id":"RTM-00000559","stop_code":"00000559","stop_name":"Auphan Vaillant","stop_desc":"A7  MARSEILLE 13003","zone_id":null,"stop_url":null,"location_type":"0","parent_station":null,"stop_timezone":null,"wheelchair_boarding":"2"}},{"type":"Feature","geometry":{"type":"Point","coordinates":[5.3919765,43.2881685]},"properties":{"stop_id":"RTM-00002468","stop_code":"00002468","stop_name":"Baille","stop_desc":null,"zone_id":null,"stop_url":null,"location_type":"0","parent_station":null,"stop_timezone":null,"wheelchair_boarding":"2"}},{"type":"Feature","geometry":{"type":"Point","coordinates":[5.38628937,43.28657912]},"properties":{"stop_id":"RTM-00001407","stop_code":"00001407","stop_name":"Baille Lieutaud","stop_desc":"BOULEVARD BAILLE  MARSEILLE 13006","zone_id":null,"stop_url":null,"location_type":"0","parent_station":null,"stop_timezone":null,"wheelchair_boarding":"2"}},{"type":"Feature","geometry":{"type":"Point","coordinates":[5.384982,43.286376]},"properties":{"stop_id":"RTM-00003956","stop_code":"00003956","stop_name":"Baille Lieutaud","stop_desc":null,"zone_id":null,"stop_url":null,"location_type":"0","parent_station":null,"stop_timezone":null,"wheelchair_boarding":"1"}},{"type":"Feature","geometry":{"type":"Point","coordinates":[5.389754,43.287442]},"properties":{"stop_id":"RTM-00001226","stop_code":"00001226","stop_name":"Baille Lodi","stop_desc":null,"zone_id":null,"stop_url":null,"location_type":"0","parent_station":null,"stop_timezone":null,"wheelchair_boarding":"2"}},{"type":"Feature","geometry":{"type":"Point","coordinates":[5.47886888,43.28600856]},"properties":{"stop_id":"RTM-00001385","stop_code":"00001385","stop_name":"Bancal Barasse","stop_desc":"D2 B  MARSEILLE 13011","zone_id":null,"stop_url":null,"location_type":"0","parent_station":null,"stop_timezone":null,"wheelchair_boarding":"1"}},{"type":"Feature","geometry":{"type":"Point","coordinates":[5.452728,43.337385]},"properties":{"stop_id":"RTM-00002147","stop_code":"00002147","stop_name":"Bar 1900","stop_desc":null,"zone_id":null,"stop_url":null,"location_type":"0","parent_station":null,"stop_timezone":null,"wheelchair_boarding":"2"}},{"type":"Feature","geometry":{"type":"Point","coordinates":[5.45256327,43.337367]},"properties":{"stop_id":"RTM-00002204","stop_code":"00002204","stop_name":"Bar 1900","stop_desc":null,"zone_id":null,"stop_url":null,"location_type":"0","parent_station":null,"stop_timezone":null,"wheelchair_boarding":"2"}},{"type":"Feature","geometry":{"type":"Point","coordinates":[5.44807,43.347863]},"properties":{"stop_id":"RTM-00000724","stop_code":"00000724","stop_name":"Bara Bessons","stop_desc":null,"zone_id":null,"stop_url":null,"location_type":"0","parent_station":null,"stop_timezone":null,"wheelchair_boarding":"2"}},{"type":"Feature","geometry":{"type":"Point","coordinates":[5.45077192,43.34696893]},"properties":{"stop_id":"RTM-00004661","stop_code":"00004661","stop_name":"Bara Einstein","stop_desc":null,"zone_id":null,"stop_url":null,"location_type":"0","parent_station":null,"stop_timezone":null,"wheelchair_boarding":"2"}},{"type":"Feature","geometry":{"type":"Point","coordinates":[5.443951,43.349709]},"properties":{"stop_id":"RTM-00000725","stop_code":"00000725","stop_name":"Bara La Croix","stop_desc":null,"zone_id":null,"stop_url":null,"location_type":"0","parent_station":null,"stop_timezone":null,"wheelchair_boarding":"2"}},{"type":"Feature","geometry":{"type":"Point","coordinates":[5.44500929,43.34891167]},"properties":{"stop_id":"RTM-00003875","stop_code":"00003875","stop_name":"Bara Val de Gray","stop_desc":null,"zone_id":null,"stop_url":null,"location_type":"0","parent_station":null,"stop_timezone":null,"wheelchair_boarding":"1"}},{"type":"Feature","geometry":{"type":"Point","coordinates":[5.432339,43.33761]},"properties":{"stop_id":"RTM-00000731","stop_code":"00000731","stop_name":"Barielle","stop_desc":"CHEMIN DE NOTRE-DAME DE CONSOLATION  MARSEILLE 13013","zone_id":null,"stop_url":null,"location_type":"0","parent_station":null,"stop_timezone":null,"wheelchair_boarding":"2"}},{"type":"Feature","geometry":{"type":"Point","coordinates":[5.43230055,43.33735584]},"properties":{"stop_id":"RTM-00000738","stop_code":"00000738","stop_name":"Barielle","stop_desc":null,"zone_id":null,"stop_url":null,"location_type":"0","parent_station":null,"stop_timezone":null,"wheelchair_boarding":"2"}},{"type":"Feature","geometry":{"type":"Point","coordinates":[5.398606,43.246072]},"properties":{"stop_id":"RTM-00001848","stop_code":"00001848","stop_name":"Barqui\u00e8re Martheline","stop_desc":"AVENUE DE LA SOUDE  MARSEILLE 13009","zone_id":null,"stop_url":null,"location_type":"0","parent_station":null,"stop_timezone":null,"wheelchair_boarding":"1"}},{"type":"Feature","geometry":{"type":"Point","coordinates":[5.439954,43.299498]},"properties":{"stop_id":"RTM-00000964","stop_code":"00000964","stop_name":"Bastide Basse","stop_desc":null,"zone_id":null,"stop_url":null,"location_type":"0","parent_station":null,"stop_timezone":null,"wheelchair_boarding":"2"}},{"type":"Feature","geometry":{"type":"Point","coordinates":[5.440513,43.297755]},"properties":{"stop_id":"RTM-00000960","stop_code":"00000960","stop_name":"Bastide Cazaulx","stop_desc":null,"zone_id":null,"stop_url":null,"location_type":"0","parent_station":null,"stop_timezone":null,"wheelchair_boarding":"1"}},{"type":"Feature","geometry":{"type":"Point","coordinates":[5.440259,43.298324]},"properties":{"stop_id":"RTM-00000963","stop_code":"00000963","stop_name":"Bastide Cazaulx","stop_desc":null,"zone_id":null,"stop_url":null,"location_type":"0","parent_station":null,"stop_timezone":null,"wheelchair_boarding":"1"}},{"type":"Feature","geometry":{"type":"Point","coordinates":[5.421511,43.298942]},"properties":{"stop_id":"RTM-00000943","stop_code":"00000943","stop_name":"Bastide St Jean","stop_desc":null,"zone_id":null,"stop_url":null,"location_type":"0","parent_station":null,"stop_timezone":null,"wheelchair_boarding":"2"}},{"type":"Feature","geometry":{"type":"Point","coordinates":[5.414141,43.230575]},"properties":{"stop_id":"RTM-00001811","stop_code":"00001811","stop_name":"Baumettes Rimbaud","stop_desc":null,"zone_id":null,"stop_url":null,"location_type":"0","parent_station":null,"stop_timezone":null,"wheelchair_boarding":"2"}},{"type":"Feature","geometry":{"type":"Point","coordinates":[5.438668,43.310661]},"properties":{"stop_id":"RTM-00000865","stop_code":"00000865","stop_name":"Beaumont Pasteur","stop_desc":null,"zone_id":null,"stop_url":null,"location_type":"0","parent_station":null,"stop_timezone":null,"wheelchair_boarding":"2"}},{"type":"Feature","geometry":{"type":"Point","coordinates":[5.412005,43.234058]},"properties":{"stop_id":"RTM-00001816","stop_code":"00001816","stop_name":"Beauvallon","stop_desc":"CHEMIN DE MORGIOU  MARSEILLE 13009  deux poteaux poly carbonate + 2 x para lignes22 23","zone_id":null,"stop_url":null,"location_type":"0","parent_station":null,"stop_timezone":null,"wheelchair_boarding":"2"}},{"type":"Feature","geometry":{"type":"Point","coordinates":[5.388821,43.311094]},"properties":{"stop_id":"RTM-00003388","stop_code":"00003388","stop_name":"Belle de Mai","stop_desc":null,"zone_id":null,"stop_url":null,"location_type":"0","parent_station":null,"stop_timezone":null,"wheelchair_boarding":"2"}},{"type":"Feature","geometry":{"type":"Point","coordinates":[5.38832267,43.3113328]},"properties":{"stop_id":"RTM-00004624","stop_code":"00004624","stop_name":"Belle de Mai","stop_desc":null,"zone_id":null,"stop_url":null,"location_type":"0","parent_station":null,"stop_timezone":null,"wheelchair_boarding":"2"}},{"type":"Feature","geometry":{"type":"Point","coordinates":[5.3766,43.298488]},"properties":{"stop_id":"RTM-00003213","stop_code":"00003213","stop_name":"Belsunce Alcazar","stop_desc":null,"zone_id":null,"stop_url":null,"location_type":"0","parent_station":null,"stop_timezone":null,"wheelchair_boarding":"1"}},{"type":"Feature","geometry":{"type":"Point","coordinates":[5.376773,43.298525]},"properties":{"stop_id":"RTM-00003275","stop_code":"00003275","stop_name":"Belsunce Alcazar","stop_desc":null,"zone_id":null,"stop_url":null,"location_type":"0","parent_station":null,"stop_timezone":null,"wheelchair_boarding":"1"}},{"type":"Feature","geometry":{"type":"Point","coordinates":[5.3547,43.336264]},"properties":{"stop_id":"RTM-00004257","stop_code":"00004257","stop_name":"Bernabo Littoral","stop_desc":null,"zone_id":null,"stop_url":null,"location_type":"0","parent_station":null,"stop_timezone":null,"wheelchair_boarding":"2"}},{"type":"Feature","geometry":{"type":"Point","coordinates":[5.387847,43.328349]},"properties":{"stop_id":"RTM-00000110","stop_code":"00000110","stop_name":"Bertrandon","stop_desc":null,"zone_id":null,"stop_url":null,"location_type":"0","parent_station":null,"stop_timezone":null,"wheelchair_boarding":"2"}},{"type":"Feature","geometry":{"type":"Point","coordinates":[5.387738,43.328981]},"properties":{"stop_id":"RTM-00000136","stop_code":"00000136","stop_name":"Bertrandon","stop_desc":null,"zone_id":null,"stop_url":null,"location_type":"0","parent_station":null,"stop_timezone":null,"wheelchair_boarding":"2"}},{"type":"Feature","geometry":{"type":"Point","coordinates":[5.397174,43.30273]},"properties":{"stop_id":"RTM-00003087","stop_code":"00003087","stop_name":"Blancarde 5 Avenues","stop_desc":null,"zone_id":null,"stop_url":null,"location_type":"0","parent_station":null,"stop_timezone":null,"wheelchair_boarding":"2"}},{"type":"Feature","geometry":{"type":"Point","coordinates":[5.405051,43.303407]},"properties":{"stop_id":"RTM-00000813","stop_code":"00000813","stop_name":"Blancarde Progin","stop_desc":null,"zone_id":null,"stop_url":null,"location_type":"0","parent_station":null,"stop_timezone":null,"wheelchair_boarding":"2"}},{"type":"Feature","geometry":{"type":"Point","coordinates":[5.40495301,43.30349332]},"properties":{"stop_id":"RTM-00000858","stop_code":"00000858","stop_name":"Blancarde Progin","stop_desc":null,"zone_id":null,"stop_url":null,"location_type":"0","parent_station":null,"stop_timezone":null,"wheelchair_boarding":"2"}},{"type":"Feature","geometry":{"type":"Point","coordinates":[5.41620219,43.26085564]},"properties":{"stop_id":"RTM-00004640","stop_code":"00004640","stop_name":"Blum Cabot","stop_desc":null,"zone_id":null,"stop_url":null,"location_type":"0","parent_station":null,"stop_timezone":null,"wheelchair_boarding":"2"}},{"type":"Feature","geometry":{"type":"Point","coordinates":[5.43281972,43.32067407]},"properties":{"stop_id":"RTM-00000764","stop_code":"00000764","stop_name":"Bois Lema\u00eetre","stop_desc":"SQUARE \u00c9TIENNE PORTELLI  MARSEILLE 13012","zone_id":null,"stop_url":null,"location_type":"0","parent_station":null,"stop_timezone":null,"wheelchair_boarding":"2"}},{"type":"Feature","geometry":{"type":"Point","coordinates":[5.3604269,43.27880657]},"properties":{"stop_id":"RTM-00001483","stop_code":"00001483","stop_name":"Bompard","stop_desc":"TAD 59","zone_id":null,"stop_url":null,"location_type":"0","parent_station":null,"stop_timezone":null,"wheelchair_boarding":"2"}},{"type":"Feature","geometry":{"type":"Point","coordinates":[5.36049128,43.27916587]},"properties":{"stop_id":"RTM-00001484","stop_code":"00001484","stop_name":"Bompard","stop_desc":"TAD 59","zone_id":null,"stop_url":null,"location_type":"0","parent_station":null,"stop_timezone":null,"wheelchair_boarding":"2"}},{"type":"Feature","geometry":{"type":"Point","coordinates":[5.360771,43.280484]},"properties":{"stop_id":"RTM-00001482","stop_code":"00001482","stop_name":"Bompard Fedeli","stop_desc":"TAD 59","zone_id":null,"stop_url":null,"location_type":"0","parent_station":null,"stop_timezone":null,"wheelchair_boarding":"2"}},{"type":"Feature","geometry":{"type":"Point","coordinates":[5.360664,43.280816]},"properties":{"stop_id":"RTM-00001485","stop_code":"00001485","stop_name":"Bompard Fedeli","stop_desc":"TAD 59","zone_id":null,"stop_url":null,"location_type":"0","parent_station":null,"stop_timezone":null,"wheelchair_boarding":"2"}},{"type":"Feature","geometry":{"type":"Point","coordinates":[5.400128,43.279876]},"properties":{"stop_id":"RTM-00002030","stop_code":"00002030","stop_name":"Bonnefoy Rabatau","stop_desc":"BOULEVARD FERNAND BONNEFOY  MARSEILLE 13010","zone_id":null,"stop_url":null,"location_type":"0","parent_station":null,"stop_timezone":null,"wheelchair_boarding":"2"}},{"type":"Feature","geometry":{"type":"Point","coordinates":[5.371632,43.297115]},"properties":{"stop_id":"RTM-00004230","stop_code":"00004230","stop_name":"Bonneterie","stop_desc":"12 RUE BONNETERIE  MARSEILLE 13002","zone_id":null,"stop_url":null,"location_type":"0","parent_station":null,"stop_timezone":null,"wheelchair_boarding":"1"}},{"type":"Feature","geometry":{"type":"Point","coordinates":[5.382068,43.247222]},"properties":{"stop_id":"RTM-00001922","stop_code":"00001922","stop_name":"Bonneveine","stop_desc":null,"zone_id":null,"stop_url":null,"location_type":"0","parent_station":null,"stop_timezone":null,"wheelchair_boarding":"2"}},{"type":"Feature","geometry":{"type":"Point","coordinates":[5.371352,43.3208465]},"properties":{"stop_id":"RTM-00002304","stop_code":"00002304","stop_name":"Bougainville","stop_desc":null,"zone_id":null,"stop_url":null,"location_type":"0","parent_station":null,"stop_timezone":null,"wheelchair_boarding":"2"}},{"type":"Feature","geometry":{"type":"Point","coordinates":[5.379507,43.302455]},"properties":{"stop_id":"RTM-00004414","stop_code":"00004414","stop_name":"Bourdet St Charles","stop_desc":"5 BOULEVARD MAURICE BOURDET  MARSEILLE 13001","zone_id":null,"stop_url":null,"location_type":"0","parent_station":null,"stop_timezone":null,"wheelchair_boarding":"2"}},{"type":"Feature","geometry":{"type":"Point","coordinates":[5.364172,43.382678]},"properties":{"stop_id":"RTM-00003986","stop_code":"00003986","stop_name":"Bourr\u00e9ly Grani\u00e8re","stop_desc":"95 CHEMIN DES BOURRELY  MARSEILLE 13015","zone_id":null,"stop_url":null,"location_type":"0","parent_station":null,"stop_timezone":null,"wheelchair_boarding":"1"}},{"type":"Feature","geometry":{"type":"Point","coordinates":[5.364381,43.382766]},"properties":{"stop_id":"RTM-00004006","stop_code":"00004006","stop_name":"Bourr\u00e9ly Grani\u00e8re","stop_desc":"pas de num d'abri","zone_id":null,"stop_url":null,"location_type":"0","parent_station":null,"stop_timezone":null,"wheelchair_boarding":"1"}},{"type":"Feature","geometry":{"type":"Point","coordinates":[5.381046,43.331062]},"properties":{"stop_id":"RTM-00000543","stop_code":"00000543","stop_name":"Bovet Muret","stop_desc":"Arr\u00eat d\u00e9plac\u00e9 suite \u00e0 impr\u00e9cision GPS","zone_id":null,"stop_url":null,"location_type":"0","parent_station":null,"stop_timezone":null,"wheelchair_boarding":"2"}},{"type":"Feature","geometry":{"type":"Point","coordinates":[5.375764,43.251808]},"properties":{"stop_id":"RTM-00001729","stop_code":"00001729","stop_name":"Bowl du Prado","stop_desc":null,"zone_id":null,"stop_url":null,"location_type":"0","parent_station":null,"stop_timezone":null,"wheelchair_boarding":"1"}},{"type":"Feature","geometry":{"type":"Point","coordinates":[5.376076,43.289559]},"properties":{"stop_id":"RTM-00001445","stop_code":"00001445","stop_name":"Breteuil Delanglade","stop_desc":"TAD 59","zone_id":null,"stop_url":null,"location_type":"0","parent_station":null,"stop_timezone":null,"wheelchair_boarding":"2"}},{"type":"Feature","geometry":{"type":"Point","coordinates":[5.392355,43.307365]},"properties":{"stop_id":"RTM-00003813","stop_code":"00003813","stop_name":"B\u00e9n\u00e9dit","stop_desc":null,"zone_id":null,"stop_url":null,"location_type":"0","parent_station":null,"stop_timezone":null,"wheelchair_boarding":"2"}},{"type":"Feature","geometry":{"type":"Point","coordinates":[5.392305,43.307748]},"properties":{"stop_id":"RTM-00003838","stop_code":"00003838","stop_name":"B\u00e9n\u00e9dit","stop_desc":null,"zone_id":null,"stop_url":null,"location_type":"0","parent_station":null,"stop_timezone":null,"wheelchair_boarding":"1"}},{"type":"Feature","geometry":{"type":"Point","coordinates":[5.412719,43.283606]},"properties":{"stop_id":"RTM-00001588","stop_code":"00001588","stop_name":"Cabassud Mireille Lauze","stop_desc":null,"zone_id":null,"stop_url":null,"location_type":"0","parent_station":null,"stop_timezone":null,"wheelchair_boarding":"2"}},{"type":"Feature","geometry":{"type":"Point","coordinates":[5.412954,43.283702]},"properties":{"stop_id":"RTM-00001612","stop_code":"00001612","stop_name":"Cabassud Mireille Lauze","stop_desc":null,"zone_id":null,"stop_url":null,"location_type":"0","parent_station":null,"stop_timezone":null,"wheelchair_boarding":"2"}},{"type":"Feature","geometry":{"type":"Point","coordinates":[5.39230227,43.33194807]},"properties":{"stop_id":"RTM-00003452","stop_code":"00003452","stop_name":"Cade Mouton","stop_desc":"RUE CADE  MARSEILLE 13014","zone_id":null,"stop_url":null,"location_type":"0","parent_station":null,"stop_timezone":null,"wheelchair_boarding":"1"}},{"type":"Feature","geometry":{"type":"Point","coordinates":[5.43975,43.303531]},"properties":{"stop_id":"RTM-00000919","stop_code":"00000919","stop_name":"Caillols Monette","stop_desc":null,"zone_id":null,"stop_url":null,"location_type":"0","parent_station":null,"stop_timezone":null,"wheelchair_boarding":"2"}},{"type":"Feature","geometry":{"type":"Point","coordinates":[5.439481,43.3035]},"properties":{"stop_id":"RTM-00000936","stop_code":"00000936","stop_name":"Caillols Monette","stop_desc":null,"zone_id":null,"stop_url":null,"location_type":"0","parent_station":null,"stop_timezone":null,"wheelchair_boarding":"2"}},{"type":"Feature","geometry":{"type":"Point","coordinates":[5.431113,43.303492]},"properties":{"stop_id":"RTM-00000916","stop_code":"00000916","stop_name":"Caillols Parini","stop_desc":null,"zone_id":null,"stop_url":null,"location_type":"0","parent_station":null,"stop_timezone":null,"wheelchair_boarding":"2"}},{"type":"Feature","geometry":{"type":"Point","coordinates":[5.434428,43.304273]},"properties":{"stop_id":"RTM-00000938","stop_code":"00000938","stop_name":"Caillols Rosi\u00e8re","stop_desc":null,"zone_id":null,"stop_url":null,"location_type":"0","parent_station":null,"stop_timezone":null,"wheelchair_boarding":"2"}},{"type":"Feature","geometry":{"type":"Point","coordinates":[5.4459026,43.3026091]},"properties":{"stop_id":"RTM-00000921","stop_code":"00000921","stop_name":"Caillols Vieux Moulin","stop_desc":null,"zone_id":null,"stop_url":null,"location_type":"0","parent_station":null,"stop_timezone":null,"wheelchair_boarding":"2"}},{"type":"Feature","geometry":{"type":"Point","coordinates":[5.367532,43.296926]},"properties":{"stop_id":"RTM-00000438","stop_code":"00000438","stop_name":"Caisserie Beauregard","stop_desc":null,"zone_id":null,"stop_url":null,"location_type":"0","parent_station":null,"stop_timezone":null,"wheelchair_boarding":"2"}},{"type":"Feature","geometry":{"type":"Point","coordinates":[5.346565,43.223748]},"properties":{"stop_id":"RTM-00002739","stop_code":"00002739","stop_name":"Calanque Blanche","stop_desc":null,"zone_id":null,"stop_url":null,"location_type":"0","parent_station":null,"stop_timezone":null,"wheelchair_boarding":"2"}},{"type":"Feature","geometry":{"type":"Point","coordinates":[5.384852,43.329357]},"properties":{"stop_id":"RTM-00000539","stop_code":"00000539","stop_name":"Calvet Jaloux","stop_desc":null,"zone_id":null,"stop_url":null,"location_type":"0","parent_station":null,"stop_timezone":null,"wheelchair_boarding":"2"}},{"type":"Feature","geometry":{"type":"Point","coordinates":[5.508326,43.307341]},"properties":{"stop_id":"RTM-00001217","stop_code":"00001217","stop_name":"Camoins Les C\u00f4teaux","stop_desc":null,"zone_id":null,"stop_url":null,"location_type":"0","parent_station":null,"stop_timezone":null,"wheelchair_boarding":"2"}},{"type":"Feature","geometry":{"type":"Point","coordinates":[5.508098,43.307352]},"properties":{"stop_id":"RTM-00001221","stop_code":"00001221","stop_name":"Camoins Les C\u00f4teaux","stop_desc":null,"zone_id":null,"stop_url":null,"location_type":"0","parent_station":null,"stop_timezone":null,"wheelchair_boarding":"2"}},{"type":"Feature","geometry":{"type":"Point","coordinates":[5.505782,43.303639]},"properties":{"stop_id":"RTM-00001215","stop_code":"00001215","stop_name":"Camoins Les Ombr\u00e9es","stop_desc":null,"zone_id":null,"stop_url":null,"location_type":"0","parent_station":null,"stop_timezone":null,"wheelchair_boarding":"2"}},{"type":"Feature","geometry":{"type":"Point","coordinates":[5.514277,43.30036]},"properties":{"stop_id":"RTM-00001189","stop_code":"00001189","stop_name":"Camoins St Roch","stop_desc":null,"zone_id":null,"stop_url":null,"location_type":"0","parent_station":null,"stop_timezone":null,"wheelchair_boarding":"2"}},{"type":"Feature","geometry":{"type":"Point","coordinates":[5.444094,43.231169]},"properties":{"stop_id":"RTM-00004349","stop_code":"00004349","stop_name":"Campus de Luminy","stop_desc":null,"zone_id":null,"stop_url":null,"location_type":"0","parent_station":null,"stop_timezone":null,"wheelchair_boarding":"1"}},{"type":"Feature","geometry":{"type":"Point","coordinates":[5.376682,43.296702]},"properties":{"stop_id":"RTM-00004403","stop_code":"00004403","stop_name":"Canebi\u00e8re Bourse","stop_desc":"RUE DES FABRES  MARSEILLE 13001","zone_id":null,"stop_url":null,"location_type":"0","parent_station":null,"stop_timezone":null,"wheelchair_boarding":"1"}},{"type":"Feature","geometry":{"type":"Point","coordinates":[5.4655815,43.3368575]},"properties":{"stop_id":"RTM-00002178","stop_code":"00002178","stop_name":"Cantons Rouges","stop_desc":"BOULEVARD MARCEL DELESTRADE  ALLAUCH 13190","zone_id":null,"stop_url":null,"location_type":"0","parent_station":null,"stop_timezone":null,"wheelchair_boarding":"2"}},{"type":"Feature","geometry":{"type":"Point","coordinates":[5.358808,43.326392]},"properties":{"stop_id":"RTM-00000241","stop_code":"00000241","stop_name":"Cap Pin\u00e8de","stop_desc":null,"zone_id":null,"stop_url":null,"location_type":"0","parent_station":null,"stop_timezone":null,"wheelchair_boarding":"2"}},{"type":"Feature","geometry":{"type":"Point","coordinates":[5.3585279,43.32636792]},"properties":{"stop_id":"RTM-00000279","stop_code":"00000279","stop_name":"Cap Pin\u00e8de","stop_desc":"BOULEVARD DES BASSINS DE RADOUB  MARSEILLE 13002","zone_id":null,"stop_url":null,"location_type":"0","parent_station":null,"stop_timezone":null,"wheelchair_boarding":"2"}},{"type":"Feature","geometry":{"type":"Point","coordinates":[5.408647,43.280244]},"properties":{"stop_id":"RTM-00001269","stop_code":"00001269","stop_name":"Capelette Curtel","stop_desc":null,"zone_id":null,"stop_url":null,"location_type":"0","parent_station":null,"stop_timezone":null,"wheelchair_boarding":"1"}},{"type":"Feature","geometry":{"type":"Point","coordinates":[5.399904,43.283709]},"properties":{"stop_id":"RTM-00001314","stop_code":"00001314","stop_name":"Capelette Rabatau","stop_desc":null,"zone_id":null,"stop_url":null,"location_type":"0","parent_station":null,"stop_timezone":null,"wheelchair_boarding":"2"}},{"type":"Feature","geometry":{"type":"Point","coordinates":[5.47166398,43.33004841]},"properties":{"stop_id":"RTM-00004529","stop_code":"00004529","stop_name":"Carambot","stop_desc":"TAD 65 \/ SCO 2022","zone_id":null,"stop_url":null,"location_type":"0","parent_station":null,"stop_timezone":null,"wheelchair_boarding":"2"}},{"type":"Feature","geometry":{"type":"Point","coordinates":[5.463808,43.289984]},"properties":{"stop_id":"RTM-00001172","stop_code":"00001172","stop_name":"Cartonnerie","stop_desc":null,"zone_id":null,"stop_url":null,"location_type":"0","parent_station":null,"stop_timezone":null,"wheelchair_boarding":"2"}},{"type":"Feature","geometry":{"type":"Point","coordinates":[5.374347,43.322933]},"properties":{"stop_id":"RTM-00000143","stop_code":"00000143","stop_name":"Casanova Barb\u00e8s","stop_desc":null,"zone_id":null,"stop_url":null,"location_type":"0","parent_station":null,"stop_timezone":null,"wheelchair_boarding":"2"}},{"type":"Feature","geometry":{"type":"Point","coordinates":[5.375822,43.329092]},"properties":{"stop_id":"RTM-00000323","stop_code":"00000323","stop_name":"Casanova Canet","stop_desc":null,"zone_id":null,"stop_url":null,"location_type":"0","parent_station":null,"stop_timezone":null,"wheelchair_boarding":"1"}},{"type":"Feature","geometry":{"type":"Point","coordinates":[5.374823,43.329259]},"properties":{"stop_id":"RTM-00000374","stop_code":"00000374","stop_name":"Casanova Canet","stop_desc":"3 BOULEVARD DE LA MAISON BLANCHE  MARSEILLE 13014","zone_id":null,"stop_url":null,"location_type":"0","parent_station":null,"stop_timezone":null,"wheelchair_boarding":"1"}},{"type":"Feature","geometry":{"type":"Point","coordinates":[5.38425986,43.2852469]},"properties":{"stop_id":"RTM-00001091","stop_code":"00001091","stop_name":"Castellane","stop_desc":"double arr\u00eat 230\/229","zone_id":null,"stop_url":null,"location_type":"0","parent_station":null,"stop_timezone":null,"wheelchair_boarding":"2"}},{"type":"Feature","geometry":{"type":"Point","coordinates":[5.38511235,43.28552959]},"properties":{"stop_id":"RTM-00001224","stop_code":"00001224","stop_name":"Castellane","stop_desc":"AVENUE JULES CANTINI  MARSEILLE 13006","zone_id":null,"stop_url":null,"location_type":"0","parent_station":null,"stop_timezone":null,"wheelchair_boarding":"1"}},{"type":"Feature","geometry":{"type":"Point","coordinates":[5.3844198,43.2844992]},"properties":{"stop_id":"RTM-00001695","stop_code":"00001695","stop_name":"Castellane","stop_desc":"D559  MARSEILLE 13006","zone_id":null,"stop_url":null,"location_type":"0","parent_station":null,"stop_timezone":null,"wheelchair_boarding":"1"}},{"type":"Feature","geometry":{"type":"Point","coordinates":[5.384552,43.2861185]},"properties":{"stop_id":"RTM-00002287","stop_code":"00002287","stop_name":"Castellane","stop_desc":null,"zone_id":null,"stop_url":null,"location_type":"0","parent_station":null,"stop_timezone":null,"wheelchair_boarding":"2"}},{"type":"Feature","geometry":{"type":"Point","coordinates":[5.38542811,43.28476324]},"properties":{"stop_id":"RTM-00002532","stop_code":"00002532","stop_name":"Castellane","stop_desc":"double arr\u00eat 128\/212","zone_id":null,"stop_url":null,"location_type":"0","parent_station":null,"stop_timezone":null,"wheelchair_boarding":"1"}},{"type":"Feature","geometry":{"type":"Point","coordinates":[5.3842401,43.2848292]},"properties":{"stop_id":"RTM-00003773","stop_code":"00003773","stop_name":"Castellane","stop_desc":"D559  MARSEILLE 13006","zone_id":null,"stop_url":null,"location_type":"0","parent_station":null,"stop_timezone":null,"wheelchair_boarding":"1"}},{"type":"Feature","geometry":{"type":"Point","coordinates":[5.38468254,43.28544531]},"properties":{"stop_id":"RTM-00004129","stop_code":"00004129","stop_name":"Castellane","stop_desc":null,"zone_id":null,"stop_url":null,"location_type":"0","parent_station":null,"stop_timezone":null,"wheelchair_boarding":"1"}},{"type":"Feature","geometry":{"type":"Point","coordinates":[5.37273642,43.3413542]},"properties":{"stop_id":"RTM-00004707","stop_code":"00004707","stop_name":"Castors de Servi\u00e8res","stop_desc":null,"zone_id":null,"stop_url":null,"location_type":"0","parent_station":null,"stop_timezone":null,"wheelchair_boarding":"2"}},{"type":"Feature","geometry":{"type":"Point","coordinates":[5.348457,43.405665]},"properties":{"stop_id":"RTM-00004270","stop_code":"00004270","stop_name":"Castors Isabella","stop_desc":"CASTORS ISABELLA  SEPT\u00c8MES-LES-VALLONS 13240","zone_id":null,"stop_url":null,"location_type":"0","parent_station":null,"stop_timezone":null,"wheelchair_boarding":"2"}},{"type":"Feature","geometry":{"type":"Point","coordinates":[5.351196,43.403718]},"properties":{"stop_id":"RTM-00002990","stop_code":"00002990","stop_name":"Castors Isabella Sud","stop_desc":null,"zone_id":null,"stop_url":null,"location_type":"0","parent_station":null,"stop_timezone":null,"wheelchair_boarding":"2"}},{"type":"Feature","geometry":{"type":"Point","coordinates":[5.35127,43.403746]},"properties":{"stop_id":"RTM-00004269","stop_code":"00004269","stop_name":"Castors Isabella Sud","stop_desc":"CASTORS ISABELLA  SEPT\u00c8MES-LES-VALLONS 13240","zone_id":null,"stop_url":null,"location_type":"0","parent_station":null,"stop_timezone":null,"wheelchair_boarding":"2"}},{"type":"Feature","geometry":{"type":"Point","coordinates":[5.35497,43.288948]},"properties":{"stop_id":"RTM-00001398","stop_code":"00001398","stop_name":"Catalans","stop_desc":null,"zone_id":null,"stop_url":null,"location_type":"0","parent_station":null,"stop_timezone":null,"wheelchair_boarding":"2"}},{"type":"Feature","geometry":{"type":"Point","coordinates":[5.390311,43.249275]},"properties":{"stop_id":"RTM-00001845","stop_code":"00001845","stop_name":"CC Bonneveine","stop_desc":"double abri 556\/879","zone_id":null,"stop_url":null,"location_type":"0","parent_station":null,"stop_timezone":null,"wheelchair_boarding":"2"}},{"type":"Feature","geometry":{"type":"Point","coordinates":[5.390415,43.249388]},"properties":{"stop_id":"RTM-00001878","stop_code":"00001878","stop_name":"CC Bonneveine","stop_desc":"double abri 730\/881","zone_id":null,"stop_url":null,"location_type":"0","parent_station":null,"stop_timezone":null,"wheelchair_boarding":"2"}},{"type":"Feature","geometry":{"type":"Point","coordinates":[5.39946224,43.32858919]},"properties":{"stop_id":"RTM-00000981","stop_code":"00000981","stop_name":"CC Le Merlan","stop_desc":"double abrit 392\/099","zone_id":null,"stop_url":null,"location_type":"0","parent_station":null,"stop_timezone":null,"wheelchair_boarding":"1"}},{"type":"Feature","geometry":{"type":"Point","coordinates":[5.39986707,43.32867121]},"properties":{"stop_id":"RTM-00001008","stop_code":"00001008","stop_name":"CC Le Merlan","stop_desc":"double abri 393\/403","zone_id":null,"stop_url":null,"location_type":"0","parent_station":null,"stop_timezone":null,"wheelchair_boarding":"1"}},{"type":"Feature","geometry":{"type":"Point","coordinates":[5.40026697,43.3288343]},"properties":{"stop_id":"RTM-00004714","stop_code":"00004714","stop_name":"CC Le Merlan","stop_desc":null,"zone_id":null,"stop_url":null,"location_type":"0","parent_station":null,"stop_timezone":null,"wheelchair_boarding":"2"}},{"type":"Feature","geometry":{"type":"Point","coordinates":[5.42749128,43.27739647]},"properties":{"stop_id":"RTM-00004333","stop_code":"00004333","stop_name":"CC Saint-Loup Doize","stop_desc":null,"zone_id":null,"stop_url":null,"location_type":"0","parent_station":null,"stop_timezone":null,"wheelchair_boarding":"2"}},{"type":"Feature","geometry":{"type":"Point","coordinates":[5.400069,43.232401]},"properties":{"stop_id":"RTM-00001855","stop_code":"00001855","stop_name":"CC Sormiou","stop_desc":"CHEMIN DE SORMIOU  MARSEILLE 13009","zone_id":null,"stop_url":null,"location_type":"0","parent_station":null,"stop_timezone":null,"wheelchair_boarding":"1"}},{"type":"Feature","geometry":{"type":"Point","coordinates":[5.4001,43.232745]},"properties":{"stop_id":"RTM-00001868","stop_code":"00001868","stop_name":"CC Sormiou","stop_desc":null,"zone_id":null,"stop_url":null,"location_type":"0","parent_station":null,"stop_timezone":null,"wheelchair_boarding":"1"}},{"type":"Feature","geometry":{"type":"Point","coordinates":[5.394223,43.25932]},"properties":{"stop_id":"RTM-00001882","stop_code":"00001882","stop_name":"CC Ste Anne","stop_desc":null,"zone_id":null,"stop_url":null,"location_type":"0","parent_station":null,"stop_timezone":null,"wheelchair_boarding":"2"}},{"type":"Feature","geometry":{"type":"Point","coordinates":[5.482861,43.339737]},"properties":{"stop_id":"RTM-00002183","stop_code":"00002183","stop_name":"CCAS d'Allauch","stop_desc":null,"zone_id":null,"stop_url":null,"location_type":"0","parent_station":null,"stop_timezone":null,"wheelchair_boarding":"2"}},{"type":"Feature","geometry":{"type":"Point","coordinates":[5.438005,43.297803]},"properties":{"stop_id":"RTM-00000958","stop_code":"00000958","stop_name":"Centre Social","stop_desc":null,"zone_id":null,"stop_url":null,"location_type":"0","parent_station":null,"stop_timezone":null,"wheelchair_boarding":"2"}},{"type":"Feature","geometry":{"type":"Point","coordinates":[5.36779225,43.33287675]},"properties":{"stop_id":"RTM-00002888","stop_code":"00002888","stop_name":"CFA Corot","stop_desc":"Avenue des aygalades  MARSEILLE 13015","zone_id":null,"stop_url":null,"location_type":"0","parent_station":null,"stop_timezone":null,"wheelchair_boarding":"2"}},{"type":"Feature","geometry":{"type":"Point","coordinates":[5.399685,43.325688]},"properties":{"stop_id":"RTM-00001149","stop_code":"00001149","stop_name":"Champfleuri","stop_desc":null,"zone_id":null,"stop_url":null,"location_type":"0","parent_station":null,"stop_timezone":null,"wheelchair_boarding":"2"}},{"type":"Feature","geometry":{"type":"Point","coordinates":[5.44952,43.33979]},"properties":{"stop_id":"RTM-00004073","stop_code":"00004073","stop_name":"Champollion","stop_desc":"pas de trottoir","zone_id":null,"stop_url":null,"location_type":"0","parent_station":null,"stop_timezone":null,"wheelchair_boarding":"2"}},{"type":"Feature","geometry":{"type":"Point","coordinates":[5.449645,43.339816]},"properties":{"stop_id":"RTM-00004074","stop_code":"00004074","stop_name":"Champollion","stop_desc":"pas de trottoir","zone_id":null,"stop_url":null,"location_type":"0","parent_station":null,"stop_timezone":null,"wheelchair_boarding":"2"}},{"type":"Feature","geometry":{"type":"Point","coordinates":[5.43155056,43.27629564]},"properties":{"stop_id":"RTM-00001682","stop_code":"00001682","stop_name":"Chante Perdrix","stop_desc":"12 TRAVERSE CHANTE PERDRIX  MARSEILLE 13010","zone_id":null,"stop_url":null,"location_type":"0","parent_station":null,"stop_timezone":null,"wheelchair_boarding":"2"}},{"type":"Feature","geometry":{"type":"Point","coordinates":[5.400645,43.309652]},"properties":{"stop_id":"RTM-00001101","stop_code":"00001101","stop_name":"Chartreux Pierre Roche","stop_desc":null,"zone_id":null,"stop_url":null,"location_type":"0","parent_station":null,"stop_timezone":null,"wheelchair_boarding":"2"}},{"type":"Feature","geometry":{"type":"Point","coordinates":[5.373566,43.348955]},"properties":{"stop_id":"RTM-00000989","stop_code":"00000989","stop_name":"Chemin de St Antoine","stop_desc":null,"zone_id":null,"stop_url":null,"location_type":"0","parent_station":null,"stop_timezone":null,"wheelchair_boarding":"2"}},{"type":"Feature","geometry":{"type":"Point","coordinates":[5.415365,43.351744]},"properties":{"stop_id":"RTM-00001035","stop_code":"00001035","stop_name":"Chemin des Grives","stop_desc":"CHEMIN DES GRIVES  MARSEILLE 13013","zone_id":null,"stop_url":null,"location_type":"0","parent_station":null,"stop_timezone":null,"wheelchair_boarding":"1"}},{"type":"Feature","geometry":{"type":"Point","coordinates":[5.415124,43.351722]},"properties":{"stop_id":"RTM-00003924","stop_code":"00003924","stop_name":"Chemin des Grives","stop_desc":null,"zone_id":null,"stop_url":null,"location_type":"0","parent_station":null,"stop_timezone":null,"wheelchair_boarding":"1"}},{"type":"Feature","geometry":{"type":"Point","coordinates":[5.334344,43.36056]},"properties":{"stop_id":"RTM-00002791","stop_code":"00002791","stop_name":"Chemin du Passet","stop_desc":null,"zone_id":null,"stop_url":null,"location_type":"0","parent_station":null,"stop_timezone":null,"wheelchair_boarding":"2"}},{"type":"Feature","geometry":{"type":"Point","coordinates":[5.399535,43.317117]},"properties":{"stop_id":"RTM-00001566","stop_code":"00001566","stop_name":"Chutes Lavie","stop_desc":"abs trottoir","zone_id":null,"stop_url":null,"location_type":"0","parent_station":null,"stop_timezone":null,"wheelchair_boarding":"2"}},{"type":"Feature","geometry":{"type":"Point","coordinates":[5.39629993,43.31014627]},"properties":{"stop_id":"RTM-00001574","stop_code":"00001574","stop_name":"Chutes Lavie Dahdah","stop_desc":null,"zone_id":null,"stop_url":null,"location_type":"0","parent_station":null,"stop_timezone":null,"wheelchair_boarding":"1"}},{"type":"Feature","geometry":{"type":"Point","coordinates":[5.441919,43.361347]},"properties":{"stop_id":"RTM-00000687","stop_code":"00000687","stop_name":"Ch\u00e2teau de la Parade","stop_desc":null,"zone_id":null,"stop_url":null,"location_type":"0","parent_station":null,"stop_timezone":null,"wheelchair_boarding":"2"}},{"type":"Feature","geometry":{"type":"Point","coordinates":[5.434351,43.274677]},"properties":{"stop_id":"RTM-00001683","stop_code":"00001683","stop_name":"Ch\u00e2teau Saint-Loup","stop_desc":null,"zone_id":null,"stop_url":null,"location_type":"0","parent_station":null,"stop_timezone":null,"wheelchair_boarding":"1"}},{"type":"Feature","geometry":{"type":"Point","coordinates":[5.354834,43.407299]},"properties":{"stop_id":"RTM-00004277","stop_code":"00004277","stop_name":"Ch\u00eane Vert","stop_desc":null,"zone_id":null,"stop_url":null,"location_type":"0","parent_station":null,"stop_timezone":null,"wheelchair_boarding":"2"}},{"type":"Feature","geometry":{"type":"Point","coordinates":[5.38008,43.325634]},"properties":{"stop_id":"RTM-00000141","stop_code":"00000141","stop_name":"Cimeti\u00e8re du Canet","stop_desc":null,"zone_id":null,"stop_url":null,"location_type":"0","parent_station":null,"stop_timezone":null,"wheelchair_boarding":"2"}},{"type":"Feature","geometry":{"type":"Point","coordinates":[5.356473,43.404267]},"properties":{"stop_id":"RTM-00004275","stop_code":"00004275","stop_name":"Cimeti\u00e8re Sud","stop_desc":"CHEMIN DU PIGEONNIER  SEPT\u00c8MES-LES-VALLONS 13240","zone_id":null,"stop_url":null,"location_type":"0","parent_station":null,"stop_timezone":null,"wheelchair_boarding":"2"}},{"type":"Feature","geometry":{"type":"Point","coordinates":[5.372966,43.338655]},"properties":{"stop_id":"RTM-00000370","stop_code":"00000370","stop_name":"Cit\u00e9 Bassens","stop_desc":null,"zone_id":null,"stop_url":null,"location_type":"0","parent_station":null,"stop_timezone":null,"wheelchair_boarding":"2"}},{"type":"Feature","geometry":{"type":"Point","coordinates":[5.394691,43.316219]},"properties":{"stop_id":"RTM-00002014","stop_code":"00002014","stop_name":"Cit\u00e9 Chutes Lavie","stop_desc":null,"zone_id":null,"stop_url":null,"location_type":"0","parent_station":null,"stop_timezone":null,"wheelchair_boarding":"2"}},{"type":"Feature","geometry":{"type":"Point","coordinates":[5.3969743,43.3166746]},"properties":{"stop_id":"RTM-00002041","stop_code":"00002041","stop_name":"Cit\u00e9 Chutes Lavie","stop_desc":null,"zone_id":null,"stop_url":null,"location_type":"0","parent_station":null,"stop_timezone":null,"wheelchair_boarding":"2"}},{"type":"Feature","geometry":{"type":"Point","coordinates":[5.365534,43.352149]},"properties":{"stop_id":"RTM-00000156","stop_code":"00000156","stop_name":"Cit\u00e9 des Arts de la Rue","stop_desc":null,"zone_id":null,"stop_url":null,"location_type":"0","parent_station":null,"stop_timezone":null,"wheelchair_boarding":"2"}},{"type":"Feature","geometry":{"type":"Point","coordinates":[5.457666,43.329946]},"properties":{"stop_id":"RTM-00002882","stop_code":"00002882","stop_name":"Cit\u00e9 La Marie Basse","stop_desc":null,"zone_id":null,"stop_url":null,"location_type":"0","parent_station":null,"stop_timezone":null,"wheelchair_boarding":"2"}},{"type":"Feature","geometry":{"type":"Point","coordinates":[5.454252,43.328097]},"properties":{"stop_id":"RTM-00002884","stop_code":"00002884","stop_name":"Cit\u00e9 La Marie Haute","stop_desc":null,"zone_id":null,"stop_url":null,"location_type":"0","parent_station":null,"stop_timezone":null,"wheelchair_boarding":"2"}},{"type":"Feature","geometry":{"type":"Point","coordinates":[5.357302,43.355868]},"properties":{"stop_id":"RTM-00004019","stop_code":"00004019","stop_name":"Cit\u00e9 La Viste","stop_desc":null,"zone_id":null,"stop_url":null,"location_type":"0","parent_station":null,"stop_timezone":null,"wheelchair_boarding":"2"}},{"type":"Feature","geometry":{"type":"Point","coordinates":[5.40285408,43.32456304]},"properties":{"stop_id":"RTM-00001147","stop_code":"00001147","stop_name":"Cit\u00e9 St Just","stop_desc":"Arr\u00eat d\u00e9plac\u00e9 suite \u00e0 impr\u00e9cision GPS","zone_id":null,"stop_url":null,"location_type":"0","parent_station":null,"stop_timezone":null,"wheelchair_boarding":"2"}},{"type":"Feature","geometry":{"type":"Point","coordinates":[5.354132,43.351445]},"properties":{"stop_id":"RTM-00000014","stop_code":"00000014","stop_name":"Cit\u00e9 St Louis","stop_desc":null,"zone_id":null,"stop_url":null,"location_type":"0","parent_station":null,"stop_timezone":null,"wheelchair_boarding":"2"}},{"type":"Feature","geometry":{"type":"Point","coordinates":[5.354026,43.351175]},"properties":{"stop_id":"RTM-00000038","stop_code":"00000038","stop_name":"Cit\u00e9 St Louis","stop_desc":null,"zone_id":null,"stop_url":null,"location_type":"0","parent_station":null,"stop_timezone":null,"wheelchair_boarding":"2"}},{"type":"Feature","geometry":{"type":"Point","coordinates":[5.450676,43.2934524]},"properties":{"stop_id":"RTM-00001169","stop_code":"00001169","stop_name":"Clairval Les Comtes","stop_desc":null,"zone_id":null,"stop_url":null,"location_type":"0","parent_station":null,"stop_timezone":null,"wheelchair_boarding":"2"}},{"type":"Feature","geometry":{"type":"Point","coordinates":[5.413966,43.268232]},"properties":{"stop_id":"RTM-00001645","stop_code":"00001645","stop_name":"Claudel Mairie 9-10","stop_desc":"BOULEVARD PAUL CLAUDEL  MARSEILLE 13010","zone_id":null,"stop_url":null,"location_type":"0","parent_station":null,"stop_timezone":null,"wheelchair_boarding":"1"}},{"type":"Feature","geometry":{"type":"Point","coordinates":[5.50395727,43.30110254]},"properties":{"stop_id":"RTM-00001178","stop_code":"00001178","stop_name":"Clinique St Martin","stop_desc":null,"zone_id":null,"stop_url":null,"location_type":"0","parent_station":null,"stop_timezone":null,"wheelchair_boarding":"1"}},{"type":"Feature","geometry":{"type":"Point","coordinates":[5.503599,43.301067]},"properties":{"stop_id":"RTM-00001192","stop_code":"00001192","stop_name":"Clinique St Martin","stop_desc":"Anciennement Camoins Les Clos","zone_id":null,"stop_url":null,"location_type":"0","parent_station":null,"stop_timezone":null,"wheelchair_boarding":"1"}},{"type":"Feature","geometry":{"type":"Point","coordinates":[5.50109893,43.30779648]},"properties":{"stop_id":"RTM-00004687","stop_code":"00004687","stop_name":"Clos de M\u00e9lanie","stop_desc":null,"zone_id":null,"stop_url":null,"location_type":"0","parent_station":null,"stop_timezone":null,"wheelchair_boarding":"2"}},{"type":"Feature","geometry":{"type":"Point","coordinates":[5.383478,43.258118]},"properties":{"stop_id":"RTM-00001917","stop_code":"00001917","stop_name":"Clot Bey Paul","stop_desc":null,"zone_id":null,"stop_url":null,"location_type":"0","parent_station":null,"stop_timezone":null,"wheelchair_boarding":"1"}},{"type":"Feature","geometry":{"type":"Point","coordinates":[5.384015,43.311017]},"properties":{"stop_id":"RTM-00000209","stop_code":"00000209","stop_name":"Clovis Hugues","stop_desc":null,"zone_id":null,"stop_url":null,"location_type":"0","parent_station":null,"stop_timezone":null,"wheelchair_boarding":"2"}},{"type":"Feature","geometry":{"type":"Point","coordinates":[5.405982,43.233521]},"properties":{"stop_id":"RTM-00001860","stop_code":"00001860","stop_name":"Colgate Valette","stop_desc":"AVENUE COLGATE  MARSEILLE 13009","zone_id":null,"stop_url":null,"location_type":"0","parent_station":null,"stop_timezone":null,"wheelchair_boarding":"1"}},{"type":"Feature","geometry":{"type":"Point","coordinates":[5.405154,43.233105]},"properties":{"stop_id":"RTM-00001863","stop_code":"00001863","stop_name":"Colgate Valette","stop_desc":"AVENUE COLGATE  MARSEILLE 13009","zone_id":null,"stop_url":null,"location_type":"0","parent_station":null,"stop_timezone":null,"wheelchair_boarding":"1"}},{"type":"Feature","geometry":{"type":"Point","coordinates":[5.45515,43.299256]},"properties":{"stop_id":"RTM-00001239","stop_code":"00001239","stop_name":"Collet des Comtes","stop_desc":"AVENUE DES BUTRIS  MARSEILLE 13011","zone_id":null,"stop_url":null,"location_type":"0","parent_station":null,"stop_timezone":null,"wheelchair_boarding":"2"}},{"type":"Feature","geometry":{"type":"Point","coordinates":[5.389504,43.298925]},"properties":{"stop_id":"RTM-00002862","stop_code":"00002862","stop_name":"Coll\u00e8ge Chape","stop_desc":null,"zone_id":null,"stop_url":null,"location_type":"0","parent_station":null,"stop_timezone":null,"wheelchair_boarding":"1"}},{"type":"Feature","geometry":{"type":"Point","coordinates":[5.386189,43.323612]},"properties":{"stop_id":"RTM-00000139","stop_code":"00000139","stop_name":"Coll\u00e8ge Clair Soleil","stop_desc":null,"zone_id":null,"stop_url":null,"location_type":"0","parent_station":null,"stop_timezone":null,"wheelchair_boarding":"2"}},{"type":"Feature","geometry":{"type":"Point","coordinates":[5.398839,43.334104]},"properties":{"stop_id":"RTM-00000337","stop_code":"00000337","stop_name":"Coll\u00e8ge Edouard Manet","stop_desc":"AVENUE RAIMU  MARSEILLE 13014","zone_id":null,"stop_url":null,"location_type":"0","parent_station":null,"stop_timezone":null,"wheelchair_boarding":"1"}},{"type":"Feature","geometry":{"type":"Point","coordinates":[5.406854,43.255041]},"properties":{"stop_id":"RTM-00003628","stop_code":"00003628","stop_name":"Coll\u00e8ge Grande Bastide","stop_desc":null,"zone_id":null,"stop_url":null,"location_type":"0","parent_station":null,"stop_timezone":null,"wheelchair_boarding":"1"}},{"type":"Feature","geometry":{"type":"Point","coordinates":[5.406899,43.255143]},"properties":{"stop_id":"RTM-00003630","stop_code":"00003630","stop_name":"Coll\u00e8ge Grande Bastide","stop_desc":null,"zone_id":null,"stop_url":null,"location_type":"0","parent_station":null,"stop_timezone":null,"wheelchair_boarding":"2"}},{"type":"Feature","geometry":{"type":"Point","coordinates":[5.356878,43.366218]},"properties":{"stop_id":"RTM-00003977","stop_code":"00003977","stop_name":"Coll\u00e8ge Jean Moulin","stop_desc":null,"zone_id":null,"stop_url":null,"location_type":"0","parent_station":null,"stop_timezone":null,"wheelchair_boarding":"1"}},{"type":"Feature","geometry":{"type":"Point","coordinates":[5.356883,43.365108]},"properties":{"stop_id":"RTM-00004015","stop_code":"00004015","stop_name":"Coll\u00e8ge Jean Moulin","stop_desc":null,"zone_id":null,"stop_url":null,"location_type":"0","parent_station":null,"stop_timezone":null,"wheelchair_boarding":"1"}},{"type":"Feature","geometry":{"type":"Point","coordinates":[5.489256,43.295756]},"properties":{"stop_id":"RTM-00001175","stop_code":"00001175","stop_name":"Coll\u00e8ge Le Ruissatel","stop_desc":null,"zone_id":null,"stop_url":null,"location_type":"0","parent_station":null,"stop_timezone":null,"wheelchair_boarding":"2"}},{"type":"Feature","geometry":{"type":"Point","coordinates":[5.44529155,43.34311775]},"properties":{"stop_id":"RTM-00004071","stop_code":"00004071","stop_name":"Coll\u00e8ge Malraux","stop_desc":"RUE LOUIS LEPRINCE-RINGUET  MARSEILLE 13013","zone_id":null,"stop_url":null,"location_type":"0","parent_station":null,"stop_timezone":null,"wheelchair_boarding":"2"}},{"type":"Feature","geometry":{"type":"Point","coordinates":[5.4671025,43.35300499]},"properties":{"stop_id":"RTM-00002154","stop_code":"00002154","stop_name":"Coll\u00e8ge Olympe de Gouges","stop_desc":null,"zone_id":null,"stop_url":null,"location_type":"0","parent_station":null,"stop_timezone":null,"wheelchair_boarding":"2"}},{"type":"Feature","geometry":{"type":"Point","coordinates":[5.365035,43.372254]},"properties":{"stop_id":"RTM-00003991","stop_code":"00003991","stop_name":"Coll\u00e8ge Vallon des Pins","stop_desc":null,"zone_id":null,"stop_url":null,"location_type":"0","parent_station":null,"stop_timezone":null,"wheelchair_boarding":"1"}},{"type":"Feature","geometry":{"type":"Point","coordinates":[5.41122258,43.3040617]},"properties":{"stop_id":"RTM-00000815","stop_code":"00000815","stop_name":"Compassion","stop_desc":null,"zone_id":null,"stop_url":null,"location_type":"0","parent_station":null,"stop_timezone":null,"wheelchair_boarding":"2"}},{"type":"Feature","geometry":{"type":"Point","coordinates":[5.410836,43.304157]},"properties":{"stop_id":"RTM-00000856","stop_code":"00000856","stop_name":"Compassion","stop_desc":null,"zone_id":null,"stop_url":null,"location_type":"0","parent_station":null,"stop_timezone":null,"wheelchair_boarding":"2"}},{"type":"Feature","geometry":{"type":"Point","coordinates":[5.44732,43.318927]},"properties":{"stop_id":"RTM-00003148","stop_code":"00003148","stop_name":"Comtesse","stop_desc":null,"zone_id":null,"stop_url":null,"location_type":"0","parent_station":null,"stop_timezone":null,"wheelchair_boarding":"2"}},{"type":"Feature","geometry":{"type":"Point","coordinates":[5.447472,43.315814]},"properties":{"stop_id":"RTM-00000891","stop_code":"00000891","stop_name":"Comtesse Clinique","stop_desc":null,"zone_id":null,"stop_url":null,"location_type":"0","parent_station":null,"stop_timezone":null,"wheelchair_boarding":"2"}},{"type":"Feature","geometry":{"type":"Point","coordinates":[5.447385,43.317431]},"properties":{"stop_id":"RTM-00000892","stop_code":"00000892","stop_name":"Comtesse Rampal","stop_desc":null,"zone_id":null,"stop_url":null,"location_type":"0","parent_station":null,"stop_timezone":null,"wheelchair_boarding":"2"}},{"type":"Feature","geometry":{"type":"Point","coordinates":[5.338875,43.357677]},"properties":{"stop_id":"RTM-00000317","stop_code":"00000317","stop_name":"Condorcet Picaron","stop_desc":null,"zone_id":null,"stop_url":null,"location_type":"0","parent_station":null,"stop_timezone":null,"wheelchair_boarding":"2"}},{"type":"Feature","geometry":{"type":"Point","coordinates":[5.4208109,43.3399309]},"properties":{"stop_id":"RTM-00000734","stop_code":"00000734","stop_name":"Consolation Balustres","stop_desc":null,"zone_id":null,"stop_url":null,"location_type":"0","parent_station":null,"stop_timezone":null,"wheelchair_boarding":"2"}},{"type":"Feature","geometry":{"type":"Point","coordinates":[5.421885,43.339626]},"properties":{"stop_id":"RTM-00000735","stop_code":"00000735","stop_name":"Consolation Balustres","stop_desc":null,"zone_id":null,"stop_url":null,"location_type":"0","parent_station":null,"stop_timezone":null,"wheelchair_boarding":"2"}},{"type":"Feature","geometry":{"type":"Point","coordinates":[5.42885254,43.33902686]},"properties":{"stop_id":"RTM-00000737","stop_code":"00000737","stop_name":"Consolation Gracieuse","stop_desc":null,"zone_id":null,"stop_url":null,"location_type":"0","parent_station":null,"stop_timezone":null,"wheelchair_boarding":"2"}},{"type":"Feature","geometry":{"type":"Point","coordinates":[5.449105,43.341897]},"properties":{"stop_id":"RTM-00004072","stop_code":"00004072","stop_name":"Copernic","stop_desc":"poteau provisoire mal plac\u00e9","zone_id":null,"stop_url":null,"location_type":"0","parent_station":null,"stop_timezone":null,"wheelchair_boarding":"1"}},{"type":"Feature","geometry":{"type":"Point","coordinates":[5.293533,43.359962]},"properties":{"stop_id":"RTM-00002226","stop_code":"00002226","stop_name":"Corbi\u00e8res Base Nautique","stop_desc":"ABS trottoir","zone_id":null,"stop_url":null,"location_type":"0","parent_station":null,"stop_timezone":null,"wheelchair_boarding":"1"}},{"type":"Feature","geometry":{"type":"Point","coordinates":[5.292686,43.359012]},"properties":{"stop_id":"RTM-00002228","stop_code":"00002228","stop_name":"Corbi\u00e8res Base Nautique","stop_desc":null,"zone_id":null,"stop_url":null,"location_type":"0","parent_station":null,"stop_timezone":null,"wheelchair_boarding":"2"}},{"type":"Feature","geometry":{"type":"Point","coordinates":[5.35695881,43.28968029]},"properties":{"stop_id":"RTM-00001418","stop_code":"00001418","stop_name":"Corniche Aud\u00e9oud","stop_desc":null,"zone_id":null,"stop_url":null,"location_type":"0","parent_station":null,"stop_timezone":null,"wheelchair_boarding":"1"}},{"type":"Feature","geometry":{"type":"Point","coordinates":[5.357203,43.289474]},"properties":{"stop_id":"RTM-00002085","stop_code":"00002085","stop_name":"Corniche Aud\u00e9oud","stop_desc":null,"zone_id":null,"stop_url":null,"location_type":"0","parent_station":null,"stop_timezone":null,"wheelchair_boarding":"1"}},{"type":"Feature","geometry":{"type":"Point","coordinates":[5.361024,43.274501]},"properties":{"stop_id":"RTM-00002065","stop_code":"00002065","stop_name":"Corniche Napoule","stop_desc":"CORNICHE PR\u00c9SIDENT JOHN F. KENNEDY  MARSEILLE 13007","zone_id":null,"stop_url":null,"location_type":"0","parent_station":null,"stop_timezone":null,"wheelchair_boarding":"1"}},{"type":"Feature","geometry":{"type":"Point","coordinates":[5.36098,43.274655]},"properties":{"stop_id":"RTM-00002076","stop_code":"00002076","stop_name":"Corniche Napoule","stop_desc":null,"zone_id":null,"stop_url":null,"location_type":"0","parent_station":null,"stop_timezone":null,"wheelchair_boarding":"1"}},{"type":"Feature","geometry":{"type":"Point","coordinates":[5.406711,43.322677]},"properties":{"stop_id":"RTM-00001145","stop_code":"00001145","stop_name":"Corot Lacordaire","stop_desc":null,"zone_id":null,"stop_url":null,"location_type":"0","parent_station":null,"stop_timezone":null,"wheelchair_boarding":"2"}},{"type":"Feature","geometry":{"type":"Point","coordinates":[5.407749,43.320689]},"properties":{"stop_id":"RTM-00001124","stop_code":"00001124","stop_name":"Corot Moutte","stop_desc":"AVENUE COROT  MARSEILLE 13013","zone_id":null,"stop_url":null,"location_type":"0","parent_station":null,"stop_timezone":null,"wheelchair_boarding":"1"}},{"type":"Feature","geometry":{"type":"Point","coordinates":[5.407962,43.32176]},"properties":{"stop_id":"RTM-00002662","stop_code":"00002662","stop_name":"Corot Moutte","stop_desc":null,"zone_id":null,"stop_url":null,"location_type":"0","parent_station":null,"stop_timezone":null,"wheelchair_boarding":"2"}},{"type":"Feature","geometry":{"type":"Point","coordinates":[5.3628,43.289357]},"properties":{"stop_id":"RTM-00001415","stop_code":"00001415","stop_name":"Corse D'Aurelle","stop_desc":null,"zone_id":null,"stop_url":null,"location_type":"0","parent_station":null,"stop_timezone":null,"wheelchair_boarding":"1"}},{"type":"Feature","geometry":{"type":"Point","coordinates":[5.382074,43.345904]},"properties":{"stop_id":"RTM-00000118","stop_code":"00000118","stop_name":"Coxe Massenet","stop_desc":null,"zone_id":null,"stop_url":null,"location_type":"0","parent_station":null,"stop_timezone":null,"wheelchair_boarding":"2"}},{"type":"Feature","geometry":{"type":"Point","coordinates":[5.382087,43.345478]},"properties":{"stop_id":"RTM-00000128","stop_code":"00000128","stop_name":"Coxe Massenet","stop_desc":null,"zone_id":null,"stop_url":null,"location_type":"0","parent_station":null,"stop_timezone":null,"wheelchair_boarding":"2"}},{"type":"Feature","geometry":{"type":"Point","coordinates":[5.379817,43.309989]},"properties":{"stop_id":"RTM-00000458","stop_code":"00000458","stop_name":"Cristofol National","stop_desc":null,"zone_id":null,"stop_url":null,"location_type":"0","parent_station":null,"stop_timezone":null,"wheelchair_boarding":"2"}},{"type":"Feature","geometry":{"type":"Point","coordinates":[5.366997,43.302917]},"properties":{"stop_id":"RTM-00003833","stop_code":"00003833","stop_name":"Dames Schuman","stop_desc":"BOULEVARD DES DAMES  MARSEILLE 13002","zone_id":null,"stop_url":null,"location_type":"0","parent_station":null,"stop_timezone":null,"wheelchair_boarding":"2"}},{"type":"Feature","geometry":{"type":"Point","coordinates":[5.4107347,43.3214271]},"properties":{"stop_id":"RTM-00001116","stop_code":"00001116","stop_name":"Daudet Michel","stop_desc":null,"zone_id":null,"stop_url":null,"location_type":"0","parent_station":null,"stop_timezone":null,"wheelchair_boarding":"1"}},{"type":"Feature","geometry":{"type":"Point","coordinates":[5.40516076,43.2814484]},"properties":{"stop_id":"RTM-00001312","stop_code":"00001312","stop_name":"Delessert","stop_desc":null,"zone_id":null,"stop_url":null,"location_type":"0","parent_station":null,"stop_timezone":null,"wheelchair_boarding":"1"}},{"type":"Feature","geometry":{"type":"Point","coordinates":[5.453028,43.334972]},"properties":{"stop_id":"RTM-00000580","stop_code":"00000580","stop_name":"Delprat Vallon Vert","stop_desc":null,"zone_id":null,"stop_url":null,"location_type":"0","parent_station":null,"stop_timezone":null,"wheelchair_boarding":"2"}},{"type":"Feature","geometry":{"type":"Point","coordinates":[5.358269,43.333746]},"properties":{"stop_id":"RTM-00000512","stop_code":"00000512","stop_name":"Demandolx","stop_desc":null,"zone_id":null,"stop_url":null,"location_type":"0","parent_station":null,"stop_timezone":null,"wheelchair_boarding":"2"}},{"type":"Feature","geometry":{"type":"Point","coordinates":[5.366277,43.308763]},"properties":{"stop_id":"RTM-00004086","stop_code":"00004086","stop_name":"Docks","stop_desc":null,"zone_id":null,"stop_url":null,"location_type":"0","parent_station":null,"stop_timezone":null,"wheelchair_boarding":"1"}},{"type":"Feature","geometry":{"type":"Point","coordinates":[5.429969,43.346118]},"properties":{"stop_id":"RTM-00004091","stop_code":"00004091","stop_name":"Donadille","stop_desc":"pas de trottoir","zone_id":null,"stop_url":null,"location_type":"0","parent_station":null,"stop_timezone":null,"wheelchair_boarding":"2"}},{"type":"Feature","geometry":{"type":"Point","coordinates":[5.431098,43.344267]},"properties":{"stop_id":"RTM-00004089","stop_code":"00004089","stop_name":"Donadille Langevin","stop_desc":"pas de trottoir","zone_id":null,"stop_url":null,"location_type":"0","parent_station":null,"stop_timezone":null,"wheelchair_boarding":"2"}},{"type":"Feature","geometry":{"type":"Point","coordinates":[5.40550411,43.29689387]},"properties":{"stop_id":"RTM-00001556","stop_code":"00001556","stop_name":"Duclaux Foch","stop_desc":"RUE \u00c9MILE DUCLAUX  MARSEILLE 13004","zone_id":null,"stop_url":null,"location_type":"0","parent_station":null,"stop_timezone":null,"wheelchair_boarding":"2"}},{"type":"Feature","geometry":{"type":"Point","coordinates":[5.40093899,43.30326922]},"properties":{"stop_id":"RTM-00000745","stop_code":"00000745","stop_name":"Duparc Blancarde","stop_desc":"BOULEVARD FRAN\u00c7OISE DUPARC  MARSEILLE 13004","zone_id":null,"stop_url":null,"location_type":"0","parent_station":null,"stop_timezone":null,"wheelchair_boarding":"1"}},{"type":"Feature","geometry":{"type":"Point","coordinates":[5.402445,43.308291]},"properties":{"stop_id":"RTM-00002035","stop_code":"00002035","stop_name":"Duparc Montolivet","stop_desc":null,"zone_id":null,"stop_url":null,"location_type":"0","parent_station":null,"stop_timezone":null,"wheelchair_boarding":"1"}},{"type":"Feature","geometry":{"type":"Point","coordinates":[5.3723195,43.309399]},"properties":{"stop_id":"RTM-00002306","stop_code":"00002306","stop_name":"D\u00e9sir\u00e9e Clary","stop_desc":null,"zone_id":null,"stop_url":null,"location_type":"0","parent_station":null,"stop_timezone":null,"wheelchair_boarding":"2"}},{"type":"Feature","geometry":{"type":"Point","coordinates":[5.377758,43.277064]},"properties":{"stop_id":"RTM-00004211","stop_code":"00004211","stop_name":"Eden Roc","stop_desc":null,"zone_id":null,"stop_url":null,"location_type":"0","parent_station":null,"stop_timezone":null,"wheelchair_boarding":"2"}},{"type":"Feature","geometry":{"type":"Point","coordinates":[5.35274868,43.28352411]},"properties":{"stop_id":"RTM-00001546","stop_code":"00001546","stop_name":"Eglise d'Endoume","stop_desc":"TAD 59","zone_id":null,"stop_url":null,"location_type":"0","parent_station":null,"stop_timezone":null,"wheelchair_boarding":"2"}},{"type":"Feature","geometry":{"type":"Point","coordinates":[5.441863,43.339947]},"properties":{"stop_id":"RTM-00003944","stop_code":"00003944","stop_name":"Einstein Ath\u00e9na","stop_desc":null,"zone_id":null,"stop_url":null,"location_type":"0","parent_station":null,"stop_timezone":null,"wheelchair_boarding":"1"}},{"type":"Feature","geometry":{"type":"Point","coordinates":[5.438563,43.338997]},"properties":{"stop_id":"RTM-00003938","stop_code":"00003938","stop_name":"Einstein Monnet","stop_desc":"RUE ALBERT EINSTEIN  MARSEILLE 13013","zone_id":null,"stop_url":null,"location_type":"0","parent_station":null,"stop_timezone":null,"wheelchair_boarding":"1"}},{"type":"Feature","geometry":{"type":"Point","coordinates":[5.448497,43.345708]},"properties":{"stop_id":"RTM-00003941","stop_code":"00003941","stop_name":"Einstein Parking Relais","stop_desc":null,"zone_id":null,"stop_url":null,"location_type":"0","parent_station":null,"stop_timezone":null,"wheelchair_boarding":"1"}},{"type":"Feature","geometry":{"type":"Point","coordinates":[5.410091,43.309538]},"properties":{"stop_id":"RTM-00003743","stop_code":"00003743","stop_name":"Elz\u00e9ard Rougier","stop_desc":null,"zone_id":null,"stop_url":null,"location_type":"0","parent_station":null,"stop_timezone":null,"wheelchair_boarding":"2"}},{"type":"Feature","geometry":{"type":"Point","coordinates":[5.350393,43.283024]},"properties":{"stop_id":"RTM-00002060","stop_code":"00002060","stop_name":"Endoume","stop_desc":null,"zone_id":null,"stop_url":null,"location_type":"0","parent_station":null,"stop_timezone":null,"wheelchair_boarding":"1"}},{"type":"Feature","geometry":{"type":"Point","coordinates":[5.36604025,43.28771531]},"properties":{"stop_id":"RTM-00001476","stop_code":"00001476","stop_name":"Endoume Tell\u00e8ne","stop_desc":"TAD 59","zone_id":null,"stop_url":null,"location_type":"0","parent_station":null,"stop_timezone":null,"wheelchair_boarding":"2"}},{"type":"Feature","geometry":{"type":"Point","coordinates":[5.522809,43.301287]},"properties":{"stop_id":"RTM-00001186","stop_code":"00001186","stop_name":"Eoures Cigales","stop_desc":null,"zone_id":null,"stop_url":null,"location_type":"0","parent_station":null,"stop_timezone":null,"wheelchair_boarding":"2"}},{"type":"Feature","geometry":{"type":"Point","coordinates":[5.520652,43.301279]},"properties":{"stop_id":"RTM-00001187","stop_code":"00001187","stop_name":"Eoures Village","stop_desc":null,"zone_id":null,"stop_url":null,"location_type":"0","parent_station":null,"stop_timezone":null,"wheelchair_boarding":"2"}},{"type":"Feature","geometry":{"type":"Point","coordinates":[5.3762244,43.25498782]},"properties":{"stop_id":"RTM-00001706","stop_code":"00001706","stop_name":"Escale Bor\u00e9ly","stop_desc":null,"zone_id":null,"stop_url":null,"location_type":"0","parent_station":null,"stop_timezone":null,"wheelchair_boarding":"1"}},{"type":"Feature","geometry":{"type":"Point","coordinates":[5.371095,43.284941]},"properties":{"stop_id":"RTM-00001466","stop_code":"00001466","stop_name":"Escalier Notre Dame","stop_desc":"entr\u00e9e basilique notre dame de la garde (avant portail) esplanade sans trottoir","zone_id":null,"stop_url":null,"location_type":"0","parent_station":null,"stop_timezone":null,"wheelchair_boarding":"2"}},{"type":"Feature","geometry":{"type":"Point","coordinates":[5.306643,43.361587]},"properties":{"stop_id":"RTM-00002230","stop_code":"00002230","stop_name":"Estaque Castejon","stop_desc":null,"zone_id":null,"stop_url":null,"location_type":"0","parent_station":null,"stop_timezone":null,"wheelchair_boarding":"2"}},{"type":"Feature","geometry":{"type":"Point","coordinates":[5.315138,43.359911]},"properties":{"stop_id":"RTM-00000263","stop_code":"00000263","stop_name":"Estaque Port","stop_desc":"D568  MARSEILLE 13016","zone_id":null,"stop_url":null,"location_type":"0","parent_station":null,"stop_timezone":null,"wheelchair_boarding":"1"}},{"type":"Feature","geometry":{"type":"Point","coordinates":[5.312171,43.361168]},"properties":{"stop_id":"RTM-00000262","stop_code":"00000262","stop_name":"Estaque Village","stop_desc":null,"zone_id":null,"stop_url":null,"location_type":"0","parent_station":null,"stop_timezone":null,"wheelchair_boarding":"1"}},{"type":"Feature","geometry":{"type":"Point","coordinates":[5.3779635,43.29031]},"properties":{"stop_id":"RTM-00002286","stop_code":"00002286","stop_name":"Estrangin","stop_desc":null,"zone_id":null,"stop_url":null,"location_type":"0","parent_station":null,"stop_timezone":null,"wheelchair_boarding":"2"}},{"type":"Feature","geometry":{"type":"Point","coordinates":[5.37269,43.277005]},"properties":{"stop_id":"RTM-00001503","stop_code":"00001503","stop_name":"Estrangin Colonies","stop_desc":null,"zone_id":null,"stop_url":null,"location_type":"0","parent_station":null,"stop_timezone":null,"wheelchair_boarding":"2"}},{"type":"Feature","geometry":{"type":"Point","coordinates":[5.372589,43.276813]},"properties":{"stop_id":"RTM-00001513","stop_code":"00001513","stop_name":"Estrangin Colonies","stop_desc":"BOULEVARD GEORGES ESTRANGIN  MARSEILLE 13007","zone_id":null,"stop_url":null,"location_type":"0","parent_station":null,"stop_timezone":null,"wheelchair_boarding":"2"}},{"type":"Feature","geometry":{"type":"Point","coordinates":[5.371307,43.276501]},"properties":{"stop_id":"RTM-00001512","stop_code":"00001512","stop_name":"Estrangin C\u00e9lina","stop_desc":"BOULEVARD GEORGES ESTRANGIN  MARSEILLE 13007","zone_id":null,"stop_url":null,"location_type":"0","parent_station":null,"stop_timezone":null,"wheelchair_boarding":"2"}},{"type":"Feature","geometry":{"type":"Point","coordinates":[5.37750989,43.29036948]},"properties":{"stop_id":"RTM-00001406","stop_code":"00001406","stop_name":"Estrangin Puget","stop_desc":null,"zone_id":null,"stop_url":null,"location_type":"0","parent_station":null,"stop_timezone":null,"wheelchair_boarding":"2"}},{"type":"Feature","geometry":{"type":"Point","coordinates":[5.3558781,43.4000375]},"properties":{"stop_id":"RTM-00003045","stop_code":"00003045","stop_name":"Eug\u00e8ne Michel","stop_desc":"abs sigep. abs trottoir","zone_id":null,"stop_url":null,"location_type":"0","parent_station":null,"stop_timezone":null,"wheelchair_boarding":"2"}},{"type":"Feature","geometry":{"type":"Point","coordinates":[5.33231462,43.36264839]},"properties":{"stop_id":"RTM-00004565","stop_code":"00004565","stop_name":"Eydoux Charmasson","stop_desc":null,"zone_id":null,"stop_url":null,"location_type":"0","parent_station":null,"stop_timezone":null,"wheelchair_boarding":"1"}},{"type":"Feature","geometry":{"type":"Point","coordinates":[5.33198471,43.36264011]},"properties":{"stop_id":"RTM-00004566","stop_code":"00004566","stop_name":"Eydoux Charmasson","stop_desc":null,"zone_id":null,"stop_url":null,"location_type":"0","parent_station":null,"stop_timezone":null,"wheelchair_boarding":"2"}},{"type":"Feature","geometry":{"type":"Point","coordinates":[5.329086,43.362092]},"properties":{"stop_id":"RTM-00002788","stop_code":"00002788","stop_name":"Eydoux Monjarde","stop_desc":null,"zone_id":null,"stop_url":null,"location_type":"0","parent_station":null,"stop_timezone":null,"wheelchair_boarding":"2"}},{"type":"Feature","geometry":{"type":"Point","coordinates":[5.329348,43.361968]},"properties":{"stop_id":"RTM-00002789","stop_code":"00002789","stop_name":"Eydoux Monjarde","stop_desc":null,"zone_id":null,"stop_url":null,"location_type":"0","parent_station":null,"stop_timezone":null,"wheelchair_boarding":"2"}},{"type":"Feature","geometry":{"type":"Point","coordinates":[5.335631,43.362644]},"properties":{"stop_id":"RTM-00002790","stop_code":"00002790","stop_name":"Eydoux Pelouque","stop_desc":null,"zone_id":null,"stop_url":null,"location_type":"0","parent_station":null,"stop_timezone":null,"wheelchair_boarding":"2"}},{"type":"Feature","geometry":{"type":"Point","coordinates":[5.360301,43.377402]},"properties":{"stop_id":"RTM-00004004","stop_code":"00004004","stop_name":"Facult\u00e9 de M\u00e9decine","stop_desc":"BOULEVARD PIERRE DRAMARD  MARSEILLE 13015","zone_id":null,"stop_url":null,"location_type":"0","parent_station":null,"stop_timezone":null,"wheelchair_boarding":"2"}},{"type":"Feature","geometry":{"type":"Point","coordinates":[5.37905,43.304741]},"properties":{"stop_id":"RTM-00003355","stop_code":"00003355","stop_name":"Facult\u00e9 St Charles","stop_desc":null,"zone_id":null,"stop_url":null,"location_type":"0","parent_station":null,"stop_timezone":null,"wheelchair_boarding":"2"}},{"type":"Feature","geometry":{"type":"Point","coordinates":[5.378504,43.304364]},"properties":{"stop_id":"RTM-00003836","stop_code":"00003836","stop_name":"Facult\u00e9 St Charles","stop_desc":"PLACE VICTOR HUGO  MARSEILLE 13003","zone_id":null,"stop_url":null,"location_type":"0","parent_station":null,"stop_timezone":null,"wheelchair_boarding":"1"}},{"type":"Feature","geometry":{"type":"Point","coordinates":[5.35251325,43.2807591]},"properties":{"stop_id":"RTM-00002080","stop_code":"00002080","stop_name":"Fausse Monnaie","stop_desc":"doute l'acc\u00e8s handicap moteur","zone_id":null,"stop_url":null,"location_type":"0","parent_station":null,"stop_timezone":null,"wheelchair_boarding":"1"}},{"type":"Feature","geometry":{"type":"Point","coordinates":[5.32032251,43.3609332]},"properties":{"stop_id":"RTM-00003891","stop_code":"00003891","stop_name":"Fenouil Ecoles","stop_desc":null,"zone_id":null,"stop_url":null,"location_type":"0","parent_station":null,"stop_timezone":null,"wheelchair_boarding":"2"}},{"type":"Feature","geometry":{"type":"Point","coordinates":[5.320701,43.362382]},"properties":{"stop_id":"RTM-00003893","stop_code":"00003893","stop_name":"Fenouil Le Pelletier","stop_desc":null,"zone_id":null,"stop_url":null,"location_type":"0","parent_station":null,"stop_timezone":null,"wheelchair_boarding":"2"}},{"type":"Feature","geometry":{"type":"Point","coordinates":[5.410411,43.279759]},"properties":{"stop_id":"RTM-00001310","stop_code":"00001310","stop_name":"Fifi Turin","stop_desc":"AVENUE DE LA CAPELETTE  MARSEILLE 13010","zone_id":null,"stop_url":null,"location_type":"0","parent_station":null,"stop_timezone":null,"wheelchair_boarding":"2"}},{"type":"Feature","geometry":{"type":"Point","coordinates":[5.412684,43.281669]},"properties":{"stop_id":"RTM-00001611","stop_code":"00001611","stop_name":"Fifi Turin Aub\u00e9pine","stop_desc":"BOULEVARD FIFI-TURIN  MARSEILLE 13010","zone_id":null,"stop_url":null,"location_type":"0","parent_station":null,"stop_timezone":null,"wheelchair_boarding":"1"}},{"type":"Feature","geometry":{"type":"Point","coordinates":[5.395599,43.307237]},"properties":{"stop_id":"RTM-00002566","stop_code":"00002566","stop_name":"Flammarion Cassini","stop_desc":"BOULEVARD CAMILLE FLAMMARION  MARSEILLE 13004","zone_id":null,"stop_url":null,"location_type":"0","parent_station":null,"stop_timezone":null,"wheelchair_boarding":"2"}},{"type":"Feature","geometry":{"type":"Point","coordinates":[5.39516,43.307061]},"properties":{"stop_id":"RTM-00002567","stop_code":"00002567","stop_name":"Flammarion Cassini","stop_desc":"BOULEVARD CAMILLE FLAMMARION  MARSEILLE 13004","zone_id":null,"stop_url":null,"location_type":"0","parent_station":null,"stop_timezone":null,"wheelchair_boarding":"2"}},{"type":"Feature","geometry":{"type":"Point","coordinates":[5.388569,43.304325]},"properties":{"stop_id":"RTM-00000434","stop_code":"00000434","stop_name":"Flammarion Isoard","stop_desc":null,"zone_id":null,"stop_url":null,"location_type":"0","parent_station":null,"stop_timezone":null,"wheelchair_boarding":"2"}},{"type":"Feature","geometry":{"type":"Point","coordinates":[5.3962992,43.3080097]},"properties":{"stop_id":"RTM-00001561","stop_code":"00001561","stop_name":"Flammarion Siphon","stop_desc":"RUE JEANNE JUGAN  MARSEILLE 13004","zone_id":null,"stop_url":null,"location_type":"0","parent_station":null,"stop_timezone":null,"wheelchair_boarding":"1"}},{"type":"Feature","geometry":{"type":"Point","coordinates":[5.425044,43.285197]},"properties":{"stop_id":"RTM-00004226","stop_code":"00004226","stop_name":"Florian Mireille Lauze","stop_desc":"A50  MARSEILLE 13010","zone_id":null,"stop_url":null,"location_type":"0","parent_station":null,"stop_timezone":null,"wheelchair_boarding":"1"}},{"type":"Feature","geometry":{"type":"Point","coordinates":[5.3184613,43.358757]},"properties":{"stop_id":"RTM-00000256","stop_code":"00000256","stop_name":"Fontaine des Tuiles","stop_desc":null,"zone_id":null,"stop_url":null,"location_type":"0","parent_station":null,"stop_timezone":null,"wheelchair_boarding":"1"}},{"type":"Feature","geometry":{"type":"Point","coordinates":[5.3690812,43.30527375]},"properties":{"stop_id":"RTM-00000461","stop_code":"00000461","stop_name":"Forbin D'Hozier","stop_desc":null,"zone_id":null,"stop_url":null,"location_type":"0","parent_station":null,"stop_timezone":null,"wheelchair_boarding":"2"}},{"type":"Feature","geometry":{"type":"Point","coordinates":[5.35396784,43.36604625]},"properties":{"stop_id":"RTM-00004180","stop_code":"00004180","stop_name":"Foresta","stop_desc":"AVENUE MILLIE MATHYS  MARSEILLE 13015","zone_id":null,"stop_url":null,"location_type":"0","parent_station":null,"stop_timezone":null,"wheelchair_boarding":"2"}},{"type":"Feature","geometry":{"type":"Point","coordinates":[5.374424,43.282955]},"properties":{"stop_id":"RTM-00001449","stop_code":"00001449","stop_name":"Fort du Sanctuaire","stop_desc":"TAD 59","zone_id":null,"stop_url":null,"location_type":"0","parent_station":null,"stop_timezone":null,"wheelchair_boarding":"2"}},{"type":"Feature","geometry":{"type":"Point","coordinates":[5.371658,43.292186]},"properties":{"stop_id":"RTM-00003847","stop_code":"00003847","stop_name":"Fort Notre Dame","stop_desc":null,"zone_id":null,"stop_url":null,"location_type":"0","parent_station":null,"stop_timezone":null,"wheelchair_boarding":"2"}},{"type":"Feature","geometry":{"type":"Point","coordinates":[5.36787752,43.30567215]},"properties":{"stop_id":"RTM-00003823","stop_code":"00003823","stop_name":"FRAC","stop_desc":null,"zone_id":null,"stop_url":null,"location_type":"0","parent_station":null,"stop_timezone":null,"wheelchair_boarding":"1"}},{"type":"Feature","geometry":{"type":"Point","coordinates":[5.436181,43.324253]},"properties":{"stop_id":"RTM-00000772","stop_code":"00000772","stop_name":"Frais Vallon Les Roses","stop_desc":null,"zone_id":null,"stop_url":null,"location_type":"0","parent_station":null,"stop_timezone":null,"wheelchair_boarding":"2"}},{"type":"Feature","geometry":{"type":"Point","coordinates":[5.427077,43.324904]},"properties":{"stop_id":"RTM-00000777","stop_code":"00000777","stop_name":"Frais Vallon Piscine","stop_desc":null,"zone_id":null,"stop_url":null,"location_type":"0","parent_station":null,"stop_timezone":null,"wheelchair_boarding":"2"}},{"type":"Feature","geometry":{"type":"Point","coordinates":[5.427013,43.311603]},"properties":{"stop_id":"RTM-00000879","stop_code":"00000879","stop_name":"F\u00e9libres Aiguillette","stop_desc":null,"zone_id":null,"stop_url":null,"location_type":"0","parent_station":null,"stop_timezone":null,"wheelchair_boarding":"2"}},{"type":"Feature","geometry":{"type":"Point","coordinates":[5.42679422,43.3116799]},"properties":{"stop_id":"RTM-00000900","stop_code":"00000900","stop_name":"F\u00e9libres Aiguillette","stop_desc":null,"zone_id":null,"stop_url":null,"location_type":"0","parent_station":null,"stop_timezone":null,"wheelchair_boarding":"2"}},{"type":"Feature","geometry":{"type":"Point","coordinates":[5.424783,43.311522]},"properties":{"stop_id":"RTM-00000901","stop_code":"00000901","stop_name":"F\u00e9libres Lauriers","stop_desc":null,"zone_id":null,"stop_url":null,"location_type":"0","parent_station":null,"stop_timezone":null,"wheelchair_boarding":"2"}},{"type":"Feature","geometry":{"type":"Point","coordinates":[5.381771,43.299239]},"properties":{"stop_id":"RTM-00003367","stop_code":"00003367","stop_name":"Gambetta Ath\u00e8nes","stop_desc":null,"zone_id":null,"stop_url":null,"location_type":"0","parent_station":null,"stop_timezone":null,"wheelchair_boarding":"2"}},{"type":"Feature","geometry":{"type":"Point","coordinates":[5.38461,43.299138]},"properties":{"stop_id":"RTM-00003377","stop_code":"00003377","stop_name":"Gambetta R\u00e9form\u00e9s","stop_desc":null,"zone_id":null,"stop_url":null,"location_type":"0","parent_station":null,"stop_timezone":null,"wheelchair_boarding":"2"}},{"type":"Feature","geometry":{"type":"Point","coordinates":[5.321552,43.362528]},"properties":{"stop_id":"RTM-00000311","stop_code":"00000311","stop_name":"Gare de L'Estaque","stop_desc":null,"zone_id":null,"stop_url":null,"location_type":"0","parent_station":null,"stop_timezone":null,"wheelchair_boarding":"2"}},{"type":"Feature","geometry":{"type":"Point","coordinates":[5.483373,43.28488]},"properties":{"stop_id":"RTM-00001330","stop_code":"00001330","stop_name":"Gare de la Barasse","stop_desc":"160 BOULEVARD DE LA BARASSE  MARSEILLE 13011","zone_id":null,"stop_url":null,"location_type":"0","parent_station":null,"stop_timezone":null,"wheelchair_boarding":"1"}},{"type":"Feature","geometry":{"type":"Point","coordinates":[5.364178,43.300729]},"properties":{"stop_id":"RTM-00003820","stop_code":"00003820","stop_name":"Gare Maritime Internationale","stop_desc":null,"zone_id":null,"stop_url":null,"location_type":"0","parent_station":null,"stop_timezone":null,"wheelchair_boarding":"1"}},{"type":"Feature","geometry":{"type":"Point","coordinates":[5.364076,43.30129]},"properties":{"stop_id":"RTM-00003826","stop_code":"00003826","stop_name":"Gare Maritime Internationale","stop_desc":null,"zone_id":null,"stop_url":null,"location_type":"0","parent_station":null,"stop_timezone":null,"wheelchair_boarding":"1"}},{"type":"Feature","geometry":{"type":"Point","coordinates":[5.417438,43.298168]},"properties":{"stop_id":"RTM-00000944","stop_code":"00000944","stop_name":"Garlaban Cauvin","stop_desc":null,"zone_id":null,"stop_url":null,"location_type":"0","parent_station":null,"stop_timezone":null,"wheelchair_boarding":"1"}},{"type":"Feature","geometry":{"type":"Point","coordinates":[5.413862,43.308609]},"properties":{"stop_id":"RTM-00002827","stop_code":"00002827","stop_name":"Garoutte Gavoty","stop_desc":null,"zone_id":null,"stop_url":null,"location_type":"0","parent_station":null,"stop_timezone":null,"wheelchair_boarding":"2"}},{"type":"Feature","geometry":{"type":"Point","coordinates":[5.413675,43.308493]},"properties":{"stop_id":"RTM-00003740","stop_code":"00003740","stop_name":"Garoutte Gavoty","stop_desc":null,"zone_id":null,"stop_url":null,"location_type":"0","parent_station":null,"stop_timezone":null,"wheelchair_boarding":"2"}},{"type":"Feature","geometry":{"type":"Point","coordinates":[5.413067,43.306537]},"properties":{"stop_id":"RTM-00002830","stop_code":"00002830","stop_name":"Garoutte Philippine","stop_desc":null,"zone_id":null,"stop_url":null,"location_type":"0","parent_station":null,"stop_timezone":null,"wheelchair_boarding":"2"}},{"type":"Feature","geometry":{"type":"Point","coordinates":[5.337015,43.357268]},"properties":{"stop_id":"RTM-00004433","stop_code":"00004433","stop_name":"Gaston Castel","stop_desc":"7 RUE GASTON CASTEL  MARSEILLE 13016","zone_id":null,"stop_url":null,"location_type":"0","parent_station":null,"stop_timezone":null,"wheelchair_boarding":"1"}},{"type":"Feature","geometry":{"type":"Point","coordinates":[5.397782,43.296813]},"properties":{"stop_id":"RTM-00003364","stop_code":"00003364","stop_name":"George Verdun","stop_desc":"RUE GEORGE  MARSEILLE 13005","zone_id":null,"stop_url":null,"location_type":"0","parent_station":null,"stop_timezone":null,"wheelchair_boarding":"1"}},{"type":"Feature","geometry":{"type":"Point","coordinates":[5.37956715,43.31913637]},"properties":{"stop_id":"RTM-00002271","stop_code":"00002271","stop_name":"Gibbes Plombi\u00e8res","stop_desc":"7 CHEMIN DE GIBBES  MARSEILLE 13014","zone_id":null,"stop_url":null,"location_type":"0","parent_station":null,"stop_timezone":null,"wheelchair_boarding":"2"}},{"type":"Feature","geometry":{"type":"Point","coordinates":[5.38491686,43.32821724]},"properties":{"stop_id":"RTM-00004244","stop_code":"00004244","stop_name":"Gibbes Rouffe","stop_desc":"215 CHEMIN DE GIBBES  MARSEILLE 13014","zone_id":null,"stop_url":null,"location_type":"0","parent_station":null,"stop_timezone":null,"wheelchair_boarding":"2"}},{"type":"Feature","geometry":{"type":"Point","coordinates":[5.381269,43.322609]},"properties":{"stop_id":"RTM-00004502","stop_code":"00004502","stop_name":"Gibbes St Gabriel","stop_desc":null,"zone_id":null,"stop_url":null,"location_type":"0","parent_station":null,"stop_timezone":null,"wheelchair_boarding":"2"}},{"type":"Feature","geometry":{"type":"Point","coordinates":[5.48043829,43.33413373]},"properties":{"stop_id":"RTM-00004543","stop_code":"00004543","stop_name":"Giono Bauqui\u00e8re","stop_desc":"SCO 2022","zone_id":null,"stop_url":null,"location_type":"0","parent_station":null,"stop_timezone":null,"wheelchair_boarding":"2"}},{"type":"Feature","geometry":{"type":"Point","coordinates":[5.486087,43.331172]},"properties":{"stop_id":"RTM-00003592","stop_code":"00003592","stop_name":"Giono Provence","stop_desc":"63 AVENUE DE PROVENCE  ALLAUCH 13190","zone_id":null,"stop_url":null,"location_type":"0","parent_station":null,"stop_timezone":null,"wheelchair_boarding":"2"}},{"type":"Feature","geometry":{"type":"Point","coordinates":[5.48611903,43.33136988]},"properties":{"stop_id":"RTM-00004699","stop_code":"00004699","stop_name":"Giono Provence","stop_desc":null,"zone_id":null,"stop_url":null,"location_type":"0","parent_station":null,"stop_timezone":null,"wheelchair_boarding":"2"}},{"type":"Feature","geometry":{"type":"Point","coordinates":[5.47969875,43.33795312]},"properties":{"stop_id":"RTM-00004697","stop_code":"00004697","stop_name":"Giono Roque","stop_desc":null,"zone_id":null,"stop_url":null,"location_type":"0","parent_station":null,"stop_timezone":null,"wheelchair_boarding":"2"}},{"type":"Feature","geometry":{"type":"Point","coordinates":[5.47895382,43.33761104]},"properties":{"stop_id":"RTM-00004698","stop_code":"00004698","stop_name":"Giono Roque","stop_desc":null,"zone_id":null,"stop_url":null,"location_type":"0","parent_station":null,"stop_timezone":null,"wheelchair_boarding":"2"}},{"type":"Feature","geometry":{"type":"Point","coordinates":[5.4931849,43.32149382]},"properties":{"stop_id":"RTM-00004686","stop_code":"00004686","stop_name":"Golf d'Allauch","stop_desc":null,"zone_id":null,"stop_url":null,"location_type":"0","parent_station":null,"stop_timezone":null,"wheelchair_boarding":"2"}},{"type":"Feature","geometry":{"type":"Point","coordinates":[5.349146,43.361826]},"properties":{"stop_id":"RTM-00004309","stop_code":"00004309","stop_name":"Grand Littoral Sud","stop_desc":"ROND-POINT ANTOINE SARTORIO  MARSEILLE 13015","zone_id":null,"stop_url":null,"location_type":"0","parent_station":null,"stop_timezone":null,"wheelchair_boarding":"2"}},{"type":"Feature","geometry":{"type":"Point","coordinates":[5.414764,43.261494]},"properties":{"stop_id":"RTM-00001908","stop_code":"00001908","stop_name":"Grand Pr\u00e9","stop_desc":"339 BOULEVARD DE SAINTE-MARGUERITE  MARSEILLE 13009","zone_id":null,"stop_url":null,"location_type":"0","parent_station":null,"stop_timezone":null,"wheelchair_boarding":"1"}},{"type":"Feature","geometry":{"type":"Point","coordinates":[5.390658,43.264541]},"properties":{"stop_id":"RTM-00001915","stop_code":"00001915","stop_name":"Grand St Giniez","stop_desc":"AVENUE ALEXANDRE DUMAS  MARSEILLE 13008","zone_id":null,"stop_url":null,"location_type":"0","parent_station":null,"stop_timezone":null,"wheelchair_boarding":"1"}},{"type":"Feature","geometry":{"type":"Point","coordinates":[5.38426,43.300166]},"properties":{"stop_id":"RTM-00000228","stop_code":"00000228","stop_name":"Grande Arm\u00e9e","stop_desc":"RUE DE LA GRANDE ARM\u00c9E  MARSEILLE 13001","zone_id":null,"stop_url":null,"location_type":"0","parent_station":null,"stop_timezone":null,"wheelchair_boarding":"2"}},{"type":"Feature","geometry":{"type":"Point","coordinates":[5.458582,43.287514]},"properties":{"stop_id":"RTM-00001293","stop_code":"00001293","stop_name":"Grani\u00e8re Rente","stop_desc":null,"zone_id":null,"stop_url":null,"location_type":"0","parent_station":null,"stop_timezone":null,"wheelchair_boarding":"2"}},{"type":"Feature","geometry":{"type":"Point","coordinates":[5.3623524,43.2364661]},"properties":{"stop_id":"RTM-00001722","stop_code":"00001722","stop_name":"Grotte Rolland","stop_desc":"AVENUE DE LA MADRAGUE DE MONTREDON  MARSEILLE 13008","zone_id":null,"stop_url":null,"location_type":"0","parent_station":null,"stop_timezone":null,"wheelchair_boarding":"2"}},{"type":"Feature","geometry":{"type":"Point","coordinates":[5.43316,43.351255]},"properties":{"stop_id":"RTM-00000678","stop_code":"00000678","stop_name":"Grottes Loubi\u00e8re","stop_desc":"CHEMIN DE CH\u00c2TEAU-GOMBERT  MARSEILLE 13013","zone_id":null,"stop_url":null,"location_type":"0","parent_station":null,"stop_timezone":null,"wheelchair_boarding":"2"}},{"type":"Feature","geometry":{"type":"Point","coordinates":[5.385083,43.330994]},"properties":{"stop_id":"RTM-00000550","stop_code":"00000550","stop_name":"Groupe Le Canet","stop_desc":null,"zone_id":null,"stop_url":null,"location_type":"0","parent_station":null,"stop_timezone":null,"wheelchair_boarding":"2"}},{"type":"Feature","geometry":{"type":"Point","coordinates":[5.374328,43.281922]},"properties":{"stop_id":"RTM-00001454","stop_code":"00001454","stop_name":"Guadeloupe Martinique","stop_desc":"TAD 59","zone_id":null,"stop_url":null,"location_type":"0","parent_station":null,"stop_timezone":null,"wheelchair_boarding":"2"}},{"type":"Feature","geometry":{"type":"Point","coordinates":[5.396862,43.313198]},"properties":{"stop_id":"RTM-00001572","stop_code":"00001572","stop_name":"Guigou","stop_desc":"AVENUE DES CHUTES LAVIE  MARSEILLE 13004","zone_id":null,"stop_url":null,"location_type":"0","parent_station":null,"stop_timezone":null,"wheelchair_boarding":"2"}},{"type":"Feature","geometry":{"type":"Point","coordinates":[5.36762863,43.328522]},"properties":{"stop_id":"RTM-00004294","stop_code":"00004294","stop_name":"G\u00e8ze","stop_desc":"60 AVENUE F\u00c9LIX ZOCCOLA  MARSEILLE 13015","zone_id":null,"stop_url":null,"location_type":"0","parent_station":null,"stop_timezone":null,"wheelchair_boarding":"1"}},{"type":"Feature","geometry":{"type":"Point","coordinates":[5.367509,43.328043]},"properties":{"stop_id":"RTM-00004298","stop_code":"00004298","stop_name":"G\u00e8ze","stop_desc":"60 AVENUE F\u00c9LIX ZOCCOLA  MARSEILLE 13015","zone_id":null,"stop_url":null,"location_type":"0","parent_station":null,"stop_timezone":null,"wheelchair_boarding":"1"}},{"type":"Feature","geometry":{"type":"Point","coordinates":[5.367394,43.327996]},"properties":{"stop_id":"RTM-00004300","stop_code":"00004300","stop_name":"G\u00e8ze","stop_desc":"60 AVENUE F\u00c9LIX ZOCCOLA  MARSEILLE 13015","zone_id":null,"stop_url":null,"location_type":"0","parent_station":null,"stop_timezone":null,"wheelchair_boarding":"1"}},{"type":"Feature","geometry":{"type":"Point","coordinates":[5.36770642,43.32826835]},"properties":{"stop_id":"RTM-00004736","stop_code":"00004736","stop_name":"G\u00e8ze","stop_desc":null,"zone_id":null,"stop_url":null,"location_type":"0","parent_station":null,"stop_timezone":null,"wheelchair_boarding":"2"}},{"type":"Feature","geometry":{"type":"Point","coordinates":[5.3704746,43.33048436]},"properties":{"stop_id":"RTM-00004332","stop_code":"00004332","stop_name":"G\u00e8ze Bossy","stop_desc":"BOULEVARD DU CAPITAINE-G\u00c8ZE  MARSEILLE 13014","zone_id":null,"stop_url":null,"location_type":"0","parent_station":null,"stop_timezone":null,"wheelchair_boarding":"2"}},{"type":"Feature","geometry":{"type":"Point","coordinates":[5.48607,43.34195]},"properties":{"stop_id":"RTM-00004544","stop_code":"00004544","stop_name":"G\u00e9n\u00e9ral Leclerc","stop_desc":"SCO 2022","zone_id":null,"stop_url":null,"location_type":"0","parent_station":null,"stop_timezone":null,"wheelchair_boarding":"2"}},{"type":"Feature","geometry":{"type":"Point","coordinates":[5.413203,43.30132]},"properties":{"stop_id":"RTM-00000948","stop_code":"00000948","stop_name":"Haguenau Merle","stop_desc":null,"zone_id":null,"stop_url":null,"location_type":"0","parent_station":null,"stop_timezone":null,"wheelchair_boarding":"2"}},{"type":"Feature","geometry":{"type":"Point","coordinates":[5.393007,43.247245]},"properties":{"stop_id":"RTM-00001846","stop_code":"00001846","stop_name":"Hambourg Lancier","stop_desc":null,"zone_id":null,"stop_url":null,"location_type":"0","parent_station":null,"stop_timezone":null,"wheelchair_boarding":"2"}},{"type":"Feature","geometry":{"type":"Point","coordinates":[5.39291027,43.25313718]},"properties":{"stop_id":"RTM-00001880","stop_code":"00001880","stop_name":"Ha\u00effa Ollivary","stop_desc":null,"zone_id":null,"stop_url":null,"location_type":"0","parent_station":null,"stop_timezone":null,"wheelchair_boarding":"1"}},{"type":"Feature","geometry":{"type":"Point","coordinates":[5.44199442,43.28749818]},"properties":{"stop_id":"RTM-00004612","stop_code":"00004612","stop_name":"Heckel","stop_desc":null,"zone_id":null,"stop_url":null,"location_type":"0","parent_station":null,"stop_timezone":null,"wheelchair_boarding":"2"}},{"type":"Feature","geometry":{"type":"Point","coordinates":[5.476968,43.338136]},"properties":{"stop_id":"RTM-00002182","stop_code":"00002182","stop_name":"Henri Tasso","stop_desc":null,"zone_id":null,"stop_url":null,"location_type":"0","parent_station":null,"stop_timezone":null,"wheelchair_boarding":"2"}},{"type":"Feature","geometry":{"type":"Point","coordinates":[5.411143,43.252007]},"properties":{"stop_id":"RTM-00002007","stop_code":"00002007","stop_name":"Hesp\u00e9rides Montval","stop_desc":null,"zone_id":null,"stop_url":null,"location_type":"0","parent_station":null,"stop_timezone":null,"wheelchair_boarding":"2"}},{"type":"Feature","geometry":{"type":"Point","coordinates":[5.438127,43.242633]},"properties":{"stop_id":"RTM-00001767","stop_code":"00001767","stop_name":"HLM de Luminy","stop_desc":null,"zone_id":null,"stop_url":null,"location_type":"0","parent_station":null,"stop_timezone":null,"wheelchair_boarding":"1"}},{"type":"Feature","geometry":{"type":"Point","coordinates":[5.44976632,43.30131132]},"properties":{"stop_id":"RTM-00000923","stop_code":"00000923","stop_name":"HLM Les Caillols","stop_desc":null,"zone_id":null,"stop_url":null,"location_type":"0","parent_station":null,"stop_timezone":null,"wheelchair_boarding":"2"}},{"type":"Feature","geometry":{"type":"Point","coordinates":[5.40754666,43.25604865]},"properties":{"stop_id":"RTM-00004774","stop_code":"00004774","stop_name":"Horticulture","stop_desc":null,"zone_id":null,"stop_url":null,"location_type":"0","parent_station":null,"stop_timezone":null,"wheelchair_boarding":"2"}},{"type":"Feature","geometry":{"type":"Point","coordinates":[5.402872,43.291876]},"properties":{"stop_id":"RTM-00001252","stop_code":"00001252","stop_name":"H\u00f4pital de la Timone","stop_desc":"RUE SAINT-PIERRE  MARSEILLE 13005","zone_id":null,"stop_url":null,"location_type":"0","parent_station":null,"stop_timezone":null,"wheelchair_boarding":"1"}},{"type":"Feature","geometry":{"type":"Point","coordinates":[5.358343,43.381209]},"properties":{"stop_id":"RTM-00000564","stop_code":"00000564","stop_name":"H\u00f4pital Edouard Toulouse","stop_desc":null,"zone_id":null,"stop_url":null,"location_type":"0","parent_station":null,"stop_timezone":null,"wheelchair_boarding":"1"}},{"type":"Feature","geometry":{"type":"Point","coordinates":[5.373445,43.310212]},"properties":{"stop_id":"RTM-00003917","stop_code":"00003917","stop_name":"H\u00f4pital Europ\u00e9en","stop_desc":null,"zone_id":null,"stop_url":null,"location_type":"0","parent_station":null,"stop_timezone":null,"wheelchair_boarding":"1"}},{"type":"Feature","geometry":{"type":"Point","coordinates":[5.413589,43.326854]},"properties":{"stop_id":"RTM-00002516","stop_code":"00002516","stop_name":"H\u00f4pital Laveran","stop_desc":null,"zone_id":null,"stop_url":null,"location_type":"0","parent_station":null,"stop_timezone":null,"wheelchair_boarding":"1"}},{"type":"Feature","geometry":{"type":"Point","coordinates":[5.363369,43.376989]},"properties":{"stop_id":"RTM-00003989","stop_code":"00003989","stop_name":"H\u00f4pital Nord","stop_desc":null,"zone_id":null,"stop_url":null,"location_type":"0","parent_station":null,"stop_timezone":null,"wheelchair_boarding":"1"}},{"type":"Feature","geometry":{"type":"Point","coordinates":[5.363439,43.377358]},"properties":{"stop_id":"RTM-00004107","stop_code":"00004107","stop_name":"H\u00f4pital Nord","stop_desc":"depart\/terminus ligne 97","zone_id":null,"stop_url":null,"location_type":"0","parent_station":null,"stop_timezone":null,"wheelchair_boarding":"1"}},{"type":"Feature","geometry":{"type":"Point","coordinates":[5.363905,43.377058]},"properties":{"stop_id":"RTM-00004108","stop_code":"00004108","stop_name":"H\u00f4pital Nord","stop_desc":"d\u00e9part\/terminus ligne 121\/122","zone_id":null,"stop_url":null,"location_type":"0","parent_station":null,"stop_timezone":null,"wheelchair_boarding":"2"}},{"type":"Feature","geometry":{"type":"Point","coordinates":[5.4087146,43.25941285]},"properties":{"stop_id":"RTM-00004767","stop_code":"00004767","stop_name":"H\u00f4pital Sainte-Marguerite","stop_desc":"Prolongement T3","zone_id":null,"stop_url":null,"location_type":"0","parent_station":null,"stop_timezone":null,"wheelchair_boarding":"1"}},{"type":"Feature","geometry":{"type":"Point","coordinates":[5.371023,43.296227]},"properties":{"stop_id":"RTM-00000436","stop_code":"00000436","stop_name":"H\u00f4tel de Ville","stop_desc":null,"zone_id":null,"stop_url":null,"location_type":"0","parent_station":null,"stop_timezone":null,"wheelchair_boarding":"1"}},{"type":"Feature","geometry":{"type":"Point","coordinates":[5.4051867,43.31361845]},"properties":{"stop_id":"RTM-00004621","stop_code":"00004621","stop_name":"H\u00f4tel du D\u00e9partement","stop_desc":null,"zone_id":null,"stop_url":null,"location_type":"0","parent_station":null,"stop_timezone":null,"wheelchair_boarding":"2"}},{"type":"Feature","geometry":{"type":"Point","coordinates":[5.39785864,43.2487806]},"properties":{"stop_id":"RTM-00001823","stop_code":"00001823","stop_name":"Jardin Bortoli","stop_desc":null,"zone_id":null,"stop_url":null,"location_type":"0","parent_station":null,"stop_timezone":null,"wheelchair_boarding":"2"}},{"type":"Feature","geometry":{"type":"Point","coordinates":[5.42987,43.277768]},"properties":{"stop_id":"RTM-00002664","stop_code":"00002664","stop_name":"Jardins de Saint-Thys","stop_desc":null,"zone_id":null,"stop_url":null,"location_type":"0","parent_station":null,"stop_timezone":null,"wheelchair_boarding":"1"}},{"type":"Feature","geometry":{"type":"Point","coordinates":[5.400384,43.288501]},"properties":{"stop_id":"RTM-00001618","stop_code":"00001618","stop_name":"Jean Moulin Facult\u00e9s","stop_desc":"27 BOULEVARD JEAN MOULIN  MARSEILLE 13005","zone_id":null,"stop_url":null,"location_type":"0","parent_station":null,"stop_timezone":null,"wheelchair_boarding":"1"}},{"type":"Feature","geometry":{"type":"Point","coordinates":[5.39967223,43.2865703]},"properties":{"stop_id":"RTM-00001617","stop_code":"00001617","stop_name":"Jean Moulin Ste Baume","stop_desc":null,"zone_id":null,"stop_url":null,"location_type":"0","parent_station":null,"stop_timezone":null,"wheelchair_boarding":"1"}},{"type":"Feature","geometry":{"type":"Point","coordinates":[5.4183,43.307131]},"properties":{"stop_id":"RTM-00000874","stop_code":"00000874","stop_name":"Jean Rameau","stop_desc":"RUE JEAN RAMEAU  MARSEILLE 13012","zone_id":null,"stop_url":null,"location_type":"0","parent_station":null,"stop_timezone":null,"wheelchair_boarding":"2"}},{"type":"Feature","geometry":{"type":"Point","coordinates":[5.418345,43.306229]},"properties":{"stop_id":"RTM-00000904","stop_code":"00000904","stop_name":"Jean Rameau","stop_desc":null,"zone_id":null,"stop_url":null,"location_type":"0","parent_station":null,"stop_timezone":null,"wheelchair_boarding":"2"}},{"type":"Feature","geometry":{"type":"Point","coordinates":[5.399425,43.294078]},"properties":{"stop_id":"RTM-00004425","stop_code":"00004425","stop_name":"Jeanne d'Arc","stop_desc":"17 BOULEVARD JEANNE D'ARC  MARSEILLE 13005","zone_id":null,"stop_url":null,"location_type":"0","parent_station":null,"stop_timezone":null,"wheelchair_boarding":"2"}},{"type":"Feature","geometry":{"type":"Point","coordinates":[5.3679735,43.3039105]},"properties":{"stop_id":"RTM-00002319","stop_code":"00002319","stop_name":"Joliette","stop_desc":null,"zone_id":null,"stop_url":null,"location_type":"0","parent_station":null,"stop_timezone":null,"wheelchair_boarding":"2"}},{"type":"Feature","geometry":{"type":"Point","coordinates":[5.365706,43.305287]},"properties":{"stop_id":"RTM-00003824","stop_code":"00003824","stop_name":"Joliette","stop_desc":"ligne 49","zone_id":null,"stop_url":null,"location_type":"0","parent_station":null,"stop_timezone":null,"wheelchair_boarding":"1"}},{"type":"Feature","geometry":{"type":"Point","coordinates":[5.435659,43.343626]},"properties":{"stop_id":"RTM-00004066","stop_code":"00004066","stop_name":"Joliot Curie","stop_desc":null,"zone_id":null,"stop_url":null,"location_type":"0","parent_station":null,"stop_timezone":null,"wheelchair_boarding":"1"}},{"type":"Feature","geometry":{"type":"Point","coordinates":[5.438715,43.321212]},"properties":{"stop_id":"RTM-00000770","stop_code":"00000770","stop_name":"Jonquilles Lotus","stop_desc":"CHEMIN DES JONQUILLES  MARSEILLE 13012","zone_id":null,"stop_url":null,"location_type":"0","parent_station":null,"stop_timezone":null,"wheelchair_boarding":"2"}},{"type":"Feature","geometry":{"type":"Point","coordinates":[5.438207,43.322345]},"properties":{"stop_id":"RTM-00000771","stop_code":"00000771","stop_name":"Jonquilles Maurelle","stop_desc":null,"zone_id":null,"stop_url":null,"location_type":"0","parent_station":null,"stop_timezone":null,"wheelchair_boarding":"2"}},{"type":"Feature","geometry":{"type":"Point","coordinates":[5.3739855,43.302]},"properties":{"stop_id":"RTM-00002320","stop_code":"00002320","stop_name":"Jules Guesde","stop_desc":null,"zone_id":null,"stop_url":null,"location_type":"0","parent_station":null,"stop_timezone":null,"wheelchair_boarding":"2"}},{"type":"Feature","geometry":{"type":"Point","coordinates":[5.428984,43.311719]},"properties":{"stop_id":"RTM-00000899","stop_code":"00000899","stop_name":"Kaddouz Aiguillette","stop_desc":null,"zone_id":null,"stop_url":null,"location_type":"0","parent_station":null,"stop_timezone":null,"wheelchair_boarding":"2"}},{"type":"Feature","geometry":{"type":"Point","coordinates":[5.438673,43.317548]},"properties":{"stop_id":"RTM-00000767","stop_code":"00000767","stop_name":"Kaddouz Beaumont","stop_desc":null,"zone_id":null,"stop_url":null,"location_type":"0","parent_station":null,"stop_timezone":null,"wheelchair_boarding":"2"}},{"type":"Feature","geometry":{"type":"Point","coordinates":[5.435641,43.316217]},"properties":{"stop_id":"RTM-00000883","stop_code":"00000883","stop_name":"Kaddouz Bourr\u00e9ly","stop_desc":null,"zone_id":null,"stop_url":null,"location_type":"0","parent_station":null,"stop_timezone":null,"wheelchair_boarding":"2"}},{"type":"Feature","geometry":{"type":"Point","coordinates":[5.430574,43.312639]},"properties":{"stop_id":"RTM-00000898","stop_code":"00000898","stop_name":"Kaddouz Sables Jaunes","stop_desc":null,"zone_id":null,"stop_url":null,"location_type":"0","parent_station":null,"stop_timezone":null,"wheelchair_boarding":"2"}},{"type":"Feature","geometry":{"type":"Point","coordinates":[5.439508,43.318852]},"properties":{"stop_id":"RTM-00000768","stop_code":"00000768","stop_name":"Kaddouz S\u00e9minaire","stop_desc":null,"zone_id":null,"stop_url":null,"location_type":"0","parent_station":null,"stop_timezone":null,"wheelchair_boarding":"2"}},{"type":"Feature","geometry":{"type":"Point","coordinates":[5.439284,43.318629]},"properties":{"stop_id":"RTM-00000784","stop_code":"00000784","stop_name":"Kaddouz S\u00e9minaire","stop_desc":null,"zone_id":null,"stop_url":null,"location_type":"0","parent_station":null,"stop_timezone":null,"wheelchair_boarding":"2"}},{"type":"Feature","geometry":{"type":"Point","coordinates":[5.432819,43.343137]},"properties":{"stop_id":"RTM-00003654","stop_code":"00003654","stop_name":"Keynes Langevin","stop_desc":"pas de trottoir.piste cyclable","zone_id":null,"stop_url":null,"location_type":"0","parent_station":null,"stop_timezone":null,"wheelchair_boarding":"2"}},{"type":"Feature","geometry":{"type":"Point","coordinates":[5.415902,43.352921]},"properties":{"stop_id":"RTM-00003922","stop_code":"00003922","stop_name":"L'Escalet","stop_desc":null,"zone_id":null,"stop_url":null,"location_type":"0","parent_station":null,"stop_timezone":null,"wheelchair_boarding":"2"}},{"type":"Feature","geometry":{"type":"Point","coordinates":[5.318617,43.362364]},"properties":{"stop_id":"RTM-00000310","stop_code":"00000310","stop_name":"L'Estaque","stop_desc":"ALL\u00c9E SACOMAN  MARSEILLE 13016","zone_id":null,"stop_url":null,"location_type":"0","parent_station":null,"stop_timezone":null,"wheelchair_boarding":"2"}},{"type":"Feature","geometry":{"type":"Point","coordinates":[5.31867517,43.3625181]},"properties":{"stop_id":"RTM-00003574","stop_code":"00003574","stop_name":"L'Estaque","stop_desc":null,"zone_id":null,"stop_url":null,"location_type":"0","parent_station":null,"stop_timezone":null,"wheelchair_boarding":"1"}},{"type":"Feature","geometry":{"type":"Point","coordinates":[5.47599311,43.3519547]},"properties":{"stop_id":"RTM-00002195","stop_code":"00002195","stop_name":"L'Hermitage","stop_desc":"D908  PLAN-DE-CUQUES 13380","zone_id":null,"stop_url":null,"location_type":"0","parent_station":null,"stop_timezone":null,"wheelchair_boarding":"2"}},{"type":"Feature","geometry":{"type":"Point","coordinates":[5.362782,43.36162]},"properties":{"stop_id":"RTM-00000163","stop_code":"00000163","stop_name":"L'Hermitage Jean Moulin","stop_desc":null,"zone_id":null,"stop_url":null,"location_type":"0","parent_station":null,"stop_timezone":null,"wheelchair_boarding":"1"}},{"type":"Feature","geometry":{"type":"Point","coordinates":[5.49064543,43.32744907]},"properties":{"stop_id":"RTM-00003626","stop_code":"00003626","stop_name":"L'Ouvi\u00e8re","stop_desc":"LOTISSEMENT DOMAINE L'OUVIERE  ALLAUCH 13190","zone_id":null,"stop_url":null,"location_type":"0","parent_station":null,"stop_timezone":null,"wheelchair_boarding":"2"}},{"type":"Feature","geometry":{"type":"Point","coordinates":[5.415252,43.350216]},"properties":{"stop_id":"RTM-00001074","stop_code":"00001074","stop_name":"La Batarelle Basse","stop_desc":null,"zone_id":null,"stop_url":null,"location_type":"0","parent_station":null,"stop_timezone":null,"wheelchair_boarding":"2"}},{"type":"Feature","geometry":{"type":"Point","coordinates":[5.366166,43.384405]},"properties":{"stop_id":"RTM-00000567","stop_code":"00000567","stop_name":"La Bigotte","stop_desc":"CHEMIN DE LA BIGOTTE  MARSEILLE 13015","zone_id":null,"stop_url":null,"location_type":"0","parent_station":null,"stop_timezone":null,"wheelchair_boarding":"2"}},{"type":"Feature","geometry":{"type":"Point","coordinates":[5.405477,43.296653]},"properties":{"stop_id":"RTM-00003227","stop_code":"00003227","stop_name":"La Blancarde","stop_desc":null,"zone_id":null,"stop_url":null,"location_type":"0","parent_station":null,"stop_timezone":null,"wheelchair_boarding":"1"}},{"type":"Feature","geometry":{"type":"Point","coordinates":[5.49087928,43.35776938]},"properties":{"stop_id":"RTM-00002190","stop_code":"00002190","stop_name":"La Bourdonni\u00e8re","stop_desc":"TAD 65","zone_id":null,"stop_url":null,"location_type":"0","parent_station":null,"stop_timezone":null,"wheelchair_boarding":"2"}},{"type":"Feature","geometry":{"type":"Point","coordinates":[5.437879,43.333223]},"properties":{"stop_id":"RTM-00000590","stop_code":"00000590","stop_name":"La B\u00e9gude","stop_desc":null,"zone_id":null,"stop_url":null,"location_type":"0","parent_station":null,"stop_timezone":null,"wheelchair_boarding":"2"}},{"type":"Feature","geometry":{"type":"Point","coordinates":[5.44104667,43.33371074]},"properties":{"stop_id":"RTM-00002814","stop_code":"00002814","stop_name":"La B\u00e9gude Sud","stop_desc":null,"zone_id":null,"stop_url":null,"location_type":"0","parent_station":null,"stop_timezone":null,"wheelchair_boarding":"2"}},{"type":"Feature","geometry":{"type":"Point","coordinates":[5.357507,43.336006]},"properties":{"stop_id":"RTM-00000511","stop_code":"00000511","stop_name":"La Cabucelle","stop_desc":"331 CHEMIN DE LA MADRAGUE-VILLE  MARSEILLE 13015","zone_id":null,"stop_url":null,"location_type":"0","parent_station":null,"stop_timezone":null,"wheelchair_boarding":"2"}},{"type":"Feature","geometry":{"type":"Point","coordinates":[5.34270173,43.36528494]},"properties":{"stop_id":"RTM-00000032","stop_code":"00000032","stop_name":"La Castellane Ecole","stop_desc":null,"zone_id":null,"stop_url":null,"location_type":"0","parent_station":null,"stop_timezone":null,"wheelchair_boarding":"2"}},{"type":"Feature","geometry":{"type":"Point","coordinates":[5.42428466,43.26569276]},"properties":{"stop_id":"RTM-00004169","stop_code":"00004169","stop_name":"La Clairi\u00e8re","stop_desc":"CHEMIN DU VAL-DES-BOIS  MARSEILLE 13009","zone_id":null,"stop_url":null,"location_type":"0","parent_station":null,"stop_timezone":null,"wheelchair_boarding":"2"}},{"type":"Feature","geometry":{"type":"Point","coordinates":[5.45107571,43.33479685]},"properties":{"stop_id":"RTM-00000579","stop_code":"00000579","stop_name":"La Croix Rouge","stop_desc":null,"zone_id":null,"stop_url":null,"location_type":"0","parent_station":null,"stop_timezone":null,"wheelchair_boarding":"2"}},{"type":"Feature","geometry":{"type":"Point","coordinates":[5.4359155,43.3327771]},"properties":{"stop_id":"RTM-00000575","stop_code":"00000575","stop_name":"La Croix Rouge Val Plan","stop_desc":null,"zone_id":null,"stop_url":null,"location_type":"0","parent_station":null,"stop_timezone":null,"wheelchair_boarding":"2"}},{"type":"Feature","geometry":{"type":"Point","coordinates":[5.428035,43.278352]},"properties":{"stop_id":"RTM-00001681","stop_code":"00001681","stop_name":"La Fauvi\u00e8re","stop_desc":null,"zone_id":null,"stop_url":null,"location_type":"0","parent_station":null,"stop_timezone":null,"wheelchair_boarding":"2"}},{"type":"Feature","geometry":{"type":"Point","coordinates":[5.4242105,43.303877]},"properties":{"stop_id":"RTM-00003493","stop_code":"00003493","stop_name":"La Fourrag\u00e8re","stop_desc":null,"zone_id":null,"stop_url":null,"location_type":"0","parent_station":null,"stop_timezone":null,"wheelchair_boarding":"2"}},{"type":"Feature","geometry":{"type":"Point","coordinates":[5.434135,43.297618]},"properties":{"stop_id":"RTM-00000968","stop_code":"00000968","stop_name":"La Fourrag\u00e8re D\u00e9sert","stop_desc":null,"zone_id":null,"stop_url":null,"location_type":"0","parent_station":null,"stop_timezone":null,"wheelchair_boarding":"1"}},{"type":"Feature","geometry":{"type":"Point","coordinates":[5.479349,43.295046]},"properties":{"stop_id":"RTM-00002669","stop_code":"00002669","stop_name":"La Galerie La Valentine","stop_desc":"trou pour emplacement PIV","zone_id":null,"stop_url":null,"location_type":"0","parent_station":null,"stop_timezone":null,"wheelchair_boarding":"2"}},{"type":"Feature","geometry":{"type":"Point","coordinates":[5.351972,43.388299]},"properties":{"stop_id":"RTM-00002950","stop_code":"00002950","stop_name":"La Gavotte Peyret","stop_desc":"CHEMIN DE LA BEDOULE  SEPT\u00c8MES-LES-VALLONS 13240","zone_id":null,"stop_url":null,"location_type":"0","parent_station":null,"stop_timezone":null,"wheelchair_boarding":"2"}},{"type":"Feature","geometry":{"type":"Point","coordinates":[5.41079476,43.25667776]},"properties":{"stop_id":"RTM-00001996","stop_code":"00001996","stop_name":"La Gaye","stop_desc":null,"zone_id":null,"stop_url":null,"location_type":"0","parent_station":null,"stop_timezone":null,"wheelchair_boarding":"1"}},{"type":"Feature","geometry":{"type":"Point","coordinates":[5.424597,43.24662]},"properties":{"stop_id":"RTM-00001899","stop_code":"00001899","stop_name":"La Gouffonne","stop_desc":null,"zone_id":null,"stop_url":null,"location_type":"0","parent_station":null,"stop_timezone":null,"wheelchair_boarding":"1"}},{"type":"Feature","geometry":{"type":"Point","coordinates":[5.432329,43.294587]},"properties":{"stop_id":"RTM-00003237","stop_code":"00003237","stop_name":"La Grognarde","stop_desc":null,"zone_id":null,"stop_url":null,"location_type":"0","parent_station":null,"stop_timezone":null,"wheelchair_boarding":"1"}},{"type":"Feature","geometry":{"type":"Point","coordinates":[5.432284,43.294662]},"properties":{"stop_id":"RTM-00003250","stop_code":"00003250","stop_name":"La Grognarde","stop_desc":null,"zone_id":null,"stop_url":null,"location_type":"0","parent_station":null,"stop_timezone":null,"wheelchair_boarding":"1"}},{"type":"Feature","geometry":{"type":"Point","coordinates":[5.459133,43.332808]},"properties":{"stop_id":"RTM-00002218","stop_code":"00002218","stop_name":"La Louise","stop_desc":null,"zone_id":null,"stop_url":null,"location_type":"0","parent_station":null,"stop_timezone":null,"wheelchair_boarding":"2"}},{"type":"Feature","geometry":{"type":"Point","coordinates":[5.50122238,43.30560779]},"properties":{"stop_id":"RTM-00004673","stop_code":"00004673","stop_name":"La Ludovine","stop_desc":null,"zone_id":null,"stop_url":null,"location_type":"0","parent_station":null,"stop_timezone":null,"wheelchair_boarding":"2"}},{"type":"Feature","geometry":{"type":"Point","coordinates":[5.50111509,43.30556339]},"properties":{"stop_id":"RTM-00004688","stop_code":"00004688","stop_name":"La Ludovine","stop_desc":null,"zone_id":null,"stop_url":null,"location_type":"0","parent_station":null,"stop_timezone":null,"wheelchair_boarding":"2"}},{"type":"Feature","geometry":{"type":"Point","coordinates":[5.398135,43.336043]},"properties":{"stop_id":"RTM-00000984","stop_code":"00000984","stop_name":"La Margeray","stop_desc":"BOULEVARD ANATOLE DE LA FORGE  MARSEILLE 13014","zone_id":null,"stop_url":null,"location_type":"0","parent_station":null,"stop_timezone":null,"wheelchair_boarding":"1"}},{"type":"Feature","geometry":{"type":"Point","coordinates":[5.388224,43.325453]},"properties":{"stop_id":"RTM-00000109","stop_code":"00000109","stop_name":"La Marine","stop_desc":null,"zone_id":null,"stop_url":null,"location_type":"0","parent_station":null,"stop_timezone":null,"wheelchair_boarding":"2"}},{"type":"Feature","geometry":{"type":"Point","coordinates":[5.388336,43.324761]},"properties":{"stop_id":"RTM-00000137","stop_code":"00000137","stop_name":"La Marine","stop_desc":"double abri 10153\/10057","zone_id":null,"stop_url":null,"location_type":"0","parent_station":null,"stop_timezone":null,"wheelchair_boarding":"2"}},{"type":"Feature","geometry":{"type":"Point","coordinates":[5.439182,43.326176]},"properties":{"stop_id":"RTM-00000619","stop_code":"00000619","stop_name":"La Maurelle","stop_desc":null,"zone_id":null,"stop_url":null,"location_type":"0","parent_station":null,"stop_timezone":null,"wheelchair_boarding":"2"}},{"type":"Feature","geometry":{"type":"Point","coordinates":[5.42827338,43.28613273]},"properties":{"stop_id":"RTM-00004225","stop_code":"00004225","stop_name":"La Mazenode","stop_desc":"D2  MARSEILLE 13011","zone_id":null,"stop_url":null,"location_type":"0","parent_station":null,"stop_timezone":null,"wheelchair_boarding":"2"}},{"type":"Feature","geometry":{"type":"Point","coordinates":[5.498855,43.283505]},"properties":{"stop_id":"RTM-00001367","stop_code":"00001367","stop_name":"La Milli\u00e8re","stop_desc":null,"zone_id":null,"stop_url":null,"location_type":"0","parent_station":null,"stop_timezone":null,"wheelchair_boarding":"1"}},{"type":"Feature","geometry":{"type":"Point","coordinates":[5.47185,43.290698]},"properties":{"stop_id":"RTM-00001197","stop_code":"00001197","stop_name":"La Montre","stop_desc":null,"zone_id":null,"stop_url":null,"location_type":"0","parent_station":null,"stop_timezone":null,"wheelchair_boarding":"2"}},{"type":"Feature","geometry":{"type":"Point","coordinates":[5.308109,43.364007]},"properties":{"stop_id":"RTM-00000306","stop_code":"00000306","stop_name":"La Nerthe","stop_desc":null,"zone_id":null,"stop_url":null,"location_type":"0","parent_station":null,"stop_timezone":null,"wheelchair_boarding":"2"}},{"type":"Feature","geometry":{"type":"Point","coordinates":[5.31609725,43.3632349]},"properties":{"stop_id":"RTM-00000303","stop_code":"00000303","stop_name":"La Nerthe Marinier","stop_desc":"40 BOULEVARD ROGER CHIEUSSE  MARSEILLE 13016","zone_id":null,"stop_url":null,"location_type":"0","parent_station":null,"stop_timezone":null,"wheelchair_boarding":"2"}},{"type":"Feature","geometry":{"type":"Point","coordinates":[5.313045,43.362985]},"properties":{"stop_id":"RTM-00000304","stop_code":"00000304","stop_name":"La Nerthe Mistral","stop_desc":null,"zone_id":null,"stop_url":null,"location_type":"0","parent_station":null,"stop_timezone":null,"wheelchair_boarding":"2"}},{"type":"Feature","geometry":{"type":"Point","coordinates":[5.313136,43.362908]},"properties":{"stop_id":"RTM-00000308","stop_code":"00000308","stop_name":"La Nerthe Mistral","stop_desc":null,"zone_id":null,"stop_url":null,"location_type":"0","parent_station":null,"stop_timezone":null,"wheelchair_boarding":"2"}},{"type":"Feature","geometry":{"type":"Point","coordinates":[5.421952,43.257136]},"properties":{"stop_id":"RTM-00003615","stop_code":"00003615","stop_name":"La Panouse Belle Fontaine","stop_desc":null,"zone_id":null,"stop_url":null,"location_type":"0","parent_station":null,"stop_timezone":null,"wheelchair_boarding":"1"}},{"type":"Feature","geometry":{"type":"Point","coordinates":[5.437609,43.361422]},"properties":{"stop_id":"RTM-00000689","stop_code":"00000689","stop_name":"La Parade Argelas","stop_desc":null,"zone_id":null,"stop_url":null,"location_type":"0","parent_station":null,"stop_timezone":null,"wheelchair_boarding":"2"}},{"type":"Feature","geometry":{"type":"Point","coordinates":[5.437475,43.361497]},"properties":{"stop_id":"RTM-00000693","stop_code":"00000693","stop_name":"La Parade Argelas","stop_desc":null,"zone_id":null,"stop_url":null,"location_type":"0","parent_station":null,"stop_timezone":null,"wheelchair_boarding":"2"}},{"type":"Feature","geometry":{"type":"Point","coordinates":[5.442866,43.360816]},"properties":{"stop_id":"RTM-00000686","stop_code":"00000686","stop_name":"La Parade Chars","stop_desc":null,"zone_id":null,"stop_url":null,"location_type":"0","parent_station":null,"stop_timezone":null,"wheelchair_boarding":"2"}},{"type":"Feature","geometry":{"type":"Point","coordinates":[5.419242,43.295052]},"properties":{"stop_id":"RTM-00003254","stop_code":"00003254","stop_name":"La Parette","stop_desc":null,"zone_id":null,"stop_url":null,"location_type":"0","parent_station":null,"stop_timezone":null,"wheelchair_boarding":"1"}},{"type":"Feature","geometry":{"type":"Point","coordinates":[5.45858525,43.28880609]},"properties":{"stop_id":"RTM-00001378","stop_code":"00001378","stop_name":"La Petite Rente","stop_desc":null,"zone_id":null,"stop_url":null,"location_type":"0","parent_station":null,"stop_timezone":null,"wheelchair_boarding":"2"}},{"type":"Feature","geometry":{"type":"Point","coordinates":[5.466633,43.334583]},"properties":{"stop_id":"RTM-00002177","stop_code":"00002177","stop_name":"La Pounche Ecoles","stop_desc":null,"zone_id":null,"stop_url":null,"location_type":"0","parent_station":null,"stop_timezone":null,"wheelchair_boarding":"2"}},{"type":"Feature","geometry":{"type":"Point","coordinates":[5.466615,43.334368]},"properties":{"stop_id":"RTM-00002214","stop_code":"00002214","stop_name":"La Pounche Ecoles","stop_desc":"nom affich\u00e9 : La Margeray","zone_id":null,"stop_url":null,"location_type":"0","parent_station":null,"stop_timezone":null,"wheelchair_boarding":"2"}},{"type":"Feature","geometry":{"type":"Point","coordinates":[5.4042834,43.2685611]},"properties":{"stop_id":"RTM-00001888","stop_code":"00001888","stop_name":"La Pugette","stop_desc":null,"zone_id":null,"stop_url":null,"location_type":"0","parent_station":null,"stop_timezone":null,"wheelchair_boarding":"2"}},{"type":"Feature","geometry":{"type":"Point","coordinates":[5.44312,43.334824]},"properties":{"stop_id":"RTM-00000589","stop_code":"00000589","stop_name":"La Ravelle","stop_desc":"161 AVENUE DE LA CROIX-ROUGE  MARSEILLE 13013","zone_id":null,"stop_url":null,"location_type":"0","parent_station":null,"stop_timezone":null,"wheelchair_boarding":"2"}},{"type":"Feature","geometry":{"type":"Point","coordinates":[5.42862407,43.32956924]},"properties":{"stop_id":"RTM-00000616","stop_code":"00000616","stop_name":"La Rose","stop_desc":null,"zone_id":null,"stop_url":null,"location_type":"0","parent_station":null,"stop_timezone":null,"wheelchair_boarding":"2"}},{"type":"Feature","geometry":{"type":"Point","coordinates":[5.4296345,43.333138]},"properties":{"stop_id":"RTM-00002275","stop_code":"00002275","stop_name":"La Rose","stop_desc":null,"zone_id":null,"stop_url":null,"location_type":"0","parent_station":null,"stop_timezone":null,"wheelchair_boarding":"2"}},{"type":"Feature","geometry":{"type":"Point","coordinates":[5.42729,43.329898]},"properties":{"stop_id":"RTM-00000572","stop_code":"00000572","stop_name":"La Rose Mignet","stop_desc":null,"zone_id":null,"stop_url":null,"location_type":"0","parent_station":null,"stop_timezone":null,"wheelchair_boarding":"2"}},{"type":"Feature","geometry":{"type":"Point","coordinates":[5.418931,43.325214]},"properties":{"stop_id":"RTM-00001110","stop_code":"00001110","stop_name":"La Rose Verdi\u00e8re","stop_desc":null,"zone_id":null,"stop_url":null,"location_type":"0","parent_station":null,"stop_timezone":null,"wheelchair_boarding":"2"}},{"type":"Feature","geometry":{"type":"Point","coordinates":[5.42682867,43.3288264]},"properties":{"stop_id":"RTM-00001013","stop_code":"00001013","stop_name":"La Rose Village","stop_desc":null,"zone_id":null,"stop_url":null,"location_type":"0","parent_station":null,"stop_timezone":null,"wheelchair_boarding":"2"}},{"type":"Feature","geometry":{"type":"Point","coordinates":[5.458994,43.292342]},"properties":{"stop_id":"RTM-00001200","stop_code":"00001200","stop_name":"La Rougui\u00e8re","stop_desc":null,"zone_id":null,"stop_url":null,"location_type":"0","parent_station":null,"stop_timezone":null,"wheelchair_boarding":"1"}},{"type":"Feature","geometry":{"type":"Point","coordinates":[5.421857,43.251951]},"properties":{"stop_id":"RTM-00001897","stop_code":"00001897","stop_name":"La Rouvi\u00e8re","stop_desc":null,"zone_id":null,"stop_url":null,"location_type":"0","parent_station":null,"stop_timezone":null,"wheelchair_boarding":"2"}},{"type":"Feature","geometry":{"type":"Point","coordinates":[5.474196,43.290605]},"properties":{"stop_id":"RTM-00000637","stop_code":"00000637","stop_name":"La Sabli\u00e8re La Montre","stop_desc":null,"zone_id":null,"stop_url":null,"location_type":"0","parent_station":null,"stop_timezone":null,"wheelchair_boarding":"2"}},{"type":"Feature","geometry":{"type":"Point","coordinates":[5.48057377,43.29393436]},"properties":{"stop_id":"RTM-00000643","stop_code":"00000643","stop_name":"La Sabli\u00e8re La Ravelle","stop_desc":null,"zone_id":null,"stop_url":null,"location_type":"0","parent_station":null,"stop_timezone":null,"wheelchair_boarding":"1"}},{"type":"Feature","geometry":{"type":"Point","coordinates":[5.37038904,43.36872231]},"properties":{"stop_id":"RTM-00004459","stop_code":"00004459","stop_name":"La Savine","stop_desc":null,"zone_id":null,"stop_url":null,"location_type":"0","parent_station":null,"stop_timezone":null,"wheelchair_boarding":"2"}},{"type":"Feature","geometry":{"type":"Point","coordinates":[5.373125,43.365947]},"properties":{"stop_id":"RTM-00000192","stop_code":"00000192","stop_name":"La Savine Les Pins","stop_desc":null,"zone_id":null,"stop_url":null,"location_type":"0","parent_station":null,"stop_timezone":null,"wheelchair_boarding":"2"}},{"type":"Feature","geometry":{"type":"Point","coordinates":[5.469935,43.338072]},"properties":{"stop_id":"RTM-00002180","stop_code":"00002180","stop_name":"La Tiranne","stop_desc":null,"zone_id":null,"stop_url":null,"location_type":"0","parent_station":null,"stop_timezone":null,"wheelchair_boarding":"2"}},{"type":"Feature","geometry":{"type":"Point","coordinates":[5.47584236,43.2967377]},"properties":{"stop_id":"RTM-00003580","stop_code":"00003580","stop_name":"La Valentelle","stop_desc":"TRAVERSE DE LA MONTRE  MARSEILLE 13011","zone_id":null,"stop_url":null,"location_type":"0","parent_station":null,"stop_timezone":null,"wheelchair_boarding":"2"}},{"type":"Feature","geometry":{"type":"Point","coordinates":[5.40404795,43.2570411]},"properties":{"stop_id":"RTM-00001971","stop_code":"00001971","stop_name":"La Verdi\u00e8re","stop_desc":null,"zone_id":null,"stop_url":null,"location_type":"0","parent_station":null,"stop_timezone":null,"wheelchair_boarding":"2"}},{"type":"Feature","geometry":{"type":"Point","coordinates":[5.357546,43.358172]},"properties":{"stop_id":"RTM-00004018","stop_code":"00004018","stop_name":"La Viste Hano\u00ef","stop_desc":null,"zone_id":null,"stop_url":null,"location_type":"0","parent_station":null,"stop_timezone":null,"wheelchair_boarding":"2"}},{"type":"Feature","geometry":{"type":"Point","coordinates":[5.357295,43.36284]},"properties":{"stop_id":"RTM-00003976","stop_code":"00003976","stop_name":"La Viste Scierie","stop_desc":null,"zone_id":null,"stop_url":null,"location_type":"0","parent_station":null,"stop_timezone":null,"wheelchair_boarding":"1"}},{"type":"Feature","geometry":{"type":"Point","coordinates":[5.43243,43.246277]},"properties":{"stop_id":"RTM-00001765","stop_code":"00001765","stop_name":"Lachamp Le Clos des Iris","stop_desc":null,"zone_id":null,"stop_url":null,"location_type":"0","parent_station":null,"stop_timezone":null,"wheelchair_boarding":"1"}},{"type":"Feature","geometry":{"type":"Point","coordinates":[5.35195,43.386538]},"properties":{"stop_id":"RTM-00003151","stop_code":"00003151","stop_name":"Langevin Wallon","stop_desc":"D59 C  SEPT\u00c8MES-LES-VALLONS 13240","zone_id":null,"stop_url":null,"location_type":"0","parent_station":null,"stop_timezone":null,"wheelchair_boarding":"2"}},{"type":"Feature","geometry":{"type":"Point","coordinates":[5.457677,43.284969]},"properties":{"stop_id":"RTM-00001290","stop_code":"00001290","stop_name":"Le Bosquet","stop_desc":null,"zone_id":null,"stop_url":null,"location_type":"0","parent_station":null,"stop_timezone":null,"wheelchair_boarding":"2"}},{"type":"Feature","geometry":{"type":"Point","coordinates":[5.416953,43.259092]},"properties":{"stop_id":"RTM-00001907","stop_code":"00001907","stop_name":"Le Cabot","stop_desc":null,"zone_id":null,"stop_url":null,"location_type":"0","parent_station":null,"stop_timezone":null,"wheelchair_boarding":"1"}},{"type":"Feature","geometry":{"type":"Point","coordinates":[5.370096,43.366106]},"properties":{"stop_id":"RTM-00000191","stop_code":"00000191","stop_name":"Le Canal","stop_desc":null,"zone_id":null,"stop_url":null,"location_type":"0","parent_station":null,"stop_timezone":null,"wheelchair_boarding":"2"}},{"type":"Feature","geometry":{"type":"Point","coordinates":[5.378066,43.33344]},"properties":{"stop_id":"RTM-00000546","stop_code":"00000546","stop_name":"Le Canet Jean Jaur\u00e8s","stop_desc":null,"zone_id":null,"stop_url":null,"location_type":"0","parent_station":null,"stop_timezone":null,"wheelchair_boarding":"2"}},{"type":"Feature","geometry":{"type":"Point","coordinates":[5.479156,43.338448]},"properties":{"stop_id":"RTM-00002208","stop_code":"00002208","stop_name":"Le Grand Puits Pi\u00e9 d'Autry","stop_desc":null,"zone_id":null,"stop_url":null,"location_type":"0","parent_station":null,"stop_timezone":null,"wheelchair_boarding":"2"}},{"type":"Feature","geometry":{"type":"Point","coordinates":[5.395781,43.246747]},"properties":{"stop_id":"RTM-00001876","stop_code":"00001876","stop_name":"Le Lancier","stop_desc":"CHEMIN DU LANCIER  MARSEILLE 13008","zone_id":null,"stop_url":null,"location_type":"0","parent_station":null,"stop_timezone":null,"wheelchair_boarding":"2"}},{"type":"Feature","geometry":{"type":"Point","coordinates":[5.314214,43.369091]},"properties":{"stop_id":"RTM-00003567","stop_code":"00003567","stop_name":"Le Marinier","stop_desc":null,"zone_id":null,"stop_url":null,"location_type":"0","parent_station":null,"stop_timezone":null,"wheelchair_boarding":"2"}},{"type":"Feature","geometry":{"type":"Point","coordinates":[5.359211,43.2915]},"properties":{"stop_id":"RTM-00001557","stop_code":"00001557","stop_name":"Le Pharo","stop_desc":null,"zone_id":null,"stop_url":null,"location_type":"0","parent_station":null,"stop_timezone":null,"wheelchair_boarding":"1"}},{"type":"Feature","geometry":{"type":"Point","coordinates":[5.35902794,43.29171968]},"properties":{"stop_id":"RTM-00002086","stop_code":"00002086","stop_name":"Le Pharo","stop_desc":"AVENUE PASTEUR  MARSEILLE 13007","zone_id":null,"stop_url":null,"location_type":"0","parent_station":null,"stop_timezone":null,"wheelchair_boarding":"1"}},{"type":"Feature","geometry":{"type":"Point","coordinates":[5.428109,43.244964]},"properties":{"stop_id":"RTM-00001764","stop_code":"00001764","stop_name":"Le Redon","stop_desc":"D559  MARSEILLE 13009","zone_id":null,"stop_url":null,"location_type":"0","parent_station":null,"stop_timezone":null,"wheelchair_boarding":"1"}},{"type":"Feature","geometry":{"type":"Point","coordinates":[5.368653,43.280164]},"properties":{"stop_id":"RTM-00001510","stop_code":"00001510","stop_name":"Le Terrail","stop_desc":"TAD 59","zone_id":null,"stop_url":null,"location_type":"0","parent_station":null,"stop_timezone":null,"wheelchair_boarding":"2"}},{"type":"Feature","geometry":{"type":"Point","coordinates":[5.442285,43.34425]},"properties":{"stop_id":"RTM-00004070","stop_code":"00004070","stop_name":"Leprince Ringuet","stop_desc":null,"zone_id":null,"stop_url":null,"location_type":"0","parent_station":null,"stop_timezone":null,"wheelchair_boarding":"2"}},{"type":"Feature","geometry":{"type":"Point","coordinates":[5.42397,43.345302]},"properties":{"stop_id":"RTM-00000708","stop_code":"00000708","stop_name":"Les 2 Tours","stop_desc":null,"zone_id":null,"stop_url":null,"location_type":"0","parent_station":null,"stop_timezone":null,"wheelchair_boarding":"2"}},{"type":"Feature","geometry":{"type":"Point","coordinates":[5.46448,43.312569]},"properties":{"stop_id":"RTM-00000662","stop_code":"00000662","stop_name":"Les 3 Lucs","stop_desc":null,"zone_id":null,"stop_url":null,"location_type":"0","parent_station":null,"stop_timezone":null,"wheelchair_boarding":"2"}},{"type":"Feature","geometry":{"type":"Point","coordinates":[5.464731,43.311989]},"properties":{"stop_id":"RTM-00000839","stop_code":"00000839","stop_name":"Les 3 Lucs","stop_desc":null,"zone_id":null,"stop_url":null,"location_type":"0","parent_station":null,"stop_timezone":null,"wheelchair_boarding":"1"}},{"type":"Feature","geometry":{"type":"Point","coordinates":[5.47605095,43.30124691]},"properties":{"stop_id":"RTM-00002499","stop_code":"00002499","stop_name":"Les 3 Lucs Bouqui\u00e8re","stop_desc":"D4  MARSEILLE 13012","zone_id":null,"stop_url":null,"location_type":"0","parent_station":null,"stop_timezone":null,"wheelchair_boarding":"2"}},{"type":"Feature","geometry":{"type":"Point","coordinates":[5.461563,43.309671]},"properties":{"stop_id":"RTM-00000840","stop_code":"00000840","stop_name":"Les 3 Lucs Germaine","stop_desc":null,"zone_id":null,"stop_url":null,"location_type":"0","parent_station":null,"stop_timezone":null,"wheelchair_boarding":"2"}},{"type":"Feature","geometry":{"type":"Point","coordinates":[5.45736603,43.31124541]},"properties":{"stop_id":"RTM-00000828","stop_code":"00000828","stop_name":"Les 3 Lucs Marionne","stop_desc":null,"zone_id":null,"stop_url":null,"location_type":"0","parent_station":null,"stop_timezone":null,"wheelchair_boarding":"2"}},{"type":"Feature","geometry":{"type":"Point","coordinates":[5.465982,43.313677]},"properties":{"stop_id":"RTM-00000831","stop_code":"00000831","stop_name":"Les 3 Lucs Salette","stop_desc":"arr\u00eat recr\u00e9e suite \u00e0 bug","zone_id":null,"stop_url":null,"location_type":"0","parent_station":null,"stop_timezone":null,"wheelchair_boarding":"1"}},{"type":"Feature","geometry":{"type":"Point","coordinates":[5.464229,43.311868]},"properties":{"stop_id":"RTM-00000630","stop_code":"00000630","stop_name":"Les 3 Lucs Ste Rita","stop_desc":null,"zone_id":null,"stop_url":null,"location_type":"0","parent_station":null,"stop_timezone":null,"wheelchair_boarding":"2"}},{"type":"Feature","geometry":{"type":"Point","coordinates":[5.502088,43.299789]},"properties":{"stop_id":"RTM-00001177","stop_code":"00001177","stop_name":"Les 4 Saisons","stop_desc":"ROUTE DES QUATRE SAISONS AUX CAMOINS  MARSEILLE 13011","zone_id":null,"stop_url":null,"location_type":"0","parent_station":null,"stop_timezone":null,"wheelchair_boarding":"1"}},{"type":"Feature","geometry":{"type":"Point","coordinates":[5.50161467,43.30009156]},"properties":{"stop_id":"RTM-00004671","stop_code":"00004671","stop_name":"Les 4 saisons","stop_desc":null,"zone_id":null,"stop_url":null,"location_type":"0","parent_station":null,"stop_timezone":null,"wheelchair_boarding":"2"}},{"type":"Feature","geometry":{"type":"Point","coordinates":[5.35750218,43.33807703]},"properties":{"stop_id":"RTM-00000510","stop_code":"00000510","stop_name":"Les Abattoirs","stop_desc":"341 CHEMIN DE LA MADRAGUE-VILLE  MARSEILLE 13015","zone_id":null,"stop_url":null,"location_type":"0","parent_station":null,"stop_timezone":null,"wheelchair_boarding":"1"}},{"type":"Feature","geometry":{"type":"Point","coordinates":[5.452894,43.3254]},"properties":{"stop_id":"RTM-00000624","stop_code":"00000624","stop_name":"Les Acacias","stop_desc":null,"zone_id":null,"stop_url":null,"location_type":"0","parent_station":null,"stop_timezone":null,"wheelchair_boarding":"2"}},{"type":"Feature","geometry":{"type":"Point","coordinates":[5.452671,43.325494]},"properties":{"stop_id":"RTM-00000655","stop_code":"00000655","stop_name":"Les Acacias","stop_desc":null,"zone_id":null,"stop_url":null,"location_type":"0","parent_station":null,"stop_timezone":null,"wheelchair_boarding":"2"}},{"type":"Feature","geometry":{"type":"Point","coordinates":[5.497058,43.297557]},"properties":{"stop_id":"RTM-00001176","stop_code":"00001176","stop_name":"Les Accates","stop_desc":null,"zone_id":null,"stop_url":null,"location_type":"0","parent_station":null,"stop_timezone":null,"wheelchair_boarding":"2"}},{"type":"Feature","geometry":{"type":"Point","coordinates":[5.439585,43.317216]},"properties":{"stop_id":"RTM-00000895","stop_code":"00000895","stop_name":"Les Amaryllis","stop_desc":null,"zone_id":null,"stop_url":null,"location_type":"0","parent_station":null,"stop_timezone":null,"wheelchair_boarding":"2"}},{"type":"Feature","geometry":{"type":"Point","coordinates":[5.45039,43.325118]},"properties":{"stop_id":"RTM-00000656","stop_code":"00000656","stop_name":"Les Aurengues","stop_desc":null,"zone_id":null,"stop_url":null,"location_type":"0","parent_station":null,"stop_timezone":null,"wheelchair_boarding":"2"}},{"type":"Feature","geometry":{"type":"Point","coordinates":[5.456036,43.333537]},"properties":{"stop_id":"RTM-00000581","stop_code":"00000581","stop_name":"Les Bartavelles","stop_desc":null,"zone_id":null,"stop_url":null,"location_type":"0","parent_station":null,"stop_timezone":null,"wheelchair_boarding":"1"}},{"type":"Feature","geometry":{"type":"Point","coordinates":[5.433588,43.328345]},"properties":{"stop_id":"RTM-00000617","stop_code":"00000617","stop_name":"Les Baudillons","stop_desc":null,"zone_id":null,"stop_url":null,"location_type":"0","parent_station":null,"stop_timezone":null,"wheelchair_boarding":"1"}},{"type":"Feature","geometry":{"type":"Point","coordinates":[5.433853,43.328427]},"properties":{"stop_id":"RTM-00000661","stop_code":"00000661","stop_name":"Les Baudillons","stop_desc":null,"zone_id":null,"stop_url":null,"location_type":"0","parent_station":null,"stop_timezone":null,"wheelchair_boarding":"2"}},{"type":"Feature","geometry":{"type":"Point","coordinates":[5.47131,43.341871]},"properties":{"stop_id":"RTM-00004174","stop_code":"00004174","stop_name":"Les Blacassins","stop_desc":"AVENUE DU CANTON VERT  ALLAUCH 13190","zone_id":null,"stop_url":null,"location_type":"0","parent_station":null,"stop_timezone":null,"wheelchair_boarding":"2"}},{"type":"Feature","geometry":{"type":"Point","coordinates":[5.471142,43.342026]},"properties":{"stop_id":"RTM-00004175","stop_code":"00004175","stop_name":"Les Blacassins","stop_desc":"660 AVENUE DU CANTON VERT  ALLAUCH 13190","zone_id":null,"stop_url":null,"location_type":"0","parent_station":null,"stop_timezone":null,"wheelchair_boarding":"2"}},{"type":"Feature","geometry":{"type":"Point","coordinates":[5.3630815,43.3670648]},"properties":{"stop_id":"RTM-00000165","stop_code":"00000165","stop_name":"Les Borels","stop_desc":null,"zone_id":null,"stop_url":null,"location_type":"0","parent_station":null,"stop_timezone":null,"wheelchair_boarding":"2"}},{"type":"Feature","geometry":{"type":"Point","coordinates":[5.430835,43.300878]},"properties":{"stop_id":"RTM-00000952","stop_code":"00000952","stop_name":"Les Borrom\u00e9es","stop_desc":null,"zone_id":null,"stop_url":null,"location_type":"0","parent_station":null,"stop_timezone":null,"wheelchair_boarding":"1"}},{"type":"Feature","geometry":{"type":"Point","coordinates":[5.443973,43.294775]},"properties":{"stop_id":"RTM-00003247","stop_code":"00003247","stop_name":"Les Caillols","stop_desc":null,"zone_id":null,"stop_url":null,"location_type":"0","parent_station":null,"stop_timezone":null,"wheelchair_boarding":"1"}},{"type":"Feature","geometry":{"type":"Point","coordinates":[5.44457619,43.29484734]},"properties":{"stop_id":"RTM-00004513","stop_code":"00004513","stop_name":"Les Caillols Centre Urbain","stop_desc":null,"zone_id":null,"stop_url":null,"location_type":"0","parent_station":null,"stop_timezone":null,"wheelchair_boarding":"2"}},{"type":"Feature","geometry":{"type":"Point","coordinates":[5.459924,43.297896]},"properties":{"stop_id":"RTM-00001242","stop_code":"00001242","stop_name":"Les Caillols H\u00f4pital","stop_desc":null,"zone_id":null,"stop_url":null,"location_type":"0","parent_station":null,"stop_timezone":null,"wheelchair_boarding":"2"}},{"type":"Feature","geometry":{"type":"Point","coordinates":[5.510104,43.301061]},"properties":{"stop_id":"RTM-00001180","stop_code":"00001180","stop_name":"Les Camoins","stop_desc":null,"zone_id":null,"stop_url":null,"location_type":"0","parent_station":null,"stop_timezone":null,"wheelchair_boarding":"2"}},{"type":"Feature","geometry":{"type":"Point","coordinates":[5.509139,43.301315]},"properties":{"stop_id":"RTM-00001214","stop_code":"00001214","stop_name":"Les Camoins","stop_desc":null,"zone_id":null,"stop_url":null,"location_type":"0","parent_station":null,"stop_timezone":null,"wheelchair_boarding":"2"}},{"type":"Feature","geometry":{"type":"Point","coordinates":[5.44388652,43.29134174]},"properties":{"stop_id":"RTM-00001166","stop_code":"00001166","stop_name":"Les Campanules","stop_desc":null,"zone_id":null,"stop_url":null,"location_type":"0","parent_station":null,"stop_timezone":null,"wheelchair_boarding":"2"}},{"type":"Feature","geometry":{"type":"Point","coordinates":[5.48282964,43.35288886]},"properties":{"stop_id":"RTM-00002192","stop_code":"00002192","stop_name":"Les Chanauds","stop_desc":"TAD 65","zone_id":null,"stop_url":null,"location_type":"0","parent_station":null,"stop_timezone":null,"wheelchair_boarding":"2"}},{"type":"Feature","geometry":{"type":"Point","coordinates":[5.404111,43.316202]},"properties":{"stop_id":"RTM-00001104","stop_code":"00001104","stop_name":"Les Chartreux","stop_desc":null,"zone_id":null,"stop_url":null,"location_type":"0","parent_station":null,"stop_timezone":null,"wheelchair_boarding":"2"}},{"type":"Feature","geometry":{"type":"Point","coordinates":[5.452185,43.298832]},"properties":{"stop_id":"RTM-00001238","stop_code":"00001238","stop_name":"Les Cigalons","stop_desc":null,"zone_id":null,"stop_url":null,"location_type":"0","parent_station":null,"stop_timezone":null,"wheelchair_boarding":"2"}},{"type":"Feature","geometry":{"type":"Point","coordinates":[5.451884,43.298854]},"properties":{"stop_id":"RTM-00001245","stop_code":"00001245","stop_name":"Les Cigalons","stop_desc":null,"zone_id":null,"stop_url":null,"location_type":"0","parent_station":null,"stop_timezone":null,"wheelchair_boarding":"2"}},{"type":"Feature","geometry":{"type":"Point","coordinates":[5.50449681,43.2813404]},"properties":{"stop_id":"RTM-00001390","stop_code":"00001390","stop_name":"Les Escourtines","stop_desc":null,"zone_id":null,"stop_url":null,"location_type":"0","parent_station":null,"stop_timezone":null,"wheelchair_boarding":"2"}},{"type":"Feature","geometry":{"type":"Point","coordinates":[5.50113995,43.30186417]},"properties":{"stop_id":"RTM-00004689","stop_code":"00004689","stop_name":"Les Fabres","stop_desc":null,"zone_id":null,"stop_url":null,"location_type":"0","parent_station":null,"stop_timezone":null,"wheelchair_boarding":"2"}},{"type":"Feature","geometry":{"type":"Point","coordinates":[5.403851,43.332096]},"properties":{"stop_id":"RTM-00000339","stop_code":"00000339","stop_name":"Les Flamants Les Iris","stop_desc":"AVENUE GEORGES BRAQUE  MARSEILLE 13014","zone_id":null,"stop_url":null,"location_type":"0","parent_station":null,"stop_timezone":null,"wheelchair_boarding":"2"}},{"type":"Feature","geometry":{"type":"Point","coordinates":[5.48761659,43.3501827]},"properties":{"stop_id":"RTM-00004545","stop_code":"00004545","stop_name":"Les Gonagues","stop_desc":"SCO 2022","zone_id":null,"stop_url":null,"location_type":"0","parent_station":null,"stop_timezone":null,"wheelchair_boarding":"2"}},{"type":"Feature","geometry":{"type":"Point","coordinates":[5.346211,43.217119]},"properties":{"stop_id":"RTM-00002358","stop_code":"00002358","stop_name":"Les Goudes Giraud","stop_desc":"BOULEVARD ALEXANDRE DELABRE  MARSEILLE 13008","zone_id":null,"stop_url":null,"location_type":"0","parent_station":null,"stop_timezone":null,"wheelchair_boarding":"2"}},{"type":"Feature","geometry":{"type":"Point","coordinates":[5.34643,43.216993]},"properties":{"stop_id":"RTM-00002362","stop_code":"00002362","stop_name":"Les Goudes Giraud","stop_desc":"pas de trottoir","zone_id":null,"stop_url":null,"location_type":"0","parent_station":null,"stop_timezone":null,"wheelchair_boarding":"2"}},{"type":"Feature","geometry":{"type":"Point","coordinates":[5.426963,43.266855]},"properties":{"stop_id":"RTM-00001670","stop_code":"00001670","stop_name":"Les Jardins de Flore","stop_desc":null,"zone_id":null,"stop_url":null,"location_type":"0","parent_station":null,"stop_timezone":null,"wheelchair_boarding":"2"}},{"type":"Feature","geometry":{"type":"Point","coordinates":[5.408916,43.3295439]},"properties":{"stop_id":"RTM-00004716","stop_code":"00004716","stop_name":"Les Lauriers Martin","stop_desc":null,"zone_id":null,"stop_url":null,"location_type":"0","parent_station":null,"stop_timezone":null,"wheelchair_boarding":"2"}},{"type":"Feature","geometry":{"type":"Point","coordinates":[5.458035,43.299651]},"properties":{"stop_id":"RTM-00001240","stop_code":"00001240","stop_name":"Les Lib\u00e9rateurs","stop_desc":null,"zone_id":null,"stop_url":null,"location_type":"0","parent_station":null,"stop_timezone":null,"wheelchair_boarding":"2"}},{"type":"Feature","geometry":{"type":"Point","coordinates":[5.42869532,43.30773969]},"properties":{"stop_id":"RTM-00000820","stop_code":"00000820","stop_name":"Les Lierres","stop_desc":null,"zone_id":null,"stop_url":null,"location_type":"0","parent_station":null,"stop_timezone":null,"wheelchair_boarding":"2"}},{"type":"Feature","geometry":{"type":"Point","coordinates":[5.410353,43.331927]},"properties":{"stop_id":"RTM-00004056","stop_code":"00004056","stop_name":"Les Lilas","stop_desc":"AVENUE ESCADRILLE NORMANDIE-NIEMEN  MARSEILLE 13013","zone_id":null,"stop_url":null,"location_type":"0","parent_station":null,"stop_timezone":null,"wheelchair_boarding":"1"}},{"type":"Feature","geometry":{"type":"Point","coordinates":[5.410265,43.331792]},"properties":{"stop_id":"RTM-00004061","stop_code":"00004061","stop_name":"Les Lilas","stop_desc":"AVENUE ESCADRILLE NORMANDIE-NIEMEN  MARSEILLE 13013","zone_id":null,"stop_url":null,"location_type":"0","parent_station":null,"stop_timezone":null,"wheelchair_boarding":"1"}},{"type":"Feature","geometry":{"type":"Point","coordinates":[5.420334,43.276811]},"properties":{"stop_id":"RTM-00001679","stop_code":"00001679","stop_name":"Les Marronniers","stop_desc":null,"zone_id":null,"stop_url":null,"location_type":"0","parent_station":null,"stop_timezone":null,"wheelchair_boarding":"2"}},{"type":"Feature","geometry":{"type":"Point","coordinates":[5.420388,43.276939]},"properties":{"stop_id":"RTM-00001694","stop_code":"00001694","stop_name":"Les Marronniers","stop_desc":null,"zone_id":null,"stop_url":null,"location_type":"0","parent_station":null,"stop_timezone":null,"wheelchair_boarding":"2"}},{"type":"Feature","geometry":{"type":"Point","coordinates":[5.441542,43.32554]},"properties":{"stop_id":"RTM-00000659","stop_code":"00000659","stop_name":"Les Mart\u00e9gaux","stop_desc":"AVENUE DES OLIVES  MARSEILLE 13013","zone_id":null,"stop_url":null,"location_type":"0","parent_station":null,"stop_timezone":null,"wheelchair_boarding":"2"}},{"type":"Feature","geometry":{"type":"Point","coordinates":[5.46684808,43.34868019]},"properties":{"stop_id":"RTM-00002153","stop_code":"00002153","stop_name":"Les Moisserons","stop_desc":null,"zone_id":null,"stop_url":null,"location_type":"0","parent_station":null,"stop_timezone":null,"wheelchair_boarding":"2"}},{"type":"Feature","geometry":{"type":"Point","coordinates":[5.459583,43.285151]},"properties":{"stop_id":"RTM-00001288","stop_code":"00001288","stop_name":"Les N\u00e9r\u00e9\u00efdes","stop_desc":null,"zone_id":null,"stop_url":null,"location_type":"0","parent_station":null,"stop_timezone":null,"wheelchair_boarding":"2"}},{"type":"Feature","geometry":{"type":"Point","coordinates":[5.459399,43.285076]},"properties":{"stop_id":"RTM-00001291","stop_code":"00001291","stop_name":"Les N\u00e9r\u00e9\u00efdes","stop_desc":null,"zone_id":null,"stop_url":null,"location_type":"0","parent_station":null,"stop_timezone":null,"wheelchair_boarding":"2"}},{"type":"Feature","geometry":{"type":"Point","coordinates":[5.455888,43.324119]},"properties":{"stop_id":"RTM-00000625","stop_code":"00000625","stop_name":"Les Olives Village","stop_desc":"pas de trottoir","zone_id":null,"stop_url":null,"location_type":"0","parent_station":null,"stop_timezone":null,"wheelchair_boarding":"2"}},{"type":"Feature","geometry":{"type":"Point","coordinates":[5.41323,43.330033]},"properties":{"stop_id":"RTM-00003927","stop_code":"00003927","stop_name":"Les Oliviers","stop_desc":null,"zone_id":null,"stop_url":null,"location_type":"0","parent_station":null,"stop_timezone":null,"wheelchair_boarding":"1"}},{"type":"Feature","geometry":{"type":"Point","coordinates":[5.380285,43.371981]},"properties":{"stop_id":"RTM-00002998","stop_code":"00002998","stop_name":"Les Peyrards Chasseurs","stop_desc":"abs sigep. abs trottoir\/marquag","zone_id":null,"stop_url":null,"location_type":"0","parent_station":null,"stop_timezone":null,"wheelchair_boarding":"2"}},{"type":"Feature","geometry":{"type":"Point","coordinates":[5.377069,43.371314]},"properties":{"stop_id":"RTM-00002967","stop_code":"00002967","stop_name":"Les Peyrards Placette","stop_desc":null,"zone_id":null,"stop_url":null,"location_type":"0","parent_station":null,"stop_timezone":null,"wheelchair_boarding":"2"}},{"type":"Feature","geometry":{"type":"Point","coordinates":[5.427509,43.271964]},"properties":{"stop_id":"RTM-00001658","stop_code":"00001658","stop_name":"Les Roches","stop_desc":null,"zone_id":null,"stop_url":null,"location_type":"0","parent_station":null,"stop_timezone":null,"wheelchair_boarding":"2"}},{"type":"Feature","geometry":{"type":"Point","coordinates":[5.35167,43.393389]},"properties":{"stop_id":"RTM-00003047","stop_code":"00003047","stop_name":"Les Tourelles","stop_desc":null,"zone_id":null,"stop_url":null,"location_type":"0","parent_station":null,"stop_timezone":null,"wheelchair_boarding":"2"}},{"type":"Feature","geometry":{"type":"Point","coordinates":[5.43613853,43.27408854]},"properties":{"stop_id":"RTM-00001684","stop_code":"00001684","stop_name":"Les Trois Ponts","stop_desc":"RUE DES TROIS PONTS  MARSEILLE 13010","zone_id":null,"stop_url":null,"location_type":"0","parent_station":null,"stop_timezone":null,"wheelchair_boarding":"2"}},{"type":"Feature","geometry":{"type":"Point","coordinates":[5.470724,43.30692]},"properties":{"stop_id":"RTM-00000664","stop_code":"00000664","stop_name":"Les Vaudrans 3 Lucs","stop_desc":"ALL\u00c9E DES VAUDRANS  MARSEILLE 13012","zone_id":null,"stop_url":null,"location_type":"0","parent_station":null,"stop_timezone":null,"wheelchair_boarding":"2"}},{"type":"Feature","geometry":{"type":"Point","coordinates":[5.471029,43.306776]},"properties":{"stop_id":"RTM-00001393","stop_code":"00001393","stop_name":"Les Vaudrans 3 Lucs","stop_desc":null,"zone_id":null,"stop_url":null,"location_type":"0","parent_station":null,"stop_timezone":null,"wheelchair_boarding":"2"}},{"type":"Feature","geometry":{"type":"Point","coordinates":[5.466655,43.356015]},"properties":{"stop_id":"RTM-00002155","stop_code":"00002155","stop_name":"Les Vidar\u00e8s","stop_desc":"AVENUE LOUIS PASTEUR  PLAN-DE-CUQUES 13380","zone_id":null,"stop_url":null,"location_type":"0","parent_station":null,"stop_timezone":null,"wheelchair_boarding":"1"}},{"type":"Feature","geometry":{"type":"Point","coordinates":[5.435898,43.337722]},"properties":{"stop_id":"RTM-00003937","stop_code":"00003937","stop_name":"Les Vieux Cypr\u00e8s","stop_desc":"RUE ALBERT EINSTEIN  MARSEILLE 13013","zone_id":null,"stop_url":null,"location_type":"0","parent_station":null,"stop_timezone":null,"wheelchair_boarding":"1"}},{"type":"Feature","geometry":{"type":"Point","coordinates":[5.435552,43.337563]},"properties":{"stop_id":"RTM-00003946","stop_code":"00003946","stop_name":"Les Vieux Cypr\u00e8s","stop_desc":"RUE ALBERT EINSTEIN  MARSEILLE 13013","zone_id":null,"stop_url":null,"location_type":"0","parent_station":null,"stop_timezone":null,"wheelchair_boarding":"1"}},{"type":"Feature","geometry":{"type":"Point","coordinates":[5.391514,43.301167]},"properties":{"stop_id":"RTM-00003113","stop_code":"00003113","stop_name":"Lib\u00e9ration St Vincent de Paul","stop_desc":"BOULEVARD DE LA LIB\u00c9RATION  MARSEILLE 13001","zone_id":null,"stop_url":null,"location_type":"0","parent_station":null,"stop_timezone":null,"wheelchair_boarding":"1"}},{"type":"Feature","geometry":{"type":"Point","coordinates":[5.36838233,43.28949482]},"properties":{"stop_id":"RTM-00001473","stop_code":"00001473","stop_name":"Lices Chaix","stop_desc":"TAD 59","zone_id":null,"stop_url":null,"location_type":"0","parent_station":null,"stop_timezone":null,"wheelchair_boarding":"2"}},{"type":"Feature","geometry":{"type":"Point","coordinates":[5.38501858,43.28721228]},"properties":{"stop_id":"RTM-00004564","stop_code":"00004564","stop_name":"Lieutaud Baille","stop_desc":null,"zone_id":null,"stop_url":null,"location_type":"0","parent_station":null,"stop_timezone":null,"wheelchair_boarding":"2"}},{"type":"Feature","geometry":{"type":"Point","coordinates":[5.381646,43.2958]},"properties":{"stop_id":"RTM-00004408","stop_code":"00004408","stop_name":"Lieutaud Cours Julien","stop_desc":"3 COURS LIEUTAUD  MARSEILLE 13006","zone_id":null,"stop_url":null,"location_type":"0","parent_station":null,"stop_timezone":null,"wheelchair_boarding":"1"}},{"type":"Feature","geometry":{"type":"Point","coordinates":[5.381487,43.295774]},"properties":{"stop_id":"RTM-00004413","stop_code":"00004413","stop_name":"Lieutaud Cours Julien","stop_desc":"6 COURS LIEUTAUD  MARSEILLE 13001","zone_id":null,"stop_url":null,"location_type":"0","parent_station":null,"stop_timezone":null,"wheelchair_boarding":"1"}},{"type":"Feature","geometry":{"type":"Point","coordinates":[5.38333529,43.29074032]},"properties":{"stop_id":"RTM-00004562","stop_code":"00004562","stop_name":"Lieutaud Salvator","stop_desc":null,"zone_id":null,"stop_url":null,"location_type":"0","parent_station":null,"stop_timezone":null,"wheelchair_boarding":"2"}},{"type":"Feature","geometry":{"type":"Point","coordinates":[5.414654,43.356082]},"properties":{"stop_id":"RTM-00001042","stop_code":"00001042","stop_name":"Lissandre","stop_desc":null,"zone_id":null,"stop_url":null,"location_type":"0","parent_station":null,"stop_timezone":null,"wheelchair_boarding":"2"}},{"type":"Feature","geometry":{"type":"Point","coordinates":[5.41332607,43.3564049]},"properties":{"stop_id":"RTM-00001075","stop_code":"00001075","stop_name":"Lissandre","stop_desc":"14 RUE DE LISSANDRE  MARSEILLE 13013","zone_id":null,"stop_url":null,"location_type":"0","parent_station":null,"stop_timezone":null,"wheelchair_boarding":"2"}},{"type":"Feature","geometry":{"type":"Point","coordinates":[5.41019,43.356042]},"properties":{"stop_id":"RTM-00001078","stop_code":"00001078","stop_name":"Lissandre Ecoles","stop_desc":null,"zone_id":null,"stop_url":null,"location_type":"0","parent_station":null,"stop_timezone":null,"wheelchair_boarding":"2"}},{"type":"Feature","geometry":{"type":"Point","coordinates":[5.3547,43.332331]},"properties":{"stop_id":"RTM-00000277","stop_code":"00000277","stop_name":"Littoral Beaus\u00e9jour","stop_desc":null,"zone_id":null,"stop_url":null,"location_type":"0","parent_station":null,"stop_timezone":null,"wheelchair_boarding":"1"}},{"type":"Feature","geometry":{"type":"Point","coordinates":[5.354639,43.335668]},"properties":{"stop_id":"RTM-00000244","stop_code":"00000244","stop_name":"Littoral Bernabo","stop_desc":null,"zone_id":null,"stop_url":null,"location_type":"0","parent_station":null,"stop_timezone":null,"wheelchair_boarding":"2"}},{"type":"Feature","geometry":{"type":"Point","coordinates":[5.345635,43.346637]},"properties":{"stop_id":"RTM-00000248","stop_code":"00000248","stop_name":"Littoral Consolat","stop_desc":null,"zone_id":null,"stop_url":null,"location_type":"0","parent_station":null,"stop_timezone":null,"wheelchair_boarding":"2"}},{"type":"Feature","geometry":{"type":"Point","coordinates":[5.3204214,43.3575813]},"properties":{"stop_id":"RTM-00000255","stop_code":"00000255","stop_name":"Littoral Fenouil","stop_desc":"700 CHEMIN DU LITTORAL  MARSEILLE 13016","zone_id":null,"stop_url":null,"location_type":"0","parent_station":null,"stop_timezone":null,"wheelchair_boarding":"2"}},{"type":"Feature","geometry":{"type":"Point","coordinates":[5.3206064,43.3574301]},"properties":{"stop_id":"RTM-00000266","stop_code":"00000266","stop_name":"Littoral Fenouil","stop_desc":null,"zone_id":null,"stop_url":null,"location_type":"0","parent_station":null,"stop_timezone":null,"wheelchair_boarding":"2"}},{"type":"Feature","geometry":{"type":"Point","coordinates":[5.35528,43.330534]},"properties":{"stop_id":"RTM-00000242","stop_code":"00000242","stop_name":"Littoral Mouren","stop_desc":"MONT\u00c9E MOUREN  MARSEILLE 13002","zone_id":null,"stop_url":null,"location_type":"0","parent_station":null,"stop_timezone":null,"wheelchair_boarding":"1"}},{"type":"Feature","geometry":{"type":"Point","coordinates":[5.355036,43.329845]},"properties":{"stop_id":"RTM-00000278","stop_code":"00000278","stop_name":"Littoral Mouren","stop_desc":null,"zone_id":null,"stop_url":null,"location_type":"0","parent_station":null,"stop_timezone":null,"wheelchair_boarding":"2"}},{"type":"Feature","geometry":{"type":"Point","coordinates":[5.3327386,43.3542781]},"properties":{"stop_id":"RTM-00000252","stop_code":"00000252","stop_name":"Littoral Mourepiane","stop_desc":null,"zone_id":null,"stop_url":null,"location_type":"0","parent_station":null,"stop_timezone":null,"wheelchair_boarding":"1"}},{"type":"Feature","geometry":{"type":"Point","coordinates":[5.332751,43.354164]},"properties":{"stop_id":"RTM-00000269","stop_code":"00000269","stop_name":"Littoral Mourepiane","stop_desc":null,"zone_id":null,"stop_url":null,"location_type":"0","parent_station":null,"stop_timezone":null,"wheelchair_boarding":"1"}},{"type":"Feature","geometry":{"type":"Point","coordinates":[5.341081,43.350584]},"properties":{"stop_id":"RTM-00000271","stop_code":"00000271","stop_name":"Littoral Pas du Faon","stop_desc":null,"zone_id":null,"stop_url":null,"location_type":"0","parent_station":null,"stop_timezone":null,"wheelchair_boarding":"2"}},{"type":"Feature","geometry":{"type":"Point","coordinates":[5.330639,43.353646]},"properties":{"stop_id":"RTM-00000268","stop_code":"00000268","stop_name":"Littoral Vallouise","stop_desc":"CHEMIN DU LITTORAL  MARSEILLE 13016","zone_id":null,"stop_url":null,"location_type":"0","parent_station":null,"stop_timezone":null,"wheelchair_boarding":"2"}},{"type":"Feature","geometry":{"type":"Point","coordinates":[5.384408,43.291751]},"properties":{"stop_id":"RTM-00001522","stop_code":"00001522","stop_name":"Lodi Fontange","stop_desc":null,"zone_id":null,"stop_url":null,"location_type":"0","parent_station":null,"stop_timezone":null,"wheelchair_boarding":"2"}},{"type":"Feature","geometry":{"type":"Point","coordinates":[5.388064,43.288384]},"properties":{"stop_id":"RTM-00001523","stop_code":"00001523","stop_name":"Lodi Village","stop_desc":null,"zone_id":null,"stop_url":null,"location_type":"0","parent_station":null,"stop_timezone":null,"wheelchair_boarding":"1"}},{"type":"Feature","geometry":{"type":"Point","coordinates":[5.388136,43.288482]},"properties":{"stop_id":"RTM-00001530","stop_code":"00001530","stop_name":"Lodi Village","stop_desc":null,"zone_id":null,"stop_url":null,"location_type":"0","parent_station":null,"stop_timezone":null,"wheelchair_boarding":"1"}},{"type":"Feature","geometry":{"type":"Point","coordinates":[5.430559,43.288889]},"properties":{"stop_id":"RTM-00001161","stop_code":"00001161","stop_name":"Lombard Bezombes","stop_desc":"AVENUE JEAN LOMBARD  MARSEILLE 13011","zone_id":null,"stop_url":null,"location_type":"0","parent_station":null,"stop_timezone":null,"wheelchair_boarding":"2"}},{"type":"Feature","geometry":{"type":"Point","coordinates":[5.429724,43.288982]},"properties":{"stop_id":"RTM-00001209","stop_code":"00001209","stop_name":"Lombard Bezombes","stop_desc":null,"zone_id":null,"stop_url":null,"location_type":"0","parent_station":null,"stop_timezone":null,"wheelchair_boarding":"2"}},{"type":"Feature","geometry":{"type":"Point","coordinates":[5.426813,43.289607]},"properties":{"stop_id":"RTM-00001160","stop_code":"00001160","stop_name":"Lombard Parette","stop_desc":null,"zone_id":null,"stop_url":null,"location_type":"0","parent_station":null,"stop_timezone":null,"wheelchair_boarding":"1"}},{"type":"Feature","geometry":{"type":"Point","coordinates":[5.426695,43.289827]},"properties":{"stop_id":"RTM-00001210","stop_code":"00001210","stop_name":"Lombard Parette","stop_desc":null,"zone_id":null,"stop_url":null,"location_type":"0","parent_station":null,"stop_timezone":null,"wheelchair_boarding":"2"}},{"type":"Feature","geometry":{"type":"Point","coordinates":[5.388689,43.301506]},"properties":{"stop_id":"RTM-00003220","stop_code":"00003220","stop_name":"Longchamp National","stop_desc":null,"zone_id":null,"stop_url":null,"location_type":"0","parent_station":null,"stop_timezone":null,"wheelchair_boarding":"1"}},{"type":"Feature","geometry":{"type":"Point","coordinates":[5.388536,43.301586]},"properties":{"stop_id":"RTM-00003269","stop_code":"00003269","stop_name":"Longchamp National","stop_desc":null,"zone_id":null,"stop_url":null,"location_type":"0","parent_station":null,"stop_timezone":null,"wheelchair_boarding":"1"}},{"type":"Feature","geometry":{"type":"Point","coordinates":[5.382685,43.312884]},"properties":{"stop_id":"RTM-00000221","stop_code":"00000221","stop_name":"Loubon Barbini","stop_desc":"descente sur passage pi\u00e9ton","zone_id":null,"stop_url":null,"location_type":"0","parent_station":null,"stop_timezone":null,"wheelchair_boarding":"1"}},{"type":"Feature","geometry":{"type":"Point","coordinates":[5.3803469,43.3123806]},"properties":{"stop_id":"RTM-00001019","stop_code":"00001019","stop_name":"Loubon Bellevue","stop_desc":null,"zone_id":null,"stop_url":null,"location_type":"0","parent_station":null,"stop_timezone":null,"wheelchair_boarding":"2"}},{"type":"Feature","geometry":{"type":"Point","coordinates":[5.39671719,43.25806907]},"properties":{"stop_id":"RTM-00001798","stop_code":"00001798","stop_name":"Luce Isaac","stop_desc":null,"zone_id":null,"stop_url":null,"location_type":"0","parent_station":null,"stop_timezone":null,"wheelchair_boarding":"2"}},{"type":"Feature","geometry":{"type":"Point","coordinates":[5.39825847,43.25853027]},"properties":{"stop_id":"RTM-00001797","stop_code":"00001797","stop_name":"Luce Michelet","stop_desc":null,"zone_id":null,"stop_url":null,"location_type":"0","parent_station":null,"stop_timezone":null,"wheelchair_boarding":"2"}},{"type":"Feature","geometry":{"type":"Point","coordinates":[5.435705,43.237109]},"properties":{"stop_id":"RTM-00001768","stop_code":"00001768","stop_name":"Luminy Complexe sportif","stop_desc":null,"zone_id":null,"stop_url":null,"location_type":"0","parent_station":null,"stop_timezone":null,"wheelchair_boarding":"1"}},{"type":"Feature","geometry":{"type":"Point","coordinates":[5.43577284,43.23765278]},"properties":{"stop_id":"RTM-00001771","stop_code":"00001771","stop_name":"Luminy Complexe sportif","stop_desc":null,"zone_id":null,"stop_url":null,"location_type":"0","parent_station":null,"stop_timezone":null,"wheelchair_boarding":"1"}},{"type":"Feature","geometry":{"type":"Point","coordinates":[5.43967,43.231068]},"properties":{"stop_id":"RTM-00004348","stop_code":"00004348","stop_name":"Luminy Facult\u00e9","stop_desc":"AVENUE DE LUMINY  MARSEILLE 13009","zone_id":null,"stop_url":null,"location_type":"0","parent_station":null,"stop_timezone":null,"wheelchair_boarding":"2"}},{"type":"Feature","geometry":{"type":"Point","coordinates":[5.43983744,43.23106126]},"properties":{"stop_id":"RTM-00004595","stop_code":"00004595","stop_name":"Luminy Facult\u00e9","stop_desc":null,"zone_id":null,"stop_url":null,"location_type":"0","parent_station":null,"stop_timezone":null,"wheelchair_boarding":"2"}},{"type":"Feature","geometry":{"type":"Point","coordinates":[5.4359862,43.2324743]},"properties":{"stop_id":"RTM-00001769","stop_code":"00001769","stop_name":"Luminy Kedge BS","stop_desc":null,"zone_id":null,"stop_url":null,"location_type":"0","parent_station":null,"stop_timezone":null,"wheelchair_boarding":"1"}},{"type":"Feature","geometry":{"type":"Point","coordinates":[5.43679953,43.23177429]},"properties":{"stop_id":"RTM-00004553","stop_code":"00004553","stop_name":"Luminy PN des Calanques","stop_desc":null,"zone_id":null,"stop_url":null,"location_type":"0","parent_station":null,"stop_timezone":null,"wheelchair_boarding":"2"}},{"type":"Feature","geometry":{"type":"Point","coordinates":[5.423788,43.279521]},"properties":{"stop_id":"RTM-00001594","stop_code":"00001594","stop_name":"Lyc\u00e9e Amp\u00e8re","stop_desc":null,"zone_id":null,"stop_url":null,"location_type":"0","parent_station":null,"stop_timezone":null,"wheelchair_boarding":"2"}},{"type":"Feature","geometry":{"type":"Point","coordinates":[5.423727,43.279659]},"properties":{"stop_id":"RTM-00001606","stop_code":"00001606","stop_name":"Lyc\u00e9e Amp\u00e8re","stop_desc":null,"zone_id":null,"stop_url":null,"location_type":"0","parent_station":null,"stop_timezone":null,"wheelchair_boarding":"2"}},{"type":"Feature","geometry":{"type":"Point","coordinates":[5.42379076,43.34040029]},"properties":{"stop_id":"RTM-00000733","stop_code":"00000733","stop_name":"Lyc\u00e9e Artaud","stop_desc":null,"zone_id":null,"stop_url":null,"location_type":"0","parent_station":null,"stop_timezone":null,"wheelchair_boarding":"1"}},{"type":"Feature","geometry":{"type":"Point","coordinates":[5.424732,43.340401]},"properties":{"stop_id":"RTM-00000736","stop_code":"00000736","stop_name":"Lyc\u00e9e Artaud","stop_desc":"CHEMIN DE NOTRE-DAME DE CONSOLATION  MARSEILLE 13013","zone_id":null,"stop_url":null,"location_type":"0","parent_station":null,"stop_timezone":null,"wheelchair_boarding":"1"}},{"type":"Feature","geometry":{"type":"Point","coordinates":[5.422512,43.31115]},"properties":{"stop_id":"RTM-00000876","stop_code":"00000876","stop_name":"Lyc\u00e9e Blaise Pascal","stop_desc":null,"zone_id":null,"stop_url":null,"location_type":"0","parent_station":null,"stop_timezone":null,"wheelchair_boarding":"2"}},{"type":"Feature","geometry":{"type":"Point","coordinates":[5.422356,43.311155]},"properties":{"stop_id":"RTM-00000902","stop_code":"00000902","stop_name":"Lyc\u00e9e Blaise Pascal","stop_desc":null,"zone_id":null,"stop_url":null,"location_type":"0","parent_station":null,"stop_timezone":null,"wheelchair_boarding":"2"}},{"type":"Feature","geometry":{"type":"Point","coordinates":[5.402706,43.282462]},"properties":{"stop_id":"RTM-00001267","stop_code":"00001267","stop_name":"Lyc\u00e9e Brochier","stop_desc":null,"zone_id":null,"stop_url":null,"location_type":"0","parent_station":null,"stop_timezone":null,"wheelchair_boarding":"1"}},{"type":"Feature","geometry":{"type":"Point","coordinates":[5.47756836,43.28620059]},"properties":{"stop_id":"RTM-00001372","stop_code":"00001372","stop_name":"Lyc\u00e9e Camille Jullian","stop_desc":null,"zone_id":null,"stop_url":null,"location_type":"0","parent_station":null,"stop_timezone":null,"wheelchair_boarding":"2"}},{"type":"Feature","geometry":{"type":"Point","coordinates":[5.387462,43.261338]},"properties":{"stop_id":"RTM-00001934","stop_code":"00001934","stop_name":"Lyc\u00e9e Daumier","stop_desc":"17 AVENUE CLOT-BEY  MARSEILLE 13008","zone_id":null,"stop_url":null,"location_type":"0","parent_station":null,"stop_timezone":null,"wheelchair_boarding":"1"}},{"type":"Feature","geometry":{"type":"Point","coordinates":[5.414314,43.325545]},"properties":{"stop_id":"RTM-00000351","stop_code":"00000351","stop_name":"Lyc\u00e9e Diderot","stop_desc":null,"zone_id":null,"stop_url":null,"location_type":"0","parent_station":null,"stop_timezone":null,"wheelchair_boarding":"1"}},{"type":"Feature","geometry":{"type":"Point","coordinates":[5.32504305,43.36199695]},"properties":{"stop_id":"RTM-00000300","stop_code":"00000300","stop_name":"Lyc\u00e9e L'Estaque","stop_desc":"potelet identique 300 et 312","zone_id":null,"stop_url":null,"location_type":"0","parent_station":null,"stop_timezone":null,"wheelchair_boarding":"1"}},{"type":"Feature","geometry":{"type":"Point","coordinates":[5.37441942,43.33650778]},"properties":{"stop_id":"RTM-00000327","stop_code":"00000327","stop_name":"Lyc\u00e9e La Floride","stop_desc":"poubelle coup\u00e9e","zone_id":null,"stop_url":null,"location_type":"0","parent_station":null,"stop_timezone":null,"wheelchair_boarding":"2"}},{"type":"Feature","geometry":{"type":"Point","coordinates":[5.374455,43.33566]},"properties":{"stop_id":"RTM-00000371","stop_code":"00000371","stop_name":"Lyc\u00e9e La Floride","stop_desc":null,"zone_id":null,"stop_url":null,"location_type":"0","parent_station":null,"stop_timezone":null,"wheelchair_boarding":"2"}},{"type":"Feature","geometry":{"type":"Point","coordinates":[5.433585,43.282903]},"properties":{"stop_id":"RTM-00001304","stop_code":"00001304","stop_name":"Lyc\u00e9e Marcel Pagnol","stop_desc":null,"zone_id":null,"stop_url":null,"location_type":"0","parent_station":null,"stop_timezone":null,"wheelchair_boarding":"2"}},{"type":"Feature","geometry":{"type":"Point","coordinates":[5.433248,43.283093]},"properties":{"stop_id":"RTM-00001626","stop_code":"00001626","stop_name":"Lyc\u00e9e Marcel Pagnol","stop_desc":null,"zone_id":null,"stop_url":null,"location_type":"0","parent_station":null,"stop_timezone":null,"wheelchair_boarding":"1"}},{"type":"Feature","geometry":{"type":"Point","coordinates":[5.417518,43.305449]},"properties":{"stop_id":"RTM-00000817","stop_code":"00000817","stop_name":"Lyc\u00e9e Marie Gasquet","stop_desc":null,"zone_id":null,"stop_url":null,"location_type":"0","parent_station":null,"stop_timezone":null,"wheelchair_boarding":"2"}},{"type":"Feature","geometry":{"type":"Point","coordinates":[5.377314,43.240252]},"properties":{"stop_id":"RTM-00001941","stop_code":"00001941","stop_name":"Lyc\u00e9e Marseilleveyre","stop_desc":null,"zone_id":null,"stop_url":null,"location_type":"0","parent_station":null,"stop_timezone":null,"wheelchair_boarding":"1"}},{"type":"Feature","geometry":{"type":"Point","coordinates":[5.469793,43.322664]},"properties":{"stop_id":"RTM-00003589","stop_code":"00003589","stop_name":"Lyc\u00e9e Monte Cristo","stop_desc":"abs trottoir","zone_id":null,"stop_url":null,"location_type":"0","parent_station":null,"stop_timezone":null,"wheelchair_boarding":"1"}},{"type":"Feature","geometry":{"type":"Point","coordinates":[5.42365107,43.27366886]},"properties":{"stop_id":"RTM-00004634","stop_code":"00004634","stop_name":"Lyc\u00e9e Perrin","stop_desc":null,"zone_id":null,"stop_url":null,"location_type":"0","parent_station":null,"stop_timezone":null,"wheelchair_boarding":"2"}},{"type":"Feature","geometry":{"type":"Point","coordinates":[5.4268,43.274509]},"properties":{"stop_id":"RTM-00001652","stop_code":"00001652","stop_name":"Lyc\u00e9e Perrin Doize","stop_desc":null,"zone_id":null,"stop_url":null,"location_type":"0","parent_station":null,"stop_timezone":null,"wheelchair_boarding":"1"}},{"type":"Feature","geometry":{"type":"Point","coordinates":[5.42672074,43.2743655]},"properties":{"stop_id":"RTM-00004609","stop_code":"00004609","stop_name":"Lyc\u00e9e Perrin Doize","stop_desc":null,"zone_id":null,"stop_url":null,"location_type":"0","parent_station":null,"stop_timezone":null,"wheelchair_boarding":"2"}},{"type":"Feature","geometry":{"type":"Point","coordinates":[5.42521985,43.2752823]},"properties":{"stop_id":"RTM-00001692","stop_code":"00001692","stop_name":"Lyc\u00e9e Perrin Verdillon","stop_desc":"RUE VERDILLON  MARSEILLE 13010","zone_id":null,"stop_url":null,"location_type":"0","parent_station":null,"stop_timezone":null,"wheelchair_boarding":"1"}},{"type":"Feature","geometry":{"type":"Point","coordinates":[5.42601862,43.27497561]},"properties":{"stop_id":"RTM-00002820","stop_code":"00002820","stop_name":"Lyc\u00e9e Perrin Verdillon","stop_desc":"RUE VERDILLON  MARSEILLE 13010","zone_id":null,"stop_url":null,"location_type":"0","parent_station":null,"stop_timezone":null,"wheelchair_boarding":"1"}},{"type":"Feature","geometry":{"type":"Point","coordinates":[5.355685,43.347944]},"properties":{"stop_id":"RTM-00000994","stop_code":"00000994","stop_name":"Lyc\u00e9e Saint-Exup\u00e9ry","stop_desc":null,"zone_id":null,"stop_url":null,"location_type":"0","parent_station":null,"stop_timezone":null,"wheelchair_boarding":"2"}},{"type":"Feature","geometry":{"type":"Point","coordinates":[5.355709,43.347459]},"properties":{"stop_id":"RTM-00000996","stop_code":"00000996","stop_name":"Lyc\u00e9e Saint-Exup\u00e9ry","stop_desc":"544 CHEMIN DE LA MADRAGUE-VILLE  MARSEILLE 13015","zone_id":null,"stop_url":null,"location_type":"0","parent_station":null,"stop_timezone":null,"wheelchair_boarding":"2"}},{"type":"Feature","geometry":{"type":"Point","coordinates":[5.414029,43.345686]},"properties":{"stop_id":"RTM-00004362","stop_code":"00004362","stop_name":"Lyc\u00e9e Simone Veil","stop_desc":null,"zone_id":null,"stop_url":null,"location_type":"0","parent_station":null,"stop_timezone":null,"wheelchair_boarding":"1"}},{"type":"Feature","geometry":{"type":"Point","coordinates":[5.391847,43.305415]},"properties":{"stop_id":"RTM-00002551","stop_code":"00002551","stop_name":"Lyc\u00e9e St Charles","stop_desc":null,"zone_id":null,"stop_url":null,"location_type":"0","parent_station":null,"stop_timezone":null,"wheelchair_boarding":"2"}},{"type":"Feature","geometry":{"type":"Point","coordinates":[5.362464,43.338071]},"properties":{"stop_id":"RTM-00004027","stop_code":"00004027","stop_name":"Lyon Commanderie","stop_desc":null,"zone_id":null,"stop_url":null,"location_type":"0","parent_station":null,"stop_timezone":null,"wheelchair_boarding":"1"}},{"type":"Feature","geometry":{"type":"Point","coordinates":[5.36528975,43.32987411]},"properties":{"stop_id":"RTM-00004030","stop_code":"00004030","stop_name":"Lyon Oddo","stop_desc":null,"zone_id":null,"stop_url":null,"location_type":"0","parent_station":null,"stop_timezone":null,"wheelchair_boarding":"1"}},{"type":"Feature","geometry":{"type":"Point","coordinates":[5.363179,43.336331]},"properties":{"stop_id":"RTM-00003964","stop_code":"00003964","stop_name":"Lyon Raffineries","stop_desc":null,"zone_id":null,"stop_url":null,"location_type":"0","parent_station":null,"stop_timezone":null,"wheelchair_boarding":"1"}},{"type":"Feature","geometry":{"type":"Point","coordinates":[5.481513,43.289571]},"properties":{"stop_id":"RTM-00001394","stop_code":"00001394","stop_name":"L\u00e9on Bancal Saint-Menet","stop_desc":null,"zone_id":null,"stop_url":null,"location_type":"0","parent_station":null,"stop_timezone":null,"wheelchair_boarding":"2"}},{"type":"Feature","geometry":{"type":"Point","coordinates":[5.390073,43.250948]},"properties":{"stop_id":"RTM-00001879","stop_code":"00001879","stop_name":"MAC","stop_desc":null,"zone_id":null,"stop_url":null,"location_type":"0","parent_station":null,"stop_timezone":null,"wheelchair_boarding":"1"}},{"type":"Feature","geometry":{"type":"Point","coordinates":[5.354625,43.231095]},"properties":{"stop_id":"RTM-00001718","stop_code":"00001718","stop_name":"Madrague de Montredon","stop_desc":"BOULEVARD MONT ROSE  MARSEILLE 13008","zone_id":null,"stop_url":null,"location_type":"0","parent_station":null,"stop_timezone":null,"wheelchair_boarding":"2"}},{"type":"Feature","geometry":{"type":"Point","coordinates":[5.3555317,43.2317617]},"properties":{"stop_id":"RTM-00001719","stop_code":"00001719","stop_name":"Madrague Mont Rose","stop_desc":null,"zone_id":null,"stop_url":null,"location_type":"0","parent_station":null,"stop_timezone":null,"wheelchair_boarding":"2"}},{"type":"Feature","geometry":{"type":"Point","coordinates":[5.449974,43.29853]},"properties":{"stop_id":"RTM-00000924","stop_code":"00000924","stop_name":"Malosse Butris","stop_desc":null,"zone_id":null,"stop_url":null,"location_type":"0","parent_station":null,"stop_timezone":null,"wheelchair_boarding":"2"}},{"type":"Feature","geometry":{"type":"Point","coordinates":[5.450151,43.298648]},"properties":{"stop_id":"RTM-00000931","stop_code":"00000931","stop_name":"Malosse Butris","stop_desc":null,"zone_id":null,"stop_url":null,"location_type":"0","parent_station":null,"stop_timezone":null,"wheelchair_boarding":"1"}},{"type":"Feature","geometry":{"type":"Point","coordinates":[5.412718,43.322797]},"properties":{"stop_id":"RTM-00000348","stop_code":"00000348","stop_name":"Malpass\u00e9","stop_desc":"AVENUE DE VALDONNE  MARSEILLE 13013","zone_id":null,"stop_url":null,"location_type":"0","parent_station":null,"stop_timezone":null,"wheelchair_boarding":"2"}},{"type":"Feature","geometry":{"type":"Point","coordinates":[5.41325956,43.32300145]},"properties":{"stop_id":"RTM-00000350","stop_code":"00000350","stop_name":"Malpass\u00e9","stop_desc":"8 AVENUE DE VALDONNE  MARSEILLE 13013","zone_id":null,"stop_url":null,"location_type":"0","parent_station":null,"stop_timezone":null,"wheelchair_boarding":"2"}},{"type":"Feature","geometry":{"type":"Point","coordinates":[5.368876,43.409811]},"properties":{"stop_id":"RTM-00002985","stop_code":"00002985","stop_name":"Mandela L'Arl\u00e9sienne","stop_desc":"ancien horaires, ABS sigep","zone_id":null,"stop_url":null,"location_type":"0","parent_station":null,"stop_timezone":null,"wheelchair_boarding":"2"}},{"type":"Feature","geometry":{"type":"Point","coordinates":[5.361232,43.325884]},"properties":{"stop_id":"RTM-00004258","stop_code":"00004258","stop_name":"March\u00e9 aux Puces","stop_desc":"CHEMIN DE LA MADRAGUE-VILLE  MARSEILLE 13002","zone_id":null,"stop_url":null,"location_type":"0","parent_station":null,"stop_timezone":null,"wheelchair_boarding":"2"}},{"type":"Feature","geometry":{"type":"Point","coordinates":[5.313122,43.370294]},"properties":{"stop_id":"RTM-00003570","stop_code":"00003570","stop_name":"Marinier Belv\u00e9d\u00e8re","stop_desc":null,"zone_id":null,"stop_url":null,"location_type":"0","parent_station":null,"stop_timezone":null,"wheelchair_boarding":"2"}},{"type":"Feature","geometry":{"type":"Point","coordinates":[5.493754,43.361458]},"properties":{"stop_id":"RTM-00002422","stop_code":"00002422","stop_name":"Mas des Oliviers","stop_desc":"TAD 65","zone_id":null,"stop_url":null,"location_type":"0","parent_station":null,"stop_timezone":null,"wheelchair_boarding":"2"}},{"type":"Feature","geometry":{"type":"Point","coordinates":[5.429745,43.315023]},"properties":{"stop_id":"RTM-00000761","stop_code":"00000761","stop_name":"Mazarade Norma","stop_desc":null,"zone_id":null,"stop_url":null,"location_type":"0","parent_station":null,"stop_timezone":null,"wheelchair_boarding":"2"}},{"type":"Feature","geometry":{"type":"Point","coordinates":[5.403814,43.246021]},"properties":{"stop_id":"RTM-00001805","stop_code":"00001805","stop_name":"Mazargues","stop_desc":"106 RUE \u00c9MILE ZOLA  MARSEILLE 13009","zone_id":null,"stop_url":null,"location_type":"0","parent_station":null,"stop_timezone":null,"wheelchair_boarding":"1"}},{"type":"Feature","geometry":{"type":"Point","coordinates":[5.404135,43.246192]},"properties":{"stop_id":"RTM-00001820","stop_code":"00001820","stop_name":"Mazargues","stop_desc":"RUE LALI  MARSEILLE 13009","zone_id":null,"stop_url":null,"location_type":"0","parent_station":null,"stop_timezone":null,"wheelchair_boarding":"1"}},{"type":"Feature","geometry":{"type":"Point","coordinates":[5.392841,43.263039]},"properties":{"stop_id":"RTM-00002600","stop_code":"00002600","stop_name":"Mazargues Barral","stop_desc":null,"zone_id":null,"stop_url":null,"location_type":"0","parent_station":null,"stop_timezone":null,"wheelchair_boarding":"2"}},{"type":"Feature","geometry":{"type":"Point","coordinates":[5.389494,43.267419]},"properties":{"stop_id":"RTM-00001885","stop_code":"00001885","stop_name":"Mazargues Etienne Milan","stop_desc":null,"zone_id":null,"stop_url":null,"location_type":"0","parent_station":null,"stop_timezone":null,"wheelchair_boarding":"2"}},{"type":"Feature","geometry":{"type":"Point","coordinates":[5.395671,43.250298]},"properties":{"stop_id":"RTM-00001802","stop_code":"00001802","stop_name":"Mazargues Legr\u00e9","stop_desc":null,"zone_id":null,"stop_url":null,"location_type":"0","parent_station":null,"stop_timezone":null,"wheelchair_boarding":"2"}},{"type":"Feature","geometry":{"type":"Point","coordinates":[5.407398,43.33607]},"properties":{"stop_id":"RTM-00001061","stop_code":"00001061","stop_name":"Merlan Brissac","stop_desc":null,"zone_id":null,"stop_url":null,"location_type":"0","parent_station":null,"stop_timezone":null,"wheelchair_boarding":"2"}},{"type":"Feature","geometry":{"type":"Point","coordinates":[5.407143,43.33644]},"properties":{"stop_id":"RTM-00001066","stop_code":"00001066","stop_name":"Merlan Brissac","stop_desc":null,"zone_id":null,"stop_url":null,"location_type":"0","parent_station":null,"stop_timezone":null,"wheelchair_boarding":"2"}},{"type":"Feature","geometry":{"type":"Point","coordinates":[5.408235,43.346489]},"properties":{"stop_id":"RTM-00001031","stop_code":"00001031","stop_name":"Merlan Guynemer","stop_desc":null,"zone_id":null,"stop_url":null,"location_type":"0","parent_station":null,"stop_timezone":null,"wheelchair_boarding":"2"}},{"type":"Feature","geometry":{"type":"Point","coordinates":[5.408461,43.345411]},"properties":{"stop_id":"RTM-00001030","stop_code":"00001030","stop_name":"Merlan P\u00e2querettes","stop_desc":null,"zone_id":null,"stop_url":null,"location_type":"0","parent_station":null,"stop_timezone":null,"wheelchair_boarding":"2"}},{"type":"Feature","geometry":{"type":"Point","coordinates":[5.40847,43.345151]},"properties":{"stop_id":"RTM-00001048","stop_code":"00001048","stop_name":"Merlan P\u00e2querettes","stop_desc":null,"zone_id":null,"stop_url":null,"location_type":"0","parent_station":null,"stop_timezone":null,"wheelchair_boarding":"2"}},{"type":"Feature","geometry":{"type":"Point","coordinates":[5.40436248,43.33032313]},"properties":{"stop_id":"RTM-00001010","stop_code":"00001010","stop_name":"Merlan Ste Marthe","stop_desc":null,"zone_id":null,"stop_url":null,"location_type":"0","parent_station":null,"stop_timezone":null,"wheelchair_boarding":"2"}},{"type":"Feature","geometry":{"type":"Point","coordinates":[5.407566,43.33432]},"properties":{"stop_id":"RTM-00001067","stop_code":"00001067","stop_name":"Merlan Verdon","stop_desc":null,"zone_id":null,"stop_url":null,"location_type":"0","parent_station":null,"stop_timezone":null,"wheelchair_boarding":"1"}},{"type":"Feature","geometry":{"type":"Point","coordinates":[5.396639,43.262876]},"properties":{"stop_id":"RTM-00001751","stop_code":"00001751","stop_name":"Michelet Bousquet","stop_desc":null,"zone_id":null,"stop_url":null,"location_type":"0","parent_station":null,"stop_timezone":null,"wheelchair_boarding":"2"}},{"type":"Feature","geometry":{"type":"Point","coordinates":[5.396585,43.263361]},"properties":{"stop_id":"RTM-00001788","stop_code":"00001788","stop_name":"Michelet Bousquet","stop_desc":null,"zone_id":null,"stop_url":null,"location_type":"0","parent_station":null,"stop_timezone":null,"wheelchair_boarding":"2"}},{"type":"Feature","geometry":{"type":"Point","coordinates":[5.394001,43.268014]},"properties":{"stop_id":"RTM-00001790","stop_code":"00001790","stop_name":"Michelet Huveaune","stop_desc":null,"zone_id":null,"stop_url":null,"location_type":"0","parent_station":null,"stop_timezone":null,"wheelchair_boarding":"2"}},{"type":"Feature","geometry":{"type":"Point","coordinates":[5.39965467,43.25890555]},"properties":{"stop_id":"RTM-00004773","stop_code":"00004773","stop_name":"Michelet Luce","stop_desc":null,"zone_id":null,"stop_url":null,"location_type":"0","parent_station":null,"stop_timezone":null,"wheelchair_boarding":"2"}},{"type":"Feature","geometry":{"type":"Point","coordinates":[5.40024,43.256493]},"properties":{"stop_id":"RTM-00001754","stop_code":"00001754","stop_name":"Michelet Taine","stop_desc":null,"zone_id":null,"stop_url":null,"location_type":"0","parent_station":null,"stop_timezone":null,"wheelchair_boarding":"2"}},{"type":"Feature","geometry":{"type":"Point","coordinates":[5.400235,43.256976]},"properties":{"stop_id":"RTM-00001785","stop_code":"00001785","stop_name":"Michelet Taine","stop_desc":null,"zone_id":null,"stop_url":null,"location_type":"0","parent_station":null,"stop_timezone":null,"wheelchair_boarding":"2"}},{"type":"Feature","geometry":{"type":"Point","coordinates":[5.382506,43.338444]},"properties":{"stop_id":"RTM-00000330","stop_code":"00000330","stop_name":"MIN Arnavaux","stop_desc":null,"zone_id":null,"stop_url":null,"location_type":"0","parent_station":null,"stop_timezone":null,"wheelchair_boarding":"2"}},{"type":"Feature","geometry":{"type":"Point","coordinates":[5.385107,43.337098]},"properties":{"stop_id":"RTM-00000331","stop_code":"00000331","stop_name":"MIN Gibbes","stop_desc":"AVENUE DU MARCH\u00c9 D'INT\u00c9R\u00caT NATIONAL  MARSEILLE 13014","zone_id":null,"stop_url":null,"location_type":"0","parent_station":null,"stop_timezone":null,"wheelchair_boarding":"2"}},{"type":"Feature","geometry":{"type":"Point","coordinates":[5.469308,43.349421]},"properties":{"stop_id":"RTM-00002197","stop_code":"00002197","stop_name":"Mistral Pasteur","stop_desc":null,"zone_id":null,"stop_url":null,"location_type":"0","parent_station":null,"stop_timezone":null,"wheelchair_boarding":"2"}},{"type":"Feature","geometry":{"type":"Point","coordinates":[5.46863702,43.34968653]},"properties":{"stop_id":"RTM-00004657","stop_code":"00004657","stop_name":"Mistral Pasteur","stop_desc":null,"zone_id":null,"stop_url":null,"location_type":"0","parent_station":null,"stop_timezone":null,"wheelchair_boarding":"2"}},{"type":"Feature","geometry":{"type":"Point","coordinates":[5.39532,43.326854]},"properties":{"stop_id":"RTM-00001026","stop_code":"00001026","stop_name":"Monet Florida","stop_desc":"AVENUE CLAUDE MONET  MARSEILLE 13014","zone_id":null,"stop_url":null,"location_type":"0","parent_station":null,"stop_timezone":null,"wheelchair_boarding":"2"}},{"type":"Feature","geometry":{"type":"Point","coordinates":[5.393767,43.324973]},"properties":{"stop_id":"RTM-00003070","stop_code":"00003070","stop_name":"Monet Lavandins","stop_desc":"11 AVENUE CLAUDE MONET  MARSEILLE 13014","zone_id":null,"stop_url":null,"location_type":"0","parent_station":null,"stop_timezone":null,"wheelchair_boarding":"1"}},{"type":"Feature","geometry":{"type":"Point","coordinates":[5.39153919,43.29895735]},"properties":{"stop_id":"RTM-00002861","stop_code":"00002861","stop_name":"Monte Cristo Camas","stop_desc":"RUE MONTE-CRISTO  MARSEILLE 13004","zone_id":null,"stop_url":null,"location_type":"0","parent_station":null,"stop_timezone":null,"wheelchair_boarding":"1"}},{"type":"Feature","geometry":{"type":"Point","coordinates":[5.395675,43.299559]},"properties":{"stop_id":"RTM-00002860","stop_code":"00002860","stop_name":"Monte Cristo Faria","stop_desc":"33 RUE MONTE-CRISTO  MARSEILLE 13004","zone_id":null,"stop_url":null,"location_type":"0","parent_station":null,"stop_timezone":null,"wheelchair_boarding":"1"}},{"type":"Feature","geometry":{"type":"Point","coordinates":[5.378486,43.279974]},"properties":{"stop_id":"RTM-00001528","stop_code":"00001528","stop_name":"Montebello","stop_desc":null,"zone_id":null,"stop_url":null,"location_type":"0","parent_station":null,"stop_timezone":null,"wheelchair_boarding":"2"}},{"type":"Feature","geometry":{"type":"Point","coordinates":[5.494155,43.28363]},"properties":{"stop_id":"RTM-00001332","stop_code":"00001332","stop_name":"Montgrand","stop_desc":null,"zone_id":null,"stop_url":null,"location_type":"0","parent_station":null,"stop_timezone":null,"wheelchair_boarding":"2"}},{"type":"Feature","geometry":{"type":"Point","coordinates":[5.424043,43.317491]},"properties":{"stop_id":"RTM-00000794","stop_code":"00000794","stop_name":"Montolivet","stop_desc":null,"zone_id":null,"stop_url":null,"location_type":"0","parent_station":null,"stop_timezone":null,"wheelchair_boarding":"2"}},{"type":"Feature","geometry":{"type":"Point","coordinates":[5.414551,43.314938]},"properties":{"stop_id":"RTM-00000754","stop_code":"00000754","stop_name":"Montolivet Corbi\u00e8re","stop_desc":null,"zone_id":null,"stop_url":null,"location_type":"0","parent_station":null,"stop_timezone":null,"wheelchair_boarding":"2"}},{"type":"Feature","geometry":{"type":"Point","coordinates":[5.414273,43.314776]},"properties":{"stop_id":"RTM-00000798","stop_code":"00000798","stop_name":"Montolivet Corbi\u00e8re","stop_desc":null,"zone_id":null,"stop_url":null,"location_type":"0","parent_station":null,"stop_timezone":null,"wheelchair_boarding":"2"}},{"type":"Feature","geometry":{"type":"Point","coordinates":[5.417384,43.317688]},"properties":{"stop_id":"RTM-00000796","stop_code":"00000796","stop_name":"Montolivet Matheron","stop_desc":null,"zone_id":null,"stop_url":null,"location_type":"0","parent_station":null,"stop_timezone":null,"wheelchair_boarding":"2"}},{"type":"Feature","geometry":{"type":"Point","coordinates":[5.36353,43.237383]},"properties":{"stop_id":"RTM-00002876","stop_code":"00002876","stop_name":"Montredon Miremonts","stop_desc":"AVENUE DE LA MADRAGUE DE MONTREDON  MARSEILLE 13008","zone_id":null,"stop_url":null,"location_type":"0","parent_station":null,"stop_timezone":null,"wheelchair_boarding":"2"}},{"type":"Feature","geometry":{"type":"Point","coordinates":[5.37084,43.288954]},"properties":{"stop_id":"RTM-00001471","stop_code":"00001471","stop_name":"Mont\u00e9e de l'Oratoire","stop_desc":"TAD 59","zone_id":null,"stop_url":null,"location_type":"0","parent_station":null,"stop_timezone":null,"wheelchair_boarding":"2"}},{"type":"Feature","geometry":{"type":"Point","coordinates":[5.348853,43.372042]},"properties":{"stop_id":"RTM-00000024","stop_code":"00000024","stop_name":"Mont\u00e9e Graille","stop_desc":null,"zone_id":null,"stop_url":null,"location_type":"0","parent_station":null,"stop_timezone":null,"wheelchair_boarding":"2"}},{"type":"Feature","geometry":{"type":"Point","coordinates":[5.348912,43.372312]},"properties":{"stop_id":"RTM-00000029","stop_code":"00000029","stop_name":"Mont\u00e9e Graille","stop_desc":null,"zone_id":null,"stop_url":null,"location_type":"0","parent_station":null,"stop_timezone":null,"wheelchair_boarding":"2"}},{"type":"Feature","geometry":{"type":"Point","coordinates":[5.388244,43.323589]},"properties":{"stop_id":"RTM-00000108","stop_code":"00000108","stop_name":"Moretti Ste Marthe","stop_desc":null,"zone_id":null,"stop_url":null,"location_type":"0","parent_station":null,"stop_timezone":null,"wheelchair_boarding":"2"}},{"type":"Feature","geometry":{"type":"Point","coordinates":[5.38823,43.323748]},"properties":{"stop_id":"RTM-00000138","stop_code":"00000138","stop_name":"Moretti Ste Marthe","stop_desc":null,"zone_id":null,"stop_url":null,"location_type":"0","parent_station":null,"stop_timezone":null,"wheelchair_boarding":"2"}},{"type":"Feature","geometry":{"type":"Point","coordinates":[5.415327,43.228377]},"properties":{"stop_id":"RTM-00001812","stop_code":"00001812","stop_name":"Morgiou Arnaud","stop_desc":"CHEMIN DE MORGIOU  MARSEILLE 13009","zone_id":null,"stop_url":null,"location_type":"0","parent_station":null,"stop_timezone":null,"wheelchair_boarding":"2"}},{"type":"Feature","geometry":{"type":"Point","coordinates":[5.415423,43.228657]},"properties":{"stop_id":"RTM-00001814","stop_code":"00001814","stop_name":"Morgiou Arnaud","stop_desc":"CHEMIN DE MORGIOU  MARSEILLE 13009","zone_id":null,"stop_url":null,"location_type":"0","parent_station":null,"stop_timezone":null,"wheelchair_boarding":"2"}},{"type":"Feature","geometry":{"type":"Point","coordinates":[5.409033,43.237511]},"properties":{"stop_id":"RTM-00001817","stop_code":"00001817","stop_name":"Morgiou Cauvi\u00e8re","stop_desc":null,"zone_id":null,"stop_url":null,"location_type":"0","parent_station":null,"stop_timezone":null,"wheelchair_boarding":"2"}},{"type":"Feature","geometry":{"type":"Point","coordinates":[5.406986,43.240331]},"properties":{"stop_id":"RTM-00001807","stop_code":"00001807","stop_name":"Morgiou Rosiers","stop_desc":null,"zone_id":null,"stop_url":null,"location_type":"0","parent_station":null,"stop_timezone":null,"wheelchair_boarding":"1"}},{"type":"Feature","geometry":{"type":"Point","coordinates":[5.406323,43.242832]},"properties":{"stop_id":"RTM-00001819","stop_code":"00001819","stop_name":"Morgiou Seigneurie","stop_desc":null,"zone_id":null,"stop_url":null,"location_type":"0","parent_station":null,"stop_timezone":null,"wheelchair_boarding":"2"}},{"type":"Feature","geometry":{"type":"Point","coordinates":[5.410074,43.236041]},"properties":{"stop_id":"RTM-00002658","stop_code":"00002658","stop_name":"Morgiou Vert Plan","stop_desc":null,"zone_id":null,"stop_url":null,"location_type":"0","parent_station":null,"stop_timezone":null,"wheelchair_boarding":"2"}},{"type":"Feature","geometry":{"type":"Point","coordinates":[5.362873,43.296441]},"properties":{"stop_id":"RTM-00003818","stop_code":"00003818","stop_name":"Mucem Saint-Jean","stop_desc":"QUAI DU VIEUX-PORT  MARSEILLE 13002","zone_id":null,"stop_url":null,"location_type":"0","parent_station":null,"stop_timezone":null,"wheelchair_boarding":"1"}},{"type":"Feature","geometry":{"type":"Point","coordinates":[5.36247075,43.29633165]},"properties":{"stop_id":"RTM-00003828","stop_code":"00003828","stop_name":"Mucem Saint-Jean","stop_desc":"anciennement Fort St Jean","zone_id":null,"stop_url":null,"location_type":"0","parent_station":null,"stop_timezone":null,"wheelchair_boarding":"1"}},{"type":"Feature","geometry":{"type":"Point","coordinates":[5.38539,43.243936]},"properties":{"stop_id":"RTM-00001926","stop_code":"00001926","stop_name":"Musso Roy d'Espagne","stop_desc":null,"zone_id":null,"stop_url":null,"location_type":"0","parent_station":null,"stop_timezone":null,"wheelchair_boarding":"2"}},{"type":"Feature","geometry":{"type":"Point","coordinates":[5.36940157,43.4012046]},"properties":{"stop_id":"RTM-00004324","stop_code":"00004324","stop_name":"M\u00e9diath\u00e8que","stop_desc":"BOULEVARD ANTOINE VABRE  SEPT\u00c8MES-LES-VALLONS 13240","zone_id":null,"stop_url":null,"location_type":"0","parent_station":null,"stop_timezone":null,"wheelchair_boarding":"2"}},{"type":"Feature","geometry":{"type":"Point","coordinates":[5.361926,43.333024]},"properties":{"stop_id":"RTM-00004336","stop_code":"00004336","stop_name":"M\u00e9diterran\u00e9e","stop_desc":"39 BOULEVARD DE LA M\u00c9DITERRAN\u00c9E  MARSEILLE 13015","zone_id":null,"stop_url":null,"location_type":"0","parent_station":null,"stop_timezone":null,"wheelchair_boarding":"1"}},{"type":"Feature","geometry":{"type":"Point","coordinates":[5.404418,43.3296388]},"properties":{"stop_id":"RTM-00004715","stop_code":"00004715","stop_name":"M\u00e9rim\u00e9e Saint-Paul","stop_desc":null,"zone_id":null,"stop_url":null,"location_type":"0","parent_station":null,"stop_timezone":null,"wheelchair_boarding":"2"}},{"type":"Feature","geometry":{"type":"Point","coordinates":[5.4043463,43.3296857]},"properties":{"stop_id":"RTM-00004726","stop_code":"00004726","stop_name":"M\u00e9rim\u00e9e Saint-Paul","stop_desc":null,"zone_id":null,"stop_url":null,"location_type":"0","parent_station":null,"stop_timezone":null,"wheelchair_boarding":"2"}},{"type":"Feature","geometry":{"type":"Point","coordinates":[5.396812,43.303548]},"properties":{"stop_id":"RTM-00001127","stop_code":"00001127","stop_name":"M\u00e9tro 5 Avenues","stop_desc":null,"zone_id":null,"stop_url":null,"location_type":"0","parent_station":null,"stop_timezone":null,"wheelchair_boarding":"2"}},{"type":"Feature","geometry":{"type":"Point","coordinates":[5.371527,43.320881]},"properties":{"stop_id":"RTM-00000099","stop_code":"00000099","stop_name":"M\u00e9tro Bougainville","stop_desc":"d\u00e9part ligne 28","zone_id":null,"stop_url":null,"location_type":"0","parent_station":null,"stop_timezone":null,"wheelchair_boarding":"1"}},{"type":"Feature","geometry":{"type":"Point","coordinates":[5.371158,43.320221]},"properties":{"stop_id":"RTM-00000489","stop_code":"00000489","stop_name":"M\u00e9tro Bougainville","stop_desc":"arr\u00eat ligne 70     barri\u00e8res","zone_id":null,"stop_url":null,"location_type":"0","parent_station":null,"stop_timezone":null,"wheelchair_boarding":"2"}},{"type":"Feature","geometry":{"type":"Point","coordinates":[5.401238,43.308945]},"properties":{"stop_id":"RTM-00003094","stop_code":"00003094","stop_name":"M\u00e9tro Chartreux","stop_desc":"d\u00e9part ligne 67","zone_id":null,"stop_url":null,"location_type":"0","parent_station":null,"stop_timezone":null,"wheelchair_boarding":"1"}},{"type":"Feature","geometry":{"type":"Point","coordinates":[5.374308,43.300237]},"properties":{"stop_id":"RTM-00000381","stop_code":"00000381","stop_name":"M\u00e9tro Colbert","stop_desc":"9 RUE SAINTE-BARBE  MARSEILLE 13002","zone_id":null,"stop_url":null,"location_type":"0","parent_station":null,"stop_timezone":null,"wheelchair_boarding":"2"}},{"type":"Feature","geometry":{"type":"Point","coordinates":[5.378248,43.289812]},"properties":{"stop_id":"RTM-00001131","stop_code":"00001131","stop_name":"M\u00e9tro Estrangin","stop_desc":null,"zone_id":null,"stop_url":null,"location_type":"0","parent_station":null,"stop_timezone":null,"wheelchair_boarding":"2"}},{"type":"Feature","geometry":{"type":"Point","coordinates":[5.423245,43.327052]},"properties":{"stop_id":"RTM-00000978","stop_code":"00000978","stop_name":"M\u00e9tro Frais Vallon","stop_desc":null,"zone_id":null,"stop_url":null,"location_type":"0","parent_station":null,"stop_timezone":null,"wheelchair_boarding":"2"}},{"type":"Feature","geometry":{"type":"Point","coordinates":[5.367757,43.30399]},"properties":{"stop_id":"RTM-00003386","stop_code":"00003386","stop_name":"M\u00e9tro Joliette","stop_desc":null,"zone_id":null,"stop_url":null,"location_type":"0","parent_station":null,"stop_timezone":null,"wheelchair_boarding":"2"}},{"type":"Feature","geometry":{"type":"Point","coordinates":[5.3744339,43.3020805]},"properties":{"stop_id":"RTM-00000420","stop_code":"00000420","stop_name":"M\u00e9tro Jules Guesde","stop_desc":"PLACE JULES GUESDE  MARSEILLE 13003","zone_id":null,"stop_url":null,"location_type":"0","parent_station":null,"stop_timezone":null,"wheelchair_boarding":"1"}},{"type":"Feature","geometry":{"type":"Point","coordinates":[5.3742539,43.3020873]},"properties":{"stop_id":"RTM-00000525","stop_code":"00000525","stop_name":"M\u00e9tro Jules Guesde","stop_desc":"AVENUE CAMILLE PELLETAN  MARSEILLE 13003","zone_id":null,"stop_url":null,"location_type":"0","parent_station":null,"stop_timezone":null,"wheelchair_boarding":"1"}},{"type":"Feature","geometry":{"type":"Point","coordinates":[5.42432168,43.3038275]},"properties":{"stop_id":"RTM-00003558","stop_code":"00003558","stop_name":"M\u00e9tro La Fourrag\u00e8re","stop_desc":"m\u00e9tro fourrag\u00e8re ligne 10","zone_id":null,"stop_url":null,"location_type":"0","parent_station":null,"stop_timezone":null,"wheelchair_boarding":"1"}},{"type":"Feature","geometry":{"type":"Point","coordinates":[5.42511832,43.30435635]},"properties":{"stop_id":"RTM-00003679","stop_code":"00003679","stop_name":"M\u00e9tro La Fourrag\u00e8re","stop_desc":null,"zone_id":null,"stop_url":null,"location_type":"0","parent_station":null,"stop_timezone":null,"wheelchair_boarding":"2"}},{"type":"Feature","geometry":{"type":"Point","coordinates":[5.42510805,43.30450997]},"properties":{"stop_id":"RTM-00004719","stop_code":"00004719","stop_name":"M\u00e9tro La Fourrag\u00e8re","stop_desc":null,"zone_id":null,"stop_url":null,"location_type":"0","parent_station":null,"stop_timezone":null,"wheelchair_boarding":"2"}},{"type":"Feature","geometry":{"type":"Point","coordinates":[5.4241967,43.30387006]},"properties":{"stop_id":"RTM-00004721","stop_code":"00004721","stop_name":"M\u00e9tro La Fourrag\u00e8re","stop_desc":null,"zone_id":null,"stop_url":null,"location_type":"0","parent_station":null,"stop_timezone":null,"wheelchair_boarding":"2"}},{"type":"Feature","geometry":{"type":"Point","coordinates":[5.429709,43.333084]},"properties":{"stop_id":"RTM-00000570","stop_code":"00000570","stop_name":"M\u00e9tro La Rose","stop_desc":"d\u00e9part ligne 2","zone_id":null,"stop_url":null,"location_type":"0","parent_station":null,"stop_timezone":null,"wheelchair_boarding":"2"}},{"type":"Feature","geometry":{"type":"Point","coordinates":[5.429625,43.333451]},"properties":{"stop_id":"RTM-00000597","stop_code":"00000597","stop_name":"M\u00e9tro La Rose","stop_desc":"d\u00e9part ligne 3, abri 15\/312","zone_id":null,"stop_url":null,"location_type":"0","parent_station":null,"stop_timezone":null,"wheelchair_boarding":"2"}},{"type":"Feature","geometry":{"type":"Point","coordinates":[5.430734,43.333544]},"properties":{"stop_id":"RTM-00003935","stop_code":"00003935","stop_name":"M\u00e9tro La Rose","stop_desc":"RUE ALBERT EINSTEIN  MARSEILLE 13013","zone_id":null,"stop_url":null,"location_type":"0","parent_station":null,"stop_timezone":null,"wheelchair_boarding":"1"}},{"type":"Feature","geometry":{"type":"Point","coordinates":[5.43011596,43.33313751]},"properties":{"stop_id":"RTM-00004701","stop_code":"00004701","stop_name":"M\u00e9tro La Rose","stop_desc":null,"zone_id":null,"stop_url":null,"location_type":"0","parent_station":null,"stop_timezone":null,"wheelchair_boarding":"2"}},{"type":"Feature","geometry":{"type":"Point","coordinates":[5.400478,43.291538]},"properties":{"stop_id":"RTM-00004421","stop_code":"00004421","stop_name":"M\u00e9tro La Timone","stop_desc":"BOULEVARD JEAN MOULIN  MARSEILLE 13005","zone_id":null,"stop_url":null,"location_type":"0","parent_station":null,"stop_timezone":null,"wheelchair_boarding":"1"}},{"type":"Feature","geometry":{"type":"Point","coordinates":[5.400162,43.291696]},"properties":{"stop_id":"RTM-00004423","stop_code":"00004423","stop_name":"M\u00e9tro La Timone","stop_desc":"BOULEVARD JEAN MOULIN  MARSEILLE 13005","zone_id":null,"stop_url":null,"location_type":"0","parent_station":null,"stop_timezone":null,"wheelchair_boarding":"1"}},{"type":"Feature","geometry":{"type":"Point","coordinates":[5.412998,43.299987]},"properties":{"stop_id":"RTM-00000947","stop_code":"00000947","stop_name":"M\u00e9tro Louis Armand","stop_desc":null,"zone_id":null,"stop_url":null,"location_type":"0","parent_station":null,"stop_timezone":null,"wheelchair_boarding":"1"}},{"type":"Feature","geometry":{"type":"Point","coordinates":[5.41553,43.320435]},"properties":{"stop_id":"RTM-00004038","stop_code":"00004038","stop_name":"M\u00e9tro Malpass\u00e9","stop_desc":"AVENUE JEAN-PAUL SARTRE  MARSEILLE 13013","zone_id":null,"stop_url":null,"location_type":"0","parent_station":null,"stop_timezone":null,"wheelchair_boarding":"1"}},{"type":"Feature","geometry":{"type":"Point","coordinates":[5.4156591,43.32080678]},"properties":{"stop_id":"RTM-00004572","stop_code":"00004572","stop_name":"M\u00e9tro Malpass\u00e9","stop_desc":"Bus Relais M2 - Nuits Longues NEOMMA","zone_id":null,"stop_url":null,"location_type":"0","parent_station":null,"stop_timezone":null,"wheelchair_boarding":"2"}},{"type":"Feature","geometry":{"type":"Point","coordinates":[5.41650525,43.32051818]},"properties":{"stop_id":"RTM-00004575","stop_code":"00004575","stop_name":"M\u00e9tro Malpass\u00e9","stop_desc":"Bus Relais M2 - Nuits Longues NEOMMA","zone_id":null,"stop_url":null,"location_type":"0","parent_station":null,"stop_timezone":null,"wheelchair_boarding":"2"}},{"type":"Feature","geometry":{"type":"Point","coordinates":[5.373036,43.315639]},"properties":{"stop_id":"RTM-00000561","stop_code":"00000561","stop_name":"M\u00e9tro National","stop_desc":"RUE REN\u00c9 CASSIN  MARSEILLE 13003","zone_id":null,"stop_url":null,"location_type":"0","parent_station":null,"stop_timezone":null,"wheelchair_boarding":"1"}},{"type":"Feature","geometry":{"type":"Point","coordinates":[5.38239782,43.29334857]},"properties":{"stop_id":"RTM-00004409","stop_code":"00004409","stop_name":"M\u00e9tro Notre Dame du Mont","stop_desc":"33 COURS LIEUTAUD  MARSEILLE 13006","zone_id":null,"stop_url":null,"location_type":"0","parent_station":null,"stop_timezone":null,"wheelchair_boarding":"1"}},{"type":"Feature","geometry":{"type":"Point","coordinates":[5.38709263,43.2793349]},"properties":{"stop_id":"RTM-00004199","stop_code":"00004199","stop_name":"M\u00e9tro P\u00e9rier","stop_desc":null,"zone_id":null,"stop_url":null,"location_type":"0","parent_station":null,"stop_timezone":null,"wheelchair_boarding":"2"}},{"type":"Feature","geometry":{"type":"Point","coordinates":[5.39225936,43.27110847]},"properties":{"stop_id":"RTM-00001791","stop_code":"00001791","stop_name":"M\u00e9tro Rond Point du Prado","stop_desc":"BOULEVARD MICHELET  MARSEILLE 13008","zone_id":null,"stop_url":null,"location_type":"0","parent_station":null,"stop_timezone":null,"wheelchair_boarding":"1"}},{"type":"Feature","geometry":{"type":"Point","coordinates":[5.392112,43.271687]},"properties":{"stop_id":"RTM-00004114","stop_code":"00004114","stop_name":"M\u00e9tro Rond Point du Prado","stop_desc":null,"zone_id":null,"stop_url":null,"location_type":"0","parent_station":null,"stop_timezone":null,"wheelchair_boarding":"1"}},{"type":"Feature","geometry":{"type":"Point","coordinates":[5.392275,43.271451]},"properties":{"stop_id":"RTM-00004116","stop_code":"00004116","stop_name":"M\u00e9tro Rond Point du Prado","stop_desc":null,"zone_id":null,"stop_url":null,"location_type":"0","parent_station":null,"stop_timezone":null,"wheelchair_boarding":"1"}},{"type":"Feature","geometry":{"type":"Point","coordinates":[5.38987756,43.27146]},"properties":{"stop_id":"RTM-00004737","stop_code":"00004737","stop_name":"M\u00e9tro Rond Point du Prado","stop_desc":null,"zone_id":null,"stop_url":null,"location_type":"0","parent_station":null,"stop_timezone":null,"wheelchair_boarding":"2"}},{"type":"Feature","geometry":{"type":"Point","coordinates":[5.419413,43.303716]},"properties":{"stop_id":"RTM-00003762","stop_code":"00003762","stop_name":"M\u00e9tro St Barnab\u00e9","stop_desc":"ligne 10","zone_id":null,"stop_url":null,"location_type":"0","parent_station":null,"stop_timezone":null,"wheelchair_boarding":"1"}},{"type":"Feature","geometry":{"type":"Point","coordinates":[5.405349,43.31621]},"properties":{"stop_id":"RTM-00001118","stop_code":"00001118","stop_name":"M\u00e9tro St Just","stop_desc":"d\u00e9part ligne 81","zone_id":null,"stop_url":null,"location_type":"0","parent_station":null,"stop_timezone":null,"wheelchair_boarding":"2"}},{"type":"Feature","geometry":{"type":"Point","coordinates":[5.38429856,43.30535385]},"properties":{"stop_id":"RTM-00000207","stop_code":"00000207","stop_name":"National Guibal","stop_desc":"BOULEVARD NATIONAL  MARSEILLE 13001","zone_id":null,"stop_url":null,"location_type":"0","parent_station":null,"stop_timezone":null,"wheelchair_boarding":"1"}},{"type":"Feature","geometry":{"type":"Point","coordinates":[5.374633,43.313481]},"properties":{"stop_id":"RTM-00004247","stop_code":"00004247","stop_name":"National Jullien","stop_desc":"347 BOULEVARD NATIONAL  MARSEILLE 13003","zone_id":null,"stop_url":null,"location_type":"0","parent_station":null,"stop_timezone":null,"wheelchair_boarding":"1"}},{"type":"Feature","geometry":{"type":"Point","coordinates":[5.381277,43.2967735]},"properties":{"stop_id":"RTM-00002322","stop_code":"00002322","stop_name":"Noailles","stop_desc":null,"zone_id":null,"stop_url":null,"location_type":"0","parent_station":null,"stop_timezone":null,"wheelchair_boarding":"2"}},{"type":"Feature","geometry":{"type":"Point","coordinates":[5.381626,43.29771]},"properties":{"stop_id":"RTM-00003217","stop_code":"00003217","stop_name":"Noailles","stop_desc":null,"zone_id":null,"stop_url":null,"location_type":"0","parent_station":null,"stop_timezone":null,"wheelchair_boarding":"1"}},{"type":"Feature","geometry":{"type":"Point","coordinates":[5.381482,43.297928]},"properties":{"stop_id":"RTM-00003272","stop_code":"00003272","stop_name":"Noailles","stop_desc":null,"zone_id":null,"stop_url":null,"location_type":"0","parent_station":null,"stop_timezone":null,"wheelchair_boarding":"1"}},{"type":"Feature","geometry":{"type":"Point","coordinates":[5.431271,43.318442]},"properties":{"stop_id":"RTM-00000789","stop_code":"00000789","stop_name":"Norma Compostelle","stop_desc":null,"zone_id":null,"stop_url":null,"location_type":"0","parent_station":null,"stop_timezone":null,"wheelchair_boarding":"2"}},{"type":"Feature","geometry":{"type":"Point","coordinates":[5.360868,43.388772]},"properties":{"stop_id":"RTM-00003015","stop_code":"00003015","stop_name":"Notre Dame","stop_desc":"AVENUE DU 8 MAI 1945  SEPT\u00c8MES-LES-VALLONS 13240  ABS de mat\u00e9riel RTM","zone_id":null,"stop_url":null,"location_type":"0","parent_station":null,"stop_timezone":null,"wheelchair_boarding":"2"}},{"type":"Feature","geometry":{"type":"Point","coordinates":[5.420016,43.339885]},"properties":{"stop_id":"RTM-00004366","stop_code":"00004366","stop_name":"Notre Dame de la Consolation","stop_desc":"CHEMIN DE CH\u00c2TEAU-GOMBERT  MARSEILLE 13013","zone_id":null,"stop_url":null,"location_type":"0","parent_station":null,"stop_timezone":null,"wheelchair_boarding":"2"}},{"type":"Feature","geometry":{"type":"Point","coordinates":[5.371708,43.284373]},"properties":{"stop_id":"RTM-00001467","stop_code":"00001467","stop_name":"Notre Dame de la Garde","stop_desc":"abs trottoir","zone_id":null,"stop_url":null,"location_type":"0","parent_station":null,"stop_timezone":null,"wheelchair_boarding":"2"}},{"type":"Feature","geometry":{"type":"Point","coordinates":[5.37728727,43.30246112]},"properties":{"stop_id":"RTM-00000421","stop_code":"00000421","stop_name":"N\u00e9delec Guesde","stop_desc":"BOULEVARD CHARLES N\u00c9DELEC  MARSEILLE 13003","zone_id":null,"stop_url":null,"location_type":"0","parent_station":null,"stop_timezone":null,"wheelchair_boarding":"2"}},{"type":"Feature","geometry":{"type":"Point","coordinates":[5.37851572,43.30311697]},"properties":{"stop_id":"RTM-00000379","stop_code":"00000379","stop_name":"N\u00e9delec St Charles","stop_desc":"29 BOULEVARD CHARLES N\u00c9DELEC  MARSEILLE 13003","zone_id":null,"stop_url":null,"location_type":"0","parent_station":null,"stop_timezone":null,"wheelchair_boarding":"2"}},{"type":"Feature","geometry":{"type":"Point","coordinates":[5.390632,43.269656]},"properties":{"stop_id":"RTM-00002855","stop_code":"00002855","stop_name":"N\u00e9gresko","stop_desc":null,"zone_id":null,"stop_url":null,"location_type":"0","parent_station":null,"stop_timezone":null,"wheelchair_boarding":"1"}},{"type":"Feature","geometry":{"type":"Point","coordinates":[5.403314,43.251085]},"properties":{"stop_id":"RTM-00001757","stop_code":"00001757","stop_name":"Ob\u00e9lisque","stop_desc":null,"zone_id":null,"stop_url":null,"location_type":"0","parent_station":null,"stop_timezone":null,"wheelchair_boarding":"2"}},{"type":"Feature","geometry":{"type":"Point","coordinates":[5.403307,43.25154]},"properties":{"stop_id":"RTM-00001782","stop_code":"00001782","stop_name":"Ob\u00e9lisque","stop_desc":null,"zone_id":null,"stop_url":null,"location_type":"0","parent_station":null,"stop_timezone":null,"wheelchair_boarding":"2"}},{"type":"Feature","geometry":{"type":"Point","coordinates":[5.401024,43.240593]},"properties":{"stop_id":"RTM-00001851","stop_code":"00001851","stop_name":"Oc\u00e9an Pistou","stop_desc":null,"zone_id":null,"stop_url":null,"location_type":"0","parent_station":null,"stop_timezone":null,"wheelchair_boarding":"2"}},{"type":"Feature","geometry":{"type":"Point","coordinates":[5.39309,43.304228]},"properties":{"stop_id":"RTM-00003864","stop_code":"00003864","stop_name":"Palais Longchamp","stop_desc":null,"zone_id":null,"stop_url":null,"location_type":"0","parent_station":null,"stop_timezone":null,"wheelchair_boarding":"2"}},{"type":"Feature","geometry":{"type":"Point","coordinates":[5.401836,43.281291]},"properties":{"stop_id":"RTM-00003712","stop_code":"00003712","stop_name":"Palais Omnisports","stop_desc":null,"zone_id":null,"stop_url":null,"location_type":"0","parent_station":null,"stop_timezone":null,"wheelchair_boarding":"1"}},{"type":"Feature","geometry":{"type":"Point","coordinates":[5.437743,43.352248]},"properties":{"stop_id":"RTM-00000680","stop_code":"00000680","stop_name":"Palama Ch\u00e2teau Gombert","stop_desc":null,"zone_id":null,"stop_url":null,"location_type":"0","parent_station":null,"stop_timezone":null,"wheelchair_boarding":"1"}},{"type":"Feature","geometry":{"type":"Point","coordinates":[5.437648,43.352383]},"properties":{"stop_id":"RTM-00000718","stop_code":"00000718","stop_name":"Palama Ch\u00e2teau Gombert","stop_desc":null,"zone_id":null,"stop_url":null,"location_type":"0","parent_station":null,"stop_timezone":null,"wheelchair_boarding":"2"}},{"type":"Feature","geometry":{"type":"Point","coordinates":[5.385762,43.27202]},"properties":{"stop_id":"RTM-00001140","stop_code":"00001140","stop_name":"Paradis D'Urville","stop_desc":null,"zone_id":null,"stop_url":null,"location_type":"0","parent_station":null,"stop_timezone":null,"wheelchair_boarding":"2"}},{"type":"Feature","geometry":{"type":"Point","coordinates":[5.38373,43.276815]},"properties":{"stop_id":"RTM-00001137","stop_code":"00001137","stop_name":"Paradis Wulfran Puget","stop_desc":null,"zone_id":null,"stop_url":null,"location_type":"0","parent_station":null,"stop_timezone":null,"wheelchair_boarding":"2"}},{"type":"Feature","geometry":{"type":"Point","coordinates":[5.38151982,43.26949405]},"properties":{"stop_id":"RTM-00004205","stop_code":"00004205","stop_name":"Parc Bagatelle","stop_desc":null,"zone_id":null,"stop_url":null,"location_type":"0","parent_station":null,"stop_timezone":null,"wheelchair_boarding":"2"}},{"type":"Feature","geometry":{"type":"Point","coordinates":[5.365854,43.34373]},"properties":{"stop_id":"RTM-00000153","stop_code":"00000153","stop_name":"Parc Blanchard","stop_desc":null,"zone_id":null,"stop_url":null,"location_type":"0","parent_station":null,"stop_timezone":null,"wheelchair_boarding":"2"}},{"type":"Feature","geometry":{"type":"Point","coordinates":[5.377813,43.263961]},"properties":{"stop_id":"RTM-00001703","stop_code":"00001703","stop_name":"Parc Bor\u00e9ly","stop_desc":null,"zone_id":null,"stop_url":null,"location_type":"0","parent_station":null,"stop_timezone":null,"wheelchair_boarding":"1"}},{"type":"Feature","geometry":{"type":"Point","coordinates":[5.39033569,43.28239281]},"properties":{"stop_id":"RTM-00004756","stop_code":"00004756","stop_name":"Parc du 26\u00e8me Centenaire","stop_desc":"Prolongement T3","zone_id":null,"stop_url":null,"location_type":"0","parent_station":null,"stop_timezone":null,"wheelchair_boarding":"1"}},{"type":"Feature","geometry":{"type":"Point","coordinates":[5.463542,43.34379]},"properties":{"stop_id":"RTM-00004156","stop_code":"00004156","stop_name":"Parc du Bocage","stop_desc":"D44 F  PLAN-DE-CUQUES 13380","zone_id":null,"stop_url":null,"location_type":"0","parent_station":null,"stop_timezone":null,"wheelchair_boarding":"2"}},{"type":"Feature","geometry":{"type":"Point","coordinates":[5.442578,43.281691]},"properties":{"stop_id":"RTM-00001301","stop_code":"00001301","stop_name":"Parc Saint-Cyr","stop_desc":"69 CHEMIN RURAL DE LA VALBARELLE \u00c0 SAINT-MARCEL  MARSEILLE 13010","zone_id":null,"stop_url":null,"location_type":"0","parent_station":null,"stop_timezone":null,"wheelchair_boarding":"1"}},{"type":"Feature","geometry":{"type":"Point","coordinates":[5.359526,43.343487]},"properties":{"stop_id":"RTM-00004024","stop_code":"00004024","stop_name":"Parc St Louis","stop_desc":null,"zone_id":null,"stop_url":null,"location_type":"0","parent_station":null,"stop_timezone":null,"wheelchair_boarding":"1"}},{"type":"Feature","geometry":{"type":"Point","coordinates":[5.40483793,43.26182613]},"properties":{"stop_id":"RTM-00004765","stop_code":"00004765","stop_name":"Parc S\u00e9vign\u00e9","stop_desc":"Prolongement T3","zone_id":null,"stop_url":null,"location_type":"0","parent_station":null,"stop_timezone":null,"wheelchair_boarding":"1"}},{"type":"Feature","geometry":{"type":"Point","coordinates":[5.40489251,43.26187135]},"properties":{"stop_id":"RTM-00004766","stop_code":"00004766","stop_name":"Parc S\u00e9vign\u00e9","stop_desc":"Prolongement T3","zone_id":null,"stop_url":null,"location_type":"0","parent_station":null,"stop_timezone":null,"wheelchair_boarding":"1"}},{"type":"Feature","geometry":{"type":"Point","coordinates":[5.35492046,43.27811986]},"properties":{"stop_id":"RTM-00002062","stop_code":"00002062","stop_name":"Parc Valmer","stop_desc":"CORNICHE PR\u00c9SIDENT JOHN F. KENNEDY  MARSEILLE 13007","zone_id":null,"stop_url":null,"location_type":"0","parent_station":null,"stop_timezone":null,"wheelchair_boarding":"1"}},{"type":"Feature","geometry":{"type":"Point","coordinates":[5.396157,43.311604]},"properties":{"stop_id":"RTM-00001563","stop_code":"00001563","stop_name":"Pardigon","stop_desc":null,"zone_id":null,"stop_url":null,"location_type":"0","parent_station":null,"stop_timezone":null,"wheelchair_boarding":"1"}},{"type":"Feature","geometry":{"type":"Point","coordinates":[5.39601189,43.31170787]},"properties":{"stop_id":"RTM-00001573","stop_code":"00001573","stop_name":"Pardigon","stop_desc":"AVENUE DES CHUTES LAVIE  MARSEILLE 13004","zone_id":null,"stop_url":null,"location_type":"0","parent_station":null,"stop_timezone":null,"wheelchair_boarding":"1"}},{"type":"Feature","geometry":{"type":"Point","coordinates":[5.46658267,43.35852432]},"properties":{"stop_id":"RTM-00002156","stop_code":"00002156","stop_name":"Pasteur Monette","stop_desc":"70 AVENUE LOUIS PASTEUR  PLAN-DE-CUQUES 13380","zone_id":null,"stop_url":null,"location_type":"0","parent_station":null,"stop_timezone":null,"wheelchair_boarding":"1"}},{"type":"Feature","geometry":{"type":"Point","coordinates":[5.356832,43.348581]},"properties":{"stop_id":"RTM-00004389","stop_code":"00004389","stop_name":"Paul Gaffarel","stop_desc":"AVENUE PAUL GAFFAREL  MARSEILLE 13015","zone_id":null,"stop_url":null,"location_type":"0","parent_station":null,"stop_timezone":null,"wheelchair_boarding":"2"}},{"type":"Feature","geometry":{"type":"Point","coordinates":[5.469362,43.306556]},"properties":{"stop_id":"RTM-00000648","stop_code":"00000648","stop_name":"Peintres Roux Jardinerie","stop_desc":null,"zone_id":null,"stop_url":null,"location_type":"0","parent_station":null,"stop_timezone":null,"wheelchair_boarding":"2"}},{"type":"Feature","geometry":{"type":"Point","coordinates":[5.473175,43.303401]},"properties":{"stop_id":"RTM-00002501","stop_code":"00002501","stop_name":"Peintres Roux La Serviane","stop_desc":null,"zone_id":null,"stop_url":null,"location_type":"0","parent_station":null,"stop_timezone":null,"wheelchair_boarding":"2"}},{"type":"Feature","geometry":{"type":"Point","coordinates":[5.389043,43.315061]},"properties":{"stop_id":"RTM-00000211","stop_code":"00000211","stop_name":"Perrin Guigou","stop_desc":"Arr\u00eat replac\u00e9 suite impr\u00e9cision gps relev\u00e9 terrain","zone_id":null,"stop_url":null,"location_type":"0","parent_station":null,"stop_timezone":null,"wheelchair_boarding":"2"}},{"type":"Feature","geometry":{"type":"Point","coordinates":[5.368679,43.290128]},"properties":{"stop_id":"RTM-00001403","stop_code":"00001403","stop_name":"Petit Chantier","stop_desc":null,"zone_id":null,"stop_url":null,"location_type":"0","parent_station":null,"stop_timezone":null,"wheelchair_boarding":"2"}},{"type":"Feature","geometry":{"type":"Point","coordinates":[5.369248,43.290413]},"properties":{"stop_id":"RTM-00001413","stop_code":"00001413","stop_name":"Petit Chantier","stop_desc":null,"zone_id":null,"stop_url":null,"location_type":"0","parent_station":null,"stop_timezone":null,"wheelchair_boarding":"2"}},{"type":"Feature","geometry":{"type":"Point","coordinates":[5.466028,43.289372]},"properties":{"stop_id":"RTM-00001198","stop_code":"00001198","stop_name":"Petit St Marcel","stop_desc":null,"zone_id":null,"stop_url":null,"location_type":"0","parent_station":null,"stop_timezone":null,"wheelchair_boarding":"2"}},{"type":"Feature","geometry":{"type":"Point","coordinates":[5.440735,43.320848]},"properties":{"stop_id":"RTM-00000783","stop_code":"00000783","stop_name":"Petit S\u00e9minaire","stop_desc":null,"zone_id":null,"stop_url":null,"location_type":"0","parent_station":null,"stop_timezone":null,"wheelchair_boarding":"2"}},{"type":"Feature","geometry":{"type":"Point","coordinates":[5.31173661,43.3677105]},"properties":{"stop_id":"RTM-00003563","stop_code":"00003563","stop_name":"Pichou Villa Bellevue","stop_desc":"pas de trottoir","zone_id":null,"stop_url":null,"location_type":"0","parent_station":null,"stop_timezone":null,"wheelchair_boarding":"2"}},{"type":"Feature","geometry":{"type":"Point","coordinates":[5.375851,43.390469]},"properties":{"stop_id":"RTM-00003050","stop_code":"00003050","stop_name":"Pin\u00e8de Rougi\u00e8re","stop_desc":"pas de sigep. ancien affichage","zone_id":null,"stop_url":null,"location_type":"0","parent_station":null,"stop_timezone":null,"wheelchair_boarding":"2"}},{"type":"Feature","geometry":{"type":"Point","coordinates":[5.373622,43.264523]},"properties":{"stop_id":"RTM-00002071","stop_code":"00002071","stop_name":"Place Amiral Muselier","stop_desc":null,"zone_id":null,"stop_url":null,"location_type":"0","parent_station":null,"stop_timezone":null,"wheelchair_boarding":"1"}},{"type":"Feature","geometry":{"type":"Point","coordinates":[5.381996,43.253425]},"properties":{"stop_id":"RTM-00001919","stop_code":"00001919","stop_name":"Place Bonnefon","stop_desc":"BOULEVARD DU SABLIER  MARSEILLE 13008","zone_id":null,"stop_url":null,"location_type":"0","parent_station":null,"stop_timezone":null,"wheelchair_boarding":"2"}},{"type":"Feature","geometry":{"type":"Point","coordinates":[5.38263,43.25429]},"properties":{"stop_id":"RTM-00001982","stop_code":"00001982","stop_name":"Place Bonnefon","stop_desc":null,"zone_id":null,"stop_url":null,"location_type":"0","parent_station":null,"stop_timezone":null,"wheelchair_boarding":"2"}},{"type":"Feature","geometry":{"type":"Point","coordinates":[5.382802,43.254116]},"properties":{"stop_id":"RTM-00004222","stop_code":"00004222","stop_name":"Place Bonnefon","stop_desc":"AVENUE DE HAMBOURG  MARSEILLE 13008","zone_id":null,"stop_url":null,"location_type":"0","parent_station":null,"stop_timezone":null,"wheelchair_boarding":"2"}},{"type":"Feature","geometry":{"type":"Point","coordinates":[5.400977,43.305995]},"properties":{"stop_id":"RTM-00000746","stop_code":"00000746","stop_name":"Place Brossolette","stop_desc":null,"zone_id":null,"stop_url":null,"location_type":"0","parent_station":null,"stop_timezone":null,"wheelchair_boarding":"1"}},{"type":"Feature","geometry":{"type":"Point","coordinates":[5.389299,43.314768]},"properties":{"stop_id":"RTM-00002013","stop_code":"00002013","stop_name":"Place Burel","stop_desc":null,"zone_id":null,"stop_url":null,"location_type":"0","parent_station":null,"stop_timezone":null,"wheelchair_boarding":"2"}},{"type":"Feature","geometry":{"type":"Point","coordinates":[5.387376,43.31185]},"properties":{"stop_id":"RTM-00003533","stop_code":"00003533","stop_name":"Place Cadenat","stop_desc":null,"zone_id":null,"stop_url":null,"location_type":"0","parent_station":null,"stop_timezone":null,"wheelchair_boarding":"2"}},{"type":"Feature","geometry":{"type":"Point","coordinates":[5.3878189,43.31190569]},"properties":{"stop_id":"RTM-00004630","stop_code":"00004630","stop_name":"Place Cadenat","stop_desc":null,"zone_id":null,"stop_url":null,"location_type":"0","parent_station":null,"stop_timezone":null,"wheelchair_boarding":"2"}},{"type":"Feature","geometry":{"type":"Point","coordinates":[5.384606,43.312868]},"properties":{"stop_id":"RTM-00000220","stop_code":"00000220","stop_name":"Place Caffo","stop_desc":null,"zone_id":null,"stop_url":null,"location_type":"0","parent_station":null,"stop_timezone":null,"wheelchair_boarding":"1"}},{"type":"Feature","geometry":{"type":"Point","coordinates":[5.370189,43.286302]},"properties":{"stop_id":"RTM-00001469","stop_code":"00001469","stop_name":"Place Colonel Edon","stop_desc":"TAD 59","zone_id":null,"stop_url":null,"location_type":"0","parent_station":null,"stop_timezone":null,"wheelchair_boarding":"2"}},{"type":"Feature","geometry":{"type":"Point","coordinates":[5.419769,43.309875]},"properties":{"stop_id":"RTM-00000875","stop_code":"00000875","stop_name":"Place de Bois Luzy","stop_desc":null,"zone_id":null,"stop_url":null,"location_type":"0","parent_station":null,"stop_timezone":null,"wheelchair_boarding":"2"}},{"type":"Feature","geometry":{"type":"Point","coordinates":[5.372497,43.290382]},"properties":{"stop_id":"RTM-00001412","stop_code":"00001412","stop_name":"Place de la Corderie","stop_desc":null,"zone_id":null,"stop_url":null,"location_type":"0","parent_station":null,"stop_timezone":null,"wheelchair_boarding":"2"}},{"type":"Feature","geometry":{"type":"Point","coordinates":[5.365309,43.297329]},"properties":{"stop_id":"RTM-00000439","stop_code":"00000439","stop_name":"Place de Lenche","stop_desc":null,"zone_id":null,"stop_url":null,"location_type":"0","parent_station":null,"stop_timezone":null,"wheelchair_boarding":"1"}},{"type":"Feature","geometry":{"type":"Point","coordinates":[5.39836358,43.2840052]},"properties":{"stop_id":"RTM-00002023","stop_code":"00002023","stop_name":"Place de Pologne","stop_desc":null,"zone_id":null,"stop_url":null,"location_type":"0","parent_station":null,"stop_timezone":null,"wheelchair_boarding":"1"}},{"type":"Feature","geometry":{"type":"Point","coordinates":[5.380716,43.291407]},"properties":{"stop_id":"RTM-00004131","stop_code":"00004131","stop_name":"Place de Rome","stop_desc":null,"zone_id":null,"stop_url":null,"location_type":"0","parent_station":null,"stop_timezone":null,"wheelchair_boarding":"1"}},{"type":"Feature","geometry":{"type":"Point","coordinates":[5.41766981,43.34339025]},"properties":{"stop_id":"RTM-00001081","stop_code":"00001081","stop_name":"Place de St Mitre","stop_desc":null,"zone_id":null,"stop_url":null,"location_type":"0","parent_station":null,"stop_timezone":null,"wheelchair_boarding":"2"}},{"type":"Feature","geometry":{"type":"Point","coordinates":[5.383433,43.279135]},"properties":{"stop_id":"RTM-00001088","stop_code":"00001088","stop_name":"Place Delibes","stop_desc":null,"zone_id":null,"stop_url":null,"location_type":"0","parent_station":null,"stop_timezone":null,"wheelchair_boarding":"2"}},{"type":"Feature","geometry":{"type":"Point","coordinates":[5.38294,43.278712]},"properties":{"stop_id":"RTM-00001136","stop_code":"00001136","stop_name":"Place Delibes","stop_desc":null,"zone_id":null,"stop_url":null,"location_type":"0","parent_station":null,"stop_timezone":null,"wheelchair_boarding":"2"}},{"type":"Feature","geometry":{"type":"Point","coordinates":[5.383266,43.279224]},"properties":{"stop_id":"RTM-00001496","stop_code":"00001496","stop_name":"Place Delibes","stop_desc":null,"zone_id":null,"stop_url":null,"location_type":"0","parent_station":null,"stop_timezone":null,"wheelchair_boarding":"2"}},{"type":"Feature","geometry":{"type":"Point","coordinates":[5.374818,43.326934]},"properties":{"stop_id":"RTM-00000375","stop_code":"00000375","stop_name":"Place des Etats Unis","stop_desc":"151 BOULEVARD DANIELLE CASANOVA  MARSEILLE 13014","zone_id":null,"stop_url":null,"location_type":"0","parent_station":null,"stop_timezone":null,"wheelchair_boarding":"1"}},{"type":"Feature","geometry":{"type":"Point","coordinates":[5.3594,43.289081]},"properties":{"stop_id":"RTM-00003745","stop_code":"00003745","stop_name":"Place du 4 Septembre","stop_desc":"ligne 83","zone_id":null,"stop_url":null,"location_type":"0","parent_station":null,"stop_timezone":null,"wheelchair_boarding":"2"}},{"type":"Feature","geometry":{"type":"Point","coordinates":[5.39872789,43.27710471]},"properties":{"stop_id":"RTM-00002029","stop_code":"00002029","stop_name":"Place Ferri\u00e9","stop_desc":null,"zone_id":null,"stop_url":null,"location_type":"0","parent_station":null,"stop_timezone":null,"wheelchair_boarding":"2"}},{"type":"Feature","geometry":{"type":"Point","coordinates":[5.35929018,43.38698426]},"properties":{"stop_id":"RTM-00002957","stop_code":"00002957","stop_name":"Place Gabriel P\u00e9ri","stop_desc":null,"zone_id":null,"stop_url":null,"location_type":"0","parent_station":null,"stop_timezone":null,"wheelchair_boarding":"2"}},{"type":"Feature","geometry":{"type":"Point","coordinates":[5.372554,43.305596]},"properties":{"stop_id":"RTM-00000524","stop_code":"00000524","stop_name":"Place Marceau","stop_desc":null,"zone_id":null,"stop_url":null,"location_type":"0","parent_station":null,"stop_timezone":null,"wheelchair_boarding":"2"}},{"type":"Feature","geometry":{"type":"Point","coordinates":[5.357492,43.283956]},"properties":{"stop_id":"RTM-00001549","stop_code":"00001549","stop_name":"Place Saint-Eug\u00e8ne","stop_desc":"TAD 59","zone_id":null,"stop_url":null,"location_type":"0","parent_station":null,"stop_timezone":null,"wheelchair_boarding":"2"}},{"type":"Feature","geometry":{"type":"Point","coordinates":[5.39717052,43.29902311]},"properties":{"stop_id":"RTM-00001552","stop_code":"00001552","stop_name":"Place S\u00e9bastopol","stop_desc":null,"zone_id":null,"stop_url":null,"location_type":"0","parent_station":null,"stop_timezone":null,"wheelchair_boarding":"1"}},{"type":"Feature","geometry":{"type":"Point","coordinates":[5.397816,43.299052]},"properties":{"stop_id":"RTM-00003365","stop_code":"00003365","stop_name":"Place S\u00e9bastopol","stop_desc":null,"zone_id":null,"stop_url":null,"location_type":"0","parent_station":null,"stop_timezone":null,"wheelchair_boarding":"1"}},{"type":"Feature","geometry":{"type":"Point","coordinates":[5.397826,43.299721]},"properties":{"stop_id":"RTM-00003862","stop_code":"00003862","stop_name":"Place S\u00e9bastopol","stop_desc":null,"zone_id":null,"stop_url":null,"location_type":"0","parent_station":null,"stop_timezone":null,"wheelchair_boarding":"1"}},{"type":"Feature","geometry":{"type":"Point","coordinates":[5.375085,43.284284]},"properties":{"stop_id":"RTM-00001456","stop_code":"00001456","stop_name":"Place Val\u00e8re Bernard","stop_desc":"TAD 59","zone_id":null,"stop_url":null,"location_type":"0","parent_station":null,"stop_timezone":null,"wheelchair_boarding":"2"}},{"type":"Feature","geometry":{"type":"Point","coordinates":[5.375565,43.262548]},"properties":{"stop_id":"RTM-00001704","stop_code":"00001704","stop_name":"Plage du Prado","stop_desc":"symbole ufo apr\u00e8s l'arr\u00eat","zone_id":null,"stop_url":null,"location_type":"0","parent_station":null,"stop_timezone":null,"wheelchair_boarding":"1"}},{"type":"Feature","geometry":{"type":"Point","coordinates":[5.46387,43.347627]},"properties":{"stop_id":"RTM-00002199","stop_code":"00002199","stop_name":"Plan de Cuques Eglise","stop_desc":null,"zone_id":null,"stop_url":null,"location_type":"0","parent_station":null,"stop_timezone":null,"wheelchair_boarding":"1"}},{"type":"Feature","geometry":{"type":"Point","coordinates":[5.461065,43.345318]},"properties":{"stop_id":"RTM-00002200","stop_code":"00002200","stop_name":"Plan de Cuques Mairie","stop_desc":null,"zone_id":null,"stop_url":null,"location_type":"0","parent_station":null,"stop_timezone":null,"wheelchair_boarding":"2"}},{"type":"Feature","geometry":{"type":"Point","coordinates":[5.48073765,43.32799296]},"properties":{"stop_id":"RTM-00004532","stop_code":"00004532","stop_name":"Plateau des Aubagnens","stop_desc":"TAD 65 \/ SCO 2022","zone_id":null,"stop_url":null,"location_type":"0","parent_station":null,"stop_timezone":null,"wheelchair_boarding":"2"}},{"type":"Feature","geometry":{"type":"Point","coordinates":[5.384342,43.315981]},"properties":{"stop_id":"RTM-00002012","stop_code":"00002012","stop_name":"Plombi\u00e8res Arnal","stop_desc":null,"zone_id":null,"stop_url":null,"location_type":"0","parent_station":null,"stop_timezone":null,"wheelchair_boarding":"1"}},{"type":"Feature","geometry":{"type":"Point","coordinates":[5.383655,43.31637]},"properties":{"stop_id":"RTM-00002043","stop_code":"00002043","stop_name":"Plombi\u00e8res Arnal","stop_desc":null,"zone_id":null,"stop_url":null,"location_type":"0","parent_station":null,"stop_timezone":null,"wheelchair_boarding":"1"}},{"type":"Feature","geometry":{"type":"Point","coordinates":[5.3859319,43.31546772]},"properties":{"stop_id":"RTM-00002594","stop_code":"00002594","stop_name":"Plombi\u00e8res Bon Secours","stop_desc":null,"zone_id":null,"stop_url":null,"location_type":"0","parent_station":null,"stop_timezone":null,"wheelchair_boarding":"1"}},{"type":"Feature","geometry":{"type":"Point","coordinates":[5.38216766,43.31691142]},"properties":{"stop_id":"RTM-00004516","stop_code":"00004516","stop_name":"Plombi\u00e8res Cubeddu","stop_desc":null,"zone_id":null,"stop_url":null,"location_type":"0","parent_station":null,"stop_timezone":null,"wheelchair_boarding":"2"}},{"type":"Feature","geometry":{"type":"Point","coordinates":[5.462524,43.31427]},"properties":{"stop_id":"RTM-00000629","stop_code":"00000629","stop_name":"Poilus Ecoles","stop_desc":null,"zone_id":null,"stop_url":null,"location_type":"0","parent_station":null,"stop_timezone":null,"wheelchair_boarding":"2"}},{"type":"Feature","geometry":{"type":"Point","coordinates":[5.462418,43.314575]},"properties":{"stop_id":"RTM-00000650","stop_code":"00000650","stop_name":"Poilus Ecoles","stop_desc":null,"zone_id":null,"stop_url":null,"location_type":"0","parent_station":null,"stop_timezone":null,"wheelchair_boarding":"2"}},{"type":"Feature","geometry":{"type":"Point","coordinates":[5.456997,43.3226]},"properties":{"stop_id":"RTM-00000626","stop_code":"00000626","stop_name":"Poilus Mistral","stop_desc":null,"zone_id":null,"stop_url":null,"location_type":"0","parent_station":null,"stop_timezone":null,"wheelchair_boarding":"2"}},{"type":"Feature","geometry":{"type":"Point","coordinates":[5.370064,43.243717]},"properties":{"stop_id":"RTM-00001710","stop_code":"00001710","stop_name":"Pointe Rouge","stop_desc":null,"zone_id":null,"stop_url":null,"location_type":"0","parent_station":null,"stop_timezone":null,"wheelchair_boarding":"1"}},{"type":"Feature","geometry":{"type":"Point","coordinates":[5.371088,43.24392]},"properties":{"stop_id":"RTM-00001726","stop_code":"00001726","stop_name":"Pointe Rouge","stop_desc":"39 AVENUE DE MONTREDON  MARSEILLE 13008","zone_id":null,"stop_url":null,"location_type":"0","parent_station":null,"stop_timezone":null,"wheelchair_boarding":"2"}},{"type":"Feature","geometry":{"type":"Point","coordinates":[5.367598,43.242337]},"properties":{"stop_id":"RTM-00001711","stop_code":"00001711","stop_name":"Pointe Rouge Port","stop_desc":"AVENUE D'ODESSA  MARSEILLE 13008","zone_id":null,"stop_url":null,"location_type":"0","parent_station":null,"stop_timezone":null,"wheelchair_boarding":"1"}},{"type":"Feature","geometry":{"type":"Point","coordinates":[5.332753,43.35962]},"properties":{"stop_id":"RTM-00002792","stop_code":"00002792","stop_name":"Pol Roux Rabelais","stop_desc":null,"zone_id":null,"stop_url":null,"location_type":"0","parent_station":null,"stop_timezone":null,"wheelchair_boarding":"2"}},{"type":"Feature","geometry":{"type":"Point","coordinates":[5.363936,43.403711]},"properties":{"stop_id":"RTM-00002982","stop_code":"00002982","stop_name":"Polysport Grand Pavois","stop_desc":null,"zone_id":null,"stop_url":null,"location_type":"0","parent_station":null,"stop_timezone":null,"wheelchair_boarding":"2"}},{"type":"Feature","geometry":{"type":"Point","coordinates":[5.41809,43.279773]},"properties":{"stop_id":"RTM-00001308","stop_code":"00001308","stop_name":"Pont de Vivaux","stop_desc":"BOULEVARD DE PONT DE VIVAUX  MARSEILLE 13010","zone_id":null,"stop_url":null,"location_type":"0","parent_station":null,"stop_timezone":null,"wheelchair_boarding":"2"}},{"type":"Feature","geometry":{"type":"Point","coordinates":[5.417172,43.27926]},"properties":{"stop_id":"RTM-00001609","stop_code":"00001609","stop_name":"Pont de Vivaux","stop_desc":null,"zone_id":null,"stop_url":null,"location_type":"0","parent_station":null,"stop_timezone":null,"wheelchair_boarding":"2"}},{"type":"Feature","geometry":{"type":"Point","coordinates":[5.42231686,43.28098137]},"properties":{"stop_id":"RTM-00001273","stop_code":"00001273","stop_name":"Pont de Vivaux Fr\u00eanes","stop_desc":null,"zone_id":null,"stop_url":null,"location_type":"0","parent_station":null,"stop_timezone":null,"wheelchair_boarding":"1"}},{"type":"Feature","geometry":{"type":"Point","coordinates":[5.422127,43.281029]},"properties":{"stop_id":"RTM-00001307","stop_code":"00001307","stop_name":"Pont de Vivaux Fr\u00eanes","stop_desc":null,"zone_id":null,"stop_url":null,"location_type":"0","parent_station":null,"stop_timezone":null,"wheelchair_boarding":"1"}},{"type":"Feature","geometry":{"type":"Point","coordinates":[5.415647,43.279579]},"properties":{"stop_id":"RTM-00001271","stop_code":"00001271","stop_name":"Pont de Vivaux Hippodrome","stop_desc":"descente sur parking","zone_id":null,"stop_url":null,"location_type":"0","parent_station":null,"stop_timezone":null,"wheelchair_boarding":"1"}},{"type":"Feature","geometry":{"type":"Point","coordinates":[5.415081,43.279473]},"properties":{"stop_id":"RTM-00001309","stop_code":"00001309","stop_name":"Pont de Vivaux Hippodrome","stop_desc":null,"zone_id":null,"stop_url":null,"location_type":"0","parent_station":null,"stop_timezone":null,"wheelchair_boarding":"1"}},{"type":"Feature","geometry":{"type":"Point","coordinates":[5.4238,43.281704]},"properties":{"stop_id":"RTM-00004237","stop_code":"00004237","stop_name":"Pont de Vivaux Sidolle","stop_desc":"137 BOULEVARD DE PONT DE VIVAUX  MARSEILLE 13010","zone_id":null,"stop_url":null,"location_type":"0","parent_station":null,"stop_timezone":null,"wheelchair_boarding":"1"}},{"type":"Feature","geometry":{"type":"Point","coordinates":[5.386993,43.244941]},"properties":{"stop_id":"RTM-00003139","stop_code":"00003139","stop_name":"Pourri\u00e8re Floralia","stop_desc":null,"zone_id":null,"stop_url":null,"location_type":"0","parent_station":null,"stop_timezone":null,"wheelchair_boarding":"2"}},{"type":"Feature","geometry":{"type":"Point","coordinates":[5.389122,43.276624]},"properties":{"stop_id":"RTM-00001738","stop_code":"00001738","stop_name":"Prado Louvain","stop_desc":null,"zone_id":null,"stop_url":null,"location_type":"0","parent_station":null,"stop_timezone":null,"wheelchair_boarding":"2"}},{"type":"Feature","geometry":{"type":"Point","coordinates":[5.387443,43.279155]},"properties":{"stop_id":"RTM-00001696","stop_code":"00001696","stop_name":"Prado P\u00e9rier","stop_desc":null,"zone_id":null,"stop_url":null,"location_type":"0","parent_station":null,"stop_timezone":null,"wheelchair_boarding":"1"}},{"type":"Feature","geometry":{"type":"Point","coordinates":[5.384478,43.268247]},"properties":{"stop_id":"RTM-00001701","stop_code":"00001701","stop_name":"Prado Saint-Exup\u00e9ry","stop_desc":null,"zone_id":null,"stop_url":null,"location_type":"0","parent_station":null,"stop_timezone":null,"wheelchair_boarding":"1"}},{"type":"Feature","geometry":{"type":"Point","coordinates":[5.388502,43.27062]},"properties":{"stop_id":"RTM-00001142","stop_code":"00001142","stop_name":"Prado Saint-Giniez","stop_desc":null,"zone_id":null,"stop_url":null,"location_type":"0","parent_station":null,"stop_timezone":null,"wheelchair_boarding":"1"}},{"type":"Feature","geometry":{"type":"Point","coordinates":[5.381871,43.266336]},"properties":{"stop_id":"RTM-00001734","stop_code":"00001734","stop_name":"Prado Tunis","stop_desc":null,"zone_id":null,"stop_url":null,"location_type":"0","parent_station":null,"stop_timezone":null,"wheelchair_boarding":"1"}},{"type":"Feature","geometry":{"type":"Point","coordinates":[5.47998302,43.32362887]},"properties":{"stop_id":"RTM-00003590","stop_code":"00003590","stop_name":"Provence Enco de Botte","stop_desc":"D44  ALLAUCH 13190","zone_id":null,"stop_url":null,"location_type":"0","parent_station":null,"stop_timezone":null,"wheelchair_boarding":"1"}},{"type":"Feature","geometry":{"type":"Point","coordinates":[5.387588,43.2793795]},"properties":{"stop_id":"RTM-00002314","stop_code":"00002314","stop_name":"P\u00e9rier","stop_desc":null,"zone_id":null,"stop_url":null,"location_type":"0","parent_station":null,"stop_timezone":null,"wheelchair_boarding":"2"}},{"type":"Feature","geometry":{"type":"Point","coordinates":[5.3876895,43.279405]},"properties":{"stop_id":"RTM-00002325","stop_code":"00002325","stop_name":"P\u00e9rier","stop_desc":null,"zone_id":null,"stop_url":null,"location_type":"0","parent_station":null,"stop_timezone":null,"wheelchair_boarding":"2"}},{"type":"Feature","geometry":{"type":"Point","coordinates":[5.377191,43.277908]},"properties":{"stop_id":"RTM-00001516","stop_code":"00001516","stop_name":"P\u00e9rier Escaliers","stop_desc":"BOULEVARD P\u00c9RIER  MARSEILLE 13008","zone_id":null,"stop_url":null,"location_type":"0","parent_station":null,"stop_timezone":null,"wheelchair_boarding":"2"}},{"type":"Feature","geometry":{"type":"Point","coordinates":[5.374824,43.277863]},"properties":{"stop_id":"RTM-00001514","stop_code":"00001514","stop_name":"P\u00e9rier Gagliardo","stop_desc":null,"zone_id":null,"stop_url":null,"location_type":"0","parent_station":null,"stop_timezone":null,"wheelchair_boarding":"2"}},{"type":"Feature","geometry":{"type":"Point","coordinates":[5.386319,43.279823]},"properties":{"stop_id":"RTM-00001495","stop_code":"00001495","stop_name":"P\u00e9rier Prado","stop_desc":null,"zone_id":null,"stop_url":null,"location_type":"0","parent_station":null,"stop_timezone":null,"wheelchair_boarding":"2"}},{"type":"Feature","geometry":{"type":"Point","coordinates":[5.367981,43.295865]},"properties":{"stop_id":"RTM-00002051","stop_code":"00002051","stop_name":"Quai du Port","stop_desc":null,"zone_id":null,"stop_url":null,"location_type":"0","parent_station":null,"stop_timezone":null,"wheelchair_boarding":"1"}},{"type":"Feature","geometry":{"type":"Point","coordinates":[5.367074,43.295822]},"properties":{"stop_id":"RTM-00002089","stop_code":"00002089","stop_name":"Quai du Port","stop_desc":null,"zone_id":null,"stop_url":null,"location_type":"0","parent_station":null,"stop_timezone":null,"wheelchair_boarding":"1"}},{"type":"Feature","geometry":{"type":"Point","coordinates":[5.386305,43.332263]},"properties":{"stop_id":"RTM-00000332","stop_code":"00000332","stop_name":"Queillau Calvet","stop_desc":"RUE JEAN QUEILLAU  MARSEILLE 13014","zone_id":null,"stop_url":null,"location_type":"0","parent_station":null,"stop_timezone":null,"wheelchair_boarding":"1"}},{"type":"Feature","geometry":{"type":"Point","coordinates":[5.387182,43.331607]},"properties":{"stop_id":"RTM-00000365","stop_code":"00000365","stop_name":"Queillau Calvet","stop_desc":"RUE JEAN QUEILLAU  MARSEILLE 13014","zone_id":null,"stop_url":null,"location_type":"0","parent_station":null,"stop_timezone":null,"wheelchair_boarding":"1"}},{"type":"Feature","geometry":{"type":"Point","coordinates":[5.359641,43.328071]},"properties":{"stop_id":"RTM-00000514","stop_code":"00000514","stop_name":"Rabattu","stop_desc":null,"zone_id":null,"stop_url":null,"location_type":"0","parent_station":null,"stop_timezone":null,"wheelchair_boarding":"2"}},{"type":"Feature","geometry":{"type":"Point","coordinates":[5.329263,43.360654]},"properties":{"stop_id":"RTM-00000298","stop_code":"00000298","stop_name":"Rabelais Fr\u00e8res","stop_desc":null,"zone_id":null,"stop_url":null,"location_type":"0","parent_station":null,"stop_timezone":null,"wheelchair_boarding":"2"}},{"type":"Feature","geometry":{"type":"Point","coordinates":[5.336347,43.358069]},"properties":{"stop_id":"RTM-00004436","stop_code":"00004436","stop_name":"Rabelais Roussin","stop_desc":"10 RUE RABELAIS  MARSEILLE 13016","zone_id":null,"stop_url":null,"location_type":"0","parent_station":null,"stop_timezone":null,"wheelchair_boarding":"1"}},{"type":"Feature","geometry":{"type":"Point","coordinates":[5.399019,43.332365]},"properties":{"stop_id":"RTM-00000983","stop_code":"00000983","stop_name":"Raimu La Busserine","stop_desc":null,"zone_id":null,"stop_url":null,"location_type":"0","parent_station":null,"stop_timezone":null,"wheelchair_boarding":"2"}},{"type":"Feature","geometry":{"type":"Point","coordinates":[5.362597,43.286875]},"properties":{"stop_id":"RTM-00004188","stop_code":"00004188","stop_name":"Recher Coteau","stop_desc":"\u00e0 compl\u00e9ter saisie terrain","zone_id":null,"stop_url":null,"location_type":"0","parent_station":null,"stop_timezone":null,"wheelchair_boarding":"2"}},{"type":"Feature","geometry":{"type":"Point","coordinates":[5.42384505,43.31599059]},"properties":{"stop_id":"RTM-00002899","stop_code":"00002899","stop_name":"Richard 4 Chemins","stop_desc":null,"zone_id":null,"stop_url":null,"location_type":"0","parent_station":null,"stop_timezone":null,"wheelchair_boarding":"2"}},{"type":"Feature","geometry":{"type":"Point","coordinates":[5.4272752,43.3155616]},"properties":{"stop_id":"RTM-00000760","stop_code":"00000760","stop_name":"Richard Aiguillette","stop_desc":null,"zone_id":null,"stop_url":null,"location_type":"0","parent_station":null,"stop_timezone":null,"wheelchair_boarding":"2"}},{"type":"Feature","geometry":{"type":"Point","coordinates":[5.424404,43.315777]},"properties":{"stop_id":"RTM-00000793","stop_code":"00000793","stop_name":"Richard Py","stop_desc":null,"zone_id":null,"stop_url":null,"location_type":"0","parent_station":null,"stop_timezone":null,"wheelchair_boarding":"2"}},{"type":"Feature","geometry":{"type":"Point","coordinates":[5.30984,43.373371]},"properties":{"stop_id":"RTM-00003569","stop_code":"00003569","stop_name":"Rochers de l'Estaque","stop_desc":null,"zone_id":null,"stop_url":null,"location_type":"0","parent_station":null,"stop_timezone":null,"wheelchair_boarding":"2"}},{"type":"Feature","geometry":{"type":"Point","coordinates":[5.36347894,43.27943361]},"properties":{"stop_id":"RTM-00004787","stop_code":"00004787","stop_name":"Roches Chanot","stop_desc":null,"zone_id":null,"stop_url":null,"location_type":"0","parent_station":null,"stop_timezone":null,"wheelchair_boarding":"2"}},{"type":"Feature","geometry":{"type":"Point","coordinates":[5.366138,43.28052]},"properties":{"stop_id":"RTM-00001507","stop_code":"00001507","stop_name":"Roches V\u00e8ve","stop_desc":"AVENUE DES ROCHES  MARSEILLE 13007","zone_id":null,"stop_url":null,"location_type":"0","parent_station":null,"stop_timezone":null,"wheelchair_boarding":"2"}},{"type":"Feature","geometry":{"type":"Point","coordinates":[5.3825008,43.2782806]},"properties":{"stop_id":"RTM-00004213","stop_code":"00004213","stop_name":"Rolland Daumier","stop_desc":null,"zone_id":null,"stop_url":null,"location_type":"0","parent_station":null,"stop_timezone":null,"wheelchair_boarding":"2"}},{"type":"Feature","geometry":{"type":"Point","coordinates":[5.38291,43.276776]},"properties":{"stop_id":"RTM-00004209","stop_code":"00004209","stop_name":"Rolland Puget","stop_desc":null,"zone_id":null,"stop_url":null,"location_type":"0","parent_station":null,"stop_timezone":null,"wheelchair_boarding":"2"}},{"type":"Feature","geometry":{"type":"Point","coordinates":[5.379262,43.293544]},"properties":{"stop_id":"RTM-00004121","stop_code":"00004121","stop_name":"Rome Davso","stop_desc":null,"zone_id":null,"stop_url":null,"location_type":"0","parent_station":null,"stop_timezone":null,"wheelchair_boarding":"1"}},{"type":"Feature","geometry":{"type":"Point","coordinates":[5.381918,43.289099]},"properties":{"stop_id":"RTM-00004123","stop_code":"00004123","stop_name":"Rome Dragon","stop_desc":null,"zone_id":null,"stop_url":null,"location_type":"0","parent_station":null,"stop_timezone":null,"wheelchair_boarding":"1"}},{"type":"Feature","geometry":{"type":"Point","coordinates":[5.382025,43.289134]},"properties":{"stop_id":"RTM-00004130","stop_code":"00004130","stop_name":"Rome Dragon","stop_desc":null,"zone_id":null,"stop_url":null,"location_type":"0","parent_station":null,"stop_timezone":null,"wheelchair_boarding":"1"}},{"type":"Feature","geometry":{"type":"Point","coordinates":[5.392652,43.27143]},"properties":{"stop_id":"RTM-00002326","stop_code":"00002326","stop_name":"Rond-Point du Prado","stop_desc":null,"zone_id":null,"stop_url":null,"location_type":"0","parent_station":null,"stop_timezone":null,"wheelchair_boarding":"2"}},{"type":"Feature","geometry":{"type":"Point","coordinates":[5.386057,43.298964]},"properties":{"stop_id":"RTM-00002864","stop_code":"00002864","stop_name":"Roosevelt R\u00e9form\u00e9s","stop_desc":null,"zone_id":null,"stop_url":null,"location_type":"0","parent_station":null,"stop_timezone":null,"wheelchair_boarding":"2"}},{"type":"Feature","geometry":{"type":"Point","coordinates":[5.341063,43.362844]},"properties":{"stop_id":"RTM-00002632","stop_code":"00002632","stop_name":"Roussin Barnier","stop_desc":null,"zone_id":null,"stop_url":null,"location_type":"0","parent_station":null,"stop_timezone":null,"wheelchair_boarding":"2"}},{"type":"Feature","geometry":{"type":"Point","coordinates":[5.48684413,43.34482113]},"properties":{"stop_id":"RTM-00004665","stop_code":"00004665","stop_name":"Route du Clau","stop_desc":null,"zone_id":null,"stop_url":null,"location_type":"0","parent_station":null,"stop_timezone":null,"wheelchair_boarding":"2"}},{"type":"Feature","geometry":{"type":"Point","coordinates":[5.409109,43.30822303]},"properties":{"stop_id":"RTM-00002136","stop_code":"00002136","stop_name":"Roux Beausoleil","stop_desc":"arr\u00eat replac\u00e9 suite \u00e0 impr\u00e9cision terrain","zone_id":null,"stop_url":null,"location_type":"0","parent_station":null,"stop_timezone":null,"wheelchair_boarding":"2"}},{"type":"Feature","geometry":{"type":"Point","coordinates":[5.409004,43.308096]},"properties":{"stop_id":"RTM-00003734","stop_code":"00003734","stop_name":"Roux Beausoleil","stop_desc":null,"zone_id":null,"stop_url":null,"location_type":"0","parent_station":null,"stop_timezone":null,"wheelchair_boarding":"2"}},{"type":"Feature","geometry":{"type":"Point","coordinates":[5.40915,43.307232]},"properties":{"stop_id":"RTM-00000749","stop_code":"00000749","stop_name":"Roux Esplanade","stop_desc":null,"zone_id":null,"stop_url":null,"location_type":"0","parent_station":null,"stop_timezone":null,"wheelchair_boarding":"2"}},{"type":"Feature","geometry":{"type":"Point","coordinates":[5.405426,43.307026]},"properties":{"stop_id":"RTM-00000748","stop_code":"00000748","stop_name":"Roux Gavaudan","stop_desc":null,"zone_id":null,"stop_url":null,"location_type":"0","parent_station":null,"stop_timezone":null,"wheelchair_boarding":"2"}},{"type":"Feature","geometry":{"type":"Point","coordinates":[5.408588,43.309317]},"properties":{"stop_id":"RTM-00000750","stop_code":"00000750","stop_name":"Roux Montolivet","stop_desc":null,"zone_id":null,"stop_url":null,"location_type":"0","parent_station":null,"stop_timezone":null,"wheelchair_boarding":"2"}},{"type":"Feature","geometry":{"type":"Point","coordinates":[5.402575,43.307636]},"properties":{"stop_id":"RTM-00000747","stop_code":"00000747","stop_name":"Roux St Bruno","stop_desc":null,"zone_id":null,"stop_url":null,"location_type":"0","parent_station":null,"stop_timezone":null,"wheelchair_boarding":"2"}},{"type":"Feature","geometry":{"type":"Point","coordinates":[5.35061002,43.35453269]},"properties":{"stop_id":"RTM-00000037","stop_code":"00000037","stop_name":"Rove Tuileries","stop_desc":null,"zone_id":null,"stop_url":null,"location_type":"0","parent_station":null,"stop_timezone":null,"wheelchair_boarding":"1"}},{"type":"Feature","geometry":{"type":"Point","coordinates":[5.386163,43.3004195]},"properties":{"stop_id":"RTM-00002282","stop_code":"00002282","stop_name":"R\u00e9form\u00e9s Canebi\u00e8re","stop_desc":null,"zone_id":null,"stop_url":null,"location_type":"0","parent_station":null,"stop_timezone":null,"wheelchair_boarding":"2"}},{"type":"Feature","geometry":{"type":"Point","coordinates":[5.385559,43.300018]},"properties":{"stop_id":"RTM-00003218","stop_code":"00003218","stop_name":"R\u00e9form\u00e9s Canebi\u00e8re","stop_desc":null,"zone_id":null,"stop_url":null,"location_type":"0","parent_station":null,"stop_timezone":null,"wheelchair_boarding":"1"}},{"type":"Feature","geometry":{"type":"Point","coordinates":[5.385824,43.300264]},"properties":{"stop_id":"RTM-00003341","stop_code":"00003341","stop_name":"R\u00e9form\u00e9s Canebi\u00e8re","stop_desc":null,"zone_id":null,"stop_url":null,"location_type":"0","parent_station":null,"stop_timezone":null,"wheelchair_boarding":"1"}},{"type":"Feature","geometry":{"type":"Point","coordinates":[5.3690891,43.30227568]},"properties":{"stop_id":"RTM-00003384","stop_code":"00003384","stop_name":"R\u00e9publique Dames","stop_desc":null,"zone_id":null,"stop_url":null,"location_type":"0","parent_station":null,"stop_timezone":null,"wheelchair_boarding":"2"}},{"type":"Feature","geometry":{"type":"Point","coordinates":[5.44464443,43.33622279]},"properties":{"stop_id":"RTM-00004660","stop_code":"00004660","stop_name":"R\u00e9sidence Ath\u00e9na","stop_desc":null,"zone_id":null,"stop_url":null,"location_type":"0","parent_station":null,"stop_timezone":null,"wheelchair_boarding":"2"}},{"type":"Feature","geometry":{"type":"Point","coordinates":[5.384903,43.332591]},"properties":{"stop_id":"RTM-00000541","stop_code":"00000541","stop_name":"R\u00e9sidence La Station","stop_desc":null,"zone_id":null,"stop_url":null,"location_type":"0","parent_station":null,"stop_timezone":null,"wheelchair_boarding":"2"}},{"type":"Feature","geometry":{"type":"Point","coordinates":[5.382229,43.252064]},"properties":{"stop_id":"RTM-00001930","stop_code":"00001930","stop_name":"Sablier Cit\u00e9 Bor\u00e9ly","stop_desc":null,"zone_id":null,"stop_url":null,"location_type":"0","parent_station":null,"stop_timezone":null,"wheelchair_boarding":"2"}},{"type":"Feature","geometry":{"type":"Point","coordinates":[5.371209,43.299863]},"properties":{"stop_id":"RTM-00003211","stop_code":"00003211","stop_name":"Sadi Carnot","stop_desc":null,"zone_id":null,"stop_url":null,"location_type":"0","parent_station":null,"stop_timezone":null,"wheelchair_boarding":"1"}},{"type":"Feature","geometry":{"type":"Point","coordinates":[5.371064,43.300262]},"properties":{"stop_id":"RTM-00003852","stop_code":"00003852","stop_name":"Sadi Carnot","stop_desc":null,"zone_id":null,"stop_url":null,"location_type":"0","parent_station":null,"stop_timezone":null,"wheelchair_boarding":"2"}},{"type":"Feature","geometry":{"type":"Point","coordinates":[5.40740848,43.30418272]},"properties":{"stop_id":"RTM-00000814","stop_code":"00000814","stop_name":"Saint-Barnab\u00e9 Cadolive","stop_desc":"AVENUE DE SAINT-BARNAB\u00c9  MARSEILLE 13004","zone_id":null,"stop_url":null,"location_type":"0","parent_station":null,"stop_timezone":null,"wheelchair_boarding":"2"}},{"type":"Feature","geometry":{"type":"Point","coordinates":[5.4139883,43.3044197]},"properties":{"stop_id":"RTM-00000855","stop_code":"00000855","stop_name":"Saint-Barnab\u00e9 La Croix","stop_desc":null,"zone_id":null,"stop_url":null,"location_type":"0","parent_station":null,"stop_timezone":null,"wheelchair_boarding":"2"}},{"type":"Feature","geometry":{"type":"Point","coordinates":[5.492082,43.323727]},"properties":{"stop_id":"RTM-00003594","stop_code":"00003594","stop_name":"Saint-Jean","stop_desc":"854 ROUTE DES 4 SAISONS  ALLAUCH 13190","zone_id":null,"stop_url":null,"location_type":"0","parent_station":null,"stop_timezone":null,"wheelchair_boarding":"2"}},{"type":"Feature","geometry":{"type":"Point","coordinates":[5.49225483,43.32366704]},"properties":{"stop_id":"RTM-00003596","stop_code":"00003596","stop_name":"Saint-Jean","stop_desc":"761 ROUTE DES 4 SAISONS  ALLAUCH 13190","zone_id":null,"stop_url":null,"location_type":"0","parent_station":null,"stop_timezone":null,"wheelchair_boarding":"2"}},{"type":"Feature","geometry":{"type":"Point","coordinates":[5.364636,43.295422]},"properties":{"stop_id":"RTM-00003728","stop_code":"00003728","stop_name":"Saint-Jean","stop_desc":null,"zone_id":null,"stop_url":null,"location_type":"0","parent_station":null,"stop_timezone":null,"wheelchair_boarding":"2"}},{"type":"Feature","geometry":{"type":"Point","coordinates":[5.415113,43.251482]},"properties":{"stop_id":"RTM-00001965","stop_code":"00001965","stop_name":"Saint-Joseph Aiguier","stop_desc":null,"zone_id":null,"stop_url":null,"location_type":"0","parent_station":null,"stop_timezone":null,"wheelchair_boarding":"2"}},{"type":"Feature","geometry":{"type":"Point","coordinates":[5.4192629,43.2522817]},"properties":{"stop_id":"RTM-00002001","stop_code":"00002001","stop_name":"Saint-Joseph Bon Pasteur","stop_desc":null,"zone_id":null,"stop_url":null,"location_type":"0","parent_station":null,"stop_timezone":null,"wheelchair_boarding":"2"}},{"type":"Feature","geometry":{"type":"Point","coordinates":[5.44732866,43.31201411]},"properties":{"stop_id":"RTM-00000844","stop_code":"00000844","stop_name":"Saint-Julien Comtesse","stop_desc":null,"zone_id":null,"stop_url":null,"location_type":"0","parent_station":null,"stop_timezone":null,"wheelchair_boarding":"2"}},{"type":"Feature","geometry":{"type":"Point","coordinates":[5.44795624,43.31226129]},"properties":{"stop_id":"RTM-00004696","stop_code":"00004696","stop_name":"Saint-Julien Comtesse","stop_desc":null,"zone_id":null,"stop_url":null,"location_type":"0","parent_station":null,"stop_timezone":null,"wheelchair_boarding":"2"}},{"type":"Feature","geometry":{"type":"Point","coordinates":[5.44191769,43.31014908]},"properties":{"stop_id":"RTM-00000846","stop_code":"00000846","stop_name":"Saint-Julien Helv\u00e9tie","stop_desc":null,"zone_id":null,"stop_url":null,"location_type":"0","parent_station":null,"stop_timezone":null,"wheelchair_boarding":"2"}},{"type":"Feature","geometry":{"type":"Point","coordinates":[5.42486146,43.30699036]},"properties":{"stop_id":"RTM-00004700","stop_code":"00004700","stop_name":"Saint-Julien Kaddouz","stop_desc":null,"zone_id":null,"stop_url":null,"location_type":"0","parent_station":null,"stop_timezone":null,"wheelchair_boarding":"2"}},{"type":"Feature","geometry":{"type":"Point","coordinates":[5.42429142,43.30742915]},"properties":{"stop_id":"RTM-00004738","stop_code":"00004738","stop_name":"Saint-Julien Kaddouz","stop_desc":null,"zone_id":null,"stop_url":null,"location_type":"0","parent_station":null,"stop_timezone":null,"wheelchair_boarding":"2"}},{"type":"Feature","geometry":{"type":"Point","coordinates":[5.445084,43.311542]},"properties":{"stop_id":"RTM-00000845","stop_code":"00000845","stop_name":"Saint-Julien Saint-Pons","stop_desc":null,"zone_id":null,"stop_url":null,"location_type":"0","parent_station":null,"stop_timezone":null,"wheelchair_boarding":"2"}},{"type":"Feature","geometry":{"type":"Point","coordinates":[5.4064365,43.3154115]},"properties":{"stop_id":"RTM-00002294","stop_code":"00002294","stop_name":"Saint-Just","stop_desc":null,"zone_id":null,"stop_url":null,"location_type":"0","parent_station":null,"stop_timezone":null,"wheelchair_boarding":"2"}},{"type":"Feature","geometry":{"type":"Point","coordinates":[5.42799443,43.2816731]},"properties":{"stop_id":"RTM-00001306","stop_code":"00001306","stop_name":"Saint-Loup Florian","stop_desc":"5 BOULEVARD DE SAINT-LOUP  MARSEILLE 13010","zone_id":null,"stop_url":null,"location_type":"0","parent_station":null,"stop_timezone":null,"wheelchair_boarding":"2"}},{"type":"Feature","geometry":{"type":"Point","coordinates":[5.467788,43.286644]},"properties":{"stop_id":"RTM-00002606","stop_code":"00002606","stop_name":"Saint-Marcel Cavaillon","stop_desc":null,"zone_id":null,"stop_url":null,"location_type":"0","parent_station":null,"stop_timezone":null,"wheelchair_boarding":"2"}},{"type":"Feature","geometry":{"type":"Point","coordinates":[5.46181889,43.28869098]},"properties":{"stop_id":"RTM-00001324","stop_code":"00001324","stop_name":"Saint-Marcel Dravet","stop_desc":"BOULEVARD DE SAINT-MARCEL  MARSEILLE 13011","zone_id":null,"stop_url":null,"location_type":"0","parent_station":null,"stop_timezone":null,"wheelchair_boarding":"2"}},{"type":"Feature","geometry":{"type":"Point","coordinates":[5.414205,43.291897]},"properties":{"stop_id":"RTM-00003255","stop_code":"00003255","stop_name":"Saint-Pierre","stop_desc":null,"zone_id":null,"stop_url":null,"location_type":"0","parent_station":null,"stop_timezone":null,"wheelchair_boarding":"1"}},{"type":"Feature","geometry":{"type":"Point","coordinates":[5.484217,43.339295]},"properties":{"stop_id":"RTM-00002184","stop_code":"00002184","stop_name":"Saint-Roch","stop_desc":null,"zone_id":null,"stop_url":null,"location_type":"0","parent_station":null,"stop_timezone":null,"wheelchair_boarding":"2"}},{"type":"Feature","geometry":{"type":"Point","coordinates":[5.3869959,43.29647234]},"properties":{"stop_id":"RTM-00004791","stop_code":"00004791","stop_name":"Saint-Savournin Loisir","stop_desc":null,"zone_id":null,"stop_url":null,"location_type":"0","parent_station":null,"stop_timezone":null,"wheelchair_boarding":"2"}},{"type":"Feature","geometry":{"type":"Point","coordinates":[5.42217371,43.2717242]},"properties":{"stop_id":"RTM-00004635","stop_code":"00004635","stop_name":"Saint-Tronc Mauriac","stop_desc":null,"zone_id":null,"stop_url":null,"location_type":"0","parent_station":null,"stop_timezone":null,"wheelchair_boarding":"2"}},{"type":"Feature","geometry":{"type":"Point","coordinates":[5.366972,43.289885]},"properties":{"stop_id":"RTM-00001402","stop_code":"00001402","stop_name":"Saint-Victor","stop_desc":null,"zone_id":null,"stop_url":null,"location_type":"0","parent_station":null,"stop_timezone":null,"wheelchair_boarding":"2"}},{"type":"Feature","geometry":{"type":"Point","coordinates":[5.36538,43.289778]},"properties":{"stop_id":"RTM-00001414","stop_code":"00001414","stop_name":"Saint-Victor","stop_desc":null,"zone_id":null,"stop_url":null,"location_type":"0","parent_station":null,"stop_timezone":null,"wheelchair_boarding":"2"}},{"type":"Feature","geometry":{"type":"Point","coordinates":[5.40290586,43.27107387]},"properties":{"stop_id":"RTM-00000401","stop_code":"00000401","stop_name":"Sainte-Marguerite Dromel","stop_desc":null,"zone_id":null,"stop_url":null,"location_type":"0","parent_station":null,"stop_timezone":null,"wheelchair_boarding":"1"}},{"type":"Feature","geometry":{"type":"Point","coordinates":[5.40306009,43.27078288]},"properties":{"stop_id":"RTM-00001639","stop_code":"00001639","stop_name":"Sainte-Marguerite Dromel","stop_desc":"arr\u00eat de d\u00e9pose 15\/15S\/16\/16S\/17","zone_id":null,"stop_url":null,"location_type":"0","parent_station":null,"stop_timezone":null,"wheelchair_boarding":"1"}},{"type":"Feature","geometry":{"type":"Point","coordinates":[5.4021315,43.270618]},"properties":{"stop_id":"RTM-00002327","stop_code":"00002327","stop_name":"Sainte-Marguerite Dromel","stop_desc":null,"zone_id":null,"stop_url":null,"location_type":"0","parent_station":null,"stop_timezone":null,"wheelchair_boarding":"2"}},{"type":"Feature","geometry":{"type":"Point","coordinates":[5.389314,43.331358]},"properties":{"stop_id":"RTM-00000111","stop_code":"00000111","stop_name":"Sainte-Marthe Le Camp","stop_desc":"CHEMIN DE SAINTE-MARTHE  MARSEILLE 13014","zone_id":null,"stop_url":null,"location_type":"0","parent_station":null,"stop_timezone":null,"wheelchair_boarding":"1"}},{"type":"Feature","geometry":{"type":"Point","coordinates":[5.409683,43.294093]},"properties":{"stop_id":"RTM-00003258","stop_code":"00003258","stop_name":"Sainte-Th\u00e9r\u00e8se","stop_desc":null,"zone_id":null,"stop_url":null,"location_type":"0","parent_station":null,"stop_timezone":null,"wheelchair_boarding":"1"}},{"type":"Feature","geometry":{"type":"Point","coordinates":[5.4003843,43.2971035]},"properties":{"stop_id":"RTM-00002020","stop_code":"00002020","stop_name":"Sakakini Sidi Brahim","stop_desc":"20 BOULEVARD SAKAKINI  MARSEILLE 13004","zone_id":null,"stop_url":null,"location_type":"0","parent_station":null,"stop_timezone":null,"wheelchair_boarding":"1"}},{"type":"Feature","geometry":{"type":"Point","coordinates":[5.36764339,43.32154048]},"properties":{"stop_id":"RTM-00004751","stop_code":"00004751","stop_name":"Salengro Cougit","stop_desc":"Prolongement T3","zone_id":null,"stop_url":null,"location_type":"0","parent_station":null,"stop_timezone":null,"wheelchair_boarding":"1"}},{"type":"Feature","geometry":{"type":"Point","coordinates":[5.411159,43.263181]},"properties":{"stop_id":"RTM-00001891","stop_code":"00001891","stop_name":"Salvator Paoli Calmettes","stop_desc":"218 BOULEVARD DE SAINTE-MARGUERITE  MARSEILLE 13009","zone_id":null,"stop_url":null,"location_type":"0","parent_station":null,"stop_timezone":null,"wheelchair_boarding":"1"}},{"type":"Feature","geometry":{"type":"Point","coordinates":[5.352955,43.228897]},"properties":{"stop_id":"RTM-00002354","stop_code":"00002354","stop_name":"Sam\u00e9na","stop_desc":null,"zone_id":null,"stop_url":null,"location_type":"0","parent_station":null,"stop_timezone":null,"wheelchair_boarding":"2"}},{"type":"Feature","geometry":{"type":"Point","coordinates":[5.3708402,43.403412]},"properties":{"stop_id":"RTM-00003005","stop_code":"00003005","stop_name":"Sept\u00e8mes Gare","stop_desc":"\u00e9quipements MPM. pas de sigep","zone_id":null,"stop_url":null,"location_type":"0","parent_station":null,"stop_timezone":null,"wheelchair_boarding":"2"}},{"type":"Feature","geometry":{"type":"Point","coordinates":[5.365424,43.397001]},"properties":{"stop_id":"RTM-00003013","stop_code":"00003013","stop_name":"Sept\u00e8mes Sud","stop_desc":"\u00e9quipements MPM.pas d'horaire","zone_id":null,"stop_url":null,"location_type":"0","parent_station":null,"stop_timezone":null,"wheelchair_boarding":"2"}},{"type":"Feature","geometry":{"type":"Point","coordinates":[5.47795621,43.32913875]},"properties":{"stop_id":"RTM-00004531","stop_code":"00004531","stop_name":"Services Techniques","stop_desc":"TAD 65 \/ SCO 2022","zone_id":null,"stop_url":null,"location_type":"0","parent_station":null,"stop_timezone":null,"wheelchair_boarding":"2"}},{"type":"Feature","geometry":{"type":"Point","coordinates":[5.47766715,43.32924499]},"properties":{"stop_id":"RTM-00004534","stop_code":"00004534","stop_name":"Services Techniques","stop_desc":"TAD 65 \/ SCO 2022","zone_id":null,"stop_url":null,"location_type":"0","parent_station":null,"stop_timezone":null,"wheelchair_boarding":"2"}},{"type":"Feature","geometry":{"type":"Point","coordinates":[5.39108154,43.31197123]},"properties":{"stop_id":"RTM-00004625","stop_code":"00004625","stop_name":"Simon Ricard","stop_desc":null,"zone_id":null,"stop_url":null,"location_type":"0","parent_station":null,"stop_timezone":null,"wheelchair_boarding":"2"}},{"type":"Feature","geometry":{"type":"Point","coordinates":[5.399315,43.23418]},"properties":{"stop_id":"RTM-00003073","stop_code":"00003073","stop_name":"Sormiou Jarre","stop_desc":"CHEMIN DU ROI D'ESPAGNE  MARSEILLE 13009","zone_id":null,"stop_url":null,"location_type":"0","parent_station":null,"stop_timezone":null,"wheelchair_boarding":"1"}},{"type":"Feature","geometry":{"type":"Point","coordinates":[5.399031,43.236598]},"properties":{"stop_id":"RTM-00001869","stop_code":"00001869","stop_name":"Sormiou Roy d'Espagne","stop_desc":null,"zone_id":null,"stop_url":null,"location_type":"0","parent_station":null,"stop_timezone":null,"wheelchair_boarding":"2"}},{"type":"Feature","geometry":{"type":"Point","coordinates":[5.343561,43.356647]},"properties":{"stop_id":"RTM-00000035","stop_code":"00000035","stop_name":"St Andr\u00e9","stop_desc":null,"zone_id":null,"stop_url":null,"location_type":"0","parent_station":null,"stop_timezone":null,"wheelchair_boarding":"2"}},{"type":"Feature","geometry":{"type":"Point","coordinates":[5.345849,43.355854]},"properties":{"stop_id":"RTM-00000036","stop_code":"00000036","stop_name":"St Andr\u00e9 PN","stop_desc":null,"zone_id":null,"stop_url":null,"location_type":"0","parent_station":null,"stop_timezone":null,"wheelchair_boarding":"2"}},{"type":"Feature","geometry":{"type":"Point","coordinates":[5.354532,43.373404]},"properties":{"stop_id":"RTM-00000027","stop_code":"00000027","stop_name":"St Antoine","stop_desc":null,"zone_id":null,"stop_url":null,"location_type":"0","parent_station":null,"stop_timezone":null,"wheelchair_boarding":"2"}},{"type":"Feature","geometry":{"type":"Point","coordinates":[5.354016,43.373217]},"properties":{"stop_id":"RTM-00004307","stop_code":"00004307","stop_name":"St Antoine","stop_desc":"29 BOULEVARD HENRI BARNIER  MARSEILLE 13015","zone_id":null,"stop_url":null,"location_type":"0","parent_station":null,"stop_timezone":null,"wheelchair_boarding":"2"}},{"type":"Feature","geometry":{"type":"Point","coordinates":[5.3558,43.374298]},"properties":{"stop_id":"RTM-00003980","stop_code":"00003980","stop_name":"St Antoine Collet","stop_desc":null,"zone_id":null,"stop_url":null,"location_type":"0","parent_station":null,"stop_timezone":null,"wheelchair_boarding":"1"}},{"type":"Feature","geometry":{"type":"Point","coordinates":[5.355793,43.3734]},"properties":{"stop_id":"RTM-00004012","stop_code":"00004012","stop_name":"St Antoine Collet","stop_desc":"191 AVENUE DE SAINT-ANTOINE  MARSEILLE 13015","zone_id":null,"stop_url":null,"location_type":"0","parent_station":null,"stop_timezone":null,"wheelchair_boarding":"1"}},{"type":"Feature","geometry":{"type":"Point","coordinates":[5.35613,43.370891]},"properties":{"stop_id":"RTM-00004013","stop_code":"00004013","stop_name":"St Antoine Village","stop_desc":null,"zone_id":null,"stop_url":null,"location_type":"0","parent_station":null,"stop_timezone":null,"wheelchair_boarding":"1"}},{"type":"Feature","geometry":{"type":"Point","coordinates":[5.37875,43.347206]},"properties":{"stop_id":"RTM-00000119","stop_code":"00000119","stop_name":"St Joseph","stop_desc":null,"zone_id":null,"stop_url":null,"location_type":"0","parent_station":null,"stop_timezone":null,"wheelchair_boarding":"2"}},{"type":"Feature","geometry":{"type":"Point","coordinates":[5.378219,43.346211]},"properties":{"stop_id":"RTM-00000126","stop_code":"00000126","stop_name":"St Joseph","stop_desc":null,"zone_id":null,"stop_url":null,"location_type":"0","parent_station":null,"stop_timezone":null,"wheelchair_boarding":"1"}},{"type":"Feature","geometry":{"type":"Point","coordinates":[5.376078,43.348329]},"properties":{"stop_id":"RTM-00000125","stop_code":"00000125","stop_name":"St Joseph Les Lions","stop_desc":null,"zone_id":null,"stop_url":null,"location_type":"0","parent_station":null,"stop_timezone":null,"wheelchair_boarding":"2"}},{"type":"Feature","geometry":{"type":"Point","coordinates":[5.44738412,43.31385168]},"properties":{"stop_id":"RTM-00000889","stop_code":"00000889","stop_name":"St Julien","stop_desc":null,"zone_id":null,"stop_url":null,"location_type":"0","parent_station":null,"stop_timezone":null,"wheelchair_boarding":"2"}},{"type":"Feature","geometry":{"type":"Point","coordinates":[5.447523,43.314002]},"properties":{"stop_id":"RTM-00000890","stop_code":"00000890","stop_name":"St Julien","stop_desc":null,"zone_id":null,"stop_url":null,"location_type":"0","parent_station":null,"stop_timezone":null,"wheelchair_boarding":"2"}},{"type":"Feature","geometry":{"type":"Point","coordinates":[5.401203,43.311602]},"properties":{"stop_id":"RTM-00001102","stop_code":"00001102","stop_name":"St Just Ivaldi","stop_desc":null,"zone_id":null,"stop_url":null,"location_type":"0","parent_station":null,"stop_timezone":null,"wheelchair_boarding":"2"}},{"type":"Feature","geometry":{"type":"Point","coordinates":[5.400741,43.311107]},"properties":{"stop_id":"RTM-00001123","stop_code":"00001123","stop_name":"St Just Ivaldi","stop_desc":null,"zone_id":null,"stop_url":null,"location_type":"0","parent_station":null,"stop_timezone":null,"wheelchair_boarding":"2"}},{"type":"Feature","geometry":{"type":"Point","coordinates":[5.408132,43.319549]},"properties":{"stop_id":"RTM-00001119","stop_code":"00001119","stop_name":"St Just Vidal","stop_desc":null,"zone_id":null,"stop_url":null,"location_type":"0","parent_station":null,"stop_timezone":null,"wheelchair_boarding":"1"}},{"type":"Feature","geometry":{"type":"Point","coordinates":[5.41004,43.336542]},"properties":{"stop_id":"RTM-00004035","stop_code":"00004035","stop_name":"St J\u00e9r\u00f4me Facult\u00e9","stop_desc":"AVENUE ESCADRILLE NORMANDIE-NIEMEN  MARSEILLE 13013","zone_id":null,"stop_url":null,"location_type":"0","parent_station":null,"stop_timezone":null,"wheelchair_boarding":"1"}},{"type":"Feature","geometry":{"type":"Point","coordinates":[5.410157,43.33658]},"properties":{"stop_id":"RTM-00004057","stop_code":"00004057","stop_name":"St J\u00e9r\u00f4me Facult\u00e9","stop_desc":"AVENUE ESCADRILLE NORMANDIE-NIEMEN  MARSEILLE 13013","zone_id":null,"stop_url":null,"location_type":"0","parent_station":null,"stop_timezone":null,"wheelchair_boarding":"1"}},{"type":"Feature","geometry":{"type":"Point","coordinates":[5.411266,43.340915]},"properties":{"stop_id":"RTM-00002130","stop_code":"00002130","stop_name":"St J\u00e9r\u00f4me IUT","stop_desc":null,"zone_id":null,"stop_url":null,"location_type":"0","parent_station":null,"stop_timezone":null,"wheelchair_boarding":"2"}},{"type":"Feature","geometry":{"type":"Point","coordinates":[5.419873,43.332458]},"properties":{"stop_id":"RTM-00000668","stop_code":"00000668","stop_name":"St J\u00e9r\u00f4me Les Sereins","stop_desc":null,"zone_id":null,"stop_url":null,"location_type":"0","parent_station":null,"stop_timezone":null,"wheelchair_boarding":"2"}},{"type":"Feature","geometry":{"type":"Point","coordinates":[5.4191581,43.33054222]},"properties":{"stop_id":"RTM-00000715","stop_code":"00000715","stop_name":"St J\u00e9r\u00f4me P\u00e9labon","stop_desc":null,"zone_id":null,"stop_url":null,"location_type":"0","parent_station":null,"stop_timezone":null,"wheelchair_boarding":"2"}},{"type":"Feature","geometry":{"type":"Point","coordinates":[5.420329,43.33384]},"properties":{"stop_id":"RTM-00002570","stop_code":"00002570","stop_name":"St J\u00e9r\u00f4me Susini","stop_desc":null,"zone_id":null,"stop_url":null,"location_type":"0","parent_station":null,"stop_timezone":null,"wheelchair_boarding":"2"}},{"type":"Feature","geometry":{"type":"Point","coordinates":[5.35906823,43.34802136]},"properties":{"stop_id":"RTM-00003970","stop_code":"00003970","stop_name":"St Louis","stop_desc":null,"zone_id":null,"stop_url":null,"location_type":"0","parent_station":null,"stop_timezone":null,"wheelchair_boarding":"2"}},{"type":"Feature","geometry":{"type":"Point","coordinates":[5.358966,43.347995]},"properties":{"stop_id":"RTM-00004022","stop_code":"00004022","stop_name":"St Louis","stop_desc":null,"zone_id":null,"stop_url":null,"location_type":"0","parent_station":null,"stop_timezone":null,"wheelchair_boarding":"1"}},{"type":"Feature","geometry":{"type":"Point","coordinates":[5.358887,43.349924]},"properties":{"stop_id":"RTM-00003971","stop_code":"00003971","stop_name":"St Louis Camau","stop_desc":null,"zone_id":null,"stop_url":null,"location_type":"0","parent_station":null,"stop_timezone":null,"wheelchair_boarding":"2"}},{"type":"Feature","geometry":{"type":"Point","coordinates":[5.3587,43.350257]},"properties":{"stop_id":"RTM-00004021","stop_code":"00004021","stop_name":"St Louis Camau","stop_desc":null,"zone_id":null,"stop_url":null,"location_type":"0","parent_station":null,"stop_timezone":null,"wheelchair_boarding":"2"}},{"type":"Feature","geometry":{"type":"Point","coordinates":[5.360576,43.341127]},"properties":{"stop_id":"RTM-00004025","stop_code":"00004025","stop_name":"St Louis La Poste","stop_desc":"RUE DE LYON  MARSEILLE 13015  cam\u00e9ra sur BIV","zone_id":null,"stop_url":null,"location_type":"0","parent_station":null,"stop_timezone":null,"wheelchair_boarding":"1"}},{"type":"Feature","geometry":{"type":"Point","coordinates":[5.368893,43.347275]},"properties":{"stop_id":"RTM-00000991","stop_code":"00000991","stop_name":"St Louis Picardie","stop_desc":null,"zone_id":null,"stop_url":null,"location_type":"0","parent_station":null,"stop_timezone":null,"wheelchair_boarding":"2"}},{"type":"Feature","geometry":{"type":"Point","coordinates":[5.358466,43.348007]},"properties":{"stop_id":"RTM-00000012","stop_code":"00000012","stop_name":"St Louis Rove","stop_desc":null,"zone_id":null,"stop_url":null,"location_type":"0","parent_station":null,"stop_timezone":null,"wheelchair_boarding":"1"}},{"type":"Feature","geometry":{"type":"Point","coordinates":[5.357659,43.348253]},"properties":{"stop_id":"RTM-00000040","stop_code":"00000040","stop_name":"St Louis Rove","stop_desc":null,"zone_id":null,"stop_url":null,"location_type":"0","parent_station":null,"stop_timezone":null,"wheelchair_boarding":"1"}},{"type":"Feature","geometry":{"type":"Point","coordinates":[5.493796,43.293526]},"properties":{"stop_id":"RTM-00003521","stop_code":"00003521","stop_name":"St Menet La Buzine","stop_desc":null,"zone_id":null,"stop_url":null,"location_type":"0","parent_station":null,"stop_timezone":null,"wheelchair_boarding":"2"}},{"type":"Feature","geometry":{"type":"Point","coordinates":[5.495701,43.289728]},"properties":{"stop_id":"RTM-00003526","stop_code":"00003526","stop_name":"St Menet Pompiers","stop_desc":"AVENUE DE SAINT-MENET  MARSEILLE 13011","zone_id":null,"stop_url":null,"location_type":"0","parent_station":null,"stop_timezone":null,"wheelchair_boarding":"2"}},{"type":"Feature","geometry":{"type":"Point","coordinates":[5.499486,43.288477]},"properties":{"stop_id":"RTM-00003523","stop_code":"00003523","stop_name":"St Menet Village","stop_desc":null,"zone_id":null,"stop_url":null,"location_type":"0","parent_station":null,"stop_timezone":null,"wheelchair_boarding":"2"}},{"type":"Feature","geometry":{"type":"Point","coordinates":[5.499749,43.288579]},"properties":{"stop_id":"RTM-00003525","stop_code":"00003525","stop_name":"St Menet Village","stop_desc":"D2  MARSEILLE 13011","zone_id":null,"stop_url":null,"location_type":"0","parent_station":null,"stop_timezone":null,"wheelchair_boarding":"2"}},{"type":"Feature","geometry":{"type":"Point","coordinates":[5.41616473,43.34531858]},"properties":{"stop_id":"RTM-00004554","stop_code":"00004554","stop_name":"St Mitre Eglise","stop_desc":null,"zone_id":null,"stop_url":null,"location_type":"0","parent_station":null,"stop_timezone":null,"wheelchair_boarding":"2"}},{"type":"Feature","geometry":{"type":"Point","coordinates":[5.41577,43.347144]},"properties":{"stop_id":"RTM-00001080","stop_code":"00001080","stop_name":"St Mitre Party","stop_desc":null,"zone_id":null,"stop_url":null,"location_type":"0","parent_station":null,"stop_timezone":null,"wheelchair_boarding":"2"}},{"type":"Feature","geometry":{"type":"Point","coordinates":[5.422908,43.290578]},"properties":{"stop_id":"RTM-00001159","stop_code":"00001159","stop_name":"St Pierre Jeannette","stop_desc":null,"zone_id":null,"stop_url":null,"location_type":"0","parent_station":null,"stop_timezone":null,"wheelchair_boarding":"2"}},{"type":"Feature","geometry":{"type":"Point","coordinates":[5.422104,43.290628]},"properties":{"stop_id":"RTM-00001211","stop_code":"00001211","stop_name":"St Pierre Jeannette","stop_desc":null,"zone_id":null,"stop_url":null,"location_type":"0","parent_station":null,"stop_timezone":null,"wheelchair_boarding":"2"}},{"type":"Feature","geometry":{"type":"Point","coordinates":[5.410451,43.291535]},"properties":{"stop_id":"RTM-00001233","stop_code":"00001233","stop_name":"St Pierre Ste Th\u00e9r\u00e8se","stop_desc":null,"zone_id":null,"stop_url":null,"location_type":"0","parent_station":null,"stop_timezone":null,"wheelchair_boarding":"2"}},{"type":"Feature","geometry":{"type":"Point","coordinates":[5.408667,43.29182]},"properties":{"stop_id":"RTM-00001250","stop_code":"00001250","stop_name":"St Pierre Ste Th\u00e9r\u00e8se","stop_desc":"363 RUE SAINT-PIERRE  MARSEILLE 13005","zone_id":null,"stop_url":null,"location_type":"0","parent_station":null,"stop_timezone":null,"wheelchair_boarding":"1"}},{"type":"Feature","geometry":{"type":"Point","coordinates":[5.38774252,43.2980261]},"properties":{"stop_id":"RTM-00001534","stop_code":"00001534","stop_name":"St Savournin Barbaroux","stop_desc":null,"zone_id":null,"stop_url":null,"location_type":"0","parent_station":null,"stop_timezone":null,"wheelchair_boarding":"1"}},{"type":"Feature","geometry":{"type":"Point","coordinates":[5.41383,43.328458]},"properties":{"stop_id":"RTM-00001028","stop_code":"00001028","stop_name":"Stade de Malpass\u00e9","stop_desc":"56 BOULEVARD LAVERAN  MARSEILLE 13013","zone_id":null,"stop_url":null,"location_type":"0","parent_station":null,"stop_timezone":null,"wheelchair_boarding":"1"}},{"type":"Feature","geometry":{"type":"Point","coordinates":[5.357928,43.233491]},"properties":{"stop_id":"RTM-00001716","stop_code":"00001716","stop_name":"Stade Michelier Montredon","stop_desc":null,"zone_id":null,"stop_url":null,"location_type":"0","parent_station":null,"stop_timezone":null,"wheelchair_boarding":"2"}},{"type":"Feature","geometry":{"type":"Point","coordinates":[5.400309,43.299988]},"properties":{"stop_id":"RTM-00003861","stop_code":"00003861","stop_name":"Stade Vallier","stop_desc":null,"zone_id":null,"stop_url":null,"location_type":"0","parent_station":null,"stop_timezone":null,"wheelchair_boarding":"1"}},{"type":"Feature","geometry":{"type":"Point","coordinates":[5.3941,43.254676]},"properties":{"stop_id":"RTM-00001800","stop_code":"00001800","stop_name":"Ste Anne Ha\u00effa","stop_desc":null,"zone_id":null,"stop_url":null,"location_type":"0","parent_station":null,"stop_timezone":null,"wheelchair_boarding":"1"}},{"type":"Feature","geometry":{"type":"Point","coordinates":[5.408474,43.266206]},"properties":{"stop_id":"RTM-00002880","stop_code":"00002880","stop_name":"Ste Marguerite Vauthier","stop_desc":null,"zone_id":null,"stop_url":null,"location_type":"0","parent_station":null,"stop_timezone":null,"wheelchair_boarding":"1"}},{"type":"Feature","geometry":{"type":"Point","coordinates":[5.40834378,43.26623553]},"properties":{"stop_id":"RTM-00004552","stop_code":"00004552","stop_name":"Ste Marguerite Vauthier","stop_desc":null,"zone_id":null,"stop_url":null,"location_type":"0","parent_station":null,"stop_timezone":null,"wheelchair_boarding":"2"}},{"type":"Feature","geometry":{"type":"Point","coordinates":[5.3914,43.338656]},"properties":{"stop_id":"RTM-00000132","stop_code":"00000132","stop_name":"Ste Marthe","stop_desc":null,"zone_id":null,"stop_url":null,"location_type":"0","parent_station":null,"stop_timezone":null,"wheelchair_boarding":"1"}},{"type":"Feature","geometry":{"type":"Point","coordinates":[5.390044,43.31938]},"properties":{"stop_id":"RTM-00000216","stop_code":"00000216","stop_name":"Ste Marthe Colonel","stop_desc":null,"zone_id":null,"stop_url":null,"location_type":"0","parent_station":null,"stop_timezone":null,"wheelchair_boarding":"2"}},{"type":"Feature","geometry":{"type":"Point","coordinates":[5.392197,43.336384]},"properties":{"stop_id":"RTM-00000113","stop_code":"00000113","stop_name":"Ste Marthe Peupliers","stop_desc":null,"zone_id":null,"stop_url":null,"location_type":"0","parent_station":null,"stop_timezone":null,"wheelchair_boarding":"2"}},{"type":"Feature","geometry":{"type":"Point","coordinates":[5.40648848,43.24787741]},"properties":{"stop_id":"RTM-00004252","stop_code":"00004252","stop_name":"Ste Trinit\u00e9","stop_desc":"43 AVENUE DE LATTRE DE TASSIGNY  MARSEILLE 13009","zone_id":null,"stop_url":null,"location_type":"0","parent_station":null,"stop_timezone":null,"wheelchair_boarding":"1"}},{"type":"Feature","geometry":{"type":"Point","coordinates":[5.376326,43.307798]},"properties":{"stop_id":"RTM-00000451","stop_code":"00000451","stop_name":"Strasbourg Desaix","stop_desc":"BOULEVARD DE STRASBOURG  MARSEILLE 13003","zone_id":null,"stop_url":null,"location_type":"0","parent_station":null,"stop_timezone":null,"wheelchair_boarding":"1"}},{"type":"Feature","geometry":{"type":"Point","coordinates":[5.413652,43.339806]},"properties":{"stop_id":"RTM-00002128","stop_code":"00002128","stop_name":"Susini Marie Louise","stop_desc":"descente sur accotement pi\u00e9ton","zone_id":null,"stop_url":null,"location_type":"0","parent_station":null,"stop_timezone":null,"wheelchair_boarding":"2"}},{"type":"Feature","geometry":{"type":"Point","coordinates":[5.41746553,43.32842057]},"properties":{"stop_id":"RTM-00004724","stop_code":"00004724","stop_name":"S\u00e9vign\u00e9","stop_desc":null,"zone_id":null,"stop_url":null,"location_type":"0","parent_station":null,"stop_timezone":null,"wheelchair_boarding":"2"}},{"type":"Feature","geometry":{"type":"Point","coordinates":[5.431755,43.350065]},"properties":{"stop_id":"RTM-00000677","stop_code":"00000677","stop_name":"Tastevin","stop_desc":null,"zone_id":null,"stop_url":null,"location_type":"0","parent_station":null,"stop_timezone":null,"wheelchair_boarding":"2"}},{"type":"Feature","geometry":{"type":"Point","coordinates":[5.43147,43.349853]},"properties":{"stop_id":"RTM-00000704","stop_code":"00000704","stop_name":"Tastevin","stop_desc":null,"zone_id":null,"stop_url":null,"location_type":"0","parent_station":null,"stop_timezone":null,"wheelchair_boarding":"2"}},{"type":"Feature","geometry":{"type":"Point","coordinates":[5.436608,43.342404]},"properties":{"stop_id":"RTM-00004046","stop_code":"00004046","stop_name":"Technop\u00f4le Centrale Med","stop_desc":"RUE FR\u00c9D\u00c9RIC JOLIOT-CURIE  MARSEILLE 13013","zone_id":null,"stop_url":null,"location_type":"0","parent_station":null,"stop_timezone":null,"wheelchair_boarding":"1"}},{"type":"Feature","geometry":{"type":"Point","coordinates":[5.43681622,43.34459322]},"properties":{"stop_id":"RTM-00004050","stop_code":"00004050","stop_name":"Technop\u00f4le Polytech Marseille","stop_desc":"RUE ENRICO FERMI  MARSEILLE 13013","zone_id":null,"stop_url":null,"location_type":"0","parent_station":null,"stop_timezone":null,"wheelchair_boarding":"1"}},{"type":"Feature","geometry":{"type":"Point","coordinates":[5.367044,43.28612]},"properties":{"stop_id":"RTM-00001424","stop_code":"00001424","stop_name":"Tell\u00e8ne Chantecler","stop_desc":"TAD 59","zone_id":null,"stop_url":null,"location_type":"0","parent_station":null,"stop_timezone":null,"wheelchair_boarding":"2"}},{"type":"Feature","geometry":{"type":"Point","coordinates":[5.3669821,43.28695582]},"properties":{"stop_id":"RTM-00001438","stop_code":"00001438","stop_name":"Tell\u00e8ne Chantecler","stop_desc":"TAD 59","zone_id":null,"stop_url":null,"location_type":"0","parent_station":null,"stop_timezone":null,"wheelchair_boarding":"2"}},{"type":"Feature","geometry":{"type":"Point","coordinates":[5.36758491,43.28440417]},"properties":{"stop_id":"RTM-00001426","stop_code":"00001426","stop_name":"Tell\u00e8ne Valentin","stop_desc":"TAD 59","zone_id":null,"stop_url":null,"location_type":"0","parent_station":null,"stop_timezone":null,"wheelchair_boarding":"1"}},{"type":"Feature","geometry":{"type":"Point","coordinates":[5.368016,43.284346]},"properties":{"stop_id":"RTM-00001436","stop_code":"00001436","stop_name":"Tell\u00e8ne Valentin","stop_desc":"TAD 59","zone_id":null,"stop_url":null,"location_type":"0","parent_station":null,"stop_timezone":null,"wheelchair_boarding":"1"}},{"type":"Feature","geometry":{"type":"Point","coordinates":[5.348119,43.338976]},"properties":{"stop_id":"RTM-00000275","stop_code":"00000275","stop_name":"Terminal Croisi\u00e8res","stop_desc":"CHEMIN DU LITTORAL  MARSEILLE 13015","zone_id":null,"stop_url":null,"location_type":"0","parent_station":null,"stop_timezone":null,"wheelchair_boarding":"1"}},{"type":"Feature","geometry":{"type":"Point","coordinates":[5.34914347,43.33724736]},"properties":{"stop_id":"RTM-00004506","stop_code":"00004506","stop_name":"Terminal Maghreb","stop_desc":null,"zone_id":null,"stop_url":null,"location_type":"0","parent_station":null,"stop_timezone":null,"wheelchair_boarding":"2"}},{"type":"Feature","geometry":{"type":"Point","coordinates":[5.34917029,43.33705657]},"properties":{"stop_id":"RTM-00004507","stop_code":"00004507","stop_name":"Terminal Maghreb","stop_desc":null,"zone_id":null,"stop_url":null,"location_type":"0","parent_station":null,"stop_timezone":null,"wheelchair_boarding":"1"}},{"type":"Feature","geometry":{"type":"Point","coordinates":[5.40251,43.232005]},"properties":{"stop_id":"RTM-00001859","stop_code":"00001859","stop_name":"Terrasses de Sormiou","stop_desc":"AVENUE COLGATE  MARSEILLE 13009","zone_id":null,"stop_url":null,"location_type":"0","parent_station":null,"stop_timezone":null,"wheelchair_boarding":"1"}},{"type":"Feature","geometry":{"type":"Point","coordinates":[5.365631,43.305754]},"properties":{"stop_id":"RTM-00004083","stop_code":"00004083","stop_name":"Terrasses du Port","stop_desc":null,"zone_id":null,"stop_url":null,"location_type":"0","parent_station":null,"stop_timezone":null,"wheelchair_boarding":"1"}},{"type":"Feature","geometry":{"type":"Point","coordinates":[5.39732199,43.33017388]},"properties":{"stop_id":"RTM-00004728","stop_code":"00004728","stop_name":"Th\u00e9\u00e2tre du Merlan","stop_desc":null,"zone_id":null,"stop_url":null,"location_type":"0","parent_station":null,"stop_timezone":null,"wheelchair_boarding":"2"}},{"type":"Feature","geometry":{"type":"Point","coordinates":[5.372899,43.245219]},"properties":{"stop_id":"RTM-00001709","stop_code":"00001709","stop_name":"Tiboulen","stop_desc":null,"zone_id":null,"stop_url":null,"location_type":"0","parent_station":null,"stop_timezone":null,"wheelchair_boarding":"1"}},{"type":"Feature","geometry":{"type":"Point","coordinates":[5.411075,43.286794]},"properties":{"stop_id":"RTM-00001614","stop_code":"00001614","stop_name":"Timone Belv\u00e9d\u00e8re","stop_desc":null,"zone_id":null,"stop_url":null,"location_type":"0","parent_station":null,"stop_timezone":null,"wheelchair_boarding":"2"}},{"type":"Feature","geometry":{"type":"Point","coordinates":[5.406919,43.286298]},"properties":{"stop_id":"RTM-00001615","stop_code":"00001615","stop_name":"Timone Hilarion Boeuf","stop_desc":null,"zone_id":null,"stop_url":null,"location_type":"0","parent_station":null,"stop_timezone":null,"wheelchair_boarding":"2"}},{"type":"Feature","geometry":{"type":"Point","coordinates":[5.388818,43.285259]},"properties":{"stop_id":"RTM-00001318","stop_code":"00001318","stop_name":"Toulon Delphes","stop_desc":"AVENUE DE TOULON  MARSEILLE 13006","zone_id":null,"stop_url":null,"location_type":"0","parent_station":null,"stop_timezone":null,"wheelchair_boarding":"2"}},{"type":"Feature","geometry":{"type":"Point","coordinates":[5.387361,43.285465]},"properties":{"stop_id":"RTM-00004101","stop_code":"00004101","stop_name":"Toulon Delphes","stop_desc":"AVENUE DE TOULON  MARSEILLE 13006","zone_id":null,"stop_url":null,"location_type":"0","parent_station":null,"stop_timezone":null,"wheelchair_boarding":"2"}},{"type":"Feature","geometry":{"type":"Point","coordinates":[5.397765,43.283355]},"properties":{"stop_id":"RTM-00001265","stop_code":"00001265","stop_name":"Toulon Galinat","stop_desc":null,"zone_id":null,"stop_url":null,"location_type":"0","parent_station":null,"stop_timezone":null,"wheelchair_boarding":"2"}},{"type":"Feature","geometry":{"type":"Point","coordinates":[5.395476,43.284585]},"properties":{"stop_id":"RTM-00001316","stop_code":"00001316","stop_name":"Toulon H\u00e9bert","stop_desc":null,"zone_id":null,"stop_url":null,"location_type":"0","parent_station":null,"stop_timezone":null,"wheelchair_boarding":"1"}},{"type":"Feature","geometry":{"type":"Point","coordinates":[5.392774,43.28483]},"properties":{"stop_id":"RTM-00001317","stop_code":"00001317","stop_name":"Toulon Isly","stop_desc":"AVENUE DE TOULON  MARSEILLE 13005","zone_id":null,"stop_url":null,"location_type":"0","parent_station":null,"stop_timezone":null,"wheelchair_boarding":"2"}},{"type":"Feature","geometry":{"type":"Point","coordinates":[5.384702,43.344059]},"properties":{"stop_id":"RTM-00000117","stop_code":"00000117","stop_name":"Tour Sainte","stop_desc":null,"zone_id":null,"stop_url":null,"location_type":"0","parent_station":null,"stop_timezone":null,"wheelchair_boarding":"2"}},{"type":"Feature","geometry":{"type":"Point","coordinates":[5.36442124,43.29802771]},"properties":{"stop_id":"RTM-00000441","stop_code":"00000441","stop_name":"Tourette Cath\u00e9drale","stop_desc":null,"zone_id":null,"stop_url":null,"location_type":"0","parent_station":null,"stop_timezone":null,"wheelchair_boarding":"1"}},{"type":"Feature","geometry":{"type":"Point","coordinates":[5.366434,43.348446]},"properties":{"stop_id":"RTM-00000181","stop_code":"00000181","stop_name":"Traverse de l'Oasis","stop_desc":null,"zone_id":null,"stop_url":null,"location_type":"0","parent_station":null,"stop_timezone":null,"wheelchair_boarding":"2"}},{"type":"Feature","geometry":{"type":"Point","coordinates":[5.344758,43.368535]},"properties":{"stop_id":"RTM-00000022","stop_code":"00000022","stop_name":"Traverse de la Barre","stop_desc":null,"zone_id":null,"stop_url":null,"location_type":"0","parent_station":null,"stop_timezone":null,"wheelchair_boarding":"2"}},{"type":"Feature","geometry":{"type":"Point","coordinates":[5.361763,43.27731]},"properties":{"stop_id":"RTM-00002101","stop_code":"00002101","stop_name":"Traverse Nicolas","stop_desc":"TRAVERSE NICOLAS  MARSEILLE 13007","zone_id":null,"stop_url":null,"location_type":"0","parent_station":null,"stop_timezone":null,"wheelchair_boarding":"2"}},{"type":"Feature","geometry":{"type":"Point","coordinates":[5.406542,43.271974]},"properties":{"stop_id":"RTM-00001620","stop_code":"00001620","stop_name":"Trinitaires Huveaune","stop_desc":null,"zone_id":null,"stop_url":null,"location_type":"0","parent_station":null,"stop_timezone":null,"wheelchair_boarding":"2"}},{"type":"Feature","geometry":{"type":"Point","coordinates":[5.4125326,43.2965648]},"properties":{"stop_id":"RTM-00002728","stop_code":"00002728","stop_name":"Tr\u00e9varesse Cit\u00e9 SNCF","stop_desc":null,"zone_id":null,"stop_url":null,"location_type":"0","parent_station":null,"stop_timezone":null,"wheelchair_boarding":"1"}},{"type":"Feature","geometry":{"type":"Point","coordinates":[5.3650113,43.3682574]},"properties":{"stop_id":"RTM-00000190","stop_code":"00000190","stop_name":"Tuves Bosphore","stop_desc":null,"zone_id":null,"stop_url":null,"location_type":"0","parent_station":null,"stop_timezone":null,"wheelchair_boarding":"2"}},{"type":"Feature","geometry":{"type":"Point","coordinates":[5.4227149,43.26405541]},"properties":{"stop_id":"RTM-00004165","stop_code":"00004165","stop_name":"Val des Bois","stop_desc":"CHEMIN DU VAL-DES-BOIS  MARSEILLE 13009","zone_id":null,"stop_url":null,"location_type":"0","parent_station":null,"stop_timezone":null,"wheelchair_boarding":"1"}},{"type":"Feature","geometry":{"type":"Point","coordinates":[5.432617,43.334815]},"properties":{"stop_id":"RTM-00003931","stop_code":"00003931","stop_name":"Val Plan","stop_desc":null,"zone_id":null,"stop_url":null,"location_type":"0","parent_station":null,"stop_timezone":null,"wheelchair_boarding":"2"}},{"type":"Feature","geometry":{"type":"Point","coordinates":[5.450823,43.288154]},"properties":{"stop_id":"RTM-00001284","stop_code":"00001284","stop_name":"Valbarelle Andreu","stop_desc":null,"zone_id":null,"stop_url":null,"location_type":"0","parent_station":null,"stop_timezone":null,"wheelchair_boarding":"2"}},{"type":"Feature","geometry":{"type":"Point","coordinates":[5.443829,43.286268]},"properties":{"stop_id":"RTM-00001282","stop_code":"00001282","stop_name":"Valbarelle Heckel","stop_desc":"14 BOULEVARD DE LA VALBARELLE  MARSEILLE 13011","zone_id":null,"stop_url":null,"location_type":"0","parent_station":null,"stop_timezone":null,"wheelchair_boarding":"1"}},{"type":"Feature","geometry":{"type":"Point","coordinates":[5.358851,43.275791]},"properties":{"stop_id":"RTM-00002064","stop_code":"00002064","stop_name":"Vallon de l'Oriol","stop_desc":"176 CORNICHE PR\u00c9SIDENT JOHN F. KENNEDY  MARSEILLE 13007","zone_id":null,"stop_url":null,"location_type":"0","parent_station":null,"stop_timezone":null,"wheelchair_boarding":"1"}},{"type":"Feature","geometry":{"type":"Point","coordinates":[5.3589508,43.27596565]},"properties":{"stop_id":"RTM-00002077","stop_code":"00002077","stop_name":"Vallon de l'Oriol","stop_desc":"CORNICHE PR\u00c9SIDENT JOHN F. KENNEDY  MARSEILLE 13007","zone_id":null,"stop_url":null,"location_type":"0","parent_station":null,"stop_timezone":null,"wheelchair_boarding":"1"}},{"type":"Feature","geometry":{"type":"Point","coordinates":[5.357033,43.276975]},"properties":{"stop_id":"RTM-00002063","stop_code":"00002063","stop_name":"Vallon de la Baudille","stop_desc":"CORNICHE PR\u00c9SIDENT JOHN F. KENNEDY  MARSEILLE 13007","zone_id":null,"stop_url":null,"location_type":"0","parent_station":null,"stop_timezone":null,"wheelchair_boarding":"1"}},{"type":"Feature","geometry":{"type":"Point","coordinates":[5.357008,43.27719]},"properties":{"stop_id":"RTM-00002078","stop_code":"00002078","stop_name":"Vallon de la Baudille","stop_desc":null,"zone_id":null,"stop_url":null,"location_type":"0","parent_station":null,"stop_timezone":null,"wheelchair_boarding":"1"}},{"type":"Feature","geometry":{"type":"Point","coordinates":[5.346371,43.406864]},"properties":{"stop_id":"RTM-00004278","stop_code":"00004278","stop_name":"Vallon de la Gazelle","stop_desc":"CASTORS ISABELLA  SEPT\u00c8MES-LES-VALLONS 13240","zone_id":null,"stop_url":null,"location_type":"0","parent_station":null,"stop_timezone":null,"wheelchair_boarding":"2"}},{"type":"Feature","geometry":{"type":"Point","coordinates":[5.350796,43.285688]},"properties":{"stop_id":"RTM-00002082","stop_code":"00002082","stop_name":"Vallon des Auffes","stop_desc":"double abri 123\/578","zone_id":null,"stop_url":null,"location_type":"0","parent_station":null,"stop_timezone":null,"wheelchair_boarding":"1"}},{"type":"Feature","geometry":{"type":"Point","coordinates":[5.362852,43.368722]},"properties":{"stop_id":"RTM-00003997","stop_code":"00003997","stop_name":"Vallon des Tuves","stop_desc":null,"zone_id":null,"stop_url":null,"location_type":"0","parent_station":null,"stop_timezone":null,"wheelchair_boarding":"2"}},{"type":"Feature","geometry":{"type":"Point","coordinates":[5.36300607,43.28636321]},"properties":{"stop_id":"RTM-00001478","stop_code":"00001478","stop_name":"Vallon Jourdan","stop_desc":"TAD 59","zone_id":null,"stop_url":null,"location_type":"0","parent_station":null,"stop_timezone":null,"wheelchair_boarding":"1"}},{"type":"Feature","geometry":{"type":"Point","coordinates":[5.37705258,43.28188007]},"properties":{"stop_id":"RTM-00001451","stop_code":"00001451","stop_name":"Vauban","stop_desc":"TAD 59","zone_id":null,"stop_url":null,"location_type":"0","parent_station":null,"stop_timezone":null,"wheelchair_boarding":"2"}},{"type":"Feature","geometry":{"type":"Point","coordinates":[5.359335,43.234453]},"properties":{"stop_id":"RTM-00001715","stop_code":"00001715","stop_name":"Verrerie","stop_desc":null,"zone_id":null,"stop_url":null,"location_type":"0","parent_station":null,"stop_timezone":null,"wheelchair_boarding":"2"}},{"type":"Feature","geometry":{"type":"Point","coordinates":[5.375017,43.248286]},"properties":{"stop_id":"RTM-00001728","stop_code":"00001728","stop_name":"Vieille Chapelle","stop_desc":"AVENUE DE LA POINTE ROUGE  MARSEILLE 13008","zone_id":null,"stop_url":null,"location_type":"0","parent_station":null,"stop_timezone":null,"wheelchair_boarding":"2"}},{"type":"Feature","geometry":{"type":"Point","coordinates":[5.36111,43.286178]},"properties":{"stop_id":"RTM-00004197","stop_code":"00004197","stop_name":"Vieux Chemin d'Endoume","stop_desc":"TAD 59","zone_id":null,"stop_url":null,"location_type":"0","parent_station":null,"stop_timezone":null,"wheelchair_boarding":"2"}},{"type":"Feature","geometry":{"type":"Point","coordinates":[5.3742465,43.2956545]},"properties":{"stop_id":"RTM-00002300","stop_code":"00002300","stop_name":"Vieux-Port","stop_desc":null,"zone_id":null,"stop_url":null,"location_type":"0","parent_station":null,"stop_timezone":null,"wheelchair_boarding":"2"}},{"type":"Feature","geometry":{"type":"Point","coordinates":[5.37445,43.295015]},"properties":{"stop_id":"RTM-00003801","stop_code":"00003801","stop_name":"Vieux-Port","stop_desc":null,"zone_id":null,"stop_url":null,"location_type":"0","parent_station":null,"stop_timezone":null,"wheelchair_boarding":"1"}},{"type":"Feature","geometry":{"type":"Point","coordinates":[5.374347,43.294846]},"properties":{"stop_id":"RTM-00003806","stop_code":"00003806","stop_name":"Vieux-Port","stop_desc":null,"zone_id":null,"stop_url":null,"location_type":"0","parent_station":null,"stop_timezone":null,"wheelchair_boarding":"1"}},{"type":"Feature","geometry":{"type":"Point","coordinates":[5.473024,43.291568]},"properties":{"stop_id":"RTM-00000640","stop_code":"00000640","stop_name":"Village Estellan","stop_desc":null,"zone_id":null,"stop_url":null,"location_type":"0","parent_station":null,"stop_timezone":null,"wheelchair_boarding":"2"}},{"type":"Feature","geometry":{"type":"Point","coordinates":[5.392014,43.321839]},"properties":{"stop_id":"RTM-00001054","stop_code":"00001054","stop_name":"Villecroze Bougie","stop_desc":null,"zone_id":null,"stop_url":null,"location_type":"0","parent_station":null,"stop_timezone":null,"wheelchair_boarding":"2"}},{"type":"Feature","geometry":{"type":"Point","coordinates":[5.40613425,43.32823965]},"properties":{"stop_id":"RTM-00000342","stop_code":"00000342","stop_name":"Villecroze Les Oliviers","stop_desc":"AVENUE SAINT-PAUL  MARSEILLE 13013","zone_id":null,"stop_url":null,"location_type":"0","parent_station":null,"stop_timezone":null,"wheelchair_boarding":"2"}},{"type":"Feature","geometry":{"type":"Point","coordinates":[5.392081,43.319724]},"properties":{"stop_id":"RTM-00001023","stop_code":"00001023","stop_name":"Villecroze Marronniers","stop_desc":null,"zone_id":null,"stop_url":null,"location_type":"0","parent_station":null,"stop_timezone":null,"wheelchair_boarding":"2"}},{"type":"Feature","geometry":{"type":"Point","coordinates":[5.3919487,43.3194575]},"properties":{"stop_id":"RTM-00001055","stop_code":"00001055","stop_name":"Villecroze Marronniers","stop_desc":null,"zone_id":null,"stop_url":null,"location_type":"0","parent_station":null,"stop_timezone":null,"wheelchair_boarding":"2"}},{"type":"Feature","geometry":{"type":"Point","coordinates":[5.367125,43.337736]},"properties":{"stop_id":"RTM-00000151","stop_code":"00000151","stop_name":"Visitation","stop_desc":null,"zone_id":null,"stop_url":null,"location_type":"0","parent_station":null,"stop_timezone":null,"wheelchair_boarding":"2"}},{"type":"Feature","geometry":{"type":"Point","coordinates":[5.385139,43.30314]},"properties":{"stop_id":"RTM-00000226","stop_code":"00000226","stop_name":"Voltaire St Charles","stop_desc":null,"zone_id":null,"stop_url":null,"location_type":"0","parent_station":null,"stop_timezone":null,"wheelchair_boarding":"2"}},{"type":"Feature","geometry":{"type":"Point","coordinates":[5.384892,43.302885]},"properties":{"stop_id":"RTM-00003342","stop_code":"00003342","stop_name":"Voltaire St Charles","stop_desc":null,"zone_id":null,"stop_url":null,"location_type":"0","parent_station":null,"stop_timezone":null,"wheelchair_boarding":"2"}},{"type":"Feature","geometry":{"type":"Point","coordinates":[5.42005508,43.26778611]},"properties":{"stop_id":"RTM-00001673","stop_code":"00001673","stop_name":"Wiesel Vallon de Toulouse","stop_desc":null,"zone_id":null,"stop_url":null,"location_type":"0","parent_station":null,"stop_timezone":null,"wheelchair_boarding":"2"}},{"type":"Feature","geometry":{"type":"Point","coordinates":[5.42080035,43.26834267]},"properties":{"stop_id":"RTM-00004642","stop_code":"00004642","stop_name":"Wiesel Vallon de Toulouse","stop_desc":null,"zone_id":null,"stop_url":null,"location_type":"0","parent_station":null,"stop_timezone":null,"wheelchair_boarding":"2"}},{"type":"Feature","geometry":{"type":"Point","coordinates":[5.436803,43.292699]},"properties":{"stop_id":"RTM-00003249","stop_code":"00003249","stop_name":"William Booth","stop_desc":null,"zone_id":null,"stop_url":null,"location_type":"0","parent_station":null,"stop_timezone":null,"wheelchair_boarding":"1"}},{"type":"Feature","geometry":{"type":"Point","coordinates":[5.365446,43.340822]},"properties":{"stop_id":"RTM-00000152","stop_code":"00000152","stop_name":"ZI de la Delorme","stop_desc":null,"zone_id":null,"stop_url":null,"location_type":"0","parent_station":null,"stop_timezone":null,"wheelchair_boarding":"1"}},{"type":"Feature","geometry":{"type":"Point","coordinates":[5.365407,43.340483]},"properties":{"stop_id":"RTM-00000184","stop_code":"00000184","stop_name":"ZI de la Delorme","stop_desc":null,"zone_id":null,"stop_url":null,"location_type":"0","parent_station":null,"stop_timezone":null,"wheelchair_boarding":"1"}},{"type":"Feature","geometry":{"type":"Point","coordinates":[5.38644,43.246464]},"properties":{"stop_id":"RTM-00001947","stop_code":"00001947","stop_name":"Z\u00e9natti Ecoles","stop_desc":null,"zone_id":null,"stop_url":null,"location_type":"0","parent_station":null,"stop_timezone":null,"wheelchair_boarding":"2"}},{"type":"Feature","geometry":{"type":"Point","coordinates":[5.389349,43.246056]},"properties":{"stop_id":"RTM-00001948","stop_code":"00001948","stop_name":"Z\u00e9natti Malrieu","stop_desc":null,"zone_id":null,"stop_url":null,"location_type":"0","parent_station":null,"stop_timezone":null,"wheelchair_boarding":"2"}},{"type":"Feature","geometry":{"type":"Point","coordinates":[5.366183,43.3467]},"properties":{"stop_id":"RTM-00000154","stop_code":"00000154","stop_name":"4 Chemins des Aygalades","stop_desc":null,"zone_id":null,"stop_url":null,"location_type":"0","parent_station":null,"stop_timezone":null,"wheelchair_boarding":"2"}},{"type":"Feature","geometry":{"type":"Point","coordinates":[5.366084,43.345998]},"properties":{"stop_id":"RTM-00000182","stop_code":"00000182","stop_name":"4 Chemins des Aygalades","stop_desc":null,"zone_id":null,"stop_url":null,"location_type":"0","parent_station":null,"stop_timezone":null,"wheelchair_boarding":"2"}},{"type":"Feature","geometry":{"type":"Point","coordinates":[5.390096,43.317125]},"properties":{"stop_id":"RTM-00001022","stop_code":"00001022","stop_name":"5 Avenues Burel","stop_desc":"RUE DU DOCTEUR L\u00c9ON PERRIN  MARSEILLE 13014","zone_id":null,"stop_url":null,"location_type":"0","parent_station":null,"stop_timezone":null,"wheelchair_boarding":"2"}},{"type":"Feature","geometry":{"type":"Point","coordinates":[5.389552,43.317075]},"properties":{"stop_id":"RTM-00001056","stop_code":"00001056","stop_name":"5 Avenues Burel","stop_desc":"BOULEVARD BUREL  MARSEILLE 13014","zone_id":null,"stop_url":null,"location_type":"0","parent_station":null,"stop_timezone":null,"wheelchair_boarding":"2"}},{"type":"Feature","geometry":{"type":"Point","coordinates":[5.509507,43.30806]},"properties":{"stop_id":"RTM-00001220","stop_code":"00001220","stop_name":"AFPA La Treille","stop_desc":null,"zone_id":null,"stop_url":null,"location_type":"0","parent_station":null,"stop_timezone":null,"wheelchair_boarding":"2"}},{"type":"Feature","geometry":{"type":"Point","coordinates":[5.40249,43.259404]},"properties":{"stop_id":"RTM-00001954","stop_code":"00001954","stop_name":"Aiguier Trioulet","stop_desc":null,"zone_id":null,"stop_url":null,"location_type":"0","parent_station":null,"stop_timezone":null,"wheelchair_boarding":"2"}},{"type":"Feature","geometry":{"type":"Point","coordinates":[5.429054,43.294265]},"properties":{"stop_id":"RTM-00003236","stop_code":"00003236","stop_name":"Air Bel","stop_desc":null,"zone_id":null,"stop_url":null,"location_type":"0","parent_station":null,"stop_timezone":null,"wheelchair_boarding":"1"}},{"type":"Feature","geometry":{"type":"Point","coordinates":[5.438519,43.289322]},"properties":{"stop_id":"RTM-00001164","stop_code":"00001164","stop_name":"Allard Mireille Lauze","stop_desc":null,"zone_id":null,"stop_url":null,"location_type":"0","parent_station":null,"stop_timezone":null,"wheelchair_boarding":"2"}},{"type":"Feature","geometry":{"type":"Point","coordinates":[5.415029,43.30131]},"properties":{"stop_id":"RTM-00002724","stop_code":"00002724","stop_name":"Alpes Merle","stop_desc":"BOULEVARD DES ALPES  MARSEILLE 13012","zone_id":null,"stop_url":null,"location_type":"0","parent_station":null,"stop_timezone":null,"wheelchair_boarding":"2"}},{"type":"Feature","geometry":{"type":"Point","coordinates":[5.41500846,43.30224826]},"properties":{"stop_id":"RTM-00003741","stop_code":"00003741","stop_name":"Alpes Merle","stop_desc":"BOULEVARD DES ALPES  MARSEILLE 13012  barrieres","zone_id":null,"stop_url":null,"location_type":"0","parent_station":null,"stop_timezone":null,"wheelchair_boarding":"1"}},{"type":"Feature","geometry":{"type":"Point","coordinates":[5.3665477,43.312992]},"properties":{"stop_id":"RTM-00003795","stop_code":"00003795","stop_name":"Arenc Mirabeau","stop_desc":"BOULEVARD MIRABEAU  MARSEILLE 13002","zone_id":null,"stop_url":null,"location_type":"0","parent_station":null,"stop_timezone":null,"wheelchair_boarding":"1"}},{"type":"Feature","geometry":{"type":"Point","coordinates":[5.38378047,43.32993153]},"properties":{"stop_id":"RTM-00004731","stop_code":"00004731","stop_name":"Arnavon Calvet","stop_desc":null,"zone_id":null,"stop_url":null,"location_type":"0","parent_station":null,"stop_timezone":null,"wheelchair_boarding":"2"}},{"type":"Feature","geometry":{"type":"Point","coordinates":[5.40315162,43.2660307]},"properties":{"stop_id":"RTM-00004764","stop_code":"00004764","stop_name":"Aubert Ganay","stop_desc":"Prolongement T3","zone_id":null,"stop_url":null,"location_type":"0","parent_station":null,"stop_timezone":null,"wheelchair_boarding":"1"}},{"type":"Feature","geometry":{"type":"Point","coordinates":[5.367216,43.353336]},"properties":{"stop_id":"RTM-00000157","stop_code":"00000157","stop_name":"Aygalades Village","stop_desc":"BOULEVARD DE LA PADOUANE  MARSEILLE 13015","zone_id":null,"stop_url":null,"location_type":"0","parent_station":null,"stop_timezone":null,"wheelchair_boarding":"1"}},{"type":"Feature","geometry":{"type":"Point","coordinates":[5.366689,43.353412]},"properties":{"stop_id":"RTM-00000179","stop_code":"00000179","stop_name":"Aygalades Village","stop_desc":null,"zone_id":null,"stop_url":null,"location_type":"0","parent_station":null,"stop_timezone":null,"wheelchair_boarding":"1"}},{"type":"Feature","geometry":{"type":"Point","coordinates":[5.3920085,43.288089]},"properties":{"stop_id":"RTM-00002302","stop_code":"00002302","stop_name":"Baille","stop_desc":null,"zone_id":null,"stop_url":null,"location_type":"0","parent_station":null,"stop_timezone":null,"wheelchair_boarding":"2"}},{"type":"Feature","geometry":{"type":"Point","coordinates":[5.397094,43.289427]},"properties":{"stop_id":"RTM-00001228","stop_code":"00001228","stop_name":"Baille H\u00f4pital Conception","stop_desc":"BOULEVARD BAILLE  MARSEILLE 13005","zone_id":null,"stop_url":null,"location_type":"0","parent_station":null,"stop_timezone":null,"wheelchair_boarding":"2"}},{"type":"Feature","geometry":{"type":"Point","coordinates":[5.396354,43.289419]},"properties":{"stop_id":"RTM-00001255","stop_code":"00001255","stop_name":"Baille H\u00f4pital Conception","stop_desc":"BOULEVARD BAILLE  MARSEILLE 13005","zone_id":null,"stop_url":null,"location_type":"0","parent_station":null,"stop_timezone":null,"wheelchair_boarding":"2"}},{"type":"Feature","geometry":{"type":"Point","coordinates":[5.389617,43.287585]},"properties":{"stop_id":"RTM-00001257","stop_code":"00001257","stop_name":"Baille Lodi","stop_desc":null,"zone_id":null,"stop_url":null,"location_type":"0","parent_station":null,"stop_timezone":null,"wheelchair_boarding":"2"}},{"type":"Feature","geometry":{"type":"Point","coordinates":[5.39918019,43.28999644]},"properties":{"stop_id":"RTM-00001229","stop_code":"00001229","stop_name":"Baille N\u00e8gre","stop_desc":null,"zone_id":null,"stop_url":null,"location_type":"0","parent_station":null,"stop_timezone":null,"wheelchair_boarding":"1"}},{"type":"Feature","geometry":{"type":"Point","coordinates":[5.398354,43.289952]},"properties":{"stop_id":"RTM-00001254","stop_code":"00001254","stop_name":"Baille N\u00e8gre","stop_desc":null,"zone_id":null,"stop_url":null,"location_type":"0","parent_station":null,"stop_timezone":null,"wheelchair_boarding":"2"}},{"type":"Feature","geometry":{"type":"Point","coordinates":[5.447855,43.347827]},"properties":{"stop_id":"RTM-00000722","stop_code":"00000722","stop_name":"Bara Bessons","stop_desc":null,"zone_id":null,"stop_url":null,"location_type":"0","parent_station":null,"stop_timezone":null,"wheelchair_boarding":"2"}},{"type":"Feature","geometry":{"type":"Point","coordinates":[5.45080954,43.34705811]},"properties":{"stop_id":"RTM-00004669","stop_code":"00004669","stop_name":"Bara Einstein","stop_desc":null,"zone_id":null,"stop_url":null,"location_type":"0","parent_station":null,"stop_timezone":null,"wheelchair_boarding":"2"}},{"type":"Feature","geometry":{"type":"Point","coordinates":[5.441364,43.351158]},"properties":{"stop_id":"RTM-00000720","stop_code":"00000720","stop_name":"Bara Prats","stop_desc":null,"zone_id":null,"stop_url":null,"location_type":"0","parent_station":null,"stop_timezone":null,"wheelchair_boarding":"2"}},{"type":"Feature","geometry":{"type":"Point","coordinates":[5.441135,43.351315]},"properties":{"stop_id":"RTM-00000726","stop_code":"00000726","stop_name":"Bara Prats","stop_desc":null,"zone_id":null,"stop_url":null,"location_type":"0","parent_station":null,"stop_timezone":null,"wheelchair_boarding":"2"}},{"type":"Feature","geometry":{"type":"Point","coordinates":[5.473901,43.286238]},"properties":{"stop_id":"RTM-00001327","stop_code":"00001327","stop_name":"Barasse Beau Site","stop_desc":null,"zone_id":null,"stop_url":null,"location_type":"0","parent_station":null,"stop_timezone":null,"wheelchair_boarding":"2"}},{"type":"Feature","geometry":{"type":"Point","coordinates":[5.472988,43.286315]},"properties":{"stop_id":"RTM-00001374","stop_code":"00001374","stop_name":"Barasse Beau Site","stop_desc":null,"zone_id":null,"stop_url":null,"location_type":"0","parent_station":null,"stop_timezone":null,"wheelchair_boarding":"2"}},{"type":"Feature","geometry":{"type":"Point","coordinates":[5.37416106,43.29842459]},"properties":{"stop_id":"RTM-00000419","stop_code":"00000419","stop_name":"Barbusse Colbert","stop_desc":null,"zone_id":null,"stop_url":null,"location_type":"0","parent_station":null,"stop_timezone":null,"wheelchair_boarding":"1"}},{"type":"Feature","geometry":{"type":"Point","coordinates":[5.398837,43.246126]},"properties":{"stop_id":"RTM-00001875","stop_code":"00001875","stop_name":"Barqui\u00e8re Martheline","stop_desc":"AVENUE DE LA BARQUI\u00c8RE  MARSEILLE 13009","zone_id":null,"stop_url":null,"location_type":"0","parent_station":null,"stop_timezone":null,"wheelchair_boarding":"1"}},{"type":"Feature","geometry":{"type":"Point","coordinates":[5.439746,43.299256]},"properties":{"stop_id":"RTM-00000959","stop_code":"00000959","stop_name":"Bastide Basse","stop_desc":null,"zone_id":null,"stop_url":null,"location_type":"0","parent_station":null,"stop_timezone":null,"wheelchair_boarding":"2"}},{"type":"Feature","geometry":{"type":"Point","coordinates":[5.36708,43.357265]},"properties":{"stop_id":"RTM-00000161","stop_code":"00000161","stop_name":"Bd de la Gare","stop_desc":null,"zone_id":null,"stop_url":null,"location_type":"0","parent_station":null,"stop_timezone":null,"wheelchair_boarding":"2"}},{"type":"Feature","geometry":{"type":"Point","coordinates":[5.350831,43.373038]},"properties":{"stop_id":"RTM-00000028","stop_code":"00000028","stop_name":"Bd Falcot","stop_desc":null,"zone_id":null,"stop_url":null,"location_type":"0","parent_station":null,"stop_timezone":null,"wheelchair_boarding":"2"}},{"type":"Feature","geometry":{"type":"Point","coordinates":[5.437473,43.316835]},"properties":{"stop_id":"RTM-00000868","stop_code":"00000868","stop_name":"Beaumont","stop_desc":null,"zone_id":null,"stop_url":null,"location_type":"0","parent_station":null,"stop_timezone":null,"wheelchair_boarding":"2"}},{"type":"Feature","geometry":{"type":"Point","coordinates":[5.390209,43.309722]},"properties":{"stop_id":"RTM-00000474","stop_code":"00000474","stop_name":"Belle de Mai La Friche","stop_desc":null,"zone_id":null,"stop_url":null,"location_type":"0","parent_station":null,"stop_timezone":null,"wheelchair_boarding":"1"}},{"type":"Feature","geometry":{"type":"Point","coordinates":[5.407766,43.270208]},"properties":{"stop_id":"RTM-00001642","stop_code":"00001642","stop_name":"Belle Ombre Romain Rolland","stop_desc":null,"zone_id":null,"stop_url":null,"location_type":"0","parent_station":null,"stop_timezone":null,"wheelchair_boarding":"2"}},{"type":"Feature","geometry":{"type":"Point","coordinates":[5.436092,43.298343]},"properties":{"stop_id":"RTM-00000966","stop_code":"00000966","stop_name":"Belle Vue","stop_desc":null,"zone_id":null,"stop_url":null,"location_type":"0","parent_station":null,"stop_timezone":null,"wheelchair_boarding":"2"}},{"type":"Feature","geometry":{"type":"Point","coordinates":[5.429264,43.287464]},"properties":{"stop_id":"RTM-00004224","stop_code":"00004224","stop_name":"Bezombes","stop_desc":"34 BOULEVARD BEZOMBES  MARSEILLE 13011","zone_id":null,"stop_url":null,"location_type":"0","parent_station":null,"stop_timezone":null,"wheelchair_boarding":"2"}},{"type":"Feature","geometry":{"type":"Point","coordinates":[5.425857,43.289411]},"properties":{"stop_id":"RTM-00003160","stop_code":"00003160","stop_name":"Bianco Mazenode","stop_desc":null,"zone_id":null,"stop_url":null,"location_type":"0","parent_station":null,"stop_timezone":null,"wheelchair_boarding":"2"}},{"type":"Feature","geometry":{"type":"Point","coordinates":[5.36443949,43.33263092]},"properties":{"stop_id":"RTM-00003963","stop_code":"00003963","stop_name":"Billoux Mairie 15-16","stop_desc":null,"zone_id":null,"stop_url":null,"location_type":"0","parent_station":null,"stop_timezone":null,"wheelchair_boarding":"1"}},{"type":"Feature","geometry":{"type":"Point","coordinates":[5.400174,43.30292]},"properties":{"stop_id":"RTM-00004464","stop_code":"00004464","stop_name":"Blancarde Duparc","stop_desc":"61 BOULEVARD DE LA BLANCARDE  MARSEILLE 13004","zone_id":null,"stop_url":null,"location_type":"0","parent_station":null,"stop_timezone":null,"wheelchair_boarding":"1"}},{"type":"Feature","geometry":{"type":"Point","coordinates":[5.40254831,43.30279685]},"properties":{"stop_id":"RTM-00003086","stop_code":"00003086","stop_name":"Blancarde Jeanne de Chantal","stop_desc":null,"zone_id":null,"stop_url":null,"location_type":"0","parent_station":null,"stop_timezone":null,"wheelchair_boarding":"1"}},{"type":"Feature","geometry":{"type":"Point","coordinates":[5.41581529,43.26080925]},"properties":{"stop_id":"RTM-00004638","stop_code":"00004638","stop_name":"Blum Cabot","stop_desc":null,"zone_id":null,"stop_url":null,"location_type":"0","parent_station":null,"stop_timezone":null,"wheelchair_boarding":"2"}},{"type":"Feature","geometry":{"type":"Point","coordinates":[5.42529,43.270944]},"properties":{"stop_id":"RTM-00001649","stop_code":"00001649","stop_name":"Bois Fleury","stop_desc":null,"zone_id":null,"stop_url":null,"location_type":"0","parent_station":null,"stop_timezone":null,"wheelchair_boarding":"2"}},{"type":"Feature","geometry":{"type":"Point","coordinates":[5.424745,43.270911]},"properties":{"stop_id":"RTM-00001659","stop_code":"00001659","stop_name":"Bois Fleury","stop_desc":null,"zone_id":null,"stop_url":null,"location_type":"0","parent_station":null,"stop_timezone":null,"wheelchair_boarding":"2"}},{"type":"Feature","geometry":{"type":"Point","coordinates":[5.43278217,43.32063895]},"properties":{"stop_id":"RTM-00000788","stop_code":"00000788","stop_name":"Bois Lema\u00eetre","stop_desc":null,"zone_id":null,"stop_url":null,"location_type":"0","parent_station":null,"stop_timezone":null,"wheelchair_boarding":"2"}},{"type":"Feature","geometry":{"type":"Point","coordinates":[5.360192,43.284465]},"properties":{"stop_id":"RTM-00001479","stop_code":"00001479","stop_name":"Bompard Endoume","stop_desc":"TAD 59","zone_id":null,"stop_url":null,"location_type":"0","parent_station":null,"stop_timezone":null,"wheelchair_boarding":"2"}},{"type":"Feature","geometry":{"type":"Point","coordinates":[5.361038,43.282273]},"properties":{"stop_id":"RTM-00001480","stop_code":"00001480","stop_name":"Bompard Rigaud","stop_desc":"TAD 59","zone_id":null,"stop_url":null,"location_type":"0","parent_station":null,"stop_timezone":null,"wheelchair_boarding":"2"}},{"type":"Feature","geometry":{"type":"Point","coordinates":[5.361097,43.282436]},"properties":{"stop_id":"RTM-00001486","stop_code":"00001486","stop_name":"Bompard Rigaud","stop_desc":"TAD 59","zone_id":null,"stop_url":null,"location_type":"0","parent_station":null,"stop_timezone":null,"wheelchair_boarding":"2"}},{"type":"Feature","geometry":{"type":"Point","coordinates":[5.47889,43.352009]},"properties":{"stop_id":"RTM-00002165","stop_code":"00002165","stop_name":"Bon Rencontre","stop_desc":"TAD 65","zone_id":null,"stop_url":null,"location_type":"0","parent_station":null,"stop_timezone":null,"wheelchair_boarding":"2"}},{"type":"Feature","geometry":{"type":"Point","coordinates":[5.399711,43.279679]},"properties":{"stop_id":"RTM-00002024","stop_code":"00002024","stop_name":"Bonnefoy Rabatau","stop_desc":"6 BOULEVARD FERNAND BONNEFOY  MARSEILLE 13010","zone_id":null,"stop_url":null,"location_type":"0","parent_station":null,"stop_timezone":null,"wheelchair_boarding":"1"}},{"type":"Feature","geometry":{"type":"Point","coordinates":[5.371628,43.296763]},"properties":{"stop_id":"RTM-00003830","stop_code":"00003830","stop_name":"Bonneterie","stop_desc":"9 RUE BONNETERIE  MARSEILLE 13002","zone_id":null,"stop_url":null,"location_type":"0","parent_station":null,"stop_timezone":null,"wheelchair_boarding":"1"}},{"type":"Feature","geometry":{"type":"Point","coordinates":[5.37957823,43.3026665]},"properties":{"stop_id":"RTM-00003369","stop_code":"00003369","stop_name":"Bourdet St Charles","stop_desc":null,"zone_id":null,"stop_url":null,"location_type":"0","parent_station":null,"stop_timezone":null,"wheelchair_boarding":"2"}},{"type":"Feature","geometry":{"type":"Point","coordinates":[5.359197,43.377349]},"properties":{"stop_id":"RTM-00000563","stop_code":"00000563","stop_name":"Bourrely Dramard","stop_desc":"\u00e9quipement mpm","zone_id":null,"stop_url":null,"location_type":"0","parent_station":null,"stop_timezone":null,"wheelchair_boarding":"2"}},{"type":"Feature","geometry":{"type":"Point","coordinates":[5.380711,43.331045]},"properties":{"stop_id":"RTM-00000548","stop_code":"00000548","stop_name":"Bovet Muret","stop_desc":null,"zone_id":null,"stop_url":null,"location_type":"0","parent_station":null,"stop_timezone":null,"wheelchair_boarding":"2"}},{"type":"Feature","geometry":{"type":"Point","coordinates":[5.37702363,43.28729186]},"properties":{"stop_id":"RTM-00001446","stop_code":"00001446","stop_name":"Breteuil Dragon","stop_desc":"TAD 59","zone_id":null,"stop_url":null,"location_type":"0","parent_station":null,"stop_timezone":null,"wheelchair_boarding":"2"}},{"type":"Feature","geometry":{"type":"Point","coordinates":[5.438418,43.303151]},"properties":{"stop_id":"RTM-00000918","stop_code":"00000918","stop_name":"Caillols Figone","stop_desc":null,"zone_id":null,"stop_url":null,"location_type":"0","parent_station":null,"stop_timezone":null,"wheelchair_boarding":"2"}},{"type":"Feature","geometry":{"type":"Point","coordinates":[5.442164,43.303385]},"properties":{"stop_id":"RTM-00000935","stop_code":"00000935","stop_name":"Caillols Fort Fouque","stop_desc":"AVENUE DES CAILLOLS  MARSEILLE 13012","zone_id":null,"stop_url":null,"location_type":"0","parent_station":null,"stop_timezone":null,"wheelchair_boarding":"2"}},{"type":"Feature","geometry":{"type":"Point","coordinates":[5.427655,43.303854]},"properties":{"stop_id":"RTM-00000915","stop_code":"00000915","stop_name":"Caillols La Fourrag\u00e8re","stop_desc":null,"zone_id":null,"stop_url":null,"location_type":"0","parent_station":null,"stop_timezone":null,"wheelchair_boarding":"2"}},{"type":"Feature","geometry":{"type":"Point","coordinates":[5.448703,43.303119]},"properties":{"stop_id":"RTM-00000922","stop_code":"00000922","stop_name":"Caillols Provence","stop_desc":null,"zone_id":null,"stop_url":null,"location_type":"0","parent_station":null,"stop_timezone":null,"wheelchair_boarding":"2"}},{"type":"Feature","geometry":{"type":"Point","coordinates":[5.445345,43.302436]},"properties":{"stop_id":"RTM-00000934","stop_code":"00000934","stop_name":"Caillols Vieux Moulin","stop_desc":null,"zone_id":null,"stop_url":null,"location_type":"0","parent_station":null,"stop_timezone":null,"wheelchair_boarding":"2"}},{"type":"Feature","geometry":{"type":"Point","coordinates":[5.346781,43.223598]},"properties":{"stop_id":"RTM-00002740","stop_code":"00002740","stop_name":"Calanque Blanche","stop_desc":null,"zone_id":null,"stop_url":null,"location_type":"0","parent_station":null,"stop_timezone":null,"wheelchair_boarding":"2"}},{"type":"Feature","geometry":{"type":"Point","coordinates":[5.384989,43.329178]},"properties":{"stop_id":"RTM-00000551","stop_code":"00000551","stop_name":"Calvet Jaloux","stop_desc":null,"zone_id":null,"stop_url":null,"location_type":"0","parent_station":null,"stop_timezone":null,"wheelchair_boarding":"2"}},{"type":"Feature","geometry":{"type":"Point","coordinates":[5.507301,43.301241]},"properties":{"stop_id":"RTM-00001191","stop_code":"00001191","stop_name":"Camoins Les Clos","stop_desc":"Anciennement Clinique St Roch","zone_id":null,"stop_url":null,"location_type":"0","parent_station":null,"stop_timezone":null,"wheelchair_boarding":"2"}},{"type":"Feature","geometry":{"type":"Point","coordinates":[5.505614,43.303684]},"properties":{"stop_id":"RTM-00001223","stop_code":"00001223","stop_name":"Camoins Les Ombr\u00e9es","stop_desc":null,"zone_id":null,"stop_url":null,"location_type":"0","parent_station":null,"stop_timezone":null,"wheelchair_boarding":"2"}},{"type":"Feature","geometry":{"type":"Point","coordinates":[5.352933,43.342499]},"properties":{"stop_id":"RTM-00000502","stop_code":"00000502","stop_name":"Campagne L\u00e9v\u00eaque","stop_desc":null,"zone_id":null,"stop_url":null,"location_type":"0","parent_station":null,"stop_timezone":null,"wheelchair_boarding":"2"}},{"type":"Feature","geometry":{"type":"Point","coordinates":[5.352759,43.342621]},"properties":{"stop_id":"RTM-00000506","stop_code":"00000506","stop_name":"Campagne L\u00e9v\u00eaque","stop_desc":null,"zone_id":null,"stop_url":null,"location_type":"0","parent_station":null,"stop_timezone":null,"wheelchair_boarding":"2"}},{"type":"Feature","geometry":{"type":"Point","coordinates":[5.44404184,43.23115193]},"properties":{"stop_id":"RTM-00004596","stop_code":"00004596","stop_name":"Campus de Luminy","stop_desc":null,"zone_id":null,"stop_url":null,"location_type":"0","parent_station":null,"stop_timezone":null,"wheelchair_boarding":"1"}},{"type":"Feature","geometry":{"type":"Point","coordinates":[5.44372873,43.23122972]},"properties":{"stop_id":"RTM-00004597","stop_code":"00004597","stop_name":"Campus de Luminy","stop_desc":null,"zone_id":null,"stop_url":null,"location_type":"0","parent_station":null,"stop_timezone":null,"wheelchair_boarding":"1"}},{"type":"Feature","geometry":{"type":"Point","coordinates":[5.376246,43.296791]},"properties":{"stop_id":"RTM-00004401","stop_code":"00004401","stop_name":"Canebi\u00e8re Bourse","stop_desc":"1 RUE DE BIR-HAKEIM  MARSEILLE 13001","zone_id":null,"stop_url":null,"location_type":"0","parent_station":null,"stop_timezone":null,"wheelchair_boarding":"1"}},{"type":"Feature","geometry":{"type":"Point","coordinates":[5.376079,43.296394]},"properties":{"stop_id":"RTM-00004405","stop_code":"00004405","stop_name":"Canebi\u00e8re Bourse","stop_desc":"RUE DES FABRES  MARSEILLE 13001","zone_id":null,"stop_url":null,"location_type":"0","parent_station":null,"stop_timezone":null,"wheelchair_boarding":"1"}},{"type":"Feature","geometry":{"type":"Point","coordinates":[5.378976,43.296743]},"properties":{"stop_id":"RTM-00004119","stop_code":"00004119","stop_name":"Canebi\u00e8re Capucins","stop_desc":null,"zone_id":null,"stop_url":null,"location_type":"0","parent_station":null,"stop_timezone":null,"wheelchair_boarding":"1"}},{"type":"Feature","geometry":{"type":"Point","coordinates":[5.37887,43.296923]},"properties":{"stop_id":"RTM-00004128","stop_code":"00004128","stop_name":"Canebi\u00e8re Capucins","stop_desc":null,"zone_id":null,"stop_url":null,"location_type":"0","parent_station":null,"stop_timezone":null,"wheelchair_boarding":"1"}},{"type":"Feature","geometry":{"type":"Point","coordinates":[5.374738,43.330912]},"properties":{"stop_id":"RTM-00000373","stop_code":"00000373","stop_name":"Canet Ambrosini","stop_desc":"15 BOULEVARD DE LA MAISON BLANCHE  MARSEILLE 13014","zone_id":null,"stop_url":null,"location_type":"0","parent_station":null,"stop_timezone":null,"wheelchair_boarding":"2"}},{"type":"Feature","geometry":{"type":"Point","coordinates":[5.37381692,43.33128567]},"properties":{"stop_id":"RTM-00004331","stop_code":"00004331","stop_name":"Canet Ambrosini","stop_desc":"BOULEVARD DU CAPITAINE-G\u00c8ZE  MARSEILLE 13014","zone_id":null,"stop_url":null,"location_type":"0","parent_station":null,"stop_timezone":null,"wheelchair_boarding":"1"}},{"type":"Feature","geometry":{"type":"Point","coordinates":[5.37390927,43.33116064]},"properties":{"stop_id":"RTM-00004708","stop_code":"00004708","stop_name":"Canet Ambrosini","stop_desc":null,"zone_id":null,"stop_url":null,"location_type":"0","parent_station":null,"stop_timezone":null,"wheelchair_boarding":"2"}},{"type":"Feature","geometry":{"type":"Point","coordinates":[5.39485011,43.2798504]},"properties":{"stop_id":"RTM-00004757","stop_code":"00004757","stop_name":"Cantini Rouet","stop_desc":"Prolongement T3","zone_id":null,"stop_url":null,"location_type":"0","parent_station":null,"stop_timezone":null,"wheelchair_boarding":"1"}},{"type":"Feature","geometry":{"type":"Point","coordinates":[5.4655201,43.3367653]},"properties":{"stop_id":"RTM-00002213","stop_code":"00002213","stop_name":"Cantons Rouges","stop_desc":null,"zone_id":null,"stop_url":null,"location_type":"0","parent_station":null,"stop_timezone":null,"wheelchair_boarding":"2"}},{"type":"Feature","geometry":{"type":"Point","coordinates":[5.364527,43.328516]},"properties":{"stop_id":"RTM-00004305","stop_code":"00004305","stop_name":"Cap Pin\u00e8de Lyon","stop_desc":"AVENUE DU CAP-PIN\u00c8DE  MARSEILLE 13015","zone_id":null,"stop_url":null,"location_type":"0","parent_station":null,"stop_timezone":null,"wheelchair_boarding":"2"}},{"type":"Feature","geometry":{"type":"Point","coordinates":[5.408019,43.280575]},"properties":{"stop_id":"RTM-00001311","stop_code":"00001311","stop_name":"Capelette Curtel","stop_desc":null,"zone_id":null,"stop_url":null,"location_type":"0","parent_station":null,"stop_timezone":null,"wheelchair_boarding":"1"}},{"type":"Feature","geometry":{"type":"Point","coordinates":[5.396762,43.306053]},"properties":{"stop_id":"RTM-00003125","stop_code":"00003125","stop_name":"Cassini","stop_desc":null,"zone_id":null,"stop_url":null,"location_type":"0","parent_station":null,"stop_timezone":null,"wheelchair_boarding":"1"}},{"type":"Feature","geometry":{"type":"Point","coordinates":[5.3845633,43.2842561]},"properties":{"stop_id":"RTM-00001493","stop_code":"00001493","stop_name":"Castellane","stop_desc":null,"zone_id":null,"stop_url":null,"location_type":"0","parent_station":null,"stop_timezone":null,"wheelchair_boarding":"1"}},{"type":"Feature","geometry":{"type":"Point","coordinates":[5.3844335,43.2851755]},"properties":{"stop_id":"RTM-00002324","stop_code":"00002324","stop_name":"Castellane","stop_desc":null,"zone_id":null,"stop_url":null,"location_type":"0","parent_station":null,"stop_timezone":null,"wheelchair_boarding":"2"}},{"type":"Feature","geometry":{"type":"Point","coordinates":[5.38541889,43.2859116]},"properties":{"stop_id":"RTM-00004783","stop_code":"00004783","stop_name":"Castellane","stop_desc":null,"zone_id":null,"stop_url":null,"location_type":"0","parent_station":null,"stop_timezone":null,"wheelchair_boarding":"2"}},{"type":"Feature","geometry":{"type":"Point","coordinates":[5.347849,43.4056]},"properties":{"stop_id":"RTM-00004279","stop_code":"00004279","stop_name":"Castors Isabella","stop_desc":"CASTORS ISABELLA  SEPT\u00c8MES-LES-VALLONS 13240","zone_id":null,"stop_url":null,"location_type":"0","parent_station":null,"stop_timezone":null,"wheelchair_boarding":"2"}},{"type":"Feature","geometry":{"type":"Point","coordinates":[5.39970604,43.32868274]},"properties":{"stop_id":"RTM-00004727","stop_code":"00004727","stop_name":"CC Le Merlan","stop_desc":null,"zone_id":null,"stop_url":null,"location_type":"0","parent_station":null,"stop_timezone":null,"wheelchair_boarding":"2"}},{"type":"Feature","geometry":{"type":"Point","coordinates":[5.39405778,43.25939345]},"properties":{"stop_id":"RTM-00001842","stop_code":"00001842","stop_name":"CC Ste Anne","stop_desc":"AVENUE DE MAZARGUES  MARSEILLE 13008","zone_id":null,"stop_url":null,"location_type":"0","parent_station":null,"stop_timezone":null,"wheelchair_boarding":"2"}},{"type":"Feature","geometry":{"type":"Point","coordinates":[5.41548997,43.24574783]},"properties":{"stop_id":"RTM-00001778","stop_code":"00001778","stop_name":"CC Valmante","stop_desc":"AVENUE DU MAR\u00c9CHAL DE LATTRE DE TASSIGNY  MARSEILLE 13009","zone_id":null,"stop_url":null,"location_type":"0","parent_station":null,"stop_timezone":null,"wheelchair_boarding":"1"}},{"type":"Feature","geometry":{"type":"Point","coordinates":[5.482624,43.339859]},"properties":{"stop_id":"RTM-00002207","stop_code":"00002207","stop_name":"CCAS d'Allauch","stop_desc":null,"zone_id":null,"stop_url":null,"location_type":"0","parent_station":null,"stop_timezone":null,"wheelchair_boarding":"2"}},{"type":"Feature","geometry":{"type":"Point","coordinates":[5.409731,43.311339]},"properties":{"stop_id":"RTM-00000801","stop_code":"00000801","stop_name":"Centre G\u00e9rontologique","stop_desc":null,"zone_id":null,"stop_url":null,"location_type":"0","parent_station":null,"stop_timezone":null,"wheelchair_boarding":"2"}},{"type":"Feature","geometry":{"type":"Point","coordinates":[5.36802,43.332969]},"properties":{"stop_id":"RTM-00002887","stop_code":"00002887","stop_name":"CFA Corot","stop_desc":"74 AVENUE DES AYGALADES  MARSEILLE 13014","zone_id":null,"stop_url":null,"location_type":"0","parent_station":null,"stop_timezone":null,"wheelchair_boarding":"1"}},{"type":"Feature","geometry":{"type":"Point","coordinates":[5.400392,43.325373]},"properties":{"stop_id":"RTM-00001153","stop_code":"00001153","stop_name":"Champfleuri","stop_desc":null,"zone_id":null,"stop_url":null,"location_type":"0","parent_station":null,"stop_timezone":null,"wheelchair_boarding":"2"}},{"type":"Feature","geometry":{"type":"Point","coordinates":[5.401397,43.309159]},"properties":{"stop_id":"RTM-00002280","stop_code":"00002280","stop_name":"Chartreux","stop_desc":null,"zone_id":null,"stop_url":null,"location_type":"0","parent_station":null,"stop_timezone":null,"wheelchair_boarding":"2"}},{"type":"Feature","geometry":{"type":"Point","coordinates":[5.401482,43.309106]},"properties":{"stop_id":"RTM-00002295","stop_code":"00002295","stop_name":"Chartreux","stop_desc":null,"zone_id":null,"stop_url":null,"location_type":"0","parent_station":null,"stop_timezone":null,"wheelchair_boarding":"2"}},{"type":"Feature","geometry":{"type":"Point","coordinates":[5.400495,43.309609]},"properties":{"stop_id":"RTM-00001125","stop_code":"00001125","stop_name":"Chartreux Pierre Roche","stop_desc":null,"zone_id":null,"stop_url":null,"location_type":"0","parent_station":null,"stop_timezone":null,"wheelchair_boarding":"1"}},{"type":"Feature","geometry":{"type":"Point","coordinates":[5.413203,43.253914]},"properties":{"stop_id":"RTM-00001966","stop_code":"00001966","stop_name":"Chemin Colline St Joseph","stop_desc":null,"zone_id":null,"stop_url":null,"location_type":"0","parent_station":null,"stop_timezone":null,"wheelchair_boarding":"2"}},{"type":"Feature","geometry":{"type":"Point","coordinates":[5.36531085,43.35850455]},"properties":{"stop_id":"RTM-00000174","stop_code":"00000174","stop_name":"Chemin de la M\u00fbre","stop_desc":"CHEMIN DE SAINT-ANTOINE \u00c0 SAINT-JOSEPH  MARSEILLE 13015","zone_id":null,"stop_url":null,"location_type":"0","parent_station":null,"stop_timezone":null,"wheelchair_boarding":"1"}},{"type":"Feature","geometry":{"type":"Point","coordinates":[5.374676,43.348865]},"properties":{"stop_id":"RTM-00001002","stop_code":"00001002","stop_name":"Chemin de St Antoine","stop_desc":null,"zone_id":null,"stop_url":null,"location_type":"0","parent_station":null,"stop_timezone":null,"wheelchair_boarding":"2"}},{"type":"Feature","geometry":{"type":"Point","coordinates":[5.334238,43.36045]},"properties":{"stop_id":"RTM-00002786","stop_code":"00002786","stop_name":"Chemin du Passet","stop_desc":null,"zone_id":null,"stop_url":null,"location_type":"0","parent_station":null,"stop_timezone":null,"wheelchair_boarding":"2"}},{"type":"Feature","geometry":{"type":"Point","coordinates":[5.44165,43.361239]},"properties":{"stop_id":"RTM-00000695","stop_code":"00000695","stop_name":"Ch\u00e2teau de la Parade","stop_desc":null,"zone_id":null,"stop_url":null,"location_type":"0","parent_station":null,"stop_timezone":null,"wheelchair_boarding":"2"}},{"type":"Feature","geometry":{"type":"Point","coordinates":[5.43828607,43.35352244]},"properties":{"stop_id":"RTM-00000681","stop_code":"00000681","stop_name":"Ch\u00e2teau Gombert","stop_desc":null,"zone_id":null,"stop_url":null,"location_type":"0","parent_station":null,"stop_timezone":null,"wheelchair_boarding":"1"}},{"type":"Feature","geometry":{"type":"Point","coordinates":[5.355308,43.405619]},"properties":{"stop_id":"RTM-00004276","stop_code":"00004276","stop_name":"Cimeti\u00e8re Nord","stop_desc":null,"zone_id":null,"stop_url":null,"location_type":"0","parent_station":null,"stop_timezone":null,"wheelchair_boarding":"2"}},{"type":"Feature","geometry":{"type":"Point","coordinates":[5.356296,43.404337]},"properties":{"stop_id":"RTM-00002994","stop_code":"00002994","stop_name":"Cimeti\u00e8re Sud","stop_desc":"abs sigep. descente sur entr\u00e9e","zone_id":null,"stop_url":null,"location_type":"0","parent_station":null,"stop_timezone":null,"wheelchair_boarding":"2"}},{"type":"Feature","geometry":{"type":"Point","coordinates":[5.396111,43.3041025]},"properties":{"stop_id":"RTM-00002281","stop_code":"00002281","stop_name":"Cinq Avenues Longchamp","stop_desc":null,"zone_id":null,"stop_url":null,"location_type":"0","parent_station":null,"stop_timezone":null,"wheelchair_boarding":"2"}},{"type":"Feature","geometry":{"type":"Point","coordinates":[5.3961085,43.3040585]},"properties":{"stop_id":"RTM-00002296","stop_code":"00002296","stop_name":"Cinq Avenues Longchamp","stop_desc":null,"zone_id":null,"stop_url":null,"location_type":"0","parent_station":null,"stop_timezone":null,"wheelchair_boarding":"2"}},{"type":"Feature","geometry":{"type":"Point","coordinates":[5.45737,43.329368]},"properties":{"stop_id":"RTM-00002885","stop_code":"00002885","stop_name":"Cit\u00e9 La Marie Basse","stop_desc":null,"zone_id":null,"stop_url":null,"location_type":"0","parent_station":null,"stop_timezone":null,"wheelchair_boarding":"1"}},{"type":"Feature","geometry":{"type":"Point","coordinates":[5.357431,43.355692]},"properties":{"stop_id":"RTM-00003973","stop_code":"00003973","stop_name":"Cit\u00e9 La Viste","stop_desc":"abri invers\u00e9","zone_id":null,"stop_url":null,"location_type":"0","parent_station":null,"stop_timezone":null,"wheelchair_boarding":"2"}},{"type":"Feature","geometry":{"type":"Point","coordinates":[5.40256508,43.32466363]},"properties":{"stop_id":"RTM-00001154","stop_code":"00001154","stop_name":"Cit\u00e9 St Just","stop_desc":"equipement modifi\u00e9 le 13\/10 suite \u00e0 travaux. D\u00e9montage de l'abri 10063","zone_id":null,"stop_url":null,"location_type":"0","parent_station":null,"stop_timezone":null,"wheelchair_boarding":"1"}},{"type":"Feature","geometry":{"type":"Point","coordinates":[5.413889,43.268356]},"properties":{"stop_id":"RTM-00001663","stop_code":"00001663","stop_name":"Claudel Mairie 9-10","stop_desc":"149 BOULEVARD PAUL CLAUDEL  MARSEILLE 13010","zone_id":null,"stop_url":null,"location_type":"0","parent_station":null,"stop_timezone":null,"wheelchair_boarding":"1"}},{"type":"Feature","geometry":{"type":"Point","coordinates":[5.38178,43.249673]},"properties":{"stop_id":"RTM-00001921","stop_code":"00001921","stop_name":"Clinique","stop_desc":null,"zone_id":null,"stop_url":null,"location_type":"0","parent_station":null,"stop_timezone":null,"wheelchair_boarding":"2"}},{"type":"Feature","geometry":{"type":"Point","coordinates":[5.3818982,43.2495341]},"properties":{"stop_id":"RTM-00001929","stop_code":"00001929","stop_name":"Clinique","stop_desc":"5 BOULEVARD DES JONCS  MARSEILLE 13008","zone_id":null,"stop_url":null,"location_type":"0","parent_station":null,"stop_timezone":null,"wheelchair_boarding":"2"}},{"type":"Feature","geometry":{"type":"Point","coordinates":[5.38712829,43.27347737]},"properties":{"stop_id":"RTM-00004202","stop_code":"00004202","stop_name":"Clinique Juge","stop_desc":null,"zone_id":null,"stop_url":null,"location_type":"0","parent_station":null,"stop_timezone":null,"wheelchair_boarding":"2"}},{"type":"Feature","geometry":{"type":"Point","coordinates":[5.436348,43.327289]},"properties":{"stop_id":"RTM-00000618","stop_code":"00000618","stop_name":"Clos d'Orville","stop_desc":null,"zone_id":null,"stop_url":null,"location_type":"0","parent_station":null,"stop_timezone":null,"wheelchair_boarding":"2"}},{"type":"Feature","geometry":{"type":"Point","coordinates":[5.5012414,43.30774578]},"properties":{"stop_id":"RTM-00004674","stop_code":"00004674","stop_name":"Clos de M\u00e9lanie","stop_desc":null,"zone_id":null,"stop_url":null,"location_type":"0","parent_station":null,"stop_timezone":null,"wheelchair_boarding":"2"}},{"type":"Feature","geometry":{"type":"Point","coordinates":[5.382484,43.256078]},"properties":{"stop_id":"RTM-00001932","stop_code":"00001932","stop_name":"Clot Bey Leau","stop_desc":"AVENUE CLOT-BEY  MARSEILLE 13008","zone_id":null,"stop_url":null,"location_type":"0","parent_station":null,"stop_timezone":null,"wheelchair_boarding":"1"}},{"type":"Feature","geometry":{"type":"Point","coordinates":[5.38363619,43.2581675]},"properties":{"stop_id":"RTM-00001933","stop_code":"00001933","stop_name":"Clot Bey Paul","stop_desc":null,"zone_id":null,"stop_url":null,"location_type":"0","parent_station":null,"stop_timezone":null,"wheelchair_boarding":"2"}},{"type":"Feature","geometry":{"type":"Point","coordinates":[5.408942,43.234032]},"properties":{"stop_id":"RTM-00001861","stop_code":"00001861","stop_name":"Colgate Agelasto","stop_desc":null,"zone_id":null,"stop_url":null,"location_type":"0","parent_station":null,"stop_timezone":null,"wheelchair_boarding":"2"}},{"type":"Feature","geometry":{"type":"Point","coordinates":[5.408865,43.234091]},"properties":{"stop_id":"RTM-00001862","stop_code":"00001862","stop_name":"Colgate Agelasto","stop_desc":null,"zone_id":null,"stop_url":null,"location_type":"0","parent_station":null,"stop_timezone":null,"wheelchair_boarding":"2"}},{"type":"Feature","geometry":{"type":"Point","coordinates":[5.37441999,43.2934502]},"properties":{"stop_id":"RTM-00004586","stop_code":"00004586","stop_name":"Colline de la Garde","stop_desc":null,"zone_id":null,"stop_url":null,"location_type":"0","parent_station":null,"stop_timezone":null,"wheelchair_boarding":"2"}},{"type":"Feature","geometry":{"type":"Point","coordinates":[5.346708,43.344015]},"properties":{"stop_id":"RTM-00000274","stop_code":"00000274","stop_name":"Coll\u00e8ge Arthur Rimbaud","stop_desc":"A55  MARSEILLE 13015","zone_id":null,"stop_url":null,"location_type":"0","parent_station":null,"stop_timezone":null,"wheelchair_boarding":"1"}},{"type":"Feature","geometry":{"type":"Point","coordinates":[5.47143026,43.28624708]},"properties":{"stop_id":"RTM-00001326","stop_code":"00001326","stop_name":"Coll\u00e8ge Ch\u00e2teau Forbin","stop_desc":"arr\u00eat 15 15s 40","zone_id":null,"stop_url":null,"location_type":"0","parent_station":null,"stop_timezone":null,"wheelchair_boarding":"2"}},{"type":"Feature","geometry":{"type":"Point","coordinates":[5.386095,43.323403]},"properties":{"stop_id":"RTM-00000107","stop_code":"00000107","stop_name":"Coll\u00e8ge Clair Soleil","stop_desc":null,"zone_id":null,"stop_url":null,"location_type":"0","parent_station":null,"stop_timezone":null,"wheelchair_boarding":"2"}},{"type":"Feature","geometry":{"type":"Point","coordinates":[5.413727,43.297994]},"properties":{"stop_id":"RTM-00000946","stop_code":"00000946","stop_name":"Coll\u00e8ge Darius Milhaud","stop_desc":null,"zone_id":null,"stop_url":null,"location_type":"0","parent_station":null,"stop_timezone":null,"wheelchair_boarding":"1"}},{"type":"Feature","geometry":{"type":"Point","coordinates":[5.370959,43.407479]},"properties":{"stop_id":"RTM-00002984","stop_code":"00002984","stop_name":"Coll\u00e8ge Ferrandi","stop_desc":"eq MPM. pas horaires sigep","zone_id":null,"stop_url":null,"location_type":"0","parent_station":null,"stop_timezone":null,"wheelchair_boarding":"2"}},{"type":"Feature","geometry":{"type":"Point","coordinates":[5.371022,43.406744]},"properties":{"stop_id":"RTM-00003004","stop_code":"00003004","stop_name":"Coll\u00e8ge Ferrandi","stop_desc":"eq MPM. pas horaires\/sigep","zone_id":null,"stop_url":null,"location_type":"0","parent_station":null,"stop_timezone":null,"wheelchair_boarding":"2"}},{"type":"Feature","geometry":{"type":"Point","coordinates":[5.4196217,43.2637732]},"properties":{"stop_id":"RTM-00004166","stop_code":"00004166","stop_name":"Coll\u00e8ge Gyptis","stop_desc":"TRAVERSE R\u00c9GNY  MARSEILLE 13009","zone_id":null,"stop_url":null,"location_type":"0","parent_station":null,"stop_timezone":null,"wheelchair_boarding":"2"}},{"type":"Feature","geometry":{"type":"Point","coordinates":[5.369053,43.306574]},"properties":{"stop_id":"RTM-00003811","stop_code":"00003811","stop_name":"Coll\u00e8ge Izzo","stop_desc":null,"zone_id":null,"stop_url":null,"location_type":"0","parent_station":null,"stop_timezone":null,"wheelchair_boarding":"2"}},{"type":"Feature","geometry":{"type":"Point","coordinates":[5.430837,43.325586]},"properties":{"stop_id":"RTM-00000773","stop_code":"00000773","stop_name":"Coll\u00e8ge Jacques Pr\u00e9vert","stop_desc":"poubelle coup\u00e9e","zone_id":null,"stop_url":null,"location_type":"0","parent_station":null,"stop_timezone":null,"wheelchair_boarding":"1"}},{"type":"Feature","geometry":{"type":"Point","coordinates":[5.431038,43.325491]},"properties":{"stop_id":"RTM-00000779","stop_code":"00000779","stop_name":"Coll\u00e8ge Jacques Pr\u00e9vert","stop_desc":null,"zone_id":null,"stop_url":null,"location_type":"0","parent_station":null,"stop_timezone":null,"wheelchair_boarding":"1"}},{"type":"Feature","geometry":{"type":"Point","coordinates":[5.43484479,43.33655619]},"properties":{"stop_id":"RTM-00004318","stop_code":"00004318","stop_name":"Coll\u00e8ge Jean Giono","stop_desc":"RUE ALBERT EINSTEIN  MARSEILLE 13013","zone_id":null,"stop_url":null,"location_type":"0","parent_station":null,"stop_timezone":null,"wheelchair_boarding":"2"}},{"type":"Feature","geometry":{"type":"Point","coordinates":[5.487677,43.295807]},"properties":{"stop_id":"RTM-00001195","stop_code":"00001195","stop_name":"Coll\u00e8ge Le Ruissatel","stop_desc":null,"zone_id":null,"stop_url":null,"location_type":"0","parent_station":null,"stop_timezone":null,"wheelchair_boarding":"2"}},{"type":"Feature","geometry":{"type":"Point","coordinates":[5.437086,43.281454]},"properties":{"stop_id":"RTM-00001303","stop_code":"00001303","stop_name":"Coll\u00e8ge Les Bartavelles","stop_desc":"5 TRAVERSE DE LA VALBARELLE  MARSEILLE 13010","zone_id":null,"stop_url":null,"location_type":"0","parent_station":null,"stop_timezone":null,"wheelchair_boarding":"1"}},{"type":"Feature","geometry":{"type":"Point","coordinates":[5.445005,43.342493]},"properties":{"stop_id":"RTM-00003943","stop_code":"00003943","stop_name":"Coll\u00e8ge Malraux","stop_desc":"250 RUE ALBERT EINSTEIN  MARSEILLE 13013","zone_id":null,"stop_url":null,"location_type":"0","parent_station":null,"stop_timezone":null,"wheelchair_boarding":"1"}},{"type":"Feature","geometry":{"type":"Point","coordinates":[5.467,43.352958]},"properties":{"stop_id":"RTM-00002161","stop_code":"00002161","stop_name":"Coll\u00e8ge Olympe de Gouges","stop_desc":null,"zone_id":null,"stop_url":null,"location_type":"0","parent_station":null,"stop_timezone":null,"wheelchair_boarding":"2"}},{"type":"Feature","geometry":{"type":"Point","coordinates":[5.46721029,43.35291278]},"properties":{"stop_id":"RTM-00004679","stop_code":"00004679","stop_name":"Coll\u00e8ge Olympe de Gouges","stop_desc":null,"zone_id":null,"stop_url":null,"location_type":"0","parent_station":null,"stop_timezone":null,"wheelchair_boarding":"2"}},{"type":"Feature","geometry":{"type":"Point","coordinates":[5.39648116,43.24151384]},"properties":{"stop_id":"RTM-00003694","stop_code":"00003694","stop_name":"Coll\u00e8ge Roy d'Espagne","stop_desc":null,"zone_id":null,"stop_url":null,"location_type":"0","parent_station":null,"stop_timezone":null,"wheelchair_boarding":"1"}},{"type":"Feature","geometry":{"type":"Point","coordinates":[5.433564,43.319311]},"properties":{"stop_id":"RTM-00000787","stop_code":"00000787","stop_name":"Compadieu","stop_desc":"AVENUE JEAN COMPADIEU  MARSEILLE 13012","zone_id":null,"stop_url":null,"location_type":"0","parent_station":null,"stop_timezone":null,"wheelchair_boarding":"1"}},{"type":"Feature","geometry":{"type":"Point","coordinates":[5.447192,43.318872]},"properties":{"stop_id":"RTM-00003149","stop_code":"00003149","stop_name":"Comtesse","stop_desc":null,"zone_id":null,"stop_url":null,"location_type":"0","parent_station":null,"stop_timezone":null,"wheelchair_boarding":"2"}},{"type":"Feature","geometry":{"type":"Point","coordinates":[5.350157,43.350685]},"properties":{"stop_id":"RTM-00000318","stop_code":"00000318","stop_name":"Consolat","stop_desc":null,"zone_id":null,"stop_url":null,"location_type":"0","parent_station":null,"stop_timezone":null,"wheelchair_boarding":"1"}},{"type":"Feature","geometry":{"type":"Point","coordinates":[5.42831878,43.33911514]},"properties":{"stop_id":"RTM-00000732","stop_code":"00000732","stop_name":"Consolation Gracieuse","stop_desc":null,"zone_id":null,"stop_url":null,"location_type":"0","parent_station":null,"stop_timezone":null,"wheelchair_boarding":"2"}},{"type":"Feature","geometry":{"type":"Point","coordinates":[5.448541,43.342831]},"properties":{"stop_id":"RTM-00002824","stop_code":"00002824","stop_name":"Copernic","stop_desc":null,"zone_id":null,"stop_url":null,"location_type":"0","parent_station":null,"stop_timezone":null,"wheelchair_boarding":"1"}},{"type":"Feature","geometry":{"type":"Point","coordinates":[5.353624,43.288642]},"properties":{"stop_id":"RTM-00002084","stop_code":"00002084","stop_name":"Corniche Dessemond","stop_desc":null,"zone_id":null,"stop_url":null,"location_type":"0","parent_station":null,"stop_timezone":null,"wheelchair_boarding":"1"}},{"type":"Feature","geometry":{"type":"Point","coordinates":[5.352137,43.287482]},"properties":{"stop_id":"RTM-00002057","stop_code":"00002057","stop_name":"Corniche Fr\u00e9gier","stop_desc":null,"zone_id":null,"stop_url":null,"location_type":"0","parent_station":null,"stop_timezone":null,"wheelchair_boarding":"1"}},{"type":"Feature","geometry":{"type":"Point","coordinates":[5.35216752,43.28729358]},"properties":{"stop_id":"RTM-00002083","stop_code":"00002083","stop_name":"Corniche Fr\u00e9gier","stop_desc":null,"zone_id":null,"stop_url":null,"location_type":"0","parent_station":null,"stop_timezone":null,"wheelchair_boarding":"1"}},{"type":"Feature","geometry":{"type":"Point","coordinates":[5.36499058,43.27011278]},"properties":{"stop_id":"RTM-00002067","stop_code":"00002067","stop_name":"Corniche Roucas Blanc","stop_desc":null,"zone_id":null,"stop_url":null,"location_type":"0","parent_station":null,"stop_timezone":null,"wheelchair_boarding":"1"}},{"type":"Feature","geometry":{"type":"Point","coordinates":[5.365097,43.270243]},"properties":{"stop_id":"RTM-00002074","stop_code":"00002074","stop_name":"Corniche Roucas Blanc","stop_desc":null,"zone_id":null,"stop_url":null,"location_type":"0","parent_station":null,"stop_timezone":null,"wheelchair_boarding":"1"}},{"type":"Feature","geometry":{"type":"Point","coordinates":[5.3647251,43.2703088]},"properties":{"stop_id":"RTM-00004786","stop_code":"00004786","stop_name":"Corniche Roucas Blanc","stop_desc":null,"zone_id":null,"stop_url":null,"location_type":"0","parent_station":null,"stop_timezone":null,"wheelchair_boarding":"2"}},{"type":"Feature","geometry":{"type":"Point","coordinates":[5.37029592,43.26865256]},"properties":{"stop_id":"RTM-00002068","stop_code":"00002068","stop_name":"Corniche Talabot","stop_desc":null,"zone_id":null,"stop_url":null,"location_type":"0","parent_station":null,"stop_timezone":null,"wheelchair_boarding":"1"}},{"type":"Feature","geometry":{"type":"Point","coordinates":[5.428133,43.318199]},"properties":{"stop_id":"RTM-00000791","stop_code":"00000791","stop_name":"Corogne Aiguillette","stop_desc":null,"zone_id":null,"stop_url":null,"location_type":"0","parent_station":null,"stop_timezone":null,"wheelchair_boarding":"2"}},{"type":"Feature","geometry":{"type":"Point","coordinates":[5.4065844,43.322671]},"properties":{"stop_id":"RTM-00001156","stop_code":"00001156","stop_name":"Corot Lacordaire","stop_desc":null,"zone_id":null,"stop_url":null,"location_type":"0","parent_station":null,"stop_timezone":null,"wheelchair_boarding":"2"}},{"type":"Feature","geometry":{"type":"Point","coordinates":[5.39621562,43.32688498]},"properties":{"stop_id":"RTM-00001150","stop_code":"00001150","stop_name":"Corot Monet","stop_desc":null,"zone_id":null,"stop_url":null,"location_type":"0","parent_station":null,"stop_timezone":null,"wheelchair_boarding":"2"}},{"type":"Feature","geometry":{"type":"Point","coordinates":[5.38720891,43.28950115]},"properties":{"stop_id":"RTM-00004790","stop_code":"00004790","stop_name":"Cours Bastide","stop_desc":null,"zone_id":null,"stop_url":null,"location_type":"0","parent_station":null,"stop_timezone":null,"wheelchair_boarding":"2"}},{"type":"Feature","geometry":{"type":"Point","coordinates":[5.377919,43.295856]},"properties":{"stop_id":"RTM-00004120","stop_code":"00004120","stop_name":"Cours Saint-Louis","stop_desc":null,"zone_id":null,"stop_url":null,"location_type":"0","parent_station":null,"stop_timezone":null,"wheelchair_boarding":"1"}},{"type":"Feature","geometry":{"type":"Point","coordinates":[5.311221,43.368433]},"properties":{"stop_id":"RTM-00003565","stop_code":"00003565","stop_name":"C\u00e9zanne Pichou","stop_desc":null,"zone_id":null,"stop_url":null,"location_type":"0","parent_station":null,"stop_timezone":null,"wheelchair_boarding":"2"}},{"type":"Feature","geometry":{"type":"Point","coordinates":[5.369913,43.302272]},"properties":{"stop_id":"RTM-00000445","stop_code":"00000445","stop_name":"Dames R\u00e9publique","stop_desc":null,"zone_id":null,"stop_url":null,"location_type":"0","parent_station":null,"stop_timezone":null,"wheelchair_boarding":"2"}},{"type":"Feature","geometry":{"type":"Point","coordinates":[5.368285,43.30282]},"properties":{"stop_id":"RTM-00003841","stop_code":"00003841","stop_name":"Dames R\u00e9publique","stop_desc":null,"zone_id":null,"stop_url":null,"location_type":"0","parent_station":null,"stop_timezone":null,"wheelchair_boarding":"1"}},{"type":"Feature","geometry":{"type":"Point","coordinates":[5.410292,43.320953]},"properties":{"stop_id":"RTM-00001107","stop_code":"00001107","stop_name":"Daudet Michel","stop_desc":null,"zone_id":null,"stop_url":null,"location_type":"0","parent_station":null,"stop_timezone":null,"wheelchair_boarding":"2"}},{"type":"Feature","geometry":{"type":"Point","coordinates":[5.44852,43.338146]},"properties":{"stop_id":"RTM-00003642","stop_code":"00003642","stop_name":"De Roux Cr\u00e9mieux","stop_desc":"pas de trottoir","zone_id":null,"stop_url":null,"location_type":"0","parent_station":null,"stop_timezone":null,"wheelchair_boarding":"2"}},{"type":"Feature","geometry":{"type":"Point","coordinates":[5.448624,43.338073]},"properties":{"stop_id":"RTM-00003645","stop_code":"00003645","stop_name":"De Roux Cr\u00e9mieux","stop_desc":null,"zone_id":null,"stop_url":null,"location_type":"0","parent_station":null,"stop_timezone":null,"wheelchair_boarding":"2"}},{"type":"Feature","geometry":{"type":"Point","coordinates":[5.446462,43.337643]},"properties":{"stop_id":"RTM-00003643","stop_code":"00003643","stop_name":"De Roux Garlaban","stop_desc":"pas de trottoir","zone_id":null,"stop_url":null,"location_type":"0","parent_station":null,"stop_timezone":null,"wheelchair_boarding":"2"}},{"type":"Feature","geometry":{"type":"Point","coordinates":[5.446645,43.337614]},"properties":{"stop_id":"RTM-00003644","stop_code":"00003644","stop_name":"De Roux Garlaban","stop_desc":null,"zone_id":null,"stop_url":null,"location_type":"0","parent_station":null,"stop_timezone":null,"wheelchair_boarding":"2"}},{"type":"Feature","geometry":{"type":"Point","coordinates":[5.373275,43.288561]},"properties":{"stop_id":"RTM-00001458","stop_code":"00001458","stop_name":"Delanglade","stop_desc":"TAD 59","zone_id":null,"stop_url":null,"location_type":"0","parent_station":null,"stop_timezone":null,"wheelchair_boarding":"2"}},{"type":"Feature","geometry":{"type":"Point","coordinates":[5.405278,43.281297]},"properties":{"stop_id":"RTM-00001268","stop_code":"00001268","stop_name":"Delessert","stop_desc":null,"zone_id":null,"stop_url":null,"location_type":"0","parent_station":null,"stop_timezone":null,"wheelchair_boarding":"1"}},{"type":"Feature","geometry":{"type":"Point","coordinates":[5.453944,43.334812]},"properties":{"stop_id":"RTM-00000586","stop_code":"00000586","stop_name":"Delprat Vallon Vert","stop_desc":null,"zone_id":null,"stop_url":null,"location_type":"0","parent_station":null,"stop_timezone":null,"wheelchair_boarding":"2"}},{"type":"Feature","geometry":{"type":"Point","coordinates":[5.366647,43.308803]},"properties":{"stop_id":"RTM-00004084","stop_code":"00004084","stop_name":"Docks","stop_desc":null,"zone_id":null,"stop_url":null,"location_type":"0","parent_station":null,"stop_timezone":null,"wheelchair_boarding":"1"}},{"type":"Feature","geometry":{"type":"Point","coordinates":[5.4380638,43.3138228]},"properties":{"stop_id":"RTM-00000869","stop_code":"00000869","stop_name":"Dumas Beaumont","stop_desc":null,"zone_id":null,"stop_url":null,"location_type":"0","parent_station":null,"stop_timezone":null,"wheelchair_boarding":"2"}},{"type":"Feature","geometry":{"type":"Point","coordinates":[5.401649,43.307775]},"properties":{"stop_id":"RTM-00002018","stop_code":"00002018","stop_name":"Duparc Montolivet","stop_desc":null,"zone_id":null,"stop_url":null,"location_type":"0","parent_station":null,"stop_timezone":null,"wheelchair_boarding":"1"}},{"type":"Feature","geometry":{"type":"Point","coordinates":[5.432252,43.33997]},"properties":{"stop_id":"RTM-00001111","stop_code":"00001111","stop_name":"D\u00e9p\u00f4t La Rose","stop_desc":"abs trottoir","zone_id":null,"stop_url":null,"location_type":"0","parent_station":null,"stop_timezone":null,"wheelchair_boarding":"2"}},{"type":"Feature","geometry":{"type":"Point","coordinates":[5.3723755,43.3093295]},"properties":{"stop_id":"RTM-00002318","stop_code":"00002318","stop_name":"D\u00e9sir\u00e9e Clary","stop_desc":null,"zone_id":null,"stop_url":null,"location_type":"0","parent_station":null,"stop_timezone":null,"wheelchair_boarding":"2"}},{"type":"Feature","geometry":{"type":"Point","coordinates":[5.353721,43.402616]},"properties":{"stop_id":"RTM-00002989","stop_code":"00002989","stop_name":"Ecole Castors Isabella","stop_desc":null,"zone_id":null,"stop_url":null,"location_type":"0","parent_station":null,"stop_timezone":null,"wheelchair_boarding":"2"}},{"type":"Feature","geometry":{"type":"Point","coordinates":[5.36362,43.295841]},"properties":{"stop_id":"RTM-00000440","stop_code":"00000440","stop_name":"Eglise St Laurent","stop_desc":null,"zone_id":null,"stop_url":null,"location_type":"0","parent_station":null,"stop_timezone":null,"wheelchair_boarding":"1"}},{"type":"Feature","geometry":{"type":"Point","coordinates":[5.442052,43.339974]},"properties":{"stop_id":"RTM-00003939","stop_code":"00003939","stop_name":"Einstein Ath\u00e9na","stop_desc":null,"zone_id":null,"stop_url":null,"location_type":"0","parent_station":null,"stop_timezone":null,"wheelchair_boarding":"1"}},{"type":"Feature","geometry":{"type":"Point","coordinates":[5.438343,43.339011]},"properties":{"stop_id":"RTM-00003945","stop_code":"00003945","stop_name":"Einstein Monnet","stop_desc":null,"zone_id":null,"stop_url":null,"location_type":"0","parent_station":null,"stop_timezone":null,"wheelchair_boarding":"1"}},{"type":"Feature","geometry":{"type":"Point","coordinates":[5.448329,43.345672]},"properties":{"stop_id":"RTM-00003942","stop_code":"00003942","stop_name":"Einstein Parking Relais","stop_desc":"RUE ALBERT EINSTEIN  MARSEILLE 13013","zone_id":null,"stop_url":null,"location_type":"0","parent_station":null,"stop_timezone":null,"wheelchair_boarding":"1"}},{"type":"Feature","geometry":{"type":"Point","coordinates":[5.350459,43.283328]},"properties":{"stop_id":"RTM-00002081","stop_code":"00002081","stop_name":"Endoume","stop_desc":null,"zone_id":null,"stop_url":null,"location_type":"0","parent_station":null,"stop_timezone":null,"wheelchair_boarding":"1"}},{"type":"Feature","geometry":{"type":"Point","coordinates":[5.353377,43.283827]},"properties":{"stop_id":"RTM-00001545","stop_code":"00001545","stop_name":"Endoume Bensa","stop_desc":"TAD 59","zone_id":null,"stop_url":null,"location_type":"0","parent_station":null,"stop_timezone":null,"wheelchair_boarding":"2"}},{"type":"Feature","geometry":{"type":"Point","coordinates":[5.359433,43.284901]},"properties":{"stop_id":"RTM-00001542","stop_code":"00001542","stop_name":"Endoume Bompard","stop_desc":"TAD 59","zone_id":null,"stop_url":null,"location_type":"0","parent_station":null,"stop_timezone":null,"wheelchair_boarding":"2"}},{"type":"Feature","geometry":{"type":"Point","coordinates":[5.35947015,43.28484118]},"properties":{"stop_id":"RTM-00001550","stop_code":"00001550","stop_name":"Endoume Bompard","stop_desc":"TAD 59","zone_id":null,"stop_url":null,"location_type":"0","parent_station":null,"stop_timezone":null,"wheelchair_boarding":"2"}},{"type":"Feature","geometry":{"type":"Point","coordinates":[5.364603,43.287143]},"properties":{"stop_id":"RTM-00001489","stop_code":"00001489","stop_name":"Endoume Tadd\u00e9i","stop_desc":"TAD 59","zone_id":null,"stop_url":null,"location_type":"0","parent_station":null,"stop_timezone":null,"wheelchair_boarding":"2"}},{"type":"Feature","geometry":{"type":"Point","coordinates":[5.366449,43.28786]},"properties":{"stop_id":"RTM-00001490","stop_code":"00001490","stop_name":"Endoume Tell\u00e8ne","stop_desc":"TAD 59","zone_id":null,"stop_url":null,"location_type":"0","parent_station":null,"stop_timezone":null,"wheelchair_boarding":"2"}},{"type":"Feature","geometry":{"type":"Point","coordinates":[5.35573704,43.28392933]},"properties":{"stop_id":"RTM-00001544","stop_code":"00001544","stop_name":"Endoume Vallon des Auffes","stop_desc":"TAD 59","zone_id":null,"stop_url":null,"location_type":"0","parent_station":null,"stop_timezone":null,"wheelchair_boarding":"2"}},{"type":"Feature","geometry":{"type":"Point","coordinates":[5.35584215,43.2838669]},"properties":{"stop_id":"RTM-00001548","stop_code":"00001548","stop_name":"Endoume Vallon des Auffes","stop_desc":"TAD 59","zone_id":null,"stop_url":null,"location_type":"0","parent_station":null,"stop_timezone":null,"wheelchair_boarding":"2"}},{"type":"Feature","geometry":{"type":"Point","coordinates":[5.365196,43.238692]},"properties":{"stop_id":"RTM-00001723","stop_code":"00001723","stop_name":"Engali\u00e8re","stop_desc":null,"zone_id":null,"stop_url":null,"location_type":"0","parent_station":null,"stop_timezone":null,"wheelchair_boarding":"1"}},{"type":"Feature","geometry":{"type":"Point","coordinates":[5.523683,43.301164]},"properties":{"stop_id":"RTM-00001184","stop_code":"00001184","stop_name":"Eoures Cigales","stop_desc":null,"zone_id":null,"stop_url":null,"location_type":"0","parent_station":null,"stop_timezone":null,"wheelchair_boarding":"2"}},{"type":"Feature","geometry":{"type":"Point","coordinates":[5.518317,43.300496]},"properties":{"stop_id":"RTM-00001188","stop_code":"00001188","stop_name":"Eoures Notre Dame","stop_desc":null,"zone_id":null,"stop_url":null,"location_type":"0","parent_station":null,"stop_timezone":null,"wheelchair_boarding":"2"}},{"type":"Feature","geometry":{"type":"Point","coordinates":[5.37694863,43.25444035]},"properties":{"stop_id":"RTM-00002771","stop_code":"00002771","stop_name":"Escale Bor\u00e9ly","stop_desc":null,"zone_id":null,"stop_url":null,"location_type":"0","parent_station":null,"stop_timezone":null,"wheelchair_boarding":"2"}},{"type":"Feature","geometry":{"type":"Point","coordinates":[5.348389,43.225213]},"properties":{"stop_id":"RTM-00002356","stop_code":"00002356","stop_name":"Escalette","stop_desc":"CHEMIN DES GOUDES  MARSEILLE 13008","zone_id":null,"stop_url":null,"location_type":"0","parent_station":null,"stop_timezone":null,"wheelchair_boarding":"2"}},{"type":"Feature","geometry":{"type":"Point","coordinates":[5.34853234,43.22544091]},"properties":{"stop_id":"RTM-00002364","stop_code":"00002364","stop_name":"Escalette","stop_desc":"pas de trottoir","zone_id":null,"stop_url":null,"location_type":"0","parent_station":null,"stop_timezone":null,"wheelchair_boarding":"2"}},{"type":"Feature","geometry":{"type":"Point","coordinates":[5.503153,43.280009]},"properties":{"stop_id":"RTM-00001388","stop_code":"00001388","stop_name":"Escourtines Ecoles","stop_desc":null,"zone_id":null,"stop_url":null,"location_type":"0","parent_station":null,"stop_timezone":null,"wheelchair_boarding":"2"}},{"type":"Feature","geometry":{"type":"Point","coordinates":[5.502514,43.280049]},"properties":{"stop_id":"RTM-00001391","stop_code":"00001391","stop_name":"Escourtines Ecoles","stop_desc":null,"zone_id":null,"stop_url":null,"location_type":"0","parent_station":null,"stop_timezone":null,"wheelchair_boarding":"2"}},{"type":"Feature","geometry":{"type":"Point","coordinates":[5.309472,43.362146]},"properties":{"stop_id":"RTM-00000259","stop_code":"00000259","stop_name":"Espace Mistral","stop_desc":null,"zone_id":null,"stop_url":null,"location_type":"0","parent_station":null,"stop_timezone":null,"wheelchair_boarding":"2"}},{"type":"Feature","geometry":{"type":"Point","coordinates":[5.309113,43.362255]},"properties":{"stop_id":"RTM-00003896","stop_code":"00003896","stop_name":"Espace Mistral","stop_desc":null,"zone_id":null,"stop_url":null,"location_type":"0","parent_station":null,"stop_timezone":null,"wheelchair_boarding":"2"}},{"type":"Feature","geometry":{"type":"Point","coordinates":[5.30611,43.361729]},"properties":{"stop_id":"RTM-00002224","stop_code":"00002224","stop_name":"Estaque Castejon","stop_desc":null,"zone_id":null,"stop_url":null,"location_type":"0","parent_station":null,"stop_timezone":null,"wheelchair_boarding":"1"}},{"type":"Feature","geometry":{"type":"Point","coordinates":[5.315778,43.359857]},"properties":{"stop_id":"RTM-00000257","stop_code":"00000257","stop_name":"Estaque Port","stop_desc":null,"zone_id":null,"stop_url":null,"location_type":"0","parent_station":null,"stop_timezone":null,"wheelchair_boarding":"1"}},{"type":"Feature","geometry":{"type":"Point","coordinates":[5.315617,43.359722]},"properties":{"stop_id":"RTM-00003895","stop_code":"00003895","stop_name":"Estaque Port","stop_desc":null,"zone_id":null,"stop_url":null,"location_type":"0","parent_station":null,"stop_timezone":null,"wheelchair_boarding":"2"}},{"type":"Feature","geometry":{"type":"Point","coordinates":[5.30318243,43.3619359]},"properties":{"stop_id":"RTM-00004141","stop_code":"00004141","stop_name":"Estaque Riaux","stop_desc":null,"zone_id":null,"stop_url":null,"location_type":"0","parent_station":null,"stop_timezone":null,"wheelchair_boarding":"2"}},{"type":"Feature","geometry":{"type":"Point","coordinates":[5.303434,43.361832]},"properties":{"stop_id":"RTM-00004142","stop_code":"00004142","stop_name":"Estaque Riaux","stop_desc":"abs trottoir","zone_id":null,"stop_url":null,"location_type":"0","parent_station":null,"stop_timezone":null,"wheelchair_boarding":"1"}},{"type":"Feature","geometry":{"type":"Point","coordinates":[5.312262,43.361191]},"properties":{"stop_id":"RTM-00000258","stop_code":"00000258","stop_name":"Estaque Village","stop_desc":"PLAGE DE L'ESTAQUE  MARSEILLE 13016","zone_id":null,"stop_url":null,"location_type":"0","parent_station":null,"stop_timezone":null,"wheelchair_boarding":"1"}},{"type":"Feature","geometry":{"type":"Point","coordinates":[5.37685576,43.2905615]},"properties":{"stop_id":"RTM-00001410","stop_code":"00001410","stop_name":"Estrangin Puget","stop_desc":null,"zone_id":null,"stop_url":null,"location_type":"0","parent_station":null,"stop_timezone":null,"wheelchair_boarding":"2"}},{"type":"Feature","geometry":{"type":"Point","coordinates":[5.36789,43.278792]},"properties":{"stop_id":"RTM-00001433","stop_code":"00001433","stop_name":"Estrangin Roucas","stop_desc":"TAD 59","zone_id":null,"stop_url":null,"location_type":"0","parent_station":null,"stop_timezone":null,"wheelchair_boarding":"2"}},{"type":"Feature","geometry":{"type":"Point","coordinates":[5.368275,43.278901]},"properties":{"stop_id":"RTM-00001505","stop_code":"00001505","stop_name":"Estrangin Roucas","stop_desc":null,"zone_id":null,"stop_url":null,"location_type":"0","parent_station":null,"stop_timezone":null,"wheelchair_boarding":"2"}},{"type":"Feature","geometry":{"type":"Point","coordinates":[5.3563255,43.4003909]},"properties":{"stop_id":"RTM-00003044","stop_code":"00003044","stop_name":"Eug\u00e8ne Michel","stop_desc":"abs sigep et trottoir","zone_id":null,"stop_url":null,"location_type":"0","parent_station":null,"stop_timezone":null,"wheelchair_boarding":"2"}},{"type":"Feature","geometry":{"type":"Point","coordinates":[5.38959,43.29525]},"properties":{"stop_id":"RTM-00003464","stop_code":"00003464","stop_name":"Eug\u00e8ne Pierre","stop_desc":null,"zone_id":null,"stop_url":null,"location_type":"0","parent_station":null,"stop_timezone":null,"wheelchair_boarding":"1"}},{"type":"Feature","geometry":{"type":"Point","coordinates":[5.368107,43.30871]},"properties":{"stop_id":"RTM-00003206","stop_code":"00003206","stop_name":"Eurom\u00e9diterran\u00e9e Le Silo","stop_desc":null,"zone_id":null,"stop_url":null,"location_type":"0","parent_station":null,"stop_timezone":null,"wheelchair_boarding":"1"}},{"type":"Feature","geometry":{"type":"Point","coordinates":[5.33505416,43.36286133]},"properties":{"stop_id":"RTM-00002787","stop_code":"00002787","stop_name":"Eydoux Pelouque","stop_desc":null,"zone_id":null,"stop_url":null,"location_type":"0","parent_station":null,"stop_timezone":null,"wheelchair_boarding":"2"}},{"type":"Feature","geometry":{"type":"Point","coordinates":[5.43968618,43.31255972]},"properties":{"stop_id":"RTM-00000866","stop_code":"00000866","stop_name":"Fauvettes Charleroi","stop_desc":null,"zone_id":null,"stop_url":null,"location_type":"0","parent_station":null,"stop_timezone":null,"wheelchair_boarding":"2"}},{"type":"Feature","geometry":{"type":"Point","coordinates":[5.43912828,43.31505385]},"properties":{"stop_id":"RTM-00000867","stop_code":"00000867","stop_name":"Fauvettes Pinatel","stop_desc":null,"zone_id":null,"stop_url":null,"location_type":"0","parent_station":null,"stop_timezone":null,"wheelchair_boarding":"2"}},{"type":"Feature","geometry":{"type":"Point","coordinates":[5.319596,43.358808]},"properties":{"stop_id":"RTM-00003892","stop_code":"00003892","stop_name":"Fenouil Cerisier","stop_desc":null,"zone_id":null,"stop_url":null,"location_type":"0","parent_station":null,"stop_timezone":null,"wheelchair_boarding":"2"}},{"type":"Feature","geometry":{"type":"Point","coordinates":[5.449416,43.312388]},"properties":{"stop_id":"RTM-00000843","stop_code":"00000843","stop_name":"Fernandel Maroc","stop_desc":null,"zone_id":null,"stop_url":null,"location_type":"0","parent_station":null,"stop_timezone":null,"wheelchair_boarding":"2"}},{"type":"Feature","geometry":{"type":"Point","coordinates":[5.412406,43.279473]},"properties":{"stop_id":"RTM-00001610","stop_code":"00001610","stop_name":"Fifi Turin Capelette","stop_desc":null,"zone_id":null,"stop_url":null,"location_type":"0","parent_station":null,"stop_timezone":null,"wheelchair_boarding":"1"}},{"type":"Feature","geometry":{"type":"Point","coordinates":[5.30935,43.36354]},"properties":{"stop_id":"RTM-00000305","stop_code":"00000305","stop_name":"Fillat Falaise","stop_desc":null,"zone_id":null,"stop_url":null,"location_type":"0","parent_station":null,"stop_timezone":null,"wheelchair_boarding":"2"}},{"type":"Feature","geometry":{"type":"Point","coordinates":[5.396144,43.30817]},"properties":{"stop_id":"RTM-00001575","stop_code":"00001575","stop_name":"Flammarion Siphon","stop_desc":"BOULEVARD CAMILLE FLAMMARION  MARSEILLE 13004","zone_id":null,"stop_url":null,"location_type":"0","parent_station":null,"stop_timezone":null,"wheelchair_boarding":"1"}},{"type":"Feature","geometry":{"type":"Point","coordinates":[5.392528,43.242741]},"properties":{"stop_id":"RTM-00002926","stop_code":"00002926","stop_name":"Floralia Rimet","stop_desc":null,"zone_id":null,"stop_url":null,"location_type":"0","parent_station":null,"stop_timezone":null,"wheelchair_boarding":"2"}},{"type":"Feature","geometry":{"type":"Point","coordinates":[5.403277,43.298096]},"properties":{"stop_id":"RTM-00003223","stop_code":"00003223","stop_name":"Foch Boisson","stop_desc":null,"zone_id":null,"stop_url":null,"location_type":"0","parent_station":null,"stop_timezone":null,"wheelchair_boarding":"1"}},{"type":"Feature","geometry":{"type":"Point","coordinates":[5.40014,43.300322]},"properties":{"stop_id":"RTM-00003266","stop_code":"00003266","stop_name":"Foch Sakakini","stop_desc":null,"zone_id":null,"stop_url":null,"location_type":"0","parent_station":null,"stop_timezone":null,"wheelchair_boarding":"1"}},{"type":"Feature","geometry":{"type":"Point","coordinates":[5.445668,43.29306]},"properties":{"stop_id":"RTM-00001167","stop_code":"00001167","stop_name":"Follereau La Pomme","stop_desc":null,"zone_id":null,"stop_url":null,"location_type":"0","parent_station":null,"stop_timezone":null,"wheelchair_boarding":"2"}},{"type":"Feature","geometry":{"type":"Point","coordinates":[5.317908,43.359026]},"properties":{"stop_id":"RTM-00000264","stop_code":"00000264","stop_name":"Fontaine des Tuiles","stop_desc":null,"zone_id":null,"stop_url":null,"location_type":"0","parent_station":null,"stop_timezone":null,"wheelchair_boarding":"2"}},{"type":"Feature","geometry":{"type":"Point","coordinates":[5.3625802,43.2923169]},"properties":{"stop_id":"RTM-00002055","stop_code":"00002055","stop_name":"Fort St Nicolas","stop_desc":"BOULEVARD CHARLES LIVON  MARSEILLE 13007","zone_id":null,"stop_url":null,"location_type":"0","parent_station":null,"stop_timezone":null,"wheelchair_boarding":"1"}},{"type":"Feature","geometry":{"type":"Point","coordinates":[5.3629251,43.2921833]},"properties":{"stop_id":"RTM-00002087","stop_code":"00002087","stop_name":"Fort St Nicolas","stop_desc":null,"zone_id":null,"stop_url":null,"location_type":"0","parent_station":null,"stop_timezone":null,"wheelchair_boarding":"1"}},{"type":"Feature","geometry":{"type":"Point","coordinates":[5.3562724,43.2875217]},"properties":{"stop_id":"RTM-00004193","stop_code":"00004193","stop_name":"Four \u00e0 Chaux","stop_desc":null,"zone_id":null,"stop_url":null,"location_type":"0","parent_station":null,"stop_timezone":null,"wheelchair_boarding":"2"}},{"type":"Feature","geometry":{"type":"Point","coordinates":[5.456573,43.332167]},"properties":{"stop_id":"RTM-00000582","stop_code":"00000582","stop_name":"Fournacle Les Aurengues","stop_desc":null,"zone_id":null,"stop_url":null,"location_type":"0","parent_station":null,"stop_timezone":null,"wheelchair_boarding":"2"}},{"type":"Feature","geometry":{"type":"Point","coordinates":[5.45681,43.332242]},"properties":{"stop_id":"RTM-00000584","stop_code":"00000584","stop_name":"Fournacle Les Aurengues","stop_desc":null,"zone_id":null,"stop_url":null,"location_type":"0","parent_station":null,"stop_timezone":null,"wheelchair_boarding":"2"}},{"type":"Feature","geometry":{"type":"Point","coordinates":[5.4232015,43.3255405]},"properties":{"stop_id":"RTM-00002277","stop_code":"00002277","stop_name":"Frais Vallon","stop_desc":null,"zone_id":null,"stop_url":null,"location_type":"0","parent_station":null,"stop_timezone":null,"wheelchair_boarding":"2"}},{"type":"Feature","geometry":{"type":"Point","coordinates":[5.423258,43.325467]},"properties":{"stop_id":"RTM-00002292","stop_code":"00002292","stop_name":"Frais Vallon","stop_desc":null,"zone_id":null,"stop_url":null,"location_type":"0","parent_station":null,"stop_timezone":null,"wheelchair_boarding":"2"}},{"type":"Feature","geometry":{"type":"Point","coordinates":[5.426906,43.324941]},"properties":{"stop_id":"RTM-00000775","stop_code":"00000775","stop_name":"Frais Vallon Piscine","stop_desc":null,"zone_id":null,"stop_url":null,"location_type":"0","parent_station":null,"stop_timezone":null,"wheelchair_boarding":"2"}},{"type":"Feature","geometry":{"type":"Point","coordinates":[5.424753,43.311436]},"properties":{"stop_id":"RTM-00000878","stop_code":"00000878","stop_name":"F\u00e9libres Lauriers","stop_desc":null,"zone_id":null,"stop_url":null,"location_type":"0","parent_station":null,"stop_timezone":null,"wheelchair_boarding":"2"}},{"type":"Feature","geometry":{"type":"Point","coordinates":[5.482977,43.285122]},"properties":{"stop_id":"RTM-00001370","stop_code":"00001370","stop_name":"Gare de la Barasse","stop_desc":"BOULEVARD DE LA BARASSE  MARSEILLE 13011","zone_id":null,"stop_url":null,"location_type":"0","parent_station":null,"stop_timezone":null,"wheelchair_boarding":"1"}},{"type":"Feature","geometry":{"type":"Point","coordinates":[5.39281741,43.33006869]},"properties":{"stop_id":"RTM-00004712","stop_code":"00004712","stop_name":"Gare de Picon Busserine","stop_desc":null,"zone_id":null,"stop_url":null,"location_type":"0","parent_station":null,"stop_timezone":null,"wheelchair_boarding":"2"}},{"type":"Feature","geometry":{"type":"Point","coordinates":[5.39262385,43.33017457]},"properties":{"stop_id":"RTM-00004729","stop_code":"00004729","stop_name":"Gare de Picon Busserine","stop_desc":null,"zone_id":null,"stop_url":null,"location_type":"0","parent_station":null,"stop_timezone":null,"wheelchair_boarding":"2"}},{"type":"Feature","geometry":{"type":"Point","coordinates":[5.35642897,43.36963096]},"properties":{"stop_id":"RTM-00003978","stop_code":"00003978","stop_name":"Gare de St Antoine","stop_desc":null,"zone_id":null,"stop_url":null,"location_type":"0","parent_station":null,"stop_timezone":null,"wheelchair_boarding":"1"}},{"type":"Feature","geometry":{"type":"Point","coordinates":[5.380798,43.303869]},"properties":{"stop_id":"RTM-00003837","stop_code":"00003837","stop_name":"Gare St Charles","stop_desc":"QUAI_26  poteau sp\u00e9cial bande podotactiel sur entr\u00e9e","zone_id":null,"stop_url":null,"location_type":"0","parent_station":null,"stop_timezone":null,"wheelchair_boarding":"1"}},{"type":"Feature","geometry":{"type":"Point","coordinates":[5.38178265,43.30237523]},"properties":{"stop_id":"RTM-00003902","stop_code":"00003902","stop_name":"Gare St Charles","stop_desc":null,"zone_id":null,"stop_url":null,"location_type":"0","parent_station":null,"stop_timezone":null,"wheelchair_boarding":"1"}},{"type":"Feature","geometry":{"type":"Point","coordinates":[5.38163513,43.30248454]},"properties":{"stop_id":"RTM-00003903","stop_code":"00003903","stop_name":"Gare St Charles","stop_desc":"AVENUE PIERRE S\u00c9MARD  MARSEILLE 13001","zone_id":null,"stop_url":null,"location_type":"0","parent_station":null,"stop_timezone":null,"wheelchair_boarding":"1"}},{"type":"Feature","geometry":{"type":"Point","coordinates":[5.413229,43.306565]},"properties":{"stop_id":"RTM-00002826","stop_code":"00002826","stop_name":"Garoutte Philippine","stop_desc":null,"zone_id":null,"stop_url":null,"location_type":"0","parent_station":null,"stop_timezone":null,"wheelchair_boarding":"2"}},{"type":"Feature","geometry":{"type":"Point","coordinates":[5.422693,43.301383]},"properties":{"stop_id":"RTM-00000942","stop_code":"00000942","stop_name":"Gasquy Vian","stop_desc":null,"zone_id":null,"stop_url":null,"location_type":"0","parent_station":null,"stop_timezone":null,"wheelchair_boarding":"2"}},{"type":"Feature","geometry":{"type":"Point","coordinates":[5.380494,43.278872]},"properties":{"stop_id":"RTM-00001524","stop_code":"00001524","stop_name":"Gaston Cr\u00e9mieux","stop_desc":"BOULEVARD GASTON CR\u00c9MIEUX  MARSEILLE 13008","zone_id":null,"stop_url":null,"location_type":"0","parent_station":null,"stop_timezone":null,"wheelchair_boarding":"2"}},{"type":"Feature","geometry":{"type":"Point","coordinates":[5.380138,43.278938]},"properties":{"stop_id":"RTM-00001529","stop_code":"00001529","stop_name":"Gaston Cr\u00e9mieux","stop_desc":null,"zone_id":null,"stop_url":null,"location_type":"0","parent_station":null,"stop_timezone":null,"wheelchair_boarding":"2"}},{"type":"Feature","geometry":{"type":"Point","coordinates":[5.35234836,43.3883609]},"properties":{"stop_id":"RTM-00002963","stop_code":"00002963","stop_name":"Gavotte Peyrets","stop_desc":null,"zone_id":null,"stop_url":null,"location_type":"0","parent_station":null,"stop_timezone":null,"wheelchair_boarding":"2"}},{"type":"Feature","geometry":{"type":"Point","coordinates":[5.374512,43.334106]},"properties":{"stop_id":"RTM-00000372","stop_code":"00000372","stop_name":"Gay Lussac","stop_desc":null,"zone_id":null,"stop_url":null,"location_type":"0","parent_station":null,"stop_timezone":null,"wheelchair_boarding":"2"}},{"type":"Feature","geometry":{"type":"Point","coordinates":[5.36733091,43.39233698]},"properties":{"stop_id":"RTM-00003019","stop_code":"00003019","stop_name":"Gendarmerie","stop_desc":"pas de trottoir","zone_id":null,"stop_url":null,"location_type":"0","parent_station":null,"stop_timezone":null,"wheelchair_boarding":"2"}},{"type":"Feature","geometry":{"type":"Point","coordinates":[5.397289,43.295689]},"properties":{"stop_id":"RTM-00003420","stop_code":"00003420","stop_name":"George","stop_desc":null,"zone_id":null,"stop_url":null,"location_type":"0","parent_station":null,"stop_timezone":null,"wheelchair_boarding":"1"}},{"type":"Feature","geometry":{"type":"Point","coordinates":[5.380604,43.320643]},"properties":{"stop_id":"RTM-00002272","stop_code":"00002272","stop_name":"Gibbes Bon Secours","stop_desc":"31 CHEMIN DE GIBBES  MARSEILLE 13014","zone_id":null,"stop_url":null,"location_type":"0","parent_station":null,"stop_timezone":null,"wheelchair_boarding":"2"}},{"type":"Feature","geometry":{"type":"Point","coordinates":[5.38519,43.328483]},"properties":{"stop_id":"RTM-00000538","stop_code":"00000538","stop_name":"Gibbes Rouffe","stop_desc":"CHEMIN DE GIBBES  MARSEILLE 13014","zone_id":null,"stop_url":null,"location_type":"0","parent_station":null,"stop_timezone":null,"wheelchair_boarding":"2"}},{"type":"Feature","geometry":{"type":"Point","coordinates":[5.48099452,43.33392097]},"properties":{"stop_id":"RTM-00004541","stop_code":"00004541","stop_name":"Giono Bauqui\u00e8re","stop_desc":"SCO 2022","zone_id":null,"stop_url":null,"location_type":"0","parent_station":null,"stop_timezone":null,"wheelchair_boarding":"2"}},{"type":"Feature","geometry":{"type":"Point","coordinates":[5.458367,43.343524]},"properties":{"stop_id":"RTM-00002150","stop_code":"00002150","stop_name":"Giono Lib\u00e9ration","stop_desc":null,"zone_id":null,"stop_url":null,"location_type":"0","parent_station":null,"stop_timezone":null,"wheelchair_boarding":"2"}},{"type":"Feature","geometry":{"type":"Point","coordinates":[5.458837,43.344191]},"properties":{"stop_id":"RTM-00004158","stop_code":"00004158","stop_name":"Giono Lib\u00e9ration","stop_desc":"AVENUE JEAN GIONO  PLAN-DE-CUQUES 13380","zone_id":null,"stop_url":null,"location_type":"0","parent_station":null,"stop_timezone":null,"wheelchair_boarding":"2"}},{"type":"Feature","geometry":{"type":"Point","coordinates":[5.48754006,43.33159897]},"properties":{"stop_id":"RTM-00004542","stop_code":"00004542","stop_name":"Giono Provence","stop_desc":"SCO 2022","zone_id":null,"stop_url":null,"location_type":"0","parent_station":null,"stop_timezone":null,"wheelchair_boarding":"2"}},{"type":"Feature","geometry":{"type":"Point","coordinates":[5.440509,43.285106]},"properties":{"stop_id":"RTM-00001629","stop_code":"00001629","stop_name":"Granada","stop_desc":"BOULEVARD DE SAINT-LOUP  MARSEILLE 13011","zone_id":null,"stop_url":null,"location_type":"0","parent_station":null,"stop_timezone":null,"wheelchair_boarding":"2"}},{"type":"Feature","geometry":{"type":"Point","coordinates":[5.439497,43.284955]},"properties":{"stop_id":"RTM-00001630","stop_code":"00001630","stop_name":"Granada","stop_desc":"BOULEVARD DE SAINT-LOUP  MARSEILLE 13011","zone_id":null,"stop_url":null,"location_type":"0","parent_station":null,"stop_timezone":null,"wheelchair_boarding":"2"}},{"type":"Feature","geometry":{"type":"Point","coordinates":[5.347455,43.365229]},"properties":{"stop_id":"RTM-00002639","stop_code":"00002639","stop_name":"Grand Littoral Nord","stop_desc":null,"zone_id":null,"stop_url":null,"location_type":"0","parent_station":null,"stop_timezone":null,"wheelchair_boarding":"2"}},{"type":"Feature","geometry":{"type":"Point","coordinates":[5.34753,43.365008]},"properties":{"stop_id":"RTM-00002648","stop_code":"00002648","stop_name":"Grand Littoral Nord","stop_desc":null,"zone_id":null,"stop_url":null,"location_type":"0","parent_station":null,"stop_timezone":null,"wheelchair_boarding":"2"}},{"type":"Feature","geometry":{"type":"Point","coordinates":[5.34935,43.362142]},"properties":{"stop_id":"RTM-00002647","stop_code":"00002647","stop_name":"Grand Littoral Sud","stop_desc":null,"zone_id":null,"stop_url":null,"location_type":"0","parent_station":null,"stop_timezone":null,"wheelchair_boarding":"2"}},{"type":"Feature","geometry":{"type":"Point","coordinates":[5.359851,43.404755]},"properties":{"stop_id":"RTM-00002987","stop_code":"00002987","stop_name":"Grand Pavois","stop_desc":null,"zone_id":null,"stop_url":null,"location_type":"0","parent_station":null,"stop_timezone":null,"wheelchair_boarding":"2"}},{"type":"Feature","geometry":{"type":"Point","coordinates":[5.360268,43.404907]},"properties":{"stop_id":"RTM-00003001","stop_code":"00003001","stop_name":"Grand Pavois","stop_desc":null,"zone_id":null,"stop_url":null,"location_type":"0","parent_station":null,"stop_timezone":null,"wheelchair_boarding":"2"}},{"type":"Feature","geometry":{"type":"Point","coordinates":[5.391663,43.264554]},"properties":{"stop_id":"RTM-00001840","stop_code":"00001840","stop_name":"Grand St Giniez","stop_desc":"AVENUE DE MAZARGUES  MARSEILLE 13008","zone_id":null,"stop_url":null,"location_type":"0","parent_station":null,"stop_timezone":null,"wheelchair_boarding":"2"}},{"type":"Feature","geometry":{"type":"Point","coordinates":[5.390873,43.26518]},"properties":{"stop_id":"RTM-00001884","stop_code":"00001884","stop_name":"Grand St Giniez","stop_desc":null,"zone_id":null,"stop_url":null,"location_type":"0","parent_station":null,"stop_timezone":null,"wheelchair_boarding":"2"}},{"type":"Feature","geometry":{"type":"Point","coordinates":[5.457599,43.287576]},"properties":{"stop_id":"RTM-00001286","stop_code":"00001286","stop_name":"Grani\u00e8re Rente","stop_desc":null,"zone_id":null,"stop_url":null,"location_type":"0","parent_station":null,"stop_timezone":null,"wheelchair_boarding":"2"}},{"type":"Feature","geometry":{"type":"Point","coordinates":[5.37876517,43.31620331]},"properties":{"stop_id":"RTM-00004153","stop_code":"00004153","stop_name":"Groupe Clovis Hugues","stop_desc":"AVENUE \u00c9DOUARD VAILLANT  MARSEILLE 13003","zone_id":null,"stop_url":null,"location_type":"0","parent_station":null,"stop_timezone":null,"wheelchair_boarding":"2"}},{"type":"Feature","geometry":{"type":"Point","coordinates":[5.376037,43.280876]},"properties":{"stop_id":"RTM-00001453","stop_code":"00001453","stop_name":"Guadeloupe Milly","stop_desc":"TAD 59","zone_id":null,"stop_url":null,"location_type":"0","parent_station":null,"stop_timezone":null,"wheelchair_boarding":"2"}},{"type":"Feature","geometry":{"type":"Point","coordinates":[5.42231086,43.30655508]},"properties":{"stop_id":"RTM-00003677","stop_code":"00003677","stop_name":"Guey","stop_desc":"BOULEVARD GUEY  MARSEILLE 13012","zone_id":null,"stop_url":null,"location_type":"0","parent_station":null,"stop_timezone":null,"wheelchair_boarding":"2"}},{"type":"Feature","geometry":{"type":"Point","coordinates":[5.385515,43.306496]},"properties":{"stop_id":"RTM-00003698","stop_code":"00003698","stop_name":"Guibal Cavaignac","stop_desc":null,"zone_id":null,"stop_url":null,"location_type":"0","parent_station":null,"stop_timezone":null,"wheelchair_boarding":"1"}},{"type":"Feature","geometry":{"type":"Point","coordinates":[5.35467,43.286505]},"properties":{"stop_id":"RTM-00004191","stop_code":"00004191","stop_name":"Guidicelli Fouquet","stop_desc":null,"zone_id":null,"stop_url":null,"location_type":"0","parent_station":null,"stop_timezone":null,"wheelchair_boarding":"2"}},{"type":"Feature","geometry":{"type":"Point","coordinates":[5.397309,43.313773]},"properties":{"stop_id":"RTM-00001564","stop_code":"00001564","stop_name":"Guigou","stop_desc":null,"zone_id":null,"stop_url":null,"location_type":"0","parent_station":null,"stop_timezone":null,"wheelchair_boarding":"1"}},{"type":"Feature","geometry":{"type":"Point","coordinates":[5.367306,43.328728]},"properties":{"stop_id":"RTM-00004296","stop_code":"00004296","stop_name":"G\u00e8ze","stop_desc":"60 AVENUE F\u00c9LIX ZOCCOLA  MARSEILLE 13015","zone_id":null,"stop_url":null,"location_type":"0","parent_station":null,"stop_timezone":null,"wheelchair_boarding":"1"}},{"type":"Feature","geometry":{"type":"Point","coordinates":[5.36742747,43.32835713]},"properties":{"stop_id":"RTM-00004297","stop_code":"00004297","stop_name":"G\u00e8ze","stop_desc":"60 AVENUE F\u00c9LIX ZOCCOLA  MARSEILLE 13015","zone_id":null,"stop_url":null,"location_type":"0","parent_station":null,"stop_timezone":null,"wheelchair_boarding":"1"}},{"type":"Feature","geometry":{"type":"Point","coordinates":[5.36633849,43.32703425]},"properties":{"stop_id":"RTM-00004750","stop_code":"00004750","stop_name":"G\u00e8ze","stop_desc":"Prolongement T3","zone_id":null,"stop_url":null,"location_type":"0","parent_station":null,"stop_timezone":null,"wheelchair_boarding":"1"}},{"type":"Feature","geometry":{"type":"Point","coordinates":[5.413167,43.303554]},"properties":{"stop_id":"RTM-00000949","stop_code":"00000949","stop_name":"Haguenau Alaska","stop_desc":null,"zone_id":null,"stop_url":null,"location_type":"0","parent_station":null,"stop_timezone":null,"wheelchair_boarding":"2"}},{"type":"Feature","geometry":{"type":"Point","coordinates":[5.39308,43.247413]},"properties":{"stop_id":"RTM-00001877","stop_code":"00001877","stop_name":"Hambourg Lancier","stop_desc":"141 AVENUE DE HAMBOURG  MARSEILLE 13008","zone_id":null,"stop_url":null,"location_type":"0","parent_station":null,"stop_timezone":null,"wheelchair_boarding":"2"}},{"type":"Feature","geometry":{"type":"Point","coordinates":[5.36483109,43.30388213]},"properties":{"stop_id":"RTM-00003825","stop_code":"00003825","stop_name":"Hangar J1","stop_desc":null,"zone_id":null,"stop_url":null,"location_type":"0","parent_station":null,"stop_timezone":null,"wheelchair_boarding":"1"}},{"type":"Feature","geometry":{"type":"Point","coordinates":[5.37843,43.386991]},"properties":{"stop_id":"RTM-00003049","stop_code":"00003049","stop_name":"Haut de la Rougi\u00e8re","stop_desc":"pas de sigep. ancien affichage","zone_id":null,"stop_url":null,"location_type":"0","parent_station":null,"stop_timezone":null,"wheelchair_boarding":"2"}},{"type":"Feature","geometry":{"type":"Point","coordinates":[5.407823,43.297295]},"properties":{"stop_id":"RTM-00002730","stop_code":"00002730","stop_name":"Ha\u00efti Garguier","stop_desc":null,"zone_id":null,"stop_url":null,"location_type":"0","parent_station":null,"stop_timezone":null,"wheelchair_boarding":"2"}},{"type":"Feature","geometry":{"type":"Point","coordinates":[5.415776,43.298215]},"properties":{"stop_id":"RTM-00000945","stop_code":"00000945","stop_name":"Ha\u00efti Hesp\u00e9rides","stop_desc":null,"zone_id":null,"stop_url":null,"location_type":"0","parent_station":null,"stop_timezone":null,"wheelchair_boarding":"2"}},{"type":"Feature","geometry":{"type":"Point","coordinates":[5.47643,43.338322]},"properties":{"stop_id":"RTM-00002209","stop_code":"00002209","stop_name":"Henri Tasso","stop_desc":"descente sur accotement pi\u00e9ton","zone_id":null,"stop_url":null,"location_type":"0","parent_station":null,"stop_timezone":null,"wheelchair_boarding":"2"}},{"type":"Feature","geometry":{"type":"Point","coordinates":[5.410857,43.252011]},"properties":{"stop_id":"RTM-00001999","stop_code":"00001999","stop_name":"Hesp\u00e9rides Montval","stop_desc":null,"zone_id":null,"stop_url":null,"location_type":"0","parent_station":null,"stop_timezone":null,"wheelchair_boarding":"2"}},{"type":"Feature","geometry":{"type":"Point","coordinates":[5.43814627,43.24246643]},"properties":{"stop_id":"RTM-00004591","stop_code":"00004591","stop_name":"HLM de Luminy","stop_desc":null,"zone_id":null,"stop_url":null,"location_type":"0","parent_station":null,"stop_timezone":null,"wheelchair_boarding":"1"}},{"type":"Feature","geometry":{"type":"Point","coordinates":[5.488366,43.284475]},"properties":{"stop_id":"RTM-00001331","stop_code":"00001331","stop_name":"HLM La Barasse","stop_desc":"BOULEVARD DE LA BARASSE  MARSEILLE 13011","zone_id":null,"stop_url":null,"location_type":"0","parent_station":null,"stop_timezone":null,"wheelchair_boarding":"1"}},{"type":"Feature","geometry":{"type":"Point","coordinates":[5.487329,43.28474]},"properties":{"stop_id":"RTM-00001369","stop_code":"00001369","stop_name":"HLM La Barasse","stop_desc":null,"zone_id":null,"stop_url":null,"location_type":"0","parent_station":null,"stop_timezone":null,"wheelchair_boarding":"1"}},{"type":"Feature","geometry":{"type":"Point","coordinates":[5.454512,43.293288]},"properties":{"stop_id":"RTM-00001170","stop_code":"00001170","stop_name":"HLM La Rougui\u00e8re","stop_desc":null,"zone_id":null,"stop_url":null,"location_type":"0","parent_station":null,"stop_timezone":null,"wheelchair_boarding":"2"}},{"type":"Feature","geometry":{"type":"Point","coordinates":[5.370205,43.353194]},"properties":{"stop_id":"RTM-00000158","stop_code":"00000158","stop_name":"HLM Les Aygalades","stop_desc":null,"zone_id":null,"stop_url":null,"location_type":"0","parent_station":null,"stop_timezone":null,"wheelchair_boarding":"2"}},{"type":"Feature","geometry":{"type":"Point","coordinates":[5.369291,43.353367]},"properties":{"stop_id":"RTM-00000178","stop_code":"00000178","stop_name":"HLM Les Aygalades","stop_desc":null,"zone_id":null,"stop_url":null,"location_type":"0","parent_station":null,"stop_timezone":null,"wheelchair_boarding":"2"}},{"type":"Feature","geometry":{"type":"Point","coordinates":[5.449786,43.30176]},"properties":{"stop_id":"RTM-00000932","stop_code":"00000932","stop_name":"HLM Les Caillols","stop_desc":null,"zone_id":null,"stop_url":null,"location_type":"0","parent_station":null,"stop_timezone":null,"wheelchair_boarding":"2"}},{"type":"Feature","geometry":{"type":"Point","coordinates":[5.4085184,43.25663969]},"properties":{"stop_id":"RTM-00004776","stop_code":"00004776","stop_name":"Horticulture","stop_desc":null,"zone_id":null,"stop_url":null,"location_type":"0","parent_station":null,"stop_timezone":null,"wheelchair_boarding":"2"}},{"type":"Feature","geometry":{"type":"Point","coordinates":[5.35799248,43.3800331]},"properties":{"stop_id":"RTM-00004282","stop_code":"00004282","stop_name":"H\u00f4pital Edouard Toulouse","stop_desc":"183 CHEMIN DE MIMET  MARSEILLE 13015","zone_id":null,"stop_url":null,"location_type":"0","parent_station":null,"stop_timezone":null,"wheelchair_boarding":"1"}},{"type":"Feature","geometry":{"type":"Point","coordinates":[5.363819,43.377203]},"properties":{"stop_id":"RTM-00004106","stop_code":"00004106","stop_name":"H\u00f4pital Nord","stop_desc":"depart\/terminus ligne 96","zone_id":null,"stop_url":null,"location_type":"0","parent_station":null,"stop_timezone":null,"wheelchair_boarding":"1"}},{"type":"Feature","geometry":{"type":"Point","coordinates":[5.361595,43.379474]},"properties":{"stop_id":"RTM-00004005","stop_code":"00004005","stop_name":"H\u00f4pital Nord Urgences","stop_desc":null,"zone_id":null,"stop_url":null,"location_type":"0","parent_station":null,"stop_timezone":null,"wheelchair_boarding":"1"}},{"type":"Feature","geometry":{"type":"Point","coordinates":[5.40876439,43.25945587]},"properties":{"stop_id":"RTM-00004768","stop_code":"00004768","stop_name":"H\u00f4pital Sainte-Marguerite","stop_desc":"Prolongement T3","zone_id":null,"stop_url":null,"location_type":"0","parent_station":null,"stop_timezone":null,"wheelchair_boarding":"1"}},{"type":"Feature","geometry":{"type":"Point","coordinates":[5.395272,43.275122]},"properties":{"stop_id":"RTM-00004096","stop_code":"00004096","stop_name":"H\u00f4pital St Joseph","stop_desc":null,"zone_id":null,"stop_url":null,"location_type":"0","parent_station":null,"stop_timezone":null,"wheelchair_boarding":"1"}},{"type":"Feature","geometry":{"type":"Point","coordinates":[5.371246,43.296161]},"properties":{"stop_id":"RTM-00000468","stop_code":"00000468","stop_name":"H\u00f4tel de Ville","stop_desc":null,"zone_id":null,"stop_url":null,"location_type":"0","parent_station":null,"stop_timezone":null,"wheelchair_boarding":"1"}},{"type":"Feature","geometry":{"type":"Point","coordinates":[5.405852,43.313987]},"properties":{"stop_id":"RTM-00002038","stop_code":"00002038","stop_name":"H\u00f4tel du D\u00e9partement","stop_desc":null,"zone_id":null,"stop_url":null,"location_type":"0","parent_station":null,"stop_timezone":null,"wheelchair_boarding":"2"}},{"type":"Feature","geometry":{"type":"Point","coordinates":[5.369946,43.28917]},"properties":{"stop_id":"RTM-00001472","stop_code":"00001472","stop_name":"Jardin de la Colonne","stop_desc":"TAD 59","zone_id":null,"stop_url":null,"location_type":"0","parent_station":null,"stop_timezone":null,"wheelchair_boarding":"2"}},{"type":"Feature","geometry":{"type":"Point","coordinates":[5.401762,43.29584]},"properties":{"stop_id":"RTM-00003415","stop_code":"00003415","stop_name":"Jean Martin","stop_desc":null,"zone_id":null,"stop_url":null,"location_type":"0","parent_station":null,"stop_timezone":null,"wheelchair_boarding":"1"}},{"type":"Feature","geometry":{"type":"Point","coordinates":[5.40064512,43.28694438]},"properties":{"stop_id":"RTM-00004567","stop_code":"00004567","stop_name":"Jean Moulin Ste Baume","stop_desc":null,"zone_id":null,"stop_url":null,"location_type":"0","parent_station":null,"stop_timezone":null,"wheelchair_boarding":"1"}},{"type":"Feature","geometry":{"type":"Point","coordinates":[5.39933,43.294012]},"properties":{"stop_id":"RTM-00003360","stop_code":"00003360","stop_name":"Jeanne d'Arc","stop_desc":null,"zone_id":null,"stop_url":null,"location_type":"0","parent_station":null,"stop_timezone":null,"wheelchair_boarding":"2"}},{"type":"Feature","geometry":{"type":"Point","coordinates":[5.473223,43.337738]},"properties":{"stop_id":"RTM-00002181","stop_code":"00002181","stop_name":"Jet d'Eau","stop_desc":"TAD 65","zone_id":null,"stop_url":null,"location_type":"0","parent_station":null,"stop_timezone":null,"wheelchair_boarding":"2"}},{"type":"Feature","geometry":{"type":"Point","coordinates":[5.36708,43.304454]},"properties":{"stop_id":"RTM-00000444","stop_code":"00000444","stop_name":"Joliette","stop_desc":null,"zone_id":null,"stop_url":null,"location_type":"0","parent_station":null,"stop_timezone":null,"wheelchair_boarding":"2"}},{"type":"Feature","geometry":{"type":"Point","coordinates":[5.367867,43.3038805]},"properties":{"stop_id":"RTM-00002307","stop_code":"00002307","stop_name":"Joliette","stop_desc":null,"zone_id":null,"stop_url":null,"location_type":"0","parent_station":null,"stop_timezone":null,"wheelchair_boarding":"2"}},{"type":"Feature","geometry":{"type":"Point","coordinates":[5.367157,43.305473]},"properties":{"stop_id":"RTM-00003209","stop_code":"00003209","stop_name":"Joliette","stop_desc":null,"zone_id":null,"stop_url":null,"location_type":"0","parent_station":null,"stop_timezone":null,"wheelchair_boarding":"1"}},{"type":"Feature","geometry":{"type":"Point","coordinates":[5.367262,43.30539]},"properties":{"stop_id":"RTM-00003279","stop_code":"00003279","stop_name":"Joliette","stop_desc":null,"zone_id":null,"stop_url":null,"location_type":"0","parent_station":null,"stop_timezone":null,"wheelchair_boarding":"1"}},{"type":"Feature","geometry":{"type":"Point","coordinates":[5.366492,43.305158]},"properties":{"stop_id":"RTM-00003790","stop_code":"00003790","stop_name":"Joliette","stop_desc":"ligne 35","zone_id":null,"stop_url":null,"location_type":"0","parent_station":null,"stop_timezone":null,"wheelchair_boarding":"1"}},{"type":"Feature","geometry":{"type":"Point","coordinates":[5.366588,43.304591]},"properties":{"stop_id":"RTM-00003843","stop_code":"00003843","stop_name":"Joliette","stop_desc":"ligne 55","zone_id":null,"stop_url":null,"location_type":"0","parent_station":null,"stop_timezone":null,"wheelchair_boarding":"1"}},{"type":"Feature","geometry":{"type":"Point","coordinates":[5.3652085,43.30500121]},"properties":{"stop_id":"RTM-00004570","stop_code":"00004570","stop_name":"Joliette","stop_desc":"Bus Relais M2 - Nuits Longues NEOMMA","zone_id":null,"stop_url":null,"location_type":"0","parent_station":null,"stop_timezone":null,"wheelchair_boarding":"2"}},{"type":"Feature","geometry":{"type":"Point","coordinates":[5.435543,43.343643]},"properties":{"stop_id":"RTM-00004080","stop_code":"00004080","stop_name":"Joliot Curie","stop_desc":null,"zone_id":null,"stop_url":null,"location_type":"0","parent_station":null,"stop_timezone":null,"wheelchair_boarding":"1"}},{"type":"Feature","geometry":{"type":"Point","coordinates":[5.438287,43.321918]},"properties":{"stop_id":"RTM-00000781","stop_code":"00000781","stop_name":"Jonquilles Maurelle","stop_desc":null,"zone_id":null,"stop_url":null,"location_type":"0","parent_station":null,"stop_timezone":null,"wheelchair_boarding":"2"}},{"type":"Feature","geometry":{"type":"Point","coordinates":[5.374025,43.301957]},"properties":{"stop_id":"RTM-00002308","stop_code":"00002308","stop_name":"Jules Guesde","stop_desc":null,"zone_id":null,"stop_url":null,"location_type":"0","parent_station":null,"stop_timezone":null,"wheelchair_boarding":"2"}},{"type":"Feature","geometry":{"type":"Point","coordinates":[5.371956,43.289104]},"properties":{"stop_id":"RTM-00001461","stop_code":"00001461","stop_name":"Jules Moulet Aune","stop_desc":"TAD 59","zone_id":null,"stop_url":null,"location_type":"0","parent_station":null,"stop_timezone":null,"wheelchair_boarding":"2"}},{"type":"Feature","geometry":{"type":"Point","coordinates":[5.432735,43.314549]},"properties":{"stop_id":"RTM-00000897","stop_code":"00000897","stop_name":"Kaddouz Mazarade","stop_desc":null,"zone_id":null,"stop_url":null,"location_type":"0","parent_station":null,"stop_timezone":null,"wheelchair_boarding":"2"}},{"type":"Feature","geometry":{"type":"Point","coordinates":[5.431232,43.313053]},"properties":{"stop_id":"RTM-00000881","stop_code":"00000881","stop_name":"Kaddouz Sables Jaunes","stop_desc":null,"zone_id":null,"stop_url":null,"location_type":"0","parent_station":null,"stop_timezone":null,"wheelchair_boarding":"2"}},{"type":"Feature","geometry":{"type":"Point","coordinates":[5.426022,43.308744]},"properties":{"stop_id":"RTM-00003869","stop_code":"00003869","stop_name":"Kaddouz St Julien","stop_desc":null,"zone_id":null,"stop_url":null,"location_type":"0","parent_station":null,"stop_timezone":null,"wheelchair_boarding":"2"}},{"type":"Feature","geometry":{"type":"Point","coordinates":[5.433028,43.343062]},"properties":{"stop_id":"RTM-00003661","stop_code":"00003661","stop_name":"Keynes Langevin","stop_desc":"pas de trottoir.piste cyclable","zone_id":null,"stop_url":null,"location_type":"0","parent_station":null,"stop_timezone":null,"wheelchair_boarding":"2"}},{"type":"Feature","geometry":{"type":"Point","coordinates":[5.39456,43.252476]},"properties":{"stop_id":"RTM-00001801","stop_code":"00001801","stop_name":"L'Aillaude","stop_desc":null,"zone_id":null,"stop_url":null,"location_type":"0","parent_station":null,"stop_timezone":null,"wheelchair_boarding":"2"}},{"type":"Feature","geometry":{"type":"Point","coordinates":[5.394663,43.252535]},"properties":{"stop_id":"RTM-00001825","stop_code":"00001825","stop_name":"L'Aillaude","stop_desc":null,"zone_id":null,"stop_url":null,"location_type":"0","parent_station":null,"stop_timezone":null,"wheelchair_boarding":"2"}},{"type":"Feature","geometry":{"type":"Point","coordinates":[5.485864,43.296336]},"properties":{"stop_id":"RTM-00001174","stop_code":"00001174","stop_name":"L'Audience","stop_desc":null,"zone_id":null,"stop_url":null,"location_type":"0","parent_station":null,"stop_timezone":null,"wheelchair_boarding":"2"}},{"type":"Feature","geometry":{"type":"Point","coordinates":[5.486066,43.296336]},"properties":{"stop_id":"RTM-00001196","stop_code":"00001196","stop_name":"L'Audience","stop_desc":null,"zone_id":null,"stop_url":null,"location_type":"0","parent_station":null,"stop_timezone":null,"wheelchair_boarding":"2"}},{"type":"Feature","geometry":{"type":"Point","coordinates":[5.471905,43.351219]},"properties":{"stop_id":"RTM-00002196","stop_code":"00002196","stop_name":"L'Elys\u00e9e","stop_desc":"AVENUE FR\u00c9D\u00c9RIC MISTRAL  PLAN-DE-CUQUES 13380","zone_id":null,"stop_url":null,"location_type":"0","parent_station":null,"stop_timezone":null,"wheelchair_boarding":"2"}},{"type":"Feature","geometry":{"type":"Point","coordinates":[5.415827,43.352776]},"properties":{"stop_id":"RTM-00001043","stop_code":"00001043","stop_name":"L'Escalet","stop_desc":null,"zone_id":null,"stop_url":null,"location_type":"0","parent_station":null,"stop_timezone":null,"wheelchair_boarding":"2"}},{"type":"Feature","geometry":{"type":"Point","coordinates":[5.31869123,43.36243915]},"properties":{"stop_id":"RTM-00004505","stop_code":"00004505","stop_name":"L'Estaque","stop_desc":null,"zone_id":null,"stop_url":null,"location_type":"0","parent_station":null,"stop_timezone":null,"wheelchair_boarding":"1"}},{"type":"Feature","geometry":{"type":"Point","coordinates":[5.354201,43.380278]},"properties":{"stop_id":"RTM-00004271","stop_code":"00004271","stop_name":"L'Oliveraie","stop_desc":"AVENUE ANNE-MARIE  MARSEILLE 13015","zone_id":null,"stop_url":null,"location_type":"0","parent_station":null,"stop_timezone":null,"wheelchair_boarding":"2"}},{"type":"Feature","geometry":{"type":"Point","coordinates":[5.49057486,43.32737698]},"properties":{"stop_id":"RTM-00003625","stop_code":"00003625","stop_name":"L'Ouvi\u00e8re","stop_desc":null,"zone_id":null,"stop_url":null,"location_type":"0","parent_station":null,"stop_timezone":null,"wheelchair_boarding":"2"}},{"type":"Feature","geometry":{"type":"Point","coordinates":[5.408204,43.355692]},"properties":{"stop_id":"RTM-00001077","stop_code":"00001077","stop_name":"La Batarelle","stop_desc":null,"zone_id":null,"stop_url":null,"location_type":"0","parent_station":null,"stop_timezone":null,"wheelchair_boarding":"1"}},{"type":"Feature","geometry":{"type":"Point","coordinates":[5.415109,43.350249]},"properties":{"stop_id":"RTM-00001079","stop_code":"00001079","stop_name":"La Batarelle Basse","stop_desc":null,"zone_id":null,"stop_url":null,"location_type":"0","parent_station":null,"stop_timezone":null,"wheelchair_boarding":"2"}},{"type":"Feature","geometry":{"type":"Point","coordinates":[5.406303,43.29578]},"properties":{"stop_id":"RTM-00003417","stop_code":"00003417","stop_name":"La Blancarde","stop_desc":null,"zone_id":null,"stop_url":null,"location_type":"0","parent_station":null,"stop_timezone":null,"wheelchair_boarding":"1"}},{"type":"Feature","geometry":{"type":"Point","coordinates":[5.40652154,43.295599]},"properties":{"stop_id":"RTM-00004577","stop_code":"00004577","stop_name":"La Blancarde","stop_desc":"Bus Relais M2 - Nuits Longues NEOMMA","zone_id":null,"stop_url":null,"location_type":"0","parent_station":null,"stop_timezone":null,"wheelchair_boarding":"2"}},{"type":"Feature","geometry":{"type":"Point","coordinates":[5.415875,43.324038]},"properties":{"stop_id":"RTM-00001114","stop_code":"00001114","stop_name":"La Boudini\u00e8re","stop_desc":null,"zone_id":null,"stop_url":null,"location_type":"0","parent_station":null,"stop_timezone":null,"wheelchair_boarding":"2"}},{"type":"Feature","geometry":{"type":"Point","coordinates":[5.49091684,43.35771021]},"properties":{"stop_id":"RTM-00002169","stop_code":"00002169","stop_name":"La Bourdonni\u00e8re","stop_desc":"TAD 65","zone_id":null,"stop_url":null,"location_type":"0","parent_station":null,"stop_timezone":null,"wheelchair_boarding":"2"}},{"type":"Feature","geometry":{"type":"Point","coordinates":[5.345567,43.369669]},"properties":{"stop_id":"RTM-00000030","stop_code":"00000030","stop_name":"La Bricarde","stop_desc":null,"zone_id":null,"stop_url":null,"location_type":"0","parent_station":null,"stop_timezone":null,"wheelchair_boarding":"2"}},{"type":"Feature","geometry":{"type":"Point","coordinates":[5.438479,43.333214]},"properties":{"stop_id":"RTM-00000576","stop_code":"00000576","stop_name":"La B\u00e9gude","stop_desc":null,"zone_id":null,"stop_url":null,"location_type":"0","parent_station":null,"stop_timezone":null,"wheelchair_boarding":"2"}},{"type":"Feature","geometry":{"type":"Point","coordinates":[5.43984039,43.3335233]},"properties":{"stop_id":"RTM-00004569","stop_code":"00004569","stop_name":"La B\u00e9gude Sud","stop_desc":null,"zone_id":null,"stop_url":null,"location_type":"0","parent_station":null,"stop_timezone":null,"wheelchair_boarding":"1"}},{"type":"Feature","geometry":{"type":"Point","coordinates":[5.48779376,43.35281291]},"properties":{"stop_id":"RTM-00004501","stop_code":"00004501","stop_name":"La Cal\u00e8che","stop_desc":null,"zone_id":null,"stop_url":null,"location_type":"0","parent_station":null,"stop_timezone":null,"wheelchair_boarding":"2"}},{"type":"Feature","geometry":{"type":"Point","coordinates":[5.453512,43.338584]},"properties":{"stop_id":"RTM-00002148","stop_code":"00002148","stop_name":"La Cascade","stop_desc":null,"zone_id":null,"stop_url":null,"location_type":"0","parent_station":null,"stop_timezone":null,"wheelchair_boarding":"2"}},{"type":"Feature","geometry":{"type":"Point","coordinates":[5.453834,43.339108]},"properties":{"stop_id":"RTM-00002203","stop_code":"00002203","stop_name":"La Cascade","stop_desc":null,"zone_id":null,"stop_url":null,"location_type":"0","parent_station":null,"stop_timezone":null,"wheelchair_boarding":"2"}},{"type":"Feature","geometry":{"type":"Point","coordinates":[5.343387,43.366809]},"properties":{"stop_id":"RTM-00002549","stop_code":"00002549","stop_name":"La Castellane","stop_desc":null,"zone_id":null,"stop_url":null,"location_type":"0","parent_station":null,"stop_timezone":null,"wheelchair_boarding":"2"}},{"type":"Feature","geometry":{"type":"Point","coordinates":[5.343508,43.366522]},"properties":{"stop_id":"RTM-00003731","stop_code":"00003731","stop_name":"La Castellane","stop_desc":"245 BOULEVARD HENRI BARNIER  MARSEILLE 13015","zone_id":null,"stop_url":null,"location_type":"0","parent_station":null,"stop_timezone":null,"wheelchair_boarding":"2"}},{"type":"Feature","geometry":{"type":"Point","coordinates":[5.403341,43.230655]},"properties":{"stop_id":"RTM-00004438","stop_code":"00004438","stop_name":"La Cayolle","stop_desc":"ALL\u00c9E DE LA FONTAINE VEYRE  MARSEILLE 13009","zone_id":null,"stop_url":null,"location_type":"0","parent_station":null,"stop_timezone":null,"wheelchair_boarding":"1"}},{"type":"Feature","geometry":{"type":"Point","coordinates":[5.424162,43.265648]},"properties":{"stop_id":"RTM-00004164","stop_code":"00004164","stop_name":"La Clairi\u00e8re","stop_desc":"CHEMIN DU VAL-DES-BOIS  MARSEILLE 13009","zone_id":null,"stop_url":null,"location_type":"0","parent_station":null,"stop_timezone":null,"wheelchair_boarding":"2"}},{"type":"Feature","geometry":{"type":"Point","coordinates":[5.4355469,43.3327099]},"properties":{"stop_id":"RTM-00000591","stop_code":"00000591","stop_name":"La Croix Rouge Val Plan","stop_desc":null,"zone_id":null,"stop_url":null,"location_type":"0","parent_station":null,"stop_timezone":null,"wheelchair_boarding":"2"}},{"type":"Feature","geometry":{"type":"Point","coordinates":[5.428003,43.278524]},"properties":{"stop_id":"RTM-00001691","stop_code":"00001691","stop_name":"La Fauvi\u00e8re","stop_desc":null,"zone_id":null,"stop_url":null,"location_type":"0","parent_station":null,"stop_timezone":null,"wheelchair_boarding":"2"}},{"type":"Feature","geometry":{"type":"Point","coordinates":[5.47922412,43.29494546]},"properties":{"stop_id":"RTM-00002670","stop_code":"00002670","stop_name":"La Galerie La Valentine","stop_desc":"TRAVERSE DE LA MONTRE  MARSEILLE 13011","zone_id":null,"stop_url":null,"location_type":"0","parent_station":null,"stop_timezone":null,"wheelchair_boarding":"2"}},{"type":"Feature","geometry":{"type":"Point","coordinates":[5.41081689,43.25676379]},"properties":{"stop_id":"RTM-00004639","stop_code":"00004639","stop_name":"La Gaye","stop_desc":null,"zone_id":null,"stop_url":null,"location_type":"0","parent_station":null,"stop_timezone":null,"wheelchair_boarding":"2"}},{"type":"Feature","geometry":{"type":"Point","coordinates":[5.41120976,43.25654769]},"properties":{"stop_id":"RTM-00004770","stop_code":"00004770","stop_name":"La Gaye","stop_desc":"Prolongement T3","zone_id":null,"stop_url":null,"location_type":"0","parent_station":null,"stop_timezone":null,"wheelchair_boarding":"1"}},{"type":"Feature","geometry":{"type":"Point","coordinates":[5.363994,43.40515]},"properties":{"stop_id":"RTM-00002981","stop_code":"00002981","stop_name":"La Grande Vigne","stop_desc":null,"zone_id":null,"stop_url":null,"location_type":"0","parent_station":null,"stop_timezone":null,"wheelchair_boarding":"2"}},{"type":"Feature","geometry":{"type":"Point","coordinates":[5.36418,43.405191]},"properties":{"stop_id":"RTM-00003007","stop_code":"00003007","stop_name":"La Grande Vigne","stop_desc":null,"zone_id":null,"stop_url":null,"location_type":"0","parent_station":null,"stop_timezone":null,"wheelchair_boarding":"2"}},{"type":"Feature","geometry":{"type":"Point","coordinates":[5.430133,43.348133]},"properties":{"stop_id":"RTM-00000676","stop_code":"00000676","stop_name":"La Julienne","stop_desc":null,"zone_id":null,"stop_url":null,"location_type":"0","parent_station":null,"stop_timezone":null,"wheelchair_boarding":"2"}},{"type":"Feature","geometry":{"type":"Point","coordinates":[5.429775,43.347904]},"properties":{"stop_id":"RTM-00000705","stop_code":"00000705","stop_name":"La Julienne","stop_desc":null,"zone_id":null,"stop_url":null,"location_type":"0","parent_station":null,"stop_timezone":null,"wheelchair_boarding":"2"}},{"type":"Feature","geometry":{"type":"Point","coordinates":[5.45881474,43.33273744]},"properties":{"stop_id":"RTM-00002173","stop_code":"00002173","stop_name":"La Louise","stop_desc":null,"zone_id":null,"stop_url":null,"location_type":"0","parent_station":null,"stop_timezone":null,"wheelchair_boarding":"2"}},{"type":"Feature","geometry":{"type":"Point","coordinates":[5.365734,43.299745]},"properties":{"stop_id":"RTM-00000442","stop_code":"00000442","stop_name":"La Major","stop_desc":null,"zone_id":null,"stop_url":null,"location_type":"0","parent_station":null,"stop_timezone":null,"wheelchair_boarding":"1"}},{"type":"Feature","geometry":{"type":"Point","coordinates":[5.365895,43.374431]},"properties":{"stop_id":"RTM-00003990","stop_code":"00003990","stop_name":"La Martine","stop_desc":"BOULEVARD DU BOSPHORE  MARSEILLE 13015","zone_id":null,"stop_url":null,"location_type":"0","parent_station":null,"stop_timezone":null,"wheelchair_boarding":"1"}},{"type":"Feature","geometry":{"type":"Point","coordinates":[5.315894,43.363225]},"properties":{"stop_id":"RTM-00000309","stop_code":"00000309","stop_name":"La Nerthe Marinier","stop_desc":null,"zone_id":null,"stop_url":null,"location_type":"0","parent_station":null,"stop_timezone":null,"wheelchair_boarding":"2"}},{"type":"Feature","geometry":{"type":"Point","coordinates":[5.427291,43.256717]},"properties":{"stop_id":"RTM-00003612","stop_code":"00003612","stop_name":"La Panouse","stop_desc":null,"zone_id":null,"stop_url":null,"location_type":"0","parent_station":null,"stop_timezone":null,"wheelchair_boarding":"2"}},{"type":"Feature","geometry":{"type":"Point","coordinates":[5.442871,43.360612]},"properties":{"stop_id":"RTM-00000696","stop_code":"00000696","stop_name":"La Parade Chars","stop_desc":null,"zone_id":null,"stop_url":null,"location_type":"0","parent_station":null,"stop_timezone":null,"wheelchair_boarding":"2"}},{"type":"Feature","geometry":{"type":"Point","coordinates":[5.419242,43.29497]},"properties":{"stop_id":"RTM-00003233","stop_code":"00003233","stop_name":"La Parette","stop_desc":null,"zone_id":null,"stop_url":null,"location_type":"0","parent_station":null,"stop_timezone":null,"wheelchair_boarding":"1"}},{"type":"Feature","geometry":{"type":"Point","coordinates":[5.410941,43.272438]},"properties":{"stop_id":"RTM-00001636","stop_code":"00001636","stop_name":"La Pauline","stop_desc":null,"zone_id":null,"stop_url":null,"location_type":"0","parent_station":null,"stop_timezone":null,"wheelchair_boarding":"2"}},{"type":"Feature","geometry":{"type":"Point","coordinates":[5.45818962,43.28868797]},"properties":{"stop_id":"RTM-00001322","stop_code":"00001322","stop_name":"La Petite Rente","stop_desc":null,"zone_id":null,"stop_url":null,"location_type":"0","parent_station":null,"stop_timezone":null,"wheelchair_boarding":"2"}},{"type":"Feature","geometry":{"type":"Point","coordinates":[5.36715053,43.24308037]},"properties":{"stop_id":"RTM-00004340","stop_code":"00004340","stop_name":"La Pointe Rouge","stop_desc":"AVENUE D'ODESSA  MARSEILLE 13008","zone_id":null,"stop_url":null,"location_type":"0","parent_station":null,"stop_timezone":null,"wheelchair_boarding":"2"}},{"type":"Feature","geometry":{"type":"Point","coordinates":[5.441431,43.288769]},"properties":{"stop_id":"RTM-00001321","stop_code":"00001321","stop_name":"La Pomme Heckel","stop_desc":"AVENUE DU DOCTEUR HECKEL  MARSEILLE 13011","zone_id":null,"stop_url":null,"location_type":"0","parent_station":null,"stop_timezone":null,"wheelchair_boarding":"2"}},{"type":"Feature","geometry":{"type":"Point","coordinates":[5.464171,43.332676]},"properties":{"stop_id":"RTM-00002175","stop_code":"00002175","stop_name":"La Pounche","stop_desc":null,"zone_id":null,"stop_url":null,"location_type":"0","parent_station":null,"stop_timezone":null,"wheelchair_boarding":"2"}},{"type":"Feature","geometry":{"type":"Point","coordinates":[5.462799,43.33293]},"properties":{"stop_id":"RTM-00002216","stop_code":"00002216","stop_name":"La Pounche","stop_desc":"nom: les toits de la pounche","zone_id":null,"stop_url":null,"location_type":"0","parent_station":null,"stop_timezone":null,"wheelchair_boarding":"2"}},{"type":"Feature","geometry":{"type":"Point","coordinates":[5.46401347,43.3324118]},"properties":{"stop_id":"RTM-00004702","stop_code":"00004702","stop_name":"La Pounche Poste","stop_desc":"TAD 65","zone_id":null,"stop_url":null,"location_type":"0","parent_station":null,"stop_timezone":null,"wheelchair_boarding":"2"}},{"type":"Feature","geometry":{"type":"Point","coordinates":[5.403465,43.269013]},"properties":{"stop_id":"RTM-00001667","stop_code":"00001667","stop_name":"La Pugette","stop_desc":null,"zone_id":null,"stop_url":null,"location_type":"0","parent_station":null,"stop_timezone":null,"wheelchair_boarding":"1"}},{"type":"Feature","geometry":{"type":"Point","coordinates":[5.44388724,43.33520964]},"properties":{"stop_id":"RTM-00004656","stop_code":"00004656","stop_name":"La Ravelle","stop_desc":null,"zone_id":null,"stop_url":null,"location_type":"0","parent_station":null,"stop_timezone":null,"wheelchair_boarding":"2"}},{"type":"Feature","geometry":{"type":"Point","coordinates":[5.44419131,43.33523642]},"properties":{"stop_id":"RTM-00004659","stop_code":"00004659","stop_name":"La Ravelle","stop_desc":null,"zone_id":null,"stop_url":null,"location_type":"0","parent_station":null,"stop_timezone":null,"wheelchair_boarding":"2"}},{"type":"Feature","geometry":{"type":"Point","coordinates":[5.505275,43.288294]},"properties":{"stop_id":"RTM-00003524","stop_code":"00003524","stop_name":"La Reynarde","stop_desc":null,"zone_id":null,"stop_url":null,"location_type":"0","parent_station":null,"stop_timezone":null,"wheelchair_boarding":"2"}},{"type":"Feature","geometry":{"type":"Point","coordinates":[5.42872667,43.32975509]},"properties":{"stop_id":"RTM-00000593","stop_code":"00000593","stop_name":"La Rose","stop_desc":null,"zone_id":null,"stop_url":null,"location_type":"0","parent_station":null,"stop_timezone":null,"wheelchair_boarding":"1"}},{"type":"Feature","geometry":{"type":"Point","coordinates":[5.4297405,43.333097]},"properties":{"stop_id":"RTM-00002388","stop_code":"00002388","stop_name":"La Rose","stop_desc":null,"zone_id":null,"stop_url":null,"location_type":"0","parent_station":null,"stop_timezone":null,"wheelchair_boarding":"2"}},{"type":"Feature","geometry":{"type":"Point","coordinates":[5.43231038,43.33125168]},"properties":{"stop_id":"RTM-00000592","stop_code":"00000592","stop_name":"La Rose Bd Neuf","stop_desc":null,"zone_id":null,"stop_url":null,"location_type":"0","parent_station":null,"stop_timezone":null,"wheelchair_boarding":"2"}},{"type":"Feature","geometry":{"type":"Point","coordinates":[5.42752762,43.33011567]},"properties":{"stop_id":"RTM-00000594","stop_code":"00000594","stop_name":"La Rose Mignet","stop_desc":"AVENUE FRAN\u00c7OIS MIGNET  MARSEILLE 13013","zone_id":null,"stop_url":null,"location_type":"0","parent_station":null,"stop_timezone":null,"wheelchair_boarding":"2"}},{"type":"Feature","geometry":{"type":"Point","coordinates":[5.424987,43.328072]},"properties":{"stop_id":"RTM-00000977","stop_code":"00000977","stop_name":"La Rose Village","stop_desc":null,"zone_id":null,"stop_url":null,"location_type":"0","parent_station":null,"stop_timezone":null,"wheelchair_boarding":"2"}},{"type":"Feature","geometry":{"type":"Point","coordinates":[5.362973,43.390738]},"properties":{"stop_id":"RTM-00003014","stop_code":"00003014","stop_name":"La Rougi\u00e8re","stop_desc":"\u00e9quipements MPM.pas d'horaires","zone_id":null,"stop_url":null,"location_type":"0","parent_station":null,"stop_timezone":null,"wheelchair_boarding":"2"}},{"type":"Feature","geometry":{"type":"Point","coordinates":[5.363396,43.391166]},"properties":{"stop_id":"RTM-00003017","stop_code":"00003017","stop_name":"La Rougi\u00e8re","stop_desc":"\u00e9quipements MPM. pas d'horaires","zone_id":null,"stop_url":null,"location_type":"0","parent_station":null,"stop_timezone":null,"wheelchair_boarding":"2"}},{"type":"Feature","geometry":{"type":"Point","coordinates":[5.459576,43.291986]},"properties":{"stop_id":"RTM-00001171","stop_code":"00001171","stop_name":"La Rougui\u00e8re","stop_desc":null,"zone_id":null,"stop_url":null,"location_type":"0","parent_station":null,"stop_timezone":null,"wheelchair_boarding":"2"}},{"type":"Feature","geometry":{"type":"Point","coordinates":[5.42200707,43.25291875]},"properties":{"stop_id":"RTM-00001904","stop_code":"00001904","stop_name":"La Rouvi\u00e8re","stop_desc":null,"zone_id":null,"stop_url":null,"location_type":"0","parent_station":null,"stop_timezone":null,"wheelchair_boarding":"2"}},{"type":"Feature","geometry":{"type":"Point","coordinates":[5.42137,43.252532]},"properties":{"stop_id":"RTM-00002003","stop_code":"00002003","stop_name":"La Rouvi\u00e8re","stop_desc":null,"zone_id":null,"stop_url":null,"location_type":"0","parent_station":null,"stop_timezone":null,"wheelchair_boarding":"2"}},{"type":"Feature","geometry":{"type":"Point","coordinates":[5.422013,43.252924]},"properties":{"stop_id":"RTM-00003863","stop_code":"00003863","stop_name":"La Rouvi\u00e8re","stop_desc":null,"zone_id":null,"stop_url":null,"location_type":"0","parent_station":null,"stop_timezone":null,"wheelchair_boarding":"1"}},{"type":"Feature","geometry":{"type":"Point","coordinates":[5.47901,43.291943]},"properties":{"stop_id":"RTM-00000635","stop_code":"00000635","stop_name":"La Sabli\u00e8re La Ravelle","stop_desc":null,"zone_id":null,"stop_url":null,"location_type":"0","parent_station":null,"stop_timezone":null,"wheelchair_boarding":"1"}},{"type":"Feature","geometry":{"type":"Point","coordinates":[5.478615,43.291121]},"properties":{"stop_id":"RTM-00000642","stop_code":"00000642","stop_name":"La Sabli\u00e8re Saint-Menet","stop_desc":null,"zone_id":null,"stop_url":null,"location_type":"0","parent_station":null,"stop_timezone":null,"wheelchair_boarding":"1"}},{"type":"Feature","geometry":{"type":"Point","coordinates":[5.414169,43.273826]},"properties":{"stop_id":"RTM-00001623","stop_code":"00001623","stop_name":"La Sauvag\u00e8re","stop_desc":null,"zone_id":null,"stop_url":null,"location_type":"0","parent_station":null,"stop_timezone":null,"wheelchair_boarding":"2"}},{"type":"Feature","geometry":{"type":"Point","coordinates":[5.36968518,43.36879038]},"properties":{"stop_id":"RTM-00004418","stop_code":"00004418","stop_name":"La Savine","stop_desc":"31 CIT\u00c9 LA SAVINE  MARSEILLE 13015","zone_id":null,"stop_url":null,"location_type":"0","parent_station":null,"stop_timezone":null,"wheelchair_boarding":"1"}},{"type":"Feature","geometry":{"type":"Point","coordinates":[5.41428566,43.23919255]},"properties":{"stop_id":"RTM-00001833","stop_code":"00001833","stop_name":"La Seigneurie","stop_desc":null,"zone_id":null,"stop_url":null,"location_type":"0","parent_station":null,"stop_timezone":null,"wheelchair_boarding":"2"}},{"type":"Feature","geometry":{"type":"Point","coordinates":[5.414305,43.239303]},"properties":{"stop_id":"RTM-00001834","stop_code":"00001834","stop_name":"La Seigneurie","stop_desc":null,"zone_id":null,"stop_url":null,"location_type":"0","parent_station":null,"stop_timezone":null,"wheelchair_boarding":"2"}},{"type":"Feature","geometry":{"type":"Point","coordinates":[5.503174,43.283556]},"properties":{"stop_id":"RTM-00001365","stop_code":"00001365","stop_name":"La Solitude","stop_desc":null,"zone_id":null,"stop_url":null,"location_type":"0","parent_station":null,"stop_timezone":null,"wheelchair_boarding":"2"}},{"type":"Feature","geometry":{"type":"Point","coordinates":[5.371441,43.353768]},"properties":{"stop_id":"RTM-00000177","stop_code":"00000177","stop_name":"La Sylve Le Castellas","stop_desc":null,"zone_id":null,"stop_url":null,"location_type":"0","parent_station":null,"stop_timezone":null,"wheelchair_boarding":"2"}},{"type":"Feature","geometry":{"type":"Point","coordinates":[5.4003885,43.2911725]},"properties":{"stop_id":"RTM-00002472","stop_code":"00002472","stop_name":"La Timone","stop_desc":null,"zone_id":null,"stop_url":null,"location_type":"0","parent_station":null,"stop_timezone":null,"wheelchair_boarding":"2"}},{"type":"Feature","geometry":{"type":"Point","coordinates":[5.476014,43.296356]},"properties":{"stop_id":"RTM-00002507","stop_code":"00002507","stop_name":"La Valentelle","stop_desc":null,"zone_id":null,"stop_url":null,"location_type":"0","parent_station":null,"stop_timezone":null,"wheelchair_boarding":"2"}},{"type":"Feature","geometry":{"type":"Point","coordinates":[5.482949,43.29643]},"properties":{"stop_id":"RTM-00000634","stop_code":"00000634","stop_name":"La Valentine","stop_desc":null,"zone_id":null,"stop_url":null,"location_type":"0","parent_station":null,"stop_timezone":null,"wheelchair_boarding":"2"}},{"type":"Feature","geometry":{"type":"Point","coordinates":[5.483434,43.296573]},"properties":{"stop_id":"RTM-00000644","stop_code":"00000644","stop_name":"La Valentine","stop_desc":null,"zone_id":null,"stop_url":null,"location_type":"0","parent_station":null,"stop_timezone":null,"wheelchair_boarding":"2"}},{"type":"Feature","geometry":{"type":"Point","coordinates":[5.475737,43.294332]},"properties":{"stop_id":"RTM-00003582","stop_code":"00003582","stop_name":"La Valentine Centre Commercial","stop_desc":null,"zone_id":null,"stop_url":null,"location_type":"0","parent_station":null,"stop_timezone":null,"wheelchair_boarding":"2"}},{"type":"Feature","geometry":{"type":"Point","coordinates":[5.35771273,43.35960876]},"properties":{"stop_id":"RTM-00003975","stop_code":"00003975","stop_name":"La Viste","stop_desc":null,"zone_id":null,"stop_url":null,"location_type":"0","parent_station":null,"stop_timezone":null,"wheelchair_boarding":"1"}},{"type":"Feature","geometry":{"type":"Point","coordinates":[5.428314,43.346698]},"properties":{"stop_id":"RTM-00004092","stop_code":"00004092","stop_name":"Langevin","stop_desc":null,"zone_id":null,"stop_url":null,"location_type":"0","parent_station":null,"stop_timezone":null,"wheelchair_boarding":"2"}},{"type":"Feature","geometry":{"type":"Point","coordinates":[5.432613,43.338721]},"properties":{"stop_id":"RTM-00002580","stop_code":"00002580","stop_name":"Langevin Consolation","stop_desc":null,"zone_id":null,"stop_url":null,"location_type":"0","parent_station":null,"stop_timezone":null,"wheelchair_boarding":"2"}},{"type":"Feature","geometry":{"type":"Point","coordinates":[5.432839,43.341279]},"properties":{"stop_id":"RTM-00004065","stop_code":"00004065","stop_name":"Langevin Plank","stop_desc":null,"zone_id":null,"stop_url":null,"location_type":"0","parent_station":null,"stop_timezone":null,"wheelchair_boarding":"2"}},{"type":"Feature","geometry":{"type":"Point","coordinates":[5.383182,43.246966]},"properties":{"stop_id":"RTM-00001928","stop_code":"00001928","stop_name":"Lapin Blanc","stop_desc":null,"zone_id":null,"stop_url":null,"location_type":"0","parent_station":null,"stop_timezone":null,"wheelchair_boarding":"2"}},{"type":"Feature","geometry":{"type":"Point","coordinates":[5.382287,43.246928]},"properties":{"stop_id":"RTM-00001946","stop_code":"00001946","stop_name":"Lapin Blanc","stop_desc":null,"zone_id":null,"stop_url":null,"location_type":"0","parent_station":null,"stop_timezone":null,"wheelchair_boarding":"1"}},{"type":"Feature","geometry":{"type":"Point","coordinates":[5.4574129,43.28504909]},"properties":{"stop_id":"RTM-00001289","stop_code":"00001289","stop_name":"Le Bosquet","stop_desc":"Arr\u00eat d\u00e9plac\u00e9 - d\u00e9pose -","zone_id":null,"stop_url":null,"location_type":"0","parent_station":null,"stop_timezone":null,"wheelchair_boarding":"2"}},{"type":"Feature","geometry":{"type":"Point","coordinates":[5.372978,43.35202]},"properties":{"stop_id":"RTM-00000123","stop_code":"00000123","stop_name":"Le Castellas","stop_desc":null,"zone_id":null,"stop_url":null,"location_type":"0","parent_station":null,"stop_timezone":null,"wheelchair_boarding":"2"}},{"type":"Feature","geometry":{"type":"Point","coordinates":[5.397499,43.261675]},"properties":{"stop_id":"RTM-00001787","stop_code":"00001787","stop_name":"Le Corbusier","stop_desc":null,"zone_id":null,"stop_url":null,"location_type":"0","parent_station":null,"stop_timezone":null,"wheelchair_boarding":"2"}},{"type":"Feature","geometry":{"type":"Point","coordinates":[5.422174,43.250067]},"properties":{"stop_id":"RTM-00001898","stop_code":"00001898","stop_name":"Le Fangas","stop_desc":null,"zone_id":null,"stop_url":null,"location_type":"0","parent_station":null,"stop_timezone":null,"wheelchair_boarding":"2"}},{"type":"Feature","geometry":{"type":"Point","coordinates":[5.396306,43.24691]},"properties":{"stop_id":"RTM-00001847","stop_code":"00001847","stop_name":"Le Lancier","stop_desc":null,"zone_id":null,"stop_url":null,"location_type":"0","parent_station":null,"stop_timezone":null,"wheelchair_boarding":"2"}},{"type":"Feature","geometry":{"type":"Point","coordinates":[5.48786434,43.35680408]},"properties":{"stop_id":"RTM-00002168","stop_code":"00002168","stop_name":"Le Logis Neuf","stop_desc":"TAD 65 \/ descente sur passage pi\u00e9ton","zone_id":null,"stop_url":null,"location_type":"0","parent_station":null,"stop_timezone":null,"wheelchair_boarding":"2"}},{"type":"Feature","geometry":{"type":"Point","coordinates":[5.48714,43.35636]},"properties":{"stop_id":"RTM-00002191","stop_code":"00002191","stop_name":"Le Logis Neuf","stop_desc":"TAD 65","zone_id":null,"stop_url":null,"location_type":"0","parent_station":null,"stop_timezone":null,"wheelchair_boarding":"2"}},{"type":"Feature","geometry":{"type":"Point","coordinates":[5.4854602,43.35453327]},"properties":{"stop_id":"RTM-00002463","stop_code":"00002463","stop_name":"Le Logis Neuf Allende","stop_desc":"TAD 65","zone_id":null,"stop_url":null,"location_type":"0","parent_station":null,"stop_timezone":null,"wheelchair_boarding":"2"}},{"type":"Feature","geometry":{"type":"Point","coordinates":[5.407664,43.349509]},"properties":{"stop_id":"RTM-00001032","stop_code":"00001032","stop_name":"Le Merlan","stop_desc":null,"zone_id":null,"stop_url":null,"location_type":"0","parent_station":null,"stop_timezone":null,"wheelchair_boarding":"2"}},{"type":"Feature","geometry":{"type":"Point","coordinates":[5.407538,43.349563]},"properties":{"stop_id":"RTM-00001046","stop_code":"00001046","stop_name":"Le Merlan","stop_desc":null,"zone_id":null,"stop_url":null,"location_type":"0","parent_station":null,"stop_timezone":null,"wheelchair_boarding":"2"}},{"type":"Feature","geometry":{"type":"Point","coordinates":[5.413312,43.313699]},"properties":{"stop_id":"RTM-00000753","stop_code":"00000753","stop_name":"Le Petit Bosquet","stop_desc":null,"zone_id":null,"stop_url":null,"location_type":"0","parent_station":null,"stop_timezone":null,"wheelchair_boarding":"2"}},{"type":"Feature","geometry":{"type":"Point","coordinates":[5.413437,43.313975]},"properties":{"stop_id":"RTM-00000799","stop_code":"00000799","stop_name":"Le Petit Bosquet","stop_desc":null,"zone_id":null,"stop_url":null,"location_type":"0","parent_station":null,"stop_timezone":null,"wheelchair_boarding":"2"}},{"type":"Feature","geometry":{"type":"Point","coordinates":[5.426675,43.244844]},"properties":{"stop_id":"RTM-00001775","stop_code":"00001775","stop_name":"Le Redon","stop_desc":"D559  MARSEILLE 13009","zone_id":null,"stop_url":null,"location_type":"0","parent_station":null,"stop_timezone":null,"wheelchair_boarding":"1"}},{"type":"Feature","geometry":{"type":"Point","coordinates":[5.426995,43.245244]},"properties":{"stop_id":"RTM-00001901","stop_code":"00001901","stop_name":"Le Redon","stop_desc":null,"zone_id":null,"stop_url":null,"location_type":"0","parent_station":null,"stop_timezone":null,"wheelchair_boarding":"2"}},{"type":"Feature","geometry":{"type":"Point","coordinates":[5.42825879,43.24506279]},"properties":{"stop_id":"RTM-00004589","stop_code":"00004589","stop_name":"Le Redon","stop_desc":null,"zone_id":null,"stop_url":null,"location_type":"0","parent_station":null,"stop_timezone":null,"wheelchair_boarding":"1"}},{"type":"Feature","geometry":{"type":"Point","coordinates":[5.419443,43.256594]},"properties":{"stop_id":"RTM-00001895","stop_code":"00001895","stop_name":"Le Redon La Panouse","stop_desc":null,"zone_id":null,"stop_url":null,"location_type":"0","parent_station":null,"stop_timezone":null,"wheelchair_boarding":"2"}},{"type":"Feature","geometry":{"type":"Point","coordinates":[5.431365,43.298632]},"properties":{"stop_id":"RTM-00000969","stop_code":"00000969","stop_name":"Le Vend\u00f4me","stop_desc":null,"zone_id":null,"stop_url":null,"location_type":"0","parent_station":null,"stop_timezone":null,"wheelchair_boarding":"1"}},{"type":"Feature","geometry":{"type":"Point","coordinates":[5.449568,43.294881]},"properties":{"stop_id":"RTM-00002625","stop_code":"00002625","stop_name":"Lecache Les Comtes","stop_desc":null,"zone_id":null,"stop_url":null,"location_type":"0","parent_station":null,"stop_timezone":null,"wheelchair_boarding":"2"}},{"type":"Feature","geometry":{"type":"Point","coordinates":[5.424357,43.345432]},"properties":{"stop_id":"RTM-00000673","stop_code":"00000673","stop_name":"Les 2 Tours","stop_desc":null,"zone_id":null,"stop_url":null,"location_type":"0","parent_station":null,"stop_timezone":null,"wheelchair_boarding":"2"}},{"type":"Feature","geometry":{"type":"Point","coordinates":[5.476239,43.301323]},"properties":{"stop_id":"RTM-00000646","stop_code":"00000646","stop_name":"Les 3 Lucs Bouqui\u00e8re","stop_desc":null,"zone_id":null,"stop_url":null,"location_type":"0","parent_station":null,"stop_timezone":null,"wheelchair_boarding":"2"}},{"type":"Feature","geometry":{"type":"Point","coordinates":[5.467227,43.314544]},"properties":{"stop_id":"RTM-00000832","stop_code":"00000832","stop_name":"Les 3 Lucs Chante Cigale","stop_desc":null,"zone_id":null,"stop_url":null,"location_type":"0","parent_station":null,"stop_timezone":null,"wheelchair_boarding":"2"}},{"type":"Feature","geometry":{"type":"Point","coordinates":[5.466893,43.314467]},"properties":{"stop_id":"RTM-00000837","stop_code":"00000837","stop_name":"Les 3 Lucs Chante Cigale","stop_desc":null,"zone_id":null,"stop_url":null,"location_type":"0","parent_station":null,"stop_timezone":null,"wheelchair_boarding":"1"}},{"type":"Feature","geometry":{"type":"Point","coordinates":[5.46919933,43.31689016]},"properties":{"stop_id":"RTM-00000836","stop_code":"00000836","stop_name":"Les 3 Lucs Enco de Botte","stop_desc":null,"zone_id":null,"stop_url":null,"location_type":"0","parent_station":null,"stop_timezone":null,"wheelchair_boarding":"2"}},{"type":"Feature","geometry":{"type":"Point","coordinates":[5.46213,43.309616]},"properties":{"stop_id":"RTM-00000829","stop_code":"00000829","stop_name":"Les 3 Lucs Germaine","stop_desc":null,"zone_id":null,"stop_url":null,"location_type":"0","parent_station":null,"stop_timezone":null,"wheelchair_boarding":"2"}},{"type":"Feature","geometry":{"type":"Point","coordinates":[5.45713,43.311357]},"properties":{"stop_id":"RTM-00000841","stop_code":"00000841","stop_name":"Les 3 Lucs Marionne","stop_desc":"AVENUE FERNANDEL  MARSEILLE 13012","zone_id":null,"stop_url":null,"location_type":"0","parent_station":null,"stop_timezone":null,"wheelchair_boarding":"1"}},{"type":"Feature","geometry":{"type":"Point","coordinates":[5.463773,43.313209]},"properties":{"stop_id":"RTM-00000649","stop_code":"00000649","stop_name":"Les 3 Lucs Ste Rita","stop_desc":null,"zone_id":null,"stop_url":null,"location_type":"0","parent_station":null,"stop_timezone":null,"wheelchair_boarding":"2"}},{"type":"Feature","geometry":{"type":"Point","coordinates":[5.501895,43.299834]},"properties":{"stop_id":"RTM-00001193","stop_code":"00001193","stop_name":"Les 4 Saisons","stop_desc":null,"zone_id":null,"stop_url":null,"location_type":"0","parent_station":null,"stop_timezone":null,"wheelchair_boarding":"2"}},{"type":"Feature","geometry":{"type":"Point","coordinates":[5.357675,43.338186]},"properties":{"stop_id":"RTM-00000498","stop_code":"00000498","stop_name":"Les Abattoirs","stop_desc":"CHEMIN DE LA MADRAGUE-VILLE  MARSEILLE 13015","zone_id":null,"stop_url":null,"location_type":"0","parent_station":null,"stop_timezone":null,"wheelchair_boarding":"1"}},{"type":"Feature","geometry":{"type":"Point","coordinates":[5.439502,43.317182]},"properties":{"stop_id":"RTM-00000884","stop_code":"00000884","stop_name":"Les Amaryllis","stop_desc":null,"zone_id":null,"stop_url":null,"location_type":"0","parent_station":null,"stop_timezone":null,"wheelchair_boarding":"2"}},{"type":"Feature","geometry":{"type":"Point","coordinates":[5.441319,43.317083]},"properties":{"stop_id":"RTM-00002732","stop_code":"00002732","stop_name":"Les Amaryllis Etoile","stop_desc":null,"zone_id":null,"stop_url":null,"location_type":"0","parent_station":null,"stop_timezone":null,"wheelchair_boarding":"2"}},{"type":"Feature","geometry":{"type":"Point","coordinates":[5.45599,43.333732]},"properties":{"stop_id":"RTM-00000585","stop_code":"00000585","stop_name":"Les Bartavelles","stop_desc":null,"zone_id":null,"stop_url":null,"location_type":"0","parent_station":null,"stop_timezone":null,"wheelchair_boarding":"1"}},{"type":"Feature","geometry":{"type":"Point","coordinates":[5.36299,43.366673]},"properties":{"stop_id":"RTM-00000171","stop_code":"00000171","stop_name":"Les Borels","stop_desc":null,"zone_id":null,"stop_url":null,"location_type":"0","parent_station":null,"stop_timezone":null,"wheelchair_boarding":"2"}},{"type":"Feature","geometry":{"type":"Point","coordinates":[5.44264,43.317756]},"properties":{"stop_id":"RTM-00000894","stop_code":"00000894","stop_name":"Les Bougainvill\u00e9es","stop_desc":null,"zone_id":null,"stop_url":null,"location_type":"0","parent_station":null,"stop_timezone":null,"wheelchair_boarding":"2"}},{"type":"Feature","geometry":{"type":"Point","coordinates":[5.444134,43.294718]},"properties":{"stop_id":"RTM-00003240","stop_code":"00003240","stop_name":"Les Caillols","stop_desc":"84 AVENUE WILLIAM BOOTH  MARSEILLE 13011","zone_id":null,"stop_url":null,"location_type":"0","parent_station":null,"stop_timezone":null,"wheelchair_boarding":"1"}},{"type":"Feature","geometry":{"type":"Point","coordinates":[5.445077,43.294689]},"properties":{"stop_id":"RTM-00001168","stop_code":"00001168","stop_name":"Les Caillols Centre Urbain","stop_desc":null,"zone_id":null,"stop_url":null,"location_type":"0","parent_station":null,"stop_timezone":null,"wheelchair_boarding":"1"}},{"type":"Feature","geometry":{"type":"Point","coordinates":[5.443906,43.294756]},"properties":{"stop_id":"RTM-00003181","stop_code":"00003181","stop_name":"Les Caillols Centre Urbain","stop_desc":"d\u00e9part ligne 10","zone_id":null,"stop_url":null,"location_type":"0","parent_station":null,"stop_timezone":null,"wheelchair_boarding":"2"}},{"type":"Feature","geometry":{"type":"Point","coordinates":[5.443708,43.294556]},"properties":{"stop_id":"RTM-00003351","stop_code":"00003351","stop_name":"Les Caillols Centre Urbain","stop_desc":null,"zone_id":null,"stop_url":null,"location_type":"0","parent_station":null,"stop_timezone":null,"wheelchair_boarding":"2"}},{"type":"Feature","geometry":{"type":"Point","coordinates":[5.44416032,43.29472161]},"properties":{"stop_id":"RTM-00004613","stop_code":"00004613","stop_name":"Les Caillols Centre Urbain","stop_desc":null,"zone_id":null,"stop_url":null,"location_type":"0","parent_station":null,"stop_timezone":null,"wheelchair_boarding":"2"}},{"type":"Feature","geometry":{"type":"Point","coordinates":[5.510642,43.301229]},"properties":{"stop_id":"RTM-00003167","stop_code":"00003167","stop_name":"Les Camoins","stop_desc":null,"zone_id":null,"stop_url":null,"location_type":"0","parent_station":null,"stop_timezone":null,"wheelchair_boarding":"2"}},{"type":"Feature","geometry":{"type":"Point","coordinates":[5.48263916,43.35275232]},"properties":{"stop_id":"RTM-00002166","stop_code":"00002166","stop_name":"Les Chanauds","stop_desc":"TAD 65","zone_id":null,"stop_url":null,"location_type":"0","parent_station":null,"stop_timezone":null,"wheelchair_boarding":"2"}},{"type":"Feature","geometry":{"type":"Point","coordinates":[5.369431,43.403569]},"properties":{"stop_id":"RTM-00003198","stop_code":"00003198","stop_name":"Les Collines Cimeti\u00e8re","stop_desc":null,"zone_id":null,"stop_url":null,"location_type":"0","parent_station":null,"stop_timezone":null,"wheelchair_boarding":"2"}},{"type":"Feature","geometry":{"type":"Point","coordinates":[5.410133,43.326217]},"properties":{"stop_id":"RTM-00000344","stop_code":"00000344","stop_name":"Les C\u00e8dres","stop_desc":"AVENUE SAINT-PAUL  MARSEILLE 13013","zone_id":null,"stop_url":null,"location_type":"0","parent_station":null,"stop_timezone":null,"wheelchair_boarding":"1"}},{"type":"Feature","geometry":{"type":"Point","coordinates":[5.5047952,43.28147]},"properties":{"stop_id":"RTM-00001389","stop_code":"00001389","stop_name":"Les Escourtines","stop_desc":"BOULEVARD DE LA SOLITUDE  MARSEILLE 13011","zone_id":null,"stop_url":null,"location_type":"0","parent_station":null,"stop_timezone":null,"wheelchair_boarding":"2"}},{"type":"Feature","geometry":{"type":"Point","coordinates":[5.50120512,43.30200802]},"properties":{"stop_id":"RTM-00004672","stop_code":"00004672","stop_name":"Les Fabres","stop_desc":null,"zone_id":null,"stop_url":null,"location_type":"0","parent_station":null,"stop_timezone":null,"wheelchair_boarding":"2"}},{"type":"Feature","geometry":{"type":"Point","coordinates":[5.357291,43.379704]},"properties":{"stop_id":"RTM-00003982","stop_code":"00003982","stop_name":"Les Fabrettes","stop_desc":null,"zone_id":null,"stop_url":null,"location_type":"0","parent_station":null,"stop_timezone":null,"wheelchair_boarding":"1"}},{"type":"Feature","geometry":{"type":"Point","coordinates":[5.403284,43.333107]},"properties":{"stop_id":"RTM-00001151","stop_code":"00001151","stop_name":"Les Flamants","stop_desc":"abs trottoir","zone_id":null,"stop_url":null,"location_type":"0","parent_station":null,"stop_timezone":null,"wheelchair_boarding":"1"}},{"type":"Feature","geometry":{"type":"Point","coordinates":[5.366912,43.404991]},"properties":{"stop_id":"RTM-00002951","stop_code":"00002951","stop_name":"Les Gen\u00eats","stop_desc":"abs sigep. abs trottoir","zone_id":null,"stop_url":null,"location_type":"0","parent_station":null,"stop_timezone":null,"wheelchair_boarding":"2"}},{"type":"Feature","geometry":{"type":"Point","coordinates":[5.48735429,43.34911559]},"properties":{"stop_id":"RTM-00004500","stop_code":"00004500","stop_name":"Les Gonagues","stop_desc":null,"zone_id":null,"stop_url":null,"location_type":"0","parent_station":null,"stop_timezone":null,"wheelchair_boarding":"2"}},{"type":"Feature","geometry":{"type":"Point","coordinates":[5.347725,43.215259]},"properties":{"stop_id":"RTM-00002359","stop_code":"00002359","stop_name":"Les Goudes","stop_desc":null,"zone_id":null,"stop_url":null,"location_type":"0","parent_station":null,"stop_timezone":null,"wheelchair_boarding":"2"}},{"type":"Feature","geometry":{"type":"Point","coordinates":[5.412787,43.327534]},"properties":{"stop_id":"RTM-00000346","stop_code":"00000346","stop_name":"Les Lauriers","stop_desc":"RUE DE MARATHON  MARSEILLE 13013","zone_id":null,"stop_url":null,"location_type":"0","parent_station":null,"stop_timezone":null,"wheelchair_boarding":"1"}},{"type":"Feature","geometry":{"type":"Point","coordinates":[5.41269,43.327306]},"properties":{"stop_id":"RTM-00000352","stop_code":"00000352","stop_name":"Les Lauriers","stop_desc":"RUE DE MARATHON  MARSEILLE 13013","zone_id":null,"stop_url":null,"location_type":"0","parent_station":null,"stop_timezone":null,"wheelchair_boarding":"1"}},{"type":"Feature","geometry":{"type":"Point","coordinates":[5.410376,43.331923]},"properties":{"stop_id":"RTM-00004040","stop_code":"00004040","stop_name":"Les Lilas","stop_desc":"AVENUE ESCADRILLE NORMANDIE-NIEMEN  MARSEILLE 13013","zone_id":null,"stop_url":null,"location_type":"0","parent_station":null,"stop_timezone":null,"wheelchair_boarding":"1"}},{"type":"Feature","geometry":{"type":"Point","coordinates":[5.456642,43.340639]},"properties":{"stop_id":"RTM-00002202","stop_code":"00002202","stop_name":"Les Madets","stop_desc":"D908  PLAN-DE-CUQUES 13380","zone_id":null,"stop_url":null,"location_type":"0","parent_station":null,"stop_timezone":null,"wheelchair_boarding":"2"}},{"type":"Feature","geometry":{"type":"Point","coordinates":[5.441893,43.325114]},"properties":{"stop_id":"RTM-00000620","stop_code":"00000620","stop_name":"Les Mart\u00e9gaux","stop_desc":null,"zone_id":null,"stop_url":null,"location_type":"0","parent_station":null,"stop_timezone":null,"wheelchair_boarding":"2"}},{"type":"Feature","geometry":{"type":"Point","coordinates":[5.364456,43.392017]},"properties":{"stop_id":"RTM-00003051","stop_code":"00003051","stop_name":"Les Mazets","stop_desc":null,"zone_id":null,"stop_url":null,"location_type":"0","parent_station":null,"stop_timezone":null,"wheelchair_boarding":"2"}},{"type":"Feature","geometry":{"type":"Point","coordinates":[5.364493,43.391913]},"properties":{"stop_id":"RTM-00003720","stop_code":"00003720","stop_name":"Les Mazets","stop_desc":null,"zone_id":null,"stop_url":null,"location_type":"0","parent_station":null,"stop_timezone":null,"wheelchair_boarding":"2"}},{"type":"Feature","geometry":{"type":"Point","coordinates":[5.466592,43.3487]},"properties":{"stop_id":"RTM-00002198","stop_code":"00002198","stop_name":"Les Moisserons","stop_desc":null,"zone_id":null,"stop_url":null,"location_type":"0","parent_station":null,"stop_timezone":null,"wheelchair_boarding":"2"}},{"type":"Feature","geometry":{"type":"Point","coordinates":[5.43631744,43.35196662]},"properties":{"stop_id":"RTM-00000679","stop_code":"00000679","stop_name":"Les Mourets","stop_desc":null,"zone_id":null,"stop_url":null,"location_type":"0","parent_station":null,"stop_timezone":null,"wheelchair_boarding":"2"}},{"type":"Feature","geometry":{"type":"Point","coordinates":[5.454503,43.325144]},"properties":{"stop_id":"RTM-00002742","stop_code":"00002742","stop_name":"Les Olives Blaches","stop_desc":null,"zone_id":null,"stop_url":null,"location_type":"0","parent_station":null,"stop_timezone":null,"wheelchair_boarding":"2"}},{"type":"Feature","geometry":{"type":"Point","coordinates":[5.456276,43.323866]},"properties":{"stop_id":"RTM-00000654","stop_code":"00000654","stop_name":"Les Olives Village","stop_desc":null,"zone_id":null,"stop_url":null,"location_type":"0","parent_station":null,"stop_timezone":null,"wheelchair_boarding":"2"}},{"type":"Feature","geometry":{"type":"Point","coordinates":[5.38196,43.373592]},"properties":{"stop_id":"RTM-00002997","stop_code":"00002997","stop_name":"Les Peyrards Corradi","stop_desc":"abs sigep.descente sur canivo","zone_id":null,"stop_url":null,"location_type":"0","parent_station":null,"stop_timezone":null,"wheelchair_boarding":"2"}},{"type":"Feature","geometry":{"type":"Point","coordinates":[5.376978,43.371259]},"properties":{"stop_id":"RTM-00002999","stop_code":"00002999","stop_name":"Les Peyrards Placette","stop_desc":"abs trottoir. abs sigep","zone_id":null,"stop_url":null,"location_type":"0","parent_station":null,"stop_timezone":null,"wheelchair_boarding":"2"}},{"type":"Feature","geometry":{"type":"Point","coordinates":[5.37208,43.410038]},"properties":{"stop_id":"RTM-00002959","stop_code":"00002959","stop_name":"Les Peyrets Fabr\u00e9goules","stop_desc":"\u00e9quipements MPM. ancien horaire","zone_id":null,"stop_url":null,"location_type":"0","parent_station":null,"stop_timezone":null,"wheelchair_boarding":"2"}},{"type":"Feature","geometry":{"type":"Point","coordinates":[5.42784,43.271876]},"properties":{"stop_id":"RTM-00001650","stop_code":"00001650","stop_name":"Les Roches","stop_desc":null,"zone_id":null,"stop_url":null,"location_type":"0","parent_station":null,"stop_timezone":null,"wheelchair_boarding":"2"}},{"type":"Feature","geometry":{"type":"Point","coordinates":[5.444799,43.317959]},"properties":{"stop_id":"RTM-00000893","stop_code":"00000893","stop_name":"Les Romarins","stop_desc":null,"zone_id":null,"stop_url":null,"location_type":"0","parent_station":null,"stop_timezone":null,"wheelchair_boarding":"2"}},{"type":"Feature","geometry":{"type":"Point","coordinates":[5.466101,43.333532]},"properties":{"stop_id":"RTM-00002215","stop_code":"00002215","stop_name":"Les Toits de la Pounche","stop_desc":null,"zone_id":null,"stop_url":null,"location_type":"0","parent_station":null,"stop_timezone":null,"wheelchair_boarding":"2"}},{"type":"Feature","geometry":{"type":"Point","coordinates":[5.475109,43.307432]},"properties":{"stop_id":"RTM-00002693","stop_code":"00002693","stop_name":"Les Vaudrans Marronniers","stop_desc":null,"zone_id":null,"stop_url":null,"location_type":"0","parent_station":null,"stop_timezone":null,"wheelchair_boarding":"2"}},{"type":"Feature","geometry":{"type":"Point","coordinates":[5.390199,43.300634]},"properties":{"stop_id":"RTM-00003375","stop_code":"00003375","stop_name":"Lib\u00e9ration St Vincent de Paul","stop_desc":null,"zone_id":null,"stop_url":null,"location_type":"0","parent_station":null,"stop_timezone":null,"wheelchair_boarding":"1"}},{"type":"Feature","geometry":{"type":"Point","coordinates":[5.35503245,43.3318686]},"properties":{"stop_id":"RTM-00000243","stop_code":"00000243","stop_name":"Littoral Beaus\u00e9jour","stop_desc":"32 CHEMIN DU LITTORAL  MARSEILLE 13002","zone_id":null,"stop_url":null,"location_type":"0","parent_station":null,"stop_timezone":null,"wheelchair_boarding":"2"}},{"type":"Feature","geometry":{"type":"Point","coordinates":[5.344048,43.347196]},"properties":{"stop_id":"RTM-00000273","stop_code":"00000273","stop_name":"Littoral Consolat","stop_desc":null,"zone_id":null,"stop_url":null,"location_type":"0","parent_station":null,"stop_timezone":null,"wheelchair_boarding":"2"}},{"type":"Feature","geometry":{"type":"Point","coordinates":[5.338128,43.352369]},"properties":{"stop_id":"RTM-00000270","stop_code":"00000270","stop_name":"Littoral Jean Labro","stop_desc":null,"zone_id":null,"stop_url":null,"location_type":"0","parent_station":null,"stop_timezone":null,"wheelchair_boarding":"1"}},{"type":"Feature","geometry":{"type":"Point","coordinates":[5.3379951,43.3527175]},"properties":{"stop_id":"RTM-00004583","stop_code":"00004583","stop_name":"Littoral Jean Labro","stop_desc":null,"zone_id":null,"stop_url":null,"location_type":"0","parent_station":null,"stop_timezone":null,"wheelchair_boarding":"2"}},{"type":"Feature","geometry":{"type":"Point","coordinates":[5.330597,43.353745]},"properties":{"stop_id":"RTM-00000253","stop_code":"00000253","stop_name":"Littoral Vallouise","stop_desc":"CHEMIN DU LITTORAL  MARSEILLE 13016","zone_id":null,"stop_url":null,"location_type":"0","parent_station":null,"stop_timezone":null,"wheelchair_boarding":"2"}},{"type":"Feature","geometry":{"type":"Point","coordinates":[5.437459,43.289361]},"properties":{"stop_id":"RTM-00001207","stop_code":"00001207","stop_name":"Lombard Mireille Lauze","stop_desc":null,"zone_id":null,"stop_url":null,"location_type":"0","parent_station":null,"stop_timezone":null,"wheelchair_boarding":"2"}},{"type":"Feature","geometry":{"type":"Point","coordinates":[5.433296,43.289048]},"properties":{"stop_id":"RTM-00001208","stop_code":"00001208","stop_name":"Lombard Rebattu","stop_desc":null,"zone_id":null,"stop_url":null,"location_type":"0","parent_station":null,"stop_timezone":null,"wheelchair_boarding":"2"}},{"type":"Feature","geometry":{"type":"Point","coordinates":[5.365407,43.400354]},"properties":{"stop_id":"RTM-00003153","stop_code":"00003153","stop_name":"Lou Galoubet","stop_desc":"ROND-POINT DU 24 AVRIL 1915  SEPT\u00c8MES-LES-VALLONS 13240","zone_id":null,"stop_url":null,"location_type":"0","parent_station":null,"stop_timezone":null,"wheelchair_boarding":"2"}},{"type":"Feature","geometry":{"type":"Point","coordinates":[5.382442,43.31269]},"properties":{"stop_id":"RTM-00001020","stop_code":"00001020","stop_name":"Loubon Barbini","stop_desc":null,"zone_id":null,"stop_url":null,"location_type":"0","parent_station":null,"stop_timezone":null,"wheelchair_boarding":"2"}},{"type":"Feature","geometry":{"type":"Point","coordinates":[5.398603,43.258512]},"properties":{"stop_id":"RTM-00002440","stop_code":"00002440","stop_name":"Luce Michelet","stop_desc":null,"zone_id":null,"stop_url":null,"location_type":"0","parent_station":null,"stop_timezone":null,"wheelchair_boarding":"2"}},{"type":"Feature","geometry":{"type":"Point","coordinates":[5.43573502,43.23688087]},"properties":{"stop_id":"RTM-00004592","stop_code":"00004592","stop_name":"Luminy Complexe sportif","stop_desc":null,"zone_id":null,"stop_url":null,"location_type":"0","parent_station":null,"stop_timezone":null,"wheelchair_boarding":"1"}},{"type":"Feature","geometry":{"type":"Point","coordinates":[5.43958,43.231163]},"properties":{"stop_id":"RTM-00004351","stop_code":"00004351","stop_name":"Luminy Facult\u00e9","stop_desc":"AVENUE DE LUMINY  MARSEILLE 13009","zone_id":null,"stop_url":null,"location_type":"0","parent_station":null,"stop_timezone":null,"wheelchair_boarding":"2"}},{"type":"Feature","geometry":{"type":"Point","coordinates":[5.43946368,43.23114229]},"properties":{"stop_id":"RTM-00004598","stop_code":"00004598","stop_name":"Luminy Facult\u00e9","stop_desc":null,"zone_id":null,"stop_url":null,"location_type":"0","parent_station":null,"stop_timezone":null,"wheelchair_boarding":"2"}},{"type":"Feature","geometry":{"type":"Point","coordinates":[5.4361397,43.2325256]},"properties":{"stop_id":"RTM-00004352","stop_code":"00004352","stop_name":"Luminy Kedge BS","stop_desc":"AVENUE DE LUMINY  MARSEILLE 13009","zone_id":null,"stop_url":null,"location_type":"0","parent_station":null,"stop_timezone":null,"wheelchair_boarding":"1"}},{"type":"Feature","geometry":{"type":"Point","coordinates":[5.43623716,43.24637349]},"properties":{"stop_id":"RTM-00004602","stop_code":"00004602","stop_name":"Luminy Lachamp","stop_desc":null,"zone_id":null,"stop_url":null,"location_type":"0","parent_station":null,"stop_timezone":null,"wheelchair_boarding":"1"}},{"type":"Feature","geometry":{"type":"Point","coordinates":[5.437289,43.231401]},"properties":{"stop_id":"RTM-00003872","stop_code":"00003872","stop_name":"Luminy PN des Calanques","stop_desc":"AVENUE DE LUMINY  MARSEILLE 13009  barri\u00e8res","zone_id":null,"stop_url":null,"location_type":"0","parent_station":null,"stop_timezone":null,"wheelchair_boarding":"1"}},{"type":"Feature","geometry":{"type":"Point","coordinates":[5.43736771,43.23138254]},"properties":{"stop_id":"RTM-00004594","stop_code":"00004594","stop_name":"Luminy PN des Calanques","stop_desc":null,"zone_id":null,"stop_url":null,"location_type":"0","parent_station":null,"stop_timezone":null,"wheelchair_boarding":"1"}},{"type":"Feature","geometry":{"type":"Point","coordinates":[5.402788,43.282547]},"properties":{"stop_id":"RTM-00001313","stop_code":"00001313","stop_name":"Lyc\u00e9e Brochier","stop_desc":null,"zone_id":null,"stop_url":null,"location_type":"0","parent_station":null,"stop_timezone":null,"wheelchair_boarding":"1"}},{"type":"Feature","geometry":{"type":"Point","coordinates":[5.477574,43.286067]},"properties":{"stop_id":"RTM-00001328","stop_code":"00001328","stop_name":"Lyc\u00e9e Camille Jullian","stop_desc":null,"zone_id":null,"stop_url":null,"location_type":"0","parent_station":null,"stop_timezone":null,"wheelchair_boarding":"2"}},{"type":"Feature","geometry":{"type":"Point","coordinates":[5.387388,43.261431]},"properties":{"stop_id":"RTM-00001916","stop_code":"00001916","stop_name":"Lyc\u00e9e Daumier","stop_desc":"double abri 354 \/ 714","zone_id":null,"stop_url":null,"location_type":"0","parent_station":null,"stop_timezone":null,"wheelchair_boarding":"1"}},{"type":"Feature","geometry":{"type":"Point","coordinates":[5.414544,43.325215]},"properties":{"stop_id":"RTM-00000347","stop_code":"00000347","stop_name":"Lyc\u00e9e Diderot","stop_desc":"23 BOULEVARD LAVERAN  MARSEILLE 13013","zone_id":null,"stop_url":null,"location_type":"0","parent_station":null,"stop_timezone":null,"wheelchair_boarding":"1"}},{"type":"Feature","geometry":{"type":"Point","coordinates":[5.392553,43.245879]},"properties":{"stop_id":"RTM-00001936","stop_code":"00001936","stop_name":"Lyc\u00e9e H\u00f4telier","stop_desc":null,"zone_id":null,"stop_url":null,"location_type":"0","parent_station":null,"stop_timezone":null,"wheelchair_boarding":"2"}},{"type":"Feature","geometry":{"type":"Point","coordinates":[5.393783,43.245754]},"properties":{"stop_id":"RTM-00001949","stop_code":"00001949","stop_name":"Lyc\u00e9e H\u00f4telier","stop_desc":null,"zone_id":null,"stop_url":null,"location_type":"0","parent_station":null,"stop_timezone":null,"wheelchair_boarding":"2"}},{"type":"Feature","geometry":{"type":"Point","coordinates":[5.32515531,43.36197828]},"properties":{"stop_id":"RTM-00000312","stop_code":"00000312","stop_name":"Lyc\u00e9e L'Estaque","stop_desc":"potelet identique 300 et 312","zone_id":null,"stop_url":null,"location_type":"0","parent_station":null,"stop_timezone":null,"wheelchair_boarding":"1"}},{"type":"Feature","geometry":{"type":"Point","coordinates":[5.35335242,43.34066597]},"properties":{"stop_id":"RTM-00000501","stop_code":"00000501","stop_name":"Lyc\u00e9e La Calade","stop_desc":"406 CHEMIN DE LA MADRAGUE-VILLE  MARSEILLE 13015","zone_id":null,"stop_url":null,"location_type":"0","parent_station":null,"stop_timezone":null,"wheelchair_boarding":"2"}},{"type":"Feature","geometry":{"type":"Point","coordinates":[5.433386,43.282846]},"properties":{"stop_id":"RTM-00001276","stop_code":"00001276","stop_name":"Lyc\u00e9e Marcel Pagnol","stop_desc":null,"zone_id":null,"stop_url":null,"location_type":"0","parent_station":null,"stop_timezone":null,"wheelchair_boarding":"2"}},{"type":"Feature","geometry":{"type":"Point","coordinates":[5.432762,43.283156]},"properties":{"stop_id":"RTM-00001633","stop_code":"00001633","stop_name":"Lyc\u00e9e Marcel Pagnol","stop_desc":null,"zone_id":null,"stop_url":null,"location_type":"0","parent_station":null,"stop_timezone":null,"wheelchair_boarding":"2"}},{"type":"Feature","geometry":{"type":"Point","coordinates":[5.417502,43.305523]},"properties":{"stop_id":"RTM-00000854","stop_code":"00000854","stop_name":"Lyc\u00e9e Marie Gasquet","stop_desc":null,"zone_id":null,"stop_url":null,"location_type":"0","parent_station":null,"stop_timezone":null,"wheelchair_boarding":"2"}},{"type":"Feature","geometry":{"type":"Point","coordinates":[5.37749301,43.24027435]},"properties":{"stop_id":"RTM-00001943","stop_code":"00001943","stop_name":"Lyc\u00e9e Marseilleveyre","stop_desc":"AVENUE DU CORAIL  MARSEILLE 13008","zone_id":null,"stop_url":null,"location_type":"0","parent_station":null,"stop_timezone":null,"wheelchair_boarding":"1"}},{"type":"Feature","geometry":{"type":"Point","coordinates":[5.37723319,43.24010937]},"properties":{"stop_id":"RTM-00004477","stop_code":"00004477","stop_name":"Lyc\u00e9e Marseilleveyre","stop_desc":null,"zone_id":null,"stop_url":null,"location_type":"0","parent_station":null,"stop_timezone":null,"wheelchair_boarding":"2"}},{"type":"Feature","geometry":{"type":"Point","coordinates":[5.426566,43.297898]},"properties":{"stop_id":"RTM-00004473","stop_code":"00004473","stop_name":"Lyc\u00e9e Nelson Mandela","stop_desc":null,"zone_id":null,"stop_url":null,"location_type":"0","parent_station":null,"stop_timezone":null,"wheelchair_boarding":"2"}},{"type":"Feature","geometry":{"type":"Point","coordinates":[5.42396939,43.27357183]},"properties":{"stop_id":"RTM-00004644","stop_code":"00004644","stop_name":"Lyc\u00e9e Perrin","stop_desc":null,"zone_id":null,"stop_url":null,"location_type":"0","parent_station":null,"stop_timezone":null,"wheelchair_boarding":"2"}},{"type":"Feature","geometry":{"type":"Point","coordinates":[5.379422,43.242224]},"properties":{"stop_id":"RTM-00001940","stop_code":"00001940","stop_name":"Lyc\u00e9e Poinso Chapuis","stop_desc":null,"zone_id":null,"stop_url":null,"location_type":"0","parent_station":null,"stop_timezone":null,"wheelchair_boarding":"2"}},{"type":"Feature","geometry":{"type":"Point","coordinates":[5.381669,43.28171]},"properties":{"stop_id":"RTM-00001135","stop_code":"00001135","stop_name":"Lyc\u00e9e P\u00e9rier","stop_desc":null,"zone_id":null,"stop_url":null,"location_type":"0","parent_station":null,"stop_timezone":null,"wheelchair_boarding":"2"}},{"type":"Feature","geometry":{"type":"Point","coordinates":[5.437913,43.284695]},"properties":{"stop_id":"RTM-00001628","stop_code":"00001628","stop_name":"Lyc\u00e9e Ren\u00e9 Cailli\u00e9","stop_desc":null,"zone_id":null,"stop_url":null,"location_type":"0","parent_station":null,"stop_timezone":null,"wheelchair_boarding":"2"}},{"type":"Feature","geometry":{"type":"Point","coordinates":[5.36628,43.327438]},"properties":{"stop_id":"RTM-00000003","stop_code":"00000003","stop_name":"Lyon Cap Pin\u00e8de","stop_desc":null,"zone_id":null,"stop_url":null,"location_type":"0","parent_station":null,"stop_timezone":null,"wheelchair_boarding":"1"}},{"type":"Feature","geometry":{"type":"Point","coordinates":[5.365409,43.329897]},"properties":{"stop_id":"RTM-00003962","stop_code":"00003962","stop_name":"Lyon Oddo","stop_desc":null,"zone_id":null,"stop_url":null,"location_type":"0","parent_station":null,"stop_timezone":null,"wheelchair_boarding":"1"}},{"type":"Feature","geometry":{"type":"Point","coordinates":[5.481135,43.289393]},"properties":{"stop_id":"RTM-00001384","stop_code":"00001384","stop_name":"L\u00e9on Bancal Saint-Menet","stop_desc":null,"zone_id":null,"stop_url":null,"location_type":"0","parent_station":null,"stop_timezone":null,"wheelchair_boarding":"1"}},{"type":"Feature","geometry":{"type":"Point","coordinates":[5.401461,43.248664]},"properties":{"stop_id":"RTM-00001979","stop_code":"00001979","stop_name":"Magdelon","stop_desc":"BOULEVARD DE LA CONCORDE  MARSEILLE 13009","zone_id":null,"stop_url":null,"location_type":"0","parent_station":null,"stop_timezone":null,"wheelchair_boarding":"2"}},{"type":"Feature","geometry":{"type":"Point","coordinates":[5.401307,43.248374]},"properties":{"stop_id":"RTM-00001991","stop_code":"00001991","stop_name":"Magdelon","stop_desc":"BOULEVARD DE LA CONCORDE  MARSEILLE 13009","zone_id":null,"stop_url":null,"location_type":"0","parent_station":null,"stop_timezone":null,"wheelchair_boarding":"2"}},{"type":"Feature","geometry":{"type":"Point","coordinates":[5.413566,43.322362]},"properties":{"stop_id":"RTM-00001108","stop_code":"00001108","stop_name":"Malpass\u00e9","stop_desc":null,"zone_id":null,"stop_url":null,"location_type":"0","parent_station":null,"stop_timezone":null,"wheelchair_boarding":"2"}},{"type":"Feature","geometry":{"type":"Point","coordinates":[5.370818,43.410319]},"properties":{"stop_id":"RTM-00004147","stop_code":"00004147","stop_name":"Mandela Cr\u00e8che","stop_desc":"AVENUE NELSON MANDELA  SEPT\u00c8MES-LES-VALLONS 13240","zone_id":null,"stop_url":null,"location_type":"0","parent_station":null,"stop_timezone":null,"wheelchair_boarding":"2"}},{"type":"Feature","geometry":{"type":"Point","coordinates":[5.313195,43.37037]},"properties":{"stop_id":"RTM-00003568","stop_code":"00003568","stop_name":"Marinier Belv\u00e9d\u00e8re","stop_desc":"descente sur route","zone_id":null,"stop_url":null,"location_type":"0","parent_station":null,"stop_timezone":null,"wheelchair_boarding":"2"}},{"type":"Feature","geometry":{"type":"Point","coordinates":[5.314309,43.366102]},"properties":{"stop_id":"RTM-00003572","stop_code":"00003572","stop_name":"Marinier Grotte","stop_desc":null,"zone_id":null,"stop_url":null,"location_type":"0","parent_station":null,"stop_timezone":null,"wheelchair_boarding":"2"}},{"type":"Feature","geometry":{"type":"Point","coordinates":[5.375477,43.239203]},"properties":{"stop_id":"RTM-00001942","stop_code":"00001942","stop_name":"Marseilleveyre","stop_desc":"AVENUE DU CORAIL  MARSEILLE 13008","zone_id":null,"stop_url":null,"location_type":"0","parent_station":null,"stop_timezone":null,"wheelchair_boarding":"2"}},{"type":"Feature","geometry":{"type":"Point","coordinates":[5.493961,43.361899]},"properties":{"stop_id":"RTM-00002419","stop_code":"00002419","stop_name":"Mas des Oliviers","stop_desc":"TAD 65","zone_id":null,"stop_url":null,"location_type":"0","parent_station":null,"stop_timezone":null,"wheelchair_boarding":"2"}},{"type":"Feature","geometry":{"type":"Point","coordinates":[5.389663,43.266484]},"properties":{"stop_id":"RTM-00001839","stop_code":"00001839","stop_name":"Mazargues Etienne Milan","stop_desc":null,"zone_id":null,"stop_url":null,"location_type":"0","parent_station":null,"stop_timezone":null,"wheelchair_boarding":"2"}},{"type":"Feature","geometry":{"type":"Point","coordinates":[5.395597,43.250499]},"properties":{"stop_id":"RTM-00001824","stop_code":"00001824","stop_name":"Mazargues Legr\u00e9","stop_desc":null,"zone_id":null,"stop_url":null,"location_type":"0","parent_station":null,"stop_timezone":null,"wheelchair_boarding":"2"}},{"type":"Feature","geometry":{"type":"Point","coordinates":[5.408092,43.346827]},"properties":{"stop_id":"RTM-00001047","stop_code":"00001047","stop_name":"Merlan Guynemer","stop_desc":null,"zone_id":null,"stop_url":null,"location_type":"0","parent_station":null,"stop_timezone":null,"wheelchair_boarding":"2"}},{"type":"Feature","geometry":{"type":"Point","coordinates":[5.404335,43.330506]},"properties":{"stop_id":"RTM-00000340","stop_code":"00000340","stop_name":"Merlan Ste Marthe","stop_desc":"AVENUE PROSPER M\u00c9RIM\u00c9E  MARSEILLE 13013","zone_id":null,"stop_url":null,"location_type":"0","parent_station":null,"stop_timezone":null,"wheelchair_boarding":"2"}},{"type":"Feature","geometry":{"type":"Point","coordinates":[5.404303,43.331025]},"properties":{"stop_id":"RTM-00000358","stop_code":"00000358","stop_name":"Merlan Ste Marthe","stop_desc":null,"zone_id":null,"stop_url":null,"location_type":"0","parent_station":null,"stop_timezone":null,"wheelchair_boarding":"2"}},{"type":"Feature","geometry":{"type":"Point","coordinates":[5.407414,43.341647]},"properties":{"stop_id":"RTM-00001049","stop_code":"00001049","stop_name":"Merlan Tourelle","stop_desc":null,"zone_id":null,"stop_url":null,"location_type":"0","parent_station":null,"stop_timezone":null,"wheelchair_boarding":"2"}},{"type":"Feature","geometry":{"type":"Point","coordinates":[5.40679564,43.3323227]},"properties":{"stop_id":"RTM-00001059","stop_code":"00001059","stop_name":"Merlan Trompette","stop_desc":null,"zone_id":null,"stop_url":null,"location_type":"0","parent_station":null,"stop_timezone":null,"wheelchair_boarding":"2"}},{"type":"Feature","geometry":{"type":"Point","coordinates":[5.40651082,43.33200144]},"properties":{"stop_id":"RTM-00001068","stop_code":"00001068","stop_name":"Merlan Trompette","stop_desc":null,"zone_id":null,"stop_url":null,"location_type":"0","parent_station":null,"stop_timezone":null,"wheelchair_boarding":"2"}},{"type":"Feature","geometry":{"type":"Point","coordinates":[5.387324,43.277348]},"properties":{"stop_id":"RTM-00004200","stop_code":"00004200","stop_name":"Mermoz Chalet","stop_desc":"RUE JEAN MERMOZ  MARSEILLE 13008","zone_id":null,"stop_url":null,"location_type":"0","parent_station":null,"stop_timezone":null,"wheelchair_boarding":"2"}},{"type":"Feature","geometry":{"type":"Point","coordinates":[5.386814,43.275639]},"properties":{"stop_id":"RTM-00004201","stop_code":"00004201","stop_name":"Mermoz Duveen","stop_desc":null,"zone_id":null,"stop_url":null,"location_type":"0","parent_station":null,"stop_timezone":null,"wheelchair_boarding":"2"}},{"type":"Feature","geometry":{"type":"Point","coordinates":[5.39891,43.25926]},"properties":{"stop_id":"RTM-00001786","stop_code":"00001786","stop_name":"Michelet Luce","stop_desc":null,"zone_id":null,"stop_url":null,"location_type":"0","parent_station":null,"stop_timezone":null,"wheelchair_boarding":"2"}},{"type":"Feature","geometry":{"type":"Point","coordinates":[5.395138,43.266045]},"properties":{"stop_id":"RTM-00001789","stop_code":"00001789","stop_name":"Michelet Ramon","stop_desc":"D559  MARSEILLE 13008","zone_id":null,"stop_url":null,"location_type":"0","parent_station":null,"stop_timezone":null,"wheelchair_boarding":"2"}},{"type":"Feature","geometry":{"type":"Point","coordinates":[5.377551,43.340909]},"properties":{"stop_id":"RTM-00000329","stop_code":"00000329","stop_name":"MIN Bolivar","stop_desc":"AVENUE DU MARCH\u00c9 D'INT\u00c9R\u00caT NATIONAL  MARSEILLE 13014","zone_id":null,"stop_url":null,"location_type":"0","parent_station":null,"stop_timezone":null,"wheelchair_boarding":"2"}},{"type":"Feature","geometry":{"type":"Point","coordinates":[5.37749,43.341111]},"properties":{"stop_id":"RTM-00000368","stop_code":"00000368","stop_name":"MIN Bolivar","stop_desc":"BOULEVARD SIMON BOLIVAR  MARSEILLE 13014","zone_id":null,"stop_url":null,"location_type":"0","parent_station":null,"stop_timezone":null,"wheelchair_boarding":"2"}},{"type":"Feature","geometry":{"type":"Point","coordinates":[5.393032,43.323702]},"properties":{"stop_id":"RTM-00001053","stop_code":"00001053","stop_name":"Monet St Barth\u00e9lemy","stop_desc":null,"zone_id":null,"stop_url":null,"location_type":"0","parent_station":null,"stop_timezone":null,"wheelchair_boarding":"1"}},{"type":"Feature","geometry":{"type":"Point","coordinates":[5.391858,43.298945]},"properties":{"stop_id":"RTM-00002866","stop_code":"00002866","stop_name":"Monte Cristo Camas","stop_desc":"12 RUE DEVILLIERS  MARSEILLE 13004","zone_id":null,"stop_url":null,"location_type":"0","parent_station":null,"stop_timezone":null,"wheelchair_boarding":"1"}},{"type":"Feature","geometry":{"type":"Point","coordinates":[5.395826,43.299434]},"properties":{"stop_id":"RTM-00002867","stop_code":"00002867","stop_name":"Monte Cristo Faria","stop_desc":"34 RUE MONTE-CRISTO  MARSEILLE 13004","zone_id":null,"stop_url":null,"location_type":"0","parent_station":null,"stop_timezone":null,"wheelchair_boarding":"1"}},{"type":"Feature","geometry":{"type":"Point","coordinates":[5.423923,43.317457]},"properties":{"stop_id":"RTM-00000758","stop_code":"00000758","stop_name":"Montolivet","stop_desc":null,"zone_id":null,"stop_url":null,"location_type":"0","parent_station":null,"stop_timezone":null,"wheelchair_boarding":"2"}},{"type":"Feature","geometry":{"type":"Point","coordinates":[5.411887,43.312549]},"properties":{"stop_id":"RTM-00000752","stop_code":"00000752","stop_name":"Montolivet Beauregard","stop_desc":null,"zone_id":null,"stop_url":null,"location_type":"0","parent_station":null,"stop_timezone":null,"wheelchair_boarding":"2"}},{"type":"Feature","geometry":{"type":"Point","coordinates":[5.411111,43.312182]},"properties":{"stop_id":"RTM-00000800","stop_code":"00000800","stop_name":"Montolivet Beauregard","stop_desc":null,"zone_id":null,"stop_url":null,"location_type":"0","parent_station":null,"stop_timezone":null,"wheelchair_boarding":"2"}},{"type":"Feature","geometry":{"type":"Point","coordinates":[5.421901,43.31815]},"properties":{"stop_id":"RTM-00000757","stop_code":"00000757","stop_name":"Montolivet Chabot","stop_desc":null,"zone_id":null,"stop_url":null,"location_type":"0","parent_station":null,"stop_timezone":null,"wheelchair_boarding":"2"}},{"type":"Feature","geometry":{"type":"Point","coordinates":[5.407402,43.309692]},"properties":{"stop_id":"RTM-00000802","stop_code":"00000802","stop_name":"Montolivet Roux","stop_desc":null,"zone_id":null,"stop_url":null,"location_type":"0","parent_station":null,"stop_timezone":null,"wheelchair_boarding":"2"}},{"type":"Feature","geometry":{"type":"Point","coordinates":[5.3833339,43.3245019]},"properties":{"stop_id":"RTM-00000140","stop_code":"00000140","stop_name":"Moretti Gibbes","stop_desc":null,"zone_id":null,"stop_url":null,"location_type":"0","parent_station":null,"stop_timezone":null,"wheelchair_boarding":"2"}},{"type":"Feature","geometry":{"type":"Point","coordinates":[5.4088,43.23757]},"properties":{"stop_id":"RTM-00001808","stop_code":"00001808","stop_name":"Morgiou Cauvi\u00e8re","stop_desc":null,"zone_id":null,"stop_url":null,"location_type":"0","parent_station":null,"stop_timezone":null,"wheelchair_boarding":"2"}},{"type":"Feature","geometry":{"type":"Point","coordinates":[5.406314,43.242534]},"properties":{"stop_id":"RTM-00001806","stop_code":"00001806","stop_name":"Morgiou Seigneurie","stop_desc":null,"zone_id":null,"stop_url":null,"location_type":"0","parent_station":null,"stop_timezone":null,"wheelchair_boarding":"2"}},{"type":"Feature","geometry":{"type":"Point","coordinates":[5.46781734,43.34741613]},"properties":{"stop_id":"RTM-00004549","stop_code":"00004549","stop_name":"Moulin de Pain Blanc","stop_desc":"SCO 2022","zone_id":null,"stop_url":null,"location_type":"0","parent_station":null,"stop_timezone":null,"wheelchair_boarding":"2"}},{"type":"Feature","geometry":{"type":"Point","coordinates":[5.408933,43.320719]},"properties":{"stop_id":"RTM-00001117","stop_code":"00001117","stop_name":"Moutte Daudet","stop_desc":null,"zone_id":null,"stop_url":null,"location_type":"0","parent_station":null,"stop_timezone":null,"wheelchair_boarding":"2"}},{"type":"Feature","geometry":{"type":"Point","coordinates":[5.362829,43.296245]},"properties":{"stop_id":"RTM-00004398","stop_code":"00004398","stop_name":"Mucem Saint-Jean","stop_desc":null,"zone_id":null,"stop_url":null,"location_type":"0","parent_station":null,"stop_timezone":null,"wheelchair_boarding":"2"}},{"type":"Feature","geometry":{"type":"Point","coordinates":[5.385524,43.243937]},"properties":{"stop_id":"RTM-00001924","stop_code":"00001924","stop_name":"Musso Roy d'Espagne","stop_desc":null,"zone_id":null,"stop_url":null,"location_type":"0","parent_station":null,"stop_timezone":null,"wheelchair_boarding":"2"}},{"type":"Feature","geometry":{"type":"Point","coordinates":[5.36201,43.333098]},"properties":{"stop_id":"RTM-00004334","stop_code":"00004334","stop_name":"M\u00e9diterran\u00e9e","stop_desc":"38 BOULEVARD DE LA M\u00c9DITERRAN\u00c9E  MARSEILLE 13015","zone_id":null,"stop_url":null,"location_type":"0","parent_station":null,"stop_timezone":null,"wheelchair_boarding":"1"}},{"type":"Feature","geometry":{"type":"Point","coordinates":[5.39713318,43.30406129]},"properties":{"stop_id":"RTM-00004627","stop_code":"00004627","stop_name":"M\u00e9tro 5 Avenues","stop_desc":null,"zone_id":null,"stop_url":null,"location_type":"0","parent_station":null,"stop_timezone":null,"wheelchair_boarding":"2"}},{"type":"Feature","geometry":{"type":"Point","coordinates":[5.371724,43.320897]},"properties":{"stop_id":"RTM-00000145","stop_code":"00000145","stop_name":"M\u00e9tro Bougainville","stop_desc":"arr\u00eat fictif de descente","zone_id":null,"stop_url":null,"location_type":"0","parent_station":null,"stop_timezone":null,"wheelchair_boarding":"2"}},{"type":"Feature","geometry":{"type":"Point","coordinates":[5.371416,43.321237]},"properties":{"stop_id":"RTM-00002046","stop_code":"00002046","stop_name":"M\u00e9tro Bougainville","stop_desc":"d\u00e9part ligne 36\/36B","zone_id":null,"stop_url":null,"location_type":"0","parent_station":null,"stop_timezone":null,"wheelchair_boarding":"1"}},{"type":"Feature","geometry":{"type":"Point","coordinates":[5.42353057,43.32708964]},"properties":{"stop_id":"RTM-00001012","stop_code":"00001012","stop_name":"M\u00e9tro Frais Vallon","stop_desc":null,"zone_id":null,"stop_url":null,"location_type":"0","parent_station":null,"stop_timezone":null,"wheelchair_boarding":"2"}},{"type":"Feature","geometry":{"type":"Point","coordinates":[5.42291921,43.32499071]},"properties":{"stop_id":"RTM-00004723","stop_code":"00004723","stop_name":"M\u00e9tro Frais Vallon","stop_desc":null,"zone_id":null,"stop_url":null,"location_type":"0","parent_station":null,"stop_timezone":null,"wheelchair_boarding":"2"}},{"type":"Feature","geometry":{"type":"Point","coordinates":[5.372957,43.301837]},"properties":{"stop_id":"RTM-00003840","stop_code":"00003840","stop_name":"M\u00e9tro Jules Guesde","stop_desc":null,"zone_id":null,"stop_url":null,"location_type":"0","parent_station":null,"stop_timezone":null,"wheelchair_boarding":"1"}},{"type":"Feature","geometry":{"type":"Point","coordinates":[5.42375654,43.30418662]},"properties":{"stop_id":"RTM-00000941","stop_code":"00000941","stop_name":"M\u00e9tro La Fourrag\u00e8re","stop_desc":"AVENUE DES CAILLOLS  MARSEILLE 13012","zone_id":null,"stop_url":null,"location_type":"0","parent_station":null,"stop_timezone":null,"wheelchair_boarding":"1"}},{"type":"Feature","geometry":{"type":"Point","coordinates":[5.42446927,43.30383436]},"properties":{"stop_id":"RTM-00004474","stop_code":"00004474","stop_name":"M\u00e9tro La Fourrag\u00e8re","stop_desc":null,"zone_id":null,"stop_url":null,"location_type":"0","parent_station":null,"stop_timezone":null,"wheelchair_boarding":"2"}},{"type":"Feature","geometry":{"type":"Point","coordinates":[5.42387819,43.30384615]},"properties":{"stop_id":"RTM-00004646","stop_code":"00004646","stop_name":"M\u00e9tro La Fourrag\u00e8re","stop_desc":null,"zone_id":null,"stop_url":null,"location_type":"0","parent_station":null,"stop_timezone":null,"wheelchair_boarding":"2"}},{"type":"Feature","geometry":{"type":"Point","coordinates":[5.42577847,43.30430054]},"properties":{"stop_id":"RTM-00004722","stop_code":"00004722","stop_name":"M\u00e9tro La Fourrag\u00e8re","stop_desc":null,"zone_id":null,"stop_url":null,"location_type":"0","parent_station":null,"stop_timezone":null,"wheelchair_boarding":"2"}},{"type":"Feature","geometry":{"type":"Point","coordinates":[5.430115,43.33349]},"properties":{"stop_id":"RTM-00000596","stop_code":"00000596","stop_name":"M\u00e9tro La Rose","stop_desc":null,"zone_id":null,"stop_url":null,"location_type":"0","parent_station":null,"stop_timezone":null,"wheelchair_boarding":"1"}},{"type":"Feature","geometry":{"type":"Point","coordinates":[5.429997,43.333403]},"properties":{"stop_id":"RTM-00002480","stop_code":"00002480","stop_name":"M\u00e9tro La Rose","stop_desc":"RUE ALBERT EINSTEIN  MARSEILLE 13013","zone_id":null,"stop_url":null,"location_type":"0","parent_station":null,"stop_timezone":null,"wheelchair_boarding":"2"}},{"type":"Feature","geometry":{"type":"Point","coordinates":[5.399794,43.291005]},"properties":{"stop_id":"RTM-00002442","stop_code":"00002442","stop_name":"M\u00e9tro La Timone","stop_desc":"BOULEVARD JEAN MOULIN  MARSEILLE 13005","zone_id":null,"stop_url":null,"location_type":"0","parent_station":null,"stop_timezone":null,"wheelchair_boarding":"1"}},{"type":"Feature","geometry":{"type":"Point","coordinates":[5.400229,43.291165]},"properties":{"stop_id":"RTM-00004420","stop_code":"00004420","stop_name":"M\u00e9tro La Timone","stop_desc":"BOULEVARD JEAN MOULIN  MARSEILLE 13005","zone_id":null,"stop_url":null,"location_type":"0","parent_station":null,"stop_timezone":null,"wheelchair_boarding":"1"}},{"type":"Feature","geometry":{"type":"Point","coordinates":[5.400728,43.291773]},"properties":{"stop_id":"RTM-00004422","stop_code":"00004422","stop_name":"M\u00e9tro La Timone","stop_desc":"BOULEVARD JEAN MOULIN  MARSEILLE 13005","zone_id":null,"stop_url":null,"location_type":"0","parent_station":null,"stop_timezone":null,"wheelchair_boarding":"1"}},{"type":"Feature","geometry":{"type":"Point","coordinates":[5.41305276,43.29943239]},"properties":{"stop_id":"RTM-00004576","stop_code":"00004576","stop_name":"M\u00e9tro Louis Armand","stop_desc":"Bus Relais M2 - Nuits Longues NEOMMA","zone_id":null,"stop_url":null,"location_type":"0","parent_station":null,"stop_timezone":null,"wheelchair_boarding":"2"}},{"type":"Feature","geometry":{"type":"Point","coordinates":[5.41570723,43.32055699]},"properties":{"stop_id":"RTM-00000349","stop_code":"00000349","stop_name":"M\u00e9tro Malpass\u00e9","stop_desc":"Arr\u00eat repositionn\u00e9 suite \u00e0 impr\u00e9cision gps Terrain","zone_id":null,"stop_url":null,"location_type":"0","parent_station":null,"stop_timezone":null,"wheelchair_boarding":"1"}},{"type":"Feature","geometry":{"type":"Point","coordinates":[5.41568149,43.3205264]},"properties":{"stop_id":"RTM-00001069","stop_code":"00001069","stop_name":"M\u00e9tro Malpass\u00e9","stop_desc":"arr\u00eat repositionn\u00e9 suite \u00e0 impr\u00e9cision gps Terrain","zone_id":null,"stop_url":null,"location_type":"0","parent_station":null,"stop_timezone":null,"wheelchair_boarding":"1"}},{"type":"Feature","geometry":{"type":"Point","coordinates":[5.392239,43.270537]},"properties":{"stop_id":"RTM-00001747","stop_code":"00001747","stop_name":"M\u00e9tro Rond Point du Prado","stop_desc":"D559  MARSEILLE 13008","zone_id":null,"stop_url":null,"location_type":"0","parent_station":null,"stop_timezone":null,"wheelchair_boarding":"1"}},{"type":"Feature","geometry":{"type":"Point","coordinates":[5.390144,43.271911]},"properties":{"stop_id":"RTM-00002115","stop_code":"00002115","stop_name":"M\u00e9tro Rond Point du Prado","stop_desc":"AVENUE DU PRADO  MARSEILLE 13008","zone_id":null,"stop_url":null,"location_type":"0","parent_station":null,"stop_timezone":null,"wheelchair_boarding":"1"}},{"type":"Feature","geometry":{"type":"Point","coordinates":[5.391944,43.271977]},"properties":{"stop_id":"RTM-00004112","stop_code":"00004112","stop_name":"M\u00e9tro Rond Point du Prado","stop_desc":null,"zone_id":null,"stop_url":null,"location_type":"0","parent_station":null,"stop_timezone":null,"wheelchair_boarding":"1"}},{"type":"Feature","geometry":{"type":"Point","coordinates":[5.4193908,43.3037981]},"properties":{"stop_id":"RTM-00000972","stop_code":"00000972","stop_name":"M\u00e9tro St Barnab\u00e9","stop_desc":"ligne 9","zone_id":null,"stop_url":null,"location_type":"0","parent_station":null,"stop_timezone":null,"wheelchair_boarding":"1"}},{"type":"Feature","geometry":{"type":"Point","coordinates":[5.405335,43.316378]},"properties":{"stop_id":"RTM-00001144","stop_code":"00001144","stop_name":"M\u00e9tro St Just","stop_desc":"d\u00e9part ligne 53","zone_id":null,"stop_url":null,"location_type":"0","parent_station":null,"stop_timezone":null,"wheelchair_boarding":"2"}},{"type":"Feature","geometry":{"type":"Point","coordinates":[5.40727146,43.31567727]},"properties":{"stop_id":"RTM-00004573","stop_code":"00004573","stop_name":"M\u00e9tro St Just","stop_desc":"Bus Relais M2 - Nuits Longues NEOMMA","zone_id":null,"stop_url":null,"location_type":"0","parent_station":null,"stop_timezone":null,"wheelchair_boarding":"2"}},{"type":"Feature","geometry":{"type":"Point","coordinates":[5.40756629,43.31590774]},"properties":{"stop_id":"RTM-00004574","stop_code":"00004574","stop_name":"M\u00e9tro St Just","stop_desc":"Bus Relais M2 - Nuits Longues NEOMMA","zone_id":null,"stop_url":null,"location_type":"0","parent_station":null,"stop_timezone":null,"wheelchair_boarding":"2"}},{"type":"Feature","geometry":{"type":"Point","coordinates":[5.37307901,43.3151245]},"properties":{"stop_id":"RTM-00002317","stop_code":"00002317","stop_name":"National","stop_desc":null,"zone_id":null,"stop_url":null,"location_type":"0","parent_station":null,"stop_timezone":null,"wheelchair_boarding":"2"}},{"type":"Feature","geometry":{"type":"Point","coordinates":[5.381879,43.307545]},"properties":{"stop_id":"RTM-00000224","stop_code":"00000224","stop_name":"National Belle de Mai","stop_desc":null,"zone_id":null,"stop_url":null,"location_type":"0","parent_station":null,"stop_timezone":null,"wheelchair_boarding":"1"}},{"type":"Feature","geometry":{"type":"Point","coordinates":[5.38136368,43.30824724]},"properties":{"stop_id":"RTM-00004587","stop_code":"00004587","stop_name":"National Belle de Mai","stop_desc":null,"zone_id":null,"stop_url":null,"location_type":"0","parent_station":null,"stop_timezone":null,"wheelchair_boarding":"1"}},{"type":"Feature","geometry":{"type":"Point","coordinates":[5.384125,43.305373]},"properties":{"stop_id":"RTM-00000225","stop_code":"00000225","stop_name":"National Guibal","stop_desc":"BOULEVARD NATIONAL  MARSEILLE 13001","zone_id":null,"stop_url":null,"location_type":"0","parent_station":null,"stop_timezone":null,"wheelchair_boarding":"1"}},{"type":"Feature","geometry":{"type":"Point","coordinates":[5.378737,43.310525]},"properties":{"stop_id":"RTM-00000223","stop_code":"00000223","stop_name":"National Loubon","stop_desc":"BOULEVARD NATIONAL  MARSEILLE 13003","zone_id":null,"stop_url":null,"location_type":"0","parent_station":null,"stop_timezone":null,"wheelchair_boarding":"1"}},{"type":"Feature","geometry":{"type":"Point","coordinates":[5.37653807,43.31219635]},"properties":{"stop_id":"RTM-00000377","stop_code":"00000377","stop_name":"National Pyat","stop_desc":null,"zone_id":null,"stop_url":null,"location_type":"0","parent_station":null,"stop_timezone":null,"wheelchair_boarding":"1"}},{"type":"Feature","geometry":{"type":"Point","coordinates":[5.38110085,43.29814054]},"properties":{"stop_id":"RTM-00004571","stop_code":"00004571","stop_name":"Noailles","stop_desc":"Bus Relais M2 - Nuits Longues NEOMMA","zone_id":null,"stop_url":null,"location_type":"0","parent_station":null,"stop_timezone":null,"wheelchair_boarding":"2"}},{"type":"Feature","geometry":{"type":"Point","coordinates":[5.420256,43.339276]},"properties":{"stop_id":"RTM-00000711","stop_code":"00000711","stop_name":"Notre Dame de la Consolation","stop_desc":"ATTENTION EQUIPEMENT DU 711 ET 671 INVERSES","zone_id":null,"stop_url":null,"location_type":"0","parent_station":null,"stop_timezone":null,"wheelchair_boarding":"2"}},{"type":"Feature","geometry":{"type":"Point","coordinates":[5.358732,43.384472]},"properties":{"stop_id":"RTM-00003983","stop_code":"00003983","stop_name":"Notre Dame Limite","stop_desc":null,"zone_id":null,"stop_url":null,"location_type":"0","parent_station":null,"stop_timezone":null,"wheelchair_boarding":"1"}},{"type":"Feature","geometry":{"type":"Point","coordinates":[5.359001,43.38481]},"properties":{"stop_id":"RTM-00004009","stop_code":"00004009","stop_name":"Notre Dame Limite","stop_desc":null,"zone_id":null,"stop_url":null,"location_type":"0","parent_station":null,"stop_timezone":null,"wheelchair_boarding":"1"}},{"type":"Feature","geometry":{"type":"Point","coordinates":[5.3836365,43.292812]},"properties":{"stop_id":"RTM-00002311","stop_code":"00002311","stop_name":"Notre-Dame du Mont","stop_desc":null,"zone_id":null,"stop_url":null,"location_type":"0","parent_station":null,"stop_timezone":null,"wheelchair_boarding":"2"}},{"type":"Feature","geometry":{"type":"Point","coordinates":[5.386703,43.340548]},"properties":{"stop_id":"RTM-00000131","stop_code":"00000131","stop_name":"Nungesser","stop_desc":null,"zone_id":null,"stop_url":null,"location_type":"0","parent_station":null,"stop_timezone":null,"wheelchair_boarding":"2"}},{"type":"Feature","geometry":{"type":"Point","coordinates":[5.43937,43.34402]},"properties":{"stop_id":"RTM-00004079","stop_code":"00004079","stop_name":"N\u00e9el","stop_desc":null,"zone_id":null,"stop_url":null,"location_type":"0","parent_station":null,"stop_timezone":null,"wheelchair_boarding":"2"}},{"type":"Feature","geometry":{"type":"Point","coordinates":[5.399047,43.241198]},"properties":{"stop_id":"RTM-00001871","stop_code":"00001871","stop_name":"Oc\u00e9an R\u00e9attu","stop_desc":null,"zone_id":null,"stop_url":null,"location_type":"0","parent_station":null,"stop_timezone":null,"wheelchair_boarding":"2"}},{"type":"Feature","geometry":{"type":"Point","coordinates":[5.370334,43.288107]},"properties":{"stop_id":"RTM-00001470","stop_code":"00001470","stop_name":"Oratoire Gazzino","stop_desc":"TAD 59","zone_id":null,"stop_url":null,"location_type":"0","parent_station":null,"stop_timezone":null,"wheelchair_boarding":"2"}},{"type":"Feature","geometry":{"type":"Point","coordinates":[5.36031847,43.27570496]},"properties":{"stop_id":"RTM-00004785","stop_code":"00004785","stop_name":"Oriol Corniche","stop_desc":null,"zone_id":null,"stop_url":null,"location_type":"0","parent_station":null,"stop_timezone":null,"wheelchair_boarding":"2"}},{"type":"Feature","geometry":{"type":"Point","coordinates":[5.392459,43.303228]},"properties":{"stop_id":"RTM-00003221","stop_code":"00003221","stop_name":"Palais Longchamp","stop_desc":null,"zone_id":null,"stop_url":null,"location_type":"0","parent_station":null,"stop_timezone":null,"wheelchair_boarding":"1"}},{"type":"Feature","geometry":{"type":"Point","coordinates":[5.392395,43.30337]},"properties":{"stop_id":"RTM-00003268","stop_code":"00003268","stop_name":"Palais Longchamp","stop_desc":null,"zone_id":null,"stop_url":null,"location_type":"0","parent_station":null,"stop_timezone":null,"wheelchair_boarding":"1"}},{"type":"Feature","geometry":{"type":"Point","coordinates":[5.39322,43.304149]},"properties":{"stop_id":"RTM-00003865","stop_code":"00003865","stop_name":"Palais Longchamp","stop_desc":null,"zone_id":null,"stop_url":null,"location_type":"0","parent_station":null,"stop_timezone":null,"wheelchair_boarding":"2"}},{"type":"Feature","geometry":{"type":"Point","coordinates":[5.439247,43.354908]},"properties":{"stop_id":"RTM-00000700","stop_code":"00000700","stop_name":"Palama Camoins","stop_desc":null,"zone_id":null,"stop_url":null,"location_type":"0","parent_station":null,"stop_timezone":null,"wheelchair_boarding":"1"}},{"type":"Feature","geometry":{"type":"Point","coordinates":[5.441413,43.358735]},"properties":{"stop_id":"RTM-00000684","stop_code":"00000684","stop_name":"Palama Carrousel","stop_desc":null,"zone_id":null,"stop_url":null,"location_type":"0","parent_station":null,"stop_timezone":null,"wheelchair_boarding":"2"}},{"type":"Feature","geometry":{"type":"Point","coordinates":[5.442118,43.359703]},"properties":{"stop_id":"RTM-00000697","stop_code":"00000697","stop_name":"Palama Ecuyers","stop_desc":null,"zone_id":null,"stop_url":null,"location_type":"0","parent_station":null,"stop_timezone":null,"wheelchair_boarding":"2"}},{"type":"Feature","geometry":{"type":"Point","coordinates":[5.44022,43.357243]},"properties":{"stop_id":"RTM-00000699","stop_code":"00000699","stop_name":"Palama Fumade","stop_desc":null,"zone_id":null,"stop_url":null,"location_type":"0","parent_station":null,"stop_timezone":null,"wheelchair_boarding":"2"}},{"type":"Feature","geometry":{"type":"Point","coordinates":[5.384432,43.2752]},"properties":{"stop_id":"RTM-00001138","stop_code":"00001138","stop_name":"Paradis Lord Duveen","stop_desc":null,"zone_id":null,"stop_url":null,"location_type":"0","parent_station":null,"stop_timezone":null,"wheelchair_boarding":"2"}},{"type":"Feature","geometry":{"type":"Point","coordinates":[5.385239,43.273312]},"properties":{"stop_id":"RTM-00001139","stop_code":"00001139","stop_name":"Paradis Mistral","stop_desc":null,"zone_id":null,"stop_url":null,"location_type":"0","parent_station":null,"stop_timezone":null,"wheelchair_boarding":"2"}},{"type":"Feature","geometry":{"type":"Point","coordinates":[5.38354,43.277724]},"properties":{"stop_id":"RTM-00001087","stop_code":"00001087","stop_name":"Paradis Wulfran Puget","stop_desc":null,"zone_id":null,"stop_url":null,"location_type":"0","parent_station":null,"stop_timezone":null,"wheelchair_boarding":"2"}},{"type":"Feature","geometry":{"type":"Point","coordinates":[5.380128,43.245262]},"properties":{"stop_id":"RTM-00001939","stop_code":"00001939","stop_name":"Parangon Neptune","stop_desc":"20 TRAVERSE PARANGON  MARSEILLE 13008","zone_id":null,"stop_url":null,"location_type":"0","parent_station":null,"stop_timezone":null,"wheelchair_boarding":"2"}},{"type":"Feature","geometry":{"type":"Point","coordinates":[5.37469046,43.31806208]},"properties":{"stop_id":"RTM-00004781","stop_code":"00004781","stop_name":"Parc Bellevue","stop_desc":null,"zone_id":null,"stop_url":null,"location_type":"0","parent_station":null,"stop_timezone":null,"wheelchair_boarding":"2"}},{"type":"Feature","geometry":{"type":"Point","coordinates":[5.404732,43.323962]},"properties":{"stop_id":"RTM-00001146","stop_code":"00001146","stop_name":"Parc Corot","stop_desc":null,"zone_id":null,"stop_url":null,"location_type":"0","parent_station":null,"stop_timezone":null,"wheelchair_boarding":"2"}},{"type":"Feature","geometry":{"type":"Point","coordinates":[5.439013,43.274717]},"properties":{"stop_id":"RTM-00001686","stop_code":"00001686","stop_name":"Parc des Bruy\u00e8res","stop_desc":"RUE DES TROIS PONTS  MARSEILLE 13010","zone_id":null,"stop_url":null,"location_type":"0","parent_station":null,"stop_timezone":null,"wheelchair_boarding":"1"}},{"type":"Feature","geometry":{"type":"Point","coordinates":[5.440221,43.274914]},"properties":{"stop_id":"RTM-00002127","stop_code":"00002127","stop_name":"Parc des Bruy\u00e8res","stop_desc":null,"zone_id":null,"stop_url":null,"location_type":"0","parent_station":null,"stop_timezone":null,"wheelchair_boarding":"2"}},{"type":"Feature","geometry":{"type":"Point","coordinates":[5.39029352,43.28234566]},"properties":{"stop_id":"RTM-00004755","stop_code":"00004755","stop_name":"Parc du 26\u00e8me Centenaire","stop_desc":"Prolongement T3","zone_id":null,"stop_url":null,"location_type":"0","parent_station":null,"stop_timezone":null,"wheelchair_boarding":"1"}},{"type":"Feature","geometry":{"type":"Point","coordinates":[5.46317573,43.34378472]},"properties":{"stop_id":"RTM-00004157","stop_code":"00004157","stop_name":"Parc du Bocage","stop_desc":"D44 F  PLAN-DE-CUQUES 13380","zone_id":null,"stop_url":null,"location_type":"0","parent_station":null,"stop_timezone":null,"wheelchair_boarding":"2"}},{"type":"Feature","geometry":{"type":"Point","coordinates":[5.364883,43.38464]},"properties":{"stop_id":"RTM-00004007","stop_code":"00004007","stop_name":"Parc Kallist\u00e9","stop_desc":"CHEMIN DES BOURRELY  MARSEILLE 13015","zone_id":null,"stop_url":null,"location_type":"0","parent_station":null,"stop_timezone":null,"wheelchair_boarding":"1"}},{"type":"Feature","geometry":{"type":"Point","coordinates":[5.38270345,43.2744543]},"properties":{"stop_id":"RTM-00004208","stop_code":"00004208","stop_name":"Parc Monticelli","stop_desc":null,"zone_id":null,"stop_url":null,"location_type":"0","parent_station":null,"stop_timezone":null,"wheelchair_boarding":"2"}},{"type":"Feature","geometry":{"type":"Point","coordinates":[5.36611,43.240217]},"properties":{"stop_id":"RTM-00001712","stop_code":"00001712","stop_name":"Parc Pastr\u00e9","stop_desc":null,"zone_id":null,"stop_url":null,"location_type":"0","parent_station":null,"stop_timezone":null,"wheelchair_boarding":"1"}},{"type":"Feature","geometry":{"type":"Point","coordinates":[5.44277994,43.28167332]},"properties":{"stop_id":"RTM-00001279","stop_code":"00001279","stop_name":"Parc Saint-Cyr","stop_desc":"CHEMIN RURAL DE LA VALBARELLE \u00c0 SAINT-MARCEL  MARSEILLE 13010 existe plus 1280 ch\u00e2teau st cyr","zone_id":null,"stop_url":null,"location_type":"0","parent_station":null,"stop_timezone":null,"wheelchair_boarding":"1"}},{"type":"Feature","geometry":{"type":"Point","coordinates":[5.35962,43.343639]},"properties":{"stop_id":"RTM-00003968","stop_code":"00003968","stop_name":"Parc St Louis","stop_desc":null,"zone_id":null,"stop_url":null,"location_type":"0","parent_station":null,"stop_timezone":null,"wheelchair_boarding":"1"}},{"type":"Feature","geometry":{"type":"Point","coordinates":[5.354374,43.278884]},"properties":{"stop_id":"RTM-00002079","stop_code":"00002079","stop_name":"Parc Valmer","stop_desc":null,"zone_id":null,"stop_url":null,"location_type":"0","parent_station":null,"stop_timezone":null,"wheelchair_boarding":"1"}},{"type":"Feature","geometry":{"type":"Point","coordinates":[5.39507186,43.31120827]},"properties":{"stop_id":"RTM-00004626","stop_code":"00004626","stop_name":"Pardigon Barbier","stop_desc":null,"zone_id":null,"stop_url":null,"location_type":"0","parent_station":null,"stop_timezone":null,"wheelchair_boarding":"2"}},{"type":"Feature","geometry":{"type":"Point","coordinates":[5.39451915,43.31156139]},"properties":{"stop_id":"RTM-00004628","stop_code":"00004628","stop_name":"Pardigon Barbier","stop_desc":null,"zone_id":null,"stop_url":null,"location_type":"0","parent_station":null,"stop_timezone":null,"wheelchair_boarding":"2"}},{"type":"Feature","geometry":{"type":"Point","coordinates":[5.46639948,43.35717855]},"properties":{"stop_id":"RTM-00002158","stop_code":"00002158","stop_name":"Pasteur Monette","stop_desc":null,"zone_id":null,"stop_url":null,"location_type":"0","parent_station":null,"stop_timezone":null,"wheelchair_boarding":"1"}},{"type":"Feature","geometry":{"type":"Point","coordinates":[5.35811484,43.34902093]},"properties":{"stop_id":"RTM-00000997","stop_code":"00000997","stop_name":"Paul Gaffarel","stop_desc":null,"zone_id":null,"stop_url":null,"location_type":"0","parent_station":null,"stop_timezone":null,"wheelchair_boarding":"2"}},{"type":"Feature","geometry":{"type":"Point","coordinates":[5.46820606,43.34314826]},"properties":{"stop_id":"RTM-00004173","stop_code":"00004173","stop_name":"Paul Sirvent","stop_desc":"AVENUE DU CANTON VERT  ALLAUCH 13190  barri\u00e8re poteau bus mpm","zone_id":null,"stop_url":null,"location_type":"0","parent_station":null,"stop_timezone":null,"wheelchair_boarding":"1"}},{"type":"Feature","geometry":{"type":"Point","coordinates":[5.469436,43.306248]},"properties":{"stop_id":"RTM-00000631","stop_code":"00000631","stop_name":"Peintres Roux Jardinerie","stop_desc":null,"zone_id":null,"stop_url":null,"location_type":"0","parent_station":null,"stop_timezone":null,"wheelchair_boarding":"2"}},{"type":"Feature","geometry":{"type":"Point","coordinates":[5.480994,43.295694]},"properties":{"stop_id":"RTM-00002502","stop_code":"00002502","stop_name":"Peintres Roux La Valentine","stop_desc":null,"zone_id":null,"stop_url":null,"location_type":"0","parent_station":null,"stop_timezone":null,"wheelchair_boarding":"2"}},{"type":"Feature","geometry":{"type":"Point","coordinates":[5.478644,43.298462]},"properties":{"stop_id":"RTM-00002706","stop_code":"00002706","stop_name":"Peintres Roux Montre","stop_desc":null,"zone_id":null,"stop_url":null,"location_type":"0","parent_station":null,"stop_timezone":null,"wheelchair_boarding":"2"}},{"type":"Feature","geometry":{"type":"Point","coordinates":[5.47846,43.298979]},"properties":{"stop_id":"RTM-00002779","stop_code":"00002779","stop_name":"Peintres Roux Montre","stop_desc":null,"zone_id":null,"stop_url":null,"location_type":"0","parent_station":null,"stop_timezone":null,"wheelchair_boarding":"2"}},{"type":"Feature","geometry":{"type":"Point","coordinates":[5.311616,43.364678]},"properties":{"stop_id":"RTM-00003561","stop_code":"00003561","stop_name":"Pichou Luzzatti","stop_desc":"pas de trottoir","zone_id":null,"stop_url":null,"location_type":"0","parent_station":null,"stop_timezone":null,"wheelchair_boarding":"2"}},{"type":"Feature","geometry":{"type":"Point","coordinates":[5.312399,43.36651]},"properties":{"stop_id":"RTM-00003562","stop_code":"00003562","stop_name":"Pichou Miramare","stop_desc":"pas de trottoir","zone_id":null,"stop_url":null,"location_type":"0","parent_station":null,"stop_timezone":null,"wheelchair_boarding":"2"}},{"type":"Feature","geometry":{"type":"Point","coordinates":[5.375328,43.390642]},"properties":{"stop_id":"RTM-00003048","stop_code":"00003048","stop_name":"Pin\u00e8de Rougi\u00e8re","stop_desc":"pas de sigep. ancien affichage","zone_id":null,"stop_url":null,"location_type":"0","parent_station":null,"stop_timezone":null,"wheelchair_boarding":"2"}},{"type":"Feature","geometry":{"type":"Point","coordinates":[5.35457983,43.3446847]},"properties":{"stop_id":"RTM-00000503","stop_code":"00000503","stop_name":"Piscine Municipale","stop_desc":null,"zone_id":null,"stop_url":null,"location_type":"0","parent_station":null,"stop_timezone":null,"wheelchair_boarding":"2"}},{"type":"Feature","geometry":{"type":"Point","coordinates":[5.353983,43.344225]},"properties":{"stop_id":"RTM-00000505","stop_code":"00000505","stop_name":"Piscine Municipale","stop_desc":null,"zone_id":null,"stop_url":null,"location_type":"0","parent_station":null,"stop_timezone":null,"wheelchair_boarding":"2"}},{"type":"Feature","geometry":{"type":"Point","coordinates":[5.373559,43.264148]},"properties":{"stop_id":"RTM-00002070","stop_code":"00002070","stop_name":"Place Amiral Muselier","stop_desc":null,"zone_id":null,"stop_url":null,"location_type":"0","parent_station":null,"stop_timezone":null,"wheelchair_boarding":"1"}},{"type":"Feature","geometry":{"type":"Point","coordinates":[5.371556,43.293432]},"properties":{"stop_id":"RTM-00001441","stop_code":"00001441","stop_name":"Place aux Huiles","stop_desc":"PLACE AUX HUILES  MARSEILLE 13001","zone_id":null,"stop_url":null,"location_type":"0","parent_station":null,"stop_timezone":null,"wheelchair_boarding":"1"}},{"type":"Feature","geometry":{"type":"Point","coordinates":[5.3707695,43.29328231]},"properties":{"stop_id":"RTM-00002053","stop_code":"00002053","stop_name":"Place aux Huiles","stop_desc":"QUAI DE RIVE-NEUVE  MARSEILLE 13007","zone_id":null,"stop_url":null,"location_type":"0","parent_station":null,"stop_timezone":null,"wheelchair_boarding":"1"}},{"type":"Feature","geometry":{"type":"Point","coordinates":[5.37109137,43.29345996]},"properties":{"stop_id":"RTM-00004241","stop_code":"00004241","stop_name":"Place aux Huiles","stop_desc":"Embarcad\u00e8re Ferry Boat","zone_id":null,"stop_url":null,"location_type":"0","parent_station":null,"stop_timezone":null,"wheelchair_boarding":"2"}},{"type":"Feature","geometry":{"type":"Point","coordinates":[5.364597,43.40734]},"properties":{"stop_id":"RTM-00003002","stop_code":"00003002","stop_name":"Place Barbusse","stop_desc":null,"zone_id":null,"stop_url":null,"location_type":"0","parent_station":null,"stop_timezone":null,"wheelchair_boarding":"2"}},{"type":"Feature","geometry":{"type":"Point","coordinates":[5.369921,43.297749]},"properties":{"stop_id":"RTM-00003809","stop_code":"00003809","stop_name":"Place Bargemon","stop_desc":null,"zone_id":null,"stop_url":null,"location_type":"0","parent_station":null,"stop_timezone":null,"wheelchair_boarding":"1"}},{"type":"Feature","geometry":{"type":"Point","coordinates":[5.370515,43.297679]},"properties":{"stop_id":"RTM-00003829","stop_code":"00003829","stop_name":"Place Bargemon","stop_desc":null,"zone_id":null,"stop_url":null,"location_type":"0","parent_station":null,"stop_timezone":null,"wheelchair_boarding":"1"}},{"type":"Feature","geometry":{"type":"Point","coordinates":[5.36880076,43.31953056]},"properties":{"stop_id":"RTM-00000518","stop_code":"00000518","stop_name":"Place Bougainville","stop_desc":null,"zone_id":null,"stop_url":null,"location_type":"0","parent_station":null,"stop_timezone":null,"wheelchair_boarding":"1"}},{"type":"Feature","geometry":{"type":"Point","coordinates":[5.399972,43.307292]},"properties":{"stop_id":"RTM-00001100","stop_code":"00001100","stop_name":"Place Brossolette","stop_desc":null,"zone_id":null,"stop_url":null,"location_type":"0","parent_station":null,"stop_timezone":null,"wheelchair_boarding":"2"}},{"type":"Feature","geometry":{"type":"Point","coordinates":[5.399764,43.307298]},"properties":{"stop_id":"RTM-00001126","stop_code":"00001126","stop_name":"Place Brossolette","stop_desc":null,"zone_id":null,"stop_url":null,"location_type":"0","parent_station":null,"stop_timezone":null,"wheelchair_boarding":"2"}},{"type":"Feature","geometry":{"type":"Point","coordinates":[5.400221,43.306962]},"properties":{"stop_id":"RTM-00003127","stop_code":"00003127","stop_name":"Place Brossolette","stop_desc":null,"zone_id":null,"stop_url":null,"location_type":"0","parent_station":null,"stop_timezone":null,"wheelchair_boarding":"2"}},{"type":"Feature","geometry":{"type":"Point","coordinates":[5.389394,43.315015]},"properties":{"stop_id":"RTM-00002042","stop_code":"00002042","stop_name":"Place Burel","stop_desc":null,"zone_id":null,"stop_url":null,"location_type":"0","parent_station":null,"stop_timezone":null,"wheelchair_boarding":"2"}},{"type":"Feature","geometry":{"type":"Point","coordinates":[5.384855,43.312836]},"properties":{"stop_id":"RTM-00001021","stop_code":"00001021","stop_name":"Place Caffo","stop_desc":"RUE LOUBON MARSEILLE 13003","zone_id":null,"stop_url":null,"location_type":"0","parent_station":null,"stop_timezone":null,"wheelchair_boarding":"1"}},{"type":"Feature","geometry":{"type":"Point","coordinates":[5.366802,43.318413]},"properties":{"stop_id":"RTM-00000519","stop_code":"00000519","stop_name":"Place Cazemajou","stop_desc":null,"zone_id":null,"stop_url":null,"location_type":"0","parent_station":null,"stop_timezone":null,"wheelchair_boarding":"2"}},{"type":"Feature","geometry":{"type":"Point","coordinates":[5.371355,43.290611]},"properties":{"stop_id":"RTM-00001440","stop_code":"00001440","stop_name":"Place de la Corderie","stop_desc":null,"zone_id":null,"stop_url":null,"location_type":"0","parent_station":null,"stop_timezone":null,"wheelchair_boarding":"2"}},{"type":"Feature","geometry":{"type":"Point","coordinates":[5.366211,43.29644]},"properties":{"stop_id":"RTM-00003831","stop_code":"00003831","stop_name":"Place de Lenche","stop_desc":null,"zone_id":null,"stop_url":null,"location_type":"0","parent_station":null,"stop_timezone":null,"wheelchair_boarding":"1"}},{"type":"Feature","geometry":{"type":"Point","coordinates":[5.380621,43.291433]},"properties":{"stop_id":"RTM-00004122","stop_code":"00004122","stop_name":"Place de Rome","stop_desc":null,"zone_id":null,"stop_url":null,"location_type":"0","parent_station":null,"stop_timezone":null,"wheelchair_boarding":"1"}},{"type":"Feature","geometry":{"type":"Point","coordinates":[5.37349999,43.30622828]},"properties":{"stop_id":"RTM-00000482","stop_code":"00000482","stop_name":"Place de Strasbourg","stop_desc":"AVENUE CAMILLE PELLETAN  MARSEILLE 13003","zone_id":null,"stop_url":null,"location_type":"0","parent_station":null,"stop_timezone":null,"wheelchair_boarding":"1"}},{"type":"Feature","geometry":{"type":"Point","coordinates":[5.37563,43.326358]},"properties":{"stop_id":"RTM-00000142","stop_code":"00000142","stop_name":"Place des Etats Unis","stop_desc":null,"zone_id":null,"stop_url":null,"location_type":"0","parent_station":null,"stop_timezone":null,"wheelchair_boarding":"1"}},{"type":"Feature","geometry":{"type":"Point","coordinates":[5.359958,43.288867]},"properties":{"stop_id":"RTM-00001416","stop_code":"00001416","stop_name":"Place du 4 Septembre","stop_desc":null,"zone_id":null,"stop_url":null,"location_type":"0","parent_station":null,"stop_timezone":null,"wheelchair_boarding":"2"}},{"type":"Feature","geometry":{"type":"Point","coordinates":[5.3596447,43.2882418]},"properties":{"stop_id":"RTM-00004186","stop_code":"00004186","stop_name":"Place du 4 Septembre","stop_desc":"3 RUE DE CAZE  MARSEILLE 13007","zone_id":null,"stop_url":null,"location_type":"0","parent_station":null,"stop_timezone":null,"wheelchair_boarding":"2"}},{"type":"Feature","geometry":{"type":"Point","coordinates":[5.39930789,43.27697568]},"properties":{"stop_id":"RTM-00004760","stop_code":"00004760","stop_name":"Place Ferri\u00e9","stop_desc":"Prolongement T3","zone_id":null,"stop_url":null,"location_type":"0","parent_station":null,"stop_timezone":null,"wheelchair_boarding":"1"}},{"type":"Feature","geometry":{"type":"Point","coordinates":[5.359179,43.387026]},"properties":{"stop_id":"RTM-00002956","stop_code":"00002956","stop_name":"Place Gabriel P\u00e9ri","stop_desc":null,"zone_id":null,"stop_url":null,"location_type":"0","parent_station":null,"stop_timezone":null,"wheelchair_boarding":"2"}},{"type":"Feature","geometry":{"type":"Point","coordinates":[5.38587947,43.2945707]},"properties":{"stop_id":"RTM-00001520","stop_code":"00001520","stop_name":"Place Jean Jaur\u00e8s","stop_desc":null,"zone_id":null,"stop_url":null,"location_type":"0","parent_station":null,"stop_timezone":null,"wheelchair_boarding":"1"}},{"type":"Feature","geometry":{"type":"Point","coordinates":[5.386024,43.294746]},"properties":{"stop_id":"RTM-00001533","stop_code":"00001533","stop_name":"Place Jean Jaur\u00e8s","stop_desc":"27 PLACE JEAN JAUR\u00c8S  MARSEILLE 13005","zone_id":null,"stop_url":null,"location_type":"0","parent_station":null,"stop_timezone":null,"wheelchair_boarding":"1"}},{"type":"Feature","geometry":{"type":"Point","coordinates":[5.393038,43.306389]},"properties":{"stop_id":"RTM-00000432","stop_code":"00000432","stop_name":"Place Leverrier","stop_desc":null,"zone_id":null,"stop_url":null,"location_type":"0","parent_station":null,"stop_timezone":null,"wheelchair_boarding":"2"}},{"type":"Feature","geometry":{"type":"Point","coordinates":[5.373547,43.305065]},"properties":{"stop_id":"RTM-00003926","stop_code":"00003926","stop_name":"Place Marceau","stop_desc":null,"zone_id":null,"stop_url":null,"location_type":"0","parent_station":null,"stop_timezone":null,"wheelchair_boarding":"1"}},{"type":"Feature","geometry":{"type":"Point","coordinates":[5.358321,43.284395]},"properties":{"stop_id":"RTM-00001543","stop_code":"00001543","stop_name":"Place Saint-Eug\u00e8ne","stop_desc":"TAD 59","zone_id":null,"stop_url":null,"location_type":"0","parent_station":null,"stop_timezone":null,"wheelchair_boarding":"1"}},{"type":"Feature","geometry":{"type":"Point","coordinates":[5.404504,43.285949]},"properties":{"stop_id":"RTM-00001584","stop_code":"00001584","stop_name":"Place Valentin Pignol","stop_desc":null,"zone_id":null,"stop_url":null,"location_type":"0","parent_station":null,"stop_timezone":null,"wheelchair_boarding":"2"}},{"type":"Feature","geometry":{"type":"Point","coordinates":[5.37559593,43.26003726]},"properties":{"stop_id":"RTM-00004568","stop_code":"00004568","stop_name":"Plage de l'Huveaune","stop_desc":null,"zone_id":null,"stop_url":null,"location_type":"0","parent_station":null,"stop_timezone":null,"wheelchair_boarding":"1"}},{"type":"Feature","geometry":{"type":"Point","coordinates":[5.362642,43.272549]},"properties":{"stop_id":"RTM-00002066","stop_code":"00002066","stop_name":"Plage du Proph\u00e8te","stop_desc":"CORNICHE PR\u00c9SIDENT JOHN F. KENNEDY  MARSEILLE 13007","zone_id":null,"stop_url":null,"location_type":"0","parent_station":null,"stop_timezone":null,"wheelchair_boarding":"1"}},{"type":"Feature","geometry":{"type":"Point","coordinates":[5.287573,43.358158]},"properties":{"stop_id":"RTM-00002227","stop_code":"00002227","stop_name":"Plages de Corbi\u00e8res","stop_desc":"abs trottoir","zone_id":null,"stop_url":null,"location_type":"0","parent_station":null,"stop_timezone":null,"wheelchair_boarding":"2"}},{"type":"Feature","geometry":{"type":"Point","coordinates":[5.35347313,43.36830819]},"properties":{"stop_id":"RTM-00004179","stop_code":"00004179","stop_name":"Plan d'Aou","stop_desc":"LES HAUTS DE SAINT-ANTOINE  MARSEILLE 13015","zone_id":null,"stop_url":null,"location_type":"0","parent_station":null,"stop_timezone":null,"wheelchair_boarding":"1"}},{"type":"Feature","geometry":{"type":"Point","coordinates":[5.46140971,43.34548064]},"properties":{"stop_id":"RTM-00002151","stop_code":"00002151","stop_name":"Plan de Cuques Mairie","stop_desc":null,"zone_id":null,"stop_url":null,"location_type":"0","parent_station":null,"stop_timezone":null,"wheelchair_boarding":"2"}},{"type":"Feature","geometry":{"type":"Point","coordinates":[5.4648453,43.36004396]},"properties":{"stop_id":"RTM-00004693","stop_code":"00004693","stop_name":"Plan-de-Cuques Montade","stop_desc":null,"zone_id":null,"stop_url":null,"location_type":"0","parent_station":null,"stop_timezone":null,"wheelchair_boarding":"2"}},{"type":"Feature","geometry":{"type":"Point","coordinates":[5.383806,43.31581]},"properties":{"stop_id":"RTM-00000219","stop_code":"00000219","stop_name":"Plombi\u00e8res Arnal","stop_desc":null,"zone_id":null,"stop_url":null,"location_type":"0","parent_station":null,"stop_timezone":null,"wheelchair_boarding":"2"}},{"type":"Feature","geometry":{"type":"Point","coordinates":[5.379967,43.318216]},"properties":{"stop_id":"RTM-00000531","stop_code":"00000531","stop_name":"Plombi\u00e8res Battala","stop_desc":null,"zone_id":null,"stop_url":null,"location_type":"0","parent_station":null,"stop_timezone":null,"wheelchair_boarding":"1"}},{"type":"Feature","geometry":{"type":"Point","coordinates":[5.38619897,43.31555082]},"properties":{"stop_id":"RTM-00004515","stop_code":"00004515","stop_name":"Plombi\u00e8res Bon Secours","stop_desc":null,"zone_id":null,"stop_url":null,"location_type":"0","parent_station":null,"stop_timezone":null,"wheelchair_boarding":"2"}},{"type":"Feature","geometry":{"type":"Point","coordinates":[5.457186,43.322592]},"properties":{"stop_id":"RTM-00000653","stop_code":"00000653","stop_name":"Poilus Mistral","stop_desc":null,"zone_id":null,"stop_url":null,"location_type":"0","parent_station":null,"stop_timezone":null,"wheelchair_boarding":"2"}},{"type":"Feature","geometry":{"type":"Point","coordinates":[5.459725,43.318245]},"properties":{"stop_id":"RTM-00000628","stop_code":"00000628","stop_name":"Poilus Siphon","stop_desc":null,"zone_id":null,"stop_url":null,"location_type":"0","parent_station":null,"stop_timezone":null,"wheelchair_boarding":"2"}},{"type":"Feature","geometry":{"type":"Point","coordinates":[5.459695,43.318563]},"properties":{"stop_id":"RTM-00000651","stop_code":"00000651","stop_name":"Poilus Siphon","stop_desc":null,"zone_id":null,"stop_url":null,"location_type":"0","parent_station":null,"stop_timezone":null,"wheelchair_boarding":"2"}},{"type":"Feature","geometry":{"type":"Point","coordinates":[5.364135,43.403758]},"properties":{"stop_id":"RTM-00003006","stop_code":"00003006","stop_name":"Polysport Grand Pavois","stop_desc":null,"zone_id":null,"stop_url":null,"location_type":"0","parent_station":null,"stop_timezone":null,"wheelchair_boarding":"2"}},{"type":"Feature","geometry":{"type":"Point","coordinates":[5.50055457,43.30952161]},"properties":{"stop_id":"RTM-00004675","stop_code":"00004675","stop_name":"Pont de la Clue","stop_desc":null,"zone_id":null,"stop_url":null,"location_type":"0","parent_station":null,"stop_timezone":null,"wheelchair_boarding":"2"}},{"type":"Feature","geometry":{"type":"Point","coordinates":[5.417,43.279454]},"properties":{"stop_id":"RTM-00001590","stop_code":"00001590","stop_name":"Pont de Vivaux","stop_desc":null,"zone_id":null,"stop_url":null,"location_type":"0","parent_station":null,"stop_timezone":null,"wheelchair_boarding":"2"}},{"type":"Feature","geometry":{"type":"Point","coordinates":[5.372307,43.371916]},"properties":{"stop_id":"RTM-00004145","stop_code":"00004145","stop_name":"Pont du Canal","stop_desc":null,"zone_id":null,"stop_url":null,"location_type":"0","parent_station":null,"stop_timezone":null,"wheelchair_boarding":"2"}},{"type":"Feature","geometry":{"type":"Point","coordinates":[5.386877,43.244765]},"properties":{"stop_id":"RTM-00003138","stop_code":"00003138","stop_name":"Pourri\u00e8re Floralia","stop_desc":null,"zone_id":null,"stop_url":null,"location_type":"0","parent_station":null,"stop_timezone":null,"wheelchair_boarding":"2"}},{"type":"Feature","geometry":{"type":"Point","coordinates":[5.388269,43.277679]},"properties":{"stop_id":"RTM-00001697","stop_code":"00001697","stop_name":"Prado Borde","stop_desc":null,"zone_id":null,"stop_url":null,"location_type":"0","parent_station":null,"stop_timezone":null,"wheelchair_boarding":"1"}},{"type":"Feature","geometry":{"type":"Point","coordinates":[5.388154,43.278338]},"properties":{"stop_id":"RTM-00001739","stop_code":"00001739","stop_name":"Prado Borde","stop_desc":null,"zone_id":null,"stop_url":null,"location_type":"0","parent_station":null,"stop_timezone":null,"wheelchair_boarding":"1"}},{"type":"Feature","geometry":{"type":"Point","coordinates":[5.390187,43.27429]},"properties":{"stop_id":"RTM-00001699","stop_code":"00001699","stop_name":"Prado Rodocanachi","stop_desc":null,"zone_id":null,"stop_url":null,"location_type":"0","parent_station":null,"stop_timezone":null,"wheelchair_boarding":"1"}},{"type":"Feature","geometry":{"type":"Point","coordinates":[5.390119,43.274862]},"properties":{"stop_id":"RTM-00001737","stop_code":"00001737","stop_name":"Prado Rodocanachi","stop_desc":null,"zone_id":null,"stop_url":null,"location_type":"0","parent_station":null,"stop_timezone":null,"wheelchair_boarding":"1"}},{"type":"Feature","geometry":{"type":"Point","coordinates":[5.386545,43.269543]},"properties":{"stop_id":"RTM-00001700","stop_code":"00001700","stop_name":"Prado Saint-Giniez","stop_desc":"AVENUE DU PRADO  MARSEILLE 13008","zone_id":null,"stop_url":null,"location_type":"0","parent_station":null,"stop_timezone":null,"wheelchair_boarding":"2"}},{"type":"Feature","geometry":{"type":"Point","coordinates":[5.482505,43.327478]},"properties":{"stop_id":"RTM-00003599","stop_code":"00003599","stop_name":"Provence Aubagnens","stop_desc":"AVENUE DE PROVENCE  ALLAUCH 13190","zone_id":null,"stop_url":null,"location_type":"0","parent_station":null,"stop_timezone":null,"wheelchair_boarding":"1"}},{"type":"Feature","geometry":{"type":"Point","coordinates":[5.378834,43.290164]},"properties":{"stop_id":"RTM-00003915","stop_code":"00003915","stop_name":"Pr\u00e9fecture","stop_desc":"BOULEVARD PAUL PEYTRAL  MARSEILLE 13006","zone_id":null,"stop_url":null,"location_type":"0","parent_station":null,"stop_timezone":null,"wheelchair_boarding":"2"}},{"type":"Feature","geometry":{"type":"Point","coordinates":[5.37455751,43.32055021]},"properties":{"stop_id":"RTM-00004780","stop_code":"00004780","stop_name":"Pyat De Lesseps","stop_desc":null,"zone_id":null,"stop_url":null,"location_type":"0","parent_station":null,"stop_timezone":null,"wheelchair_boarding":"2"}},{"type":"Feature","geometry":{"type":"Point","coordinates":[5.380291,43.278506]},"properties":{"stop_id":"RTM-00001517","stop_code":"00001517","stop_name":"P\u00e9rier Cr\u00e9mieux","stop_desc":"BOULEVARD P\u00c9RIER  MARSEILLE 13008","zone_id":null,"stop_url":null,"location_type":"0","parent_station":null,"stop_timezone":null,"wheelchair_boarding":"2"}},{"type":"Feature","geometry":{"type":"Point","coordinates":[5.377164,43.27803]},"properties":{"stop_id":"RTM-00001499","stop_code":"00001499","stop_name":"P\u00e9rier Escaliers","stop_desc":"BOULEVARD P\u00c9RIER  MARSEILLE 13008","zone_id":null,"stop_url":null,"location_type":"0","parent_station":null,"stop_timezone":null,"wheelchair_boarding":"2"}},{"type":"Feature","geometry":{"type":"Point","coordinates":[5.386453,43.279745]},"properties":{"stop_id":"RTM-00001089","stop_code":"00001089","stop_name":"P\u00e9rier Prado","stop_desc":null,"zone_id":null,"stop_url":null,"location_type":"0","parent_station":null,"stop_timezone":null,"wheelchair_boarding":"2"}},{"type":"Feature","geometry":{"type":"Point","coordinates":[5.413277,43.237138]},"properties":{"stop_id":"RTM-00001832","stop_code":"00001832","stop_name":"Rabat Seigneurie","stop_desc":"TRAVERSE DE RABAT  MARSEILLE 13009","zone_id":null,"stop_url":null,"location_type":"0","parent_station":null,"stop_timezone":null,"wheelchair_boarding":"1"}},{"type":"Feature","geometry":{"type":"Point","coordinates":[5.359374,43.328547]},"properties":{"stop_id":"RTM-00000494","stop_code":"00000494","stop_name":"Rabattu","stop_desc":null,"zone_id":null,"stop_url":null,"location_type":"0","parent_station":null,"stop_timezone":null,"wheelchair_boarding":"2"}},{"type":"Feature","geometry":{"type":"Point","coordinates":[5.403059,43.318615]},"properties":{"stop_id":"RTM-00004463","stop_code":"00004463","stop_name":"Raguse Chutes Lavie","stop_desc":"24 CHEMIN DE RAGUSE  MARSEILLE 13013","zone_id":null,"stop_url":null,"location_type":"0","parent_station":null,"stop_timezone":null,"wheelchair_boarding":"2"}},{"type":"Feature","geometry":{"type":"Point","coordinates":[5.43712399,43.27607026]},"properties":{"stop_id":"RTM-00004616","stop_code":"00004616","stop_name":"Ranc-Sakakini Saint-Loup","stop_desc":null,"zone_id":null,"stop_url":null,"location_type":"0","parent_station":null,"stop_timezone":null,"wheelchair_boarding":"2"}},{"type":"Feature","geometry":{"type":"Point","coordinates":[5.4409008,43.27896104]},"properties":{"stop_id":"RTM-00004611","stop_code":"00004611","stop_name":"Ranc-Sakakini Saint-Thys","stop_desc":null,"zone_id":null,"stop_url":null,"location_type":"0","parent_station":null,"stop_timezone":null,"wheelchair_boarding":"2"}},{"type":"Feature","geometry":{"type":"Point","coordinates":[5.40152545,43.2470993]},"properties":{"stop_id":"RTM-00001804","stop_code":"00001804","stop_name":"Robespierre","stop_desc":null,"zone_id":null,"stop_url":null,"location_type":"0","parent_station":null,"stop_timezone":null,"wheelchair_boarding":"1"}},{"type":"Feature","geometry":{"type":"Point","coordinates":[5.401181,43.248122]},"properties":{"stop_id":"RTM-00001822","stop_code":"00001822","stop_name":"Robespierre","stop_desc":null,"zone_id":null,"stop_url":null,"location_type":"0","parent_station":null,"stop_timezone":null,"wheelchair_boarding":"1"}},{"type":"Feature","geometry":{"type":"Point","coordinates":[5.403589,43.309309]},"properties":{"stop_id":"RTM-00003097","stop_code":"00003097","stop_name":"Roche Albe","stop_desc":null,"zone_id":null,"stop_url":null,"location_type":"0","parent_station":null,"stop_timezone":null,"wheelchair_boarding":"2"}},{"type":"Feature","geometry":{"type":"Point","coordinates":[5.345605,43.218548]},"properties":{"stop_id":"RTM-00002357","stop_code":"00002357","stop_name":"Roches Blanches","stop_desc":"pas de trottoir","zone_id":null,"stop_url":null,"location_type":"0","parent_station":null,"stop_timezone":null,"wheelchair_boarding":"2"}},{"type":"Feature","geometry":{"type":"Point","coordinates":[5.345533,43.21911]},"properties":{"stop_id":"RTM-00002363","stop_code":"00002363","stop_name":"Roches Blanches","stop_desc":"pas de trottoir","zone_id":null,"stop_url":null,"location_type":"0","parent_station":null,"stop_timezone":null,"wheelchair_boarding":"2"}},{"type":"Feature","geometry":{"type":"Point","coordinates":[5.36332518,43.27939951]},"properties":{"stop_id":"RTM-00004784","stop_code":"00004784","stop_name":"Roches Chanot","stop_desc":null,"zone_id":null,"stop_url":null,"location_type":"0","parent_station":null,"stop_timezone":null,"wheelchair_boarding":"2"}},{"type":"Feature","geometry":{"type":"Point","coordinates":[5.382823,43.272093]},"properties":{"stop_id":"RTM-00004207","stop_code":"00004207","stop_name":"Rolland Aubanel","stop_desc":null,"zone_id":null,"stop_url":null,"location_type":"0","parent_station":null,"stop_timezone":null,"wheelchair_boarding":"2"}},{"type":"Feature","geometry":{"type":"Point","coordinates":[5.408078,43.270775]},"properties":{"stop_id":"RTM-00001621","stop_code":"00001621","stop_name":"Romain Rolland Belle Ombre","stop_desc":null,"zone_id":null,"stop_url":null,"location_type":"0","parent_station":null,"stop_timezone":null,"wheelchair_boarding":"2"}},{"type":"Feature","geometry":{"type":"Point","coordinates":[5.421662,43.278281]},"properties":{"stop_id":"RTM-00001593","stop_code":"00001593","stop_name":"Romain Rolland Gymnase","stop_desc":null,"zone_id":null,"stop_url":null,"location_type":"0","parent_station":null,"stop_timezone":null,"wheelchair_boarding":"1"}},{"type":"Feature","geometry":{"type":"Point","coordinates":[5.419267,43.277004]},"properties":{"stop_id":"RTM-00002351","stop_code":"00002351","stop_name":"Romain Rolland Icard","stop_desc":"138 BOULEVARD ROMAIN ROLLAND  MARSEILLE 13010","zone_id":null,"stop_url":null,"location_type":"0","parent_station":null,"stop_timezone":null,"wheelchair_boarding":"2"}},{"type":"Feature","geometry":{"type":"Point","coordinates":[5.392494,43.271387]},"properties":{"stop_id":"RTM-00002315","stop_code":"00002315","stop_name":"Rond-Point du Prado","stop_desc":null,"zone_id":null,"stop_url":null,"location_type":"0","parent_station":null,"stop_timezone":null,"wheelchair_boarding":"2"}},{"type":"Feature","geometry":{"type":"Point","coordinates":[5.366606,43.278011]},"properties":{"stop_id":"RTM-00001430","stop_code":"00001430","stop_name":"Roucas Blanc Emile Duploy\u00e9","stop_desc":"TAD 59","zone_id":null,"stop_url":null,"location_type":"0","parent_station":null,"stop_timezone":null,"wheelchair_boarding":"2"}},{"type":"Feature","geometry":{"type":"Point","coordinates":[5.43913,43.308824]},"properties":{"stop_id":"RTM-00000847","stop_code":"00000847","stop_name":"Rougemont","stop_desc":null,"zone_id":null,"stop_url":null,"location_type":"0","parent_station":null,"stop_timezone":null,"wheelchair_boarding":"2"}},{"type":"Feature","geometry":{"type":"Point","coordinates":[5.337925,43.359663]},"properties":{"stop_id":"RTM-00002642","stop_code":"00002642","stop_name":"Roussin Cohen","stop_desc":null,"zone_id":null,"stop_url":null,"location_type":"0","parent_station":null,"stop_timezone":null,"wheelchair_boarding":"1"}},{"type":"Feature","geometry":{"type":"Point","coordinates":[5.338802,43.360744]},"properties":{"stop_id":"RTM-00002645","stop_code":"00002645","stop_name":"Roussin Cohen","stop_desc":null,"zone_id":null,"stop_url":null,"location_type":"0","parent_station":null,"stop_timezone":null,"wheelchair_boarding":"2"}},{"type":"Feature","geometry":{"type":"Point","coordinates":[5.337914,43.358216]},"properties":{"stop_id":"RTM-00002631","stop_code":"00002631","stop_name":"Roussin Picaron","stop_desc":null,"zone_id":null,"stop_url":null,"location_type":"0","parent_station":null,"stop_timezone":null,"wheelchair_boarding":"1"}},{"type":"Feature","geometry":{"type":"Point","coordinates":[5.337631,43.358154]},"properties":{"stop_id":"RTM-00002634","stop_code":"00002634","stop_name":"Roussin Picaron","stop_desc":null,"zone_id":null,"stop_url":null,"location_type":"0","parent_station":null,"stop_timezone":null,"wheelchair_boarding":"1"}},{"type":"Feature","geometry":{"type":"Point","coordinates":[5.48711846,43.34508662]},"properties":{"stop_id":"RTM-00004664","stop_code":"00004664","stop_name":"Route du Clau","stop_desc":null,"zone_id":null,"stop_url":null,"location_type":"0","parent_station":null,"stop_timezone":null,"wheelchair_boarding":"2"}},{"type":"Feature","geometry":{"type":"Point","coordinates":[5.3862025,43.300401]},"properties":{"stop_id":"RTM-00002297","stop_code":"00002297","stop_name":"R\u00e9form\u00e9s Canebi\u00e8re","stop_desc":null,"zone_id":null,"stop_url":null,"location_type":"0","parent_station":null,"stop_timezone":null,"wheelchair_boarding":"2"}},{"type":"Feature","geometry":{"type":"Point","coordinates":[5.385477,43.300114]},"properties":{"stop_id":"RTM-00003271","stop_code":"00003271","stop_name":"R\u00e9form\u00e9s Canebi\u00e8re","stop_desc":null,"zone_id":null,"stop_url":null,"location_type":"0","parent_station":null,"stop_timezone":null,"wheelchair_boarding":"1"}},{"type":"Feature","geometry":{"type":"Point","coordinates":[5.369424,43.302202]},"properties":{"stop_id":"RTM-00003278","stop_code":"00003278","stop_name":"R\u00e9publique Dames","stop_desc":null,"zone_id":null,"stop_url":null,"location_type":"0","parent_station":null,"stop_timezone":null,"wheelchair_boarding":"1"}},{"type":"Feature","geometry":{"type":"Point","coordinates":[5.36952994,43.30205895]},"properties":{"stop_id":"RTM-00003724","stop_code":"00003724","stop_name":"R\u00e9publique Dames","stop_desc":null,"zone_id":null,"stop_url":null,"location_type":"0","parent_station":null,"stop_timezone":null,"wheelchair_boarding":"2"}},{"type":"Feature","geometry":{"type":"Point","coordinates":[5.408244,43.343195]},"properties":{"stop_id":"RTM-00004316","stop_code":"00004316","stop_name":"R\u00e9sidence L'Echiquier","stop_desc":"135 AVENUE DU MERLAN  MARSEILLE 13014","zone_id":null,"stop_url":null,"location_type":"0","parent_station":null,"stop_timezone":null,"wheelchair_boarding":"2"}},{"type":"Feature","geometry":{"type":"Point","coordinates":[5.371699,43.348824]},"properties":{"stop_id":"RTM-00000990","stop_code":"00000990","stop_name":"R\u00e9sidence La P\u00e2querette","stop_desc":null,"zone_id":null,"stop_url":null,"location_type":"0","parent_station":null,"stop_timezone":null,"wheelchair_boarding":"2"}},{"type":"Feature","geometry":{"type":"Point","coordinates":[5.4085498,43.24638122]},"properties":{"stop_id":"RTM-00004480","stop_code":"00004480","stop_name":"R\u00e9sidence Le Montmorency","stop_desc":null,"zone_id":null,"stop_url":null,"location_type":"0","parent_station":null,"stop_timezone":null,"wheelchair_boarding":"2"}},{"type":"Feature","geometry":{"type":"Point","coordinates":[5.3611,43.363739]},"properties":{"stop_id":"RTM-00000172","stop_code":"00000172","stop_name":"R\u00e9sidence Les Borels","stop_desc":null,"zone_id":null,"stop_url":null,"location_type":"0","parent_station":null,"stop_timezone":null,"wheelchair_boarding":"2"}},{"type":"Feature","geometry":{"type":"Point","coordinates":[5.357888,43.352205]},"properties":{"stop_id":"RTM-00004020","stop_code":"00004020","stop_name":"R\u00e9sidence St Louis","stop_desc":null,"zone_id":null,"stop_url":null,"location_type":"0","parent_station":null,"stop_timezone":null,"wheelchair_boarding":"1"}},{"type":"Feature","geometry":{"type":"Point","coordinates":[5.424172,43.245151]},"properties":{"stop_id":"RTM-00001763","stop_code":"00001763","stop_name":"R\u00e9sidence Valmont Redon","stop_desc":"AVENUE DE LATTRE DE TASSIGNY  MARSEILLE 13009","zone_id":null,"stop_url":null,"location_type":"0","parent_station":null,"stop_timezone":null,"wheelchair_boarding":"1"}},{"type":"Feature","geometry":{"type":"Point","coordinates":[5.423345,43.245548]},"properties":{"stop_id":"RTM-00001776","stop_code":"00001776","stop_name":"R\u00e9sidence Valmont Redon","stop_desc":"6 AVENUE DE LATTRE DE TASSIGNY  MARSEILLE 13009","zone_id":null,"stop_url":null,"location_type":"0","parent_station":null,"stop_timezone":null,"wheelchair_boarding":"1"}},{"type":"Feature","geometry":{"type":"Point","coordinates":[5.3821603,43.2516813]},"properties":{"stop_id":"RTM-00001920","stop_code":"00001920","stop_name":"Sablier Cit\u00e9 Bor\u00e9ly","stop_desc":null,"zone_id":null,"stop_url":null,"location_type":"0","parent_station":null,"stop_timezone":null,"wheelchair_boarding":"1"}},{"type":"Feature","geometry":{"type":"Point","coordinates":[5.37105918,43.29991961]},"properties":{"stop_id":"RTM-00003603","stop_code":"00003603","stop_name":"Sadi Carnot","stop_desc":null,"zone_id":null,"stop_url":null,"location_type":"0","parent_station":null,"stop_timezone":null,"wheelchair_boarding":"2"}},{"type":"Feature","geometry":{"type":"Point","coordinates":[5.418618,43.303241]},"properties":{"stop_id":"RTM-00003491","stop_code":"00003491","stop_name":"Saint-Barnab\u00e9","stop_desc":null,"zone_id":null,"stop_url":null,"location_type":"0","parent_station":null,"stop_timezone":null,"wheelchair_boarding":"2"}},{"type":"Feature","geometry":{"type":"Point","coordinates":[5.4185925,43.303318]},"properties":{"stop_id":"RTM-00003494","stop_code":"00003494","stop_name":"Saint-Barnab\u00e9","stop_desc":null,"zone_id":null,"stop_url":null,"location_type":"0","parent_station":null,"stop_timezone":null,"wheelchair_boarding":"2"}},{"type":"Feature","geometry":{"type":"Point","coordinates":[5.419904,43.306245]},"properties":{"stop_id":"RTM-00000853","stop_code":"00000853","stop_name":"Saint-Barnab\u00e9 Imp\u00f4ts","stop_desc":null,"zone_id":null,"stop_url":null,"location_type":"0","parent_station":null,"stop_timezone":null,"wheelchair_boarding":"2"}},{"type":"Feature","geometry":{"type":"Point","coordinates":[5.41997687,43.30617475]},"properties":{"stop_id":"RTM-00002922","stop_code":"00002922","stop_name":"Saint-Barnab\u00e9 Imp\u00f4ts","stop_desc":null,"zone_id":null,"stop_url":null,"location_type":"0","parent_station":null,"stop_timezone":null,"wheelchair_boarding":"2"}},{"type":"Feature","geometry":{"type":"Point","coordinates":[5.380105,43.30233]},"properties":{"stop_id":"RTM-00002298","stop_code":"00002298","stop_name":"Saint-Charles","stop_desc":null,"zone_id":null,"stop_url":null,"location_type":"0","parent_station":null,"stop_timezone":null,"wheelchair_boarding":"2"}},{"type":"Feature","geometry":{"type":"Point","coordinates":[5.380007,43.302284]},"properties":{"stop_id":"RTM-00002309","stop_code":"00002309","stop_name":"Saint-Charles","stop_desc":null,"zone_id":null,"stop_url":null,"location_type":"0","parent_station":null,"stop_timezone":null,"wheelchair_boarding":"2"}},{"type":"Feature","geometry":{"type":"Point","coordinates":[5.418741,43.252164]},"properties":{"stop_id":"RTM-00002004","stop_code":"00002004","stop_name":"Saint-Joseph Bon Pasteur","stop_desc":null,"zone_id":null,"stop_url":null,"location_type":"0","parent_station":null,"stop_timezone":null,"wheelchair_boarding":"2"}},{"type":"Feature","geometry":{"type":"Point","coordinates":[5.432441,43.307947]},"properties":{"stop_id":"RTM-00000821","stop_code":"00000821","stop_name":"Saint-Julien Kallist\u00e9","stop_desc":null,"zone_id":null,"stop_url":null,"location_type":"0","parent_station":null,"stop_timezone":null,"wheelchair_boarding":"2"}},{"type":"Feature","geometry":{"type":"Point","coordinates":[5.406393,43.315486]},"properties":{"stop_id":"RTM-00002279","stop_code":"00002279","stop_name":"Saint-Just","stop_desc":null,"zone_id":null,"stop_url":null,"location_type":"0","parent_station":null,"stop_timezone":null,"wheelchair_boarding":"2"}},{"type":"Feature","geometry":{"type":"Point","coordinates":[5.42780936,43.2816028]},"properties":{"stop_id":"RTM-00001274","stop_code":"00001274","stop_name":"Saint-Loup Florian","stop_desc":"BOULEVARD DE SAINT-LOUP  MARSEILLE 13010","zone_id":null,"stop_url":null,"location_type":"0","parent_station":null,"stop_timezone":null,"wheelchair_boarding":"2"}},{"type":"Feature","geometry":{"type":"Point","coordinates":[5.42716941,43.28225988]},"properties":{"stop_id":"RTM-00001596","stop_code":"00001596","stop_name":"Saint-Loup Florian","stop_desc":"PLACE DU 10 JUIN 1944  MARSEILLE 13010","zone_id":null,"stop_url":null,"location_type":"0","parent_station":null,"stop_timezone":null,"wheelchair_boarding":"1"}},{"type":"Feature","geometry":{"type":"Point","coordinates":[5.4647138,43.28773984]},"properties":{"stop_id":"RTM-00001376","stop_code":"00001376","stop_name":"Saint-Marcel","stop_desc":null,"zone_id":null,"stop_url":null,"location_type":"0","parent_station":null,"stop_timezone":null,"wheelchair_boarding":"2"}},{"type":"Feature","geometry":{"type":"Point","coordinates":[5.461689,43.288795]},"properties":{"stop_id":"RTM-00001377","stop_code":"00001377","stop_name":"Saint-Marcel Dravet","stop_desc":"BOULEVARD DE SAINT-MARCEL  MARSEILLE 13011","zone_id":null,"stop_url":null,"location_type":"0","parent_station":null,"stop_timezone":null,"wheelchair_boarding":"2"}},{"type":"Feature","geometry":{"type":"Point","coordinates":[5.414219,43.291797]},"properties":{"stop_id":"RTM-00003232","stop_code":"00003232","stop_name":"Saint-Pierre","stop_desc":null,"zone_id":null,"stop_url":null,"location_type":"0","parent_station":null,"stop_timezone":null,"wheelchair_boarding":"1"}},{"type":"Feature","geometry":{"type":"Point","coordinates":[5.41421391,43.29189473]},"properties":{"stop_id":"RTM-00004312","stop_code":"00004312","stop_name":"Saint-Pierre","stop_desc":"arr\u00eat pour itis exceptionnelsTram","zone_id":null,"stop_url":null,"location_type":"0","parent_station":null,"stop_timezone":null,"wheelchair_boarding":"1"}},{"type":"Feature","geometry":{"type":"Point","coordinates":[5.484974,43.338963]},"properties":{"stop_id":"RTM-00002206","stop_code":"00002206","stop_name":"Saint-Roch","stop_desc":null,"zone_id":null,"stop_url":null,"location_type":"0","parent_station":null,"stop_timezone":null,"wheelchair_boarding":"2"}},{"type":"Feature","geometry":{"type":"Point","coordinates":[5.4846866,43.33985686]},"properties":{"stop_id":"RTM-00004663","stop_code":"00004663","stop_name":"Saint-Roch","stop_desc":null,"zone_id":null,"stop_url":null,"location_type":"0","parent_station":null,"stop_timezone":null,"wheelchair_boarding":"2"}},{"type":"Feature","geometry":{"type":"Point","coordinates":[5.42388326,43.2698255]},"properties":{"stop_id":"RTM-00001668","stop_code":"00001668","stop_name":"Saint-Tronc Clair Matin","stop_desc":null,"zone_id":null,"stop_url":null,"location_type":"0","parent_station":null,"stop_timezone":null,"wheelchair_boarding":"1"}},{"type":"Feature","geometry":{"type":"Point","coordinates":[5.423902,43.26992]},"properties":{"stop_id":"RTM-00001677","stop_code":"00001677","stop_name":"Saint-Tronc Clair Matin","stop_desc":null,"zone_id":null,"stop_url":null,"location_type":"0","parent_station":null,"stop_timezone":null,"wheelchair_boarding":"1"}},{"type":"Feature","geometry":{"type":"Point","coordinates":[5.42250175,43.27166151]},"properties":{"stop_id":"RTM-00004643","stop_code":"00004643","stop_name":"Saint-Tronc Mauriac","stop_desc":null,"zone_id":null,"stop_url":null,"location_type":"0","parent_station":null,"stop_timezone":null,"wheelchair_boarding":"2"}},{"type":"Feature","geometry":{"type":"Point","coordinates":[5.366303,43.289367]},"properties":{"stop_id":"RTM-00001475","stop_code":"00001475","stop_name":"Saint-Victor","stop_desc":"TAD 59","zone_id":null,"stop_url":null,"location_type":"0","parent_station":null,"stop_timezone":null,"wheelchair_boarding":"2"}},{"type":"Feature","geometry":{"type":"Point","coordinates":[5.371304,43.291651]},"properties":{"stop_id":"RTM-00001421","stop_code":"00001421","stop_name":"Sainte Fort Notre-Dame","stop_desc":null,"zone_id":null,"stop_url":null,"location_type":"0","parent_station":null,"stop_timezone":null,"wheelchair_boarding":"1"}},{"type":"Feature","geometry":{"type":"Point","coordinates":[5.37417,43.292302]},"properties":{"stop_id":"RTM-00001420","stop_code":"00001420","stop_name":"Sainte Fortia","stop_desc":null,"zone_id":null,"stop_url":null,"location_type":"0","parent_station":null,"stop_timezone":null,"wheelchair_boarding":"1"}},{"type":"Feature","geometry":{"type":"Point","coordinates":[5.40369041,43.27132134]},"properties":{"stop_id":"RTM-00001678","stop_code":"00001678","stop_name":"Sainte-Marguerite Dromel","stop_desc":"terminus 17","zone_id":null,"stop_url":null,"location_type":"0","parent_station":null,"stop_timezone":null,"wheelchair_boarding":"1"}},{"type":"Feature","geometry":{"type":"Point","coordinates":[5.4021975,43.2705445]},"properties":{"stop_id":"RTM-00002316","stop_code":"00002316","stop_name":"Sainte-Marguerite Dromel","stop_desc":null,"zone_id":null,"stop_url":null,"location_type":"0","parent_station":null,"stop_timezone":null,"wheelchair_boarding":"2"}},{"type":"Feature","geometry":{"type":"Point","coordinates":[5.40203575,43.27119803]},"properties":{"stop_id":"RTM-00004761","stop_code":"00004761","stop_name":"Sainte-Marguerite Dromel","stop_desc":"Prolongement T3","zone_id":null,"stop_url":null,"location_type":"0","parent_station":null,"stop_timezone":null,"wheelchair_boarding":"1"}},{"type":"Feature","geometry":{"type":"Point","coordinates":[5.40211044,43.27121516]},"properties":{"stop_id":"RTM-00004762","stop_code":"00004762","stop_name":"Sainte-Marguerite Dromel","stop_desc":"Prolongement T3","zone_id":null,"stop_url":null,"location_type":"0","parent_station":null,"stop_timezone":null,"wheelchair_boarding":"1"}},{"type":"Feature","geometry":{"type":"Point","coordinates":[5.389078,43.331242]},"properties":{"stop_id":"RTM-00000135","stop_code":"00000135","stop_name":"Sainte-Marthe Le Camp","stop_desc":null,"zone_id":null,"stop_url":null,"location_type":"0","parent_station":null,"stop_timezone":null,"wheelchair_boarding":"1"}},{"type":"Feature","geometry":{"type":"Point","coordinates":[5.409555,43.294141]},"properties":{"stop_id":"RTM-00003229","stop_code":"00003229","stop_name":"Sainte-Th\u00e9r\u00e8se","stop_desc":null,"zone_id":null,"stop_url":null,"location_type":"0","parent_station":null,"stop_timezone":null,"wheelchair_boarding":"1"}},{"type":"Feature","geometry":{"type":"Point","coordinates":[5.40048932,43.29536297]},"properties":{"stop_id":"RTM-00002021","stop_code":"00002021","stop_name":"Sakakini Chave","stop_desc":"74 BOULEVARD SAKAKINI  MARSEILLE 13005","zone_id":null,"stop_url":null,"location_type":"0","parent_station":null,"stop_timezone":null,"wheelchair_boarding":"1"}},{"type":"Feature","geometry":{"type":"Point","coordinates":[5.36876947,43.31720397]},"properties":{"stop_id":"RTM-00004753","stop_code":"00004753","stop_name":"Salengro Bachas","stop_desc":"Prolongement T3","zone_id":null,"stop_url":null,"location_type":"0","parent_station":null,"stop_timezone":null,"wheelchair_boarding":"1"}},{"type":"Feature","geometry":{"type":"Point","coordinates":[5.36930667,43.31723625]},"properties":{"stop_id":"RTM-00004754","stop_code":"00004754","stop_name":"Salengro Bachas","stop_desc":"Prolongement T3","zone_id":null,"stop_url":null,"location_type":"0","parent_station":null,"stop_timezone":null,"wheelchair_boarding":"1"}},{"type":"Feature","geometry":{"type":"Point","coordinates":[5.3677145,43.3216308]},"properties":{"stop_id":"RTM-00000491","stop_code":"00000491","stop_name":"Salengro Cougit","stop_desc":"AVENUE ROGER SALENGRO  MARSEILLE 13015  n est pas fixe au sol","zone_id":null,"stop_url":null,"location_type":"0","parent_station":null,"stop_timezone":null,"wheelchair_boarding":"1"}},{"type":"Feature","geometry":{"type":"Point","coordinates":[5.38164586,43.29097372]},"properties":{"stop_id":"RTM-00004410","stop_code":"00004410","stop_name":"Salvator Italie","stop_desc":"10 BOULEVARD LOUIS SALVATOR  MARSEILLE 13006","zone_id":null,"stop_url":null,"location_type":"0","parent_station":null,"stop_timezone":null,"wheelchair_boarding":"2"}},{"type":"Feature","geometry":{"type":"Point","coordinates":[5.364825,43.367819]},"properties":{"stop_id":"RTM-00003486","stop_code":"00003486","stop_name":"Savine Tuves","stop_desc":null,"zone_id":null,"stop_url":null,"location_type":"0","parent_station":null,"stop_timezone":null,"wheelchair_boarding":"2"}},{"type":"Feature","geometry":{"type":"Point","coordinates":[5.397891,43.294972]},"properties":{"stop_id":"RTM-00003359","stop_code":"00003359","stop_name":"Sedan Chave","stop_desc":null,"zone_id":null,"stop_url":null,"location_type":"0","parent_station":null,"stop_timezone":null,"wheelchair_boarding":"2"}},{"type":"Feature","geometry":{"type":"Point","coordinates":[5.397952,43.295415]},"properties":{"stop_id":"RTM-00003363","stop_code":"00003363","stop_name":"Sedan Chave","stop_desc":"RUE DU DOCTEUR SIMONE SEDAN  MARSEILLE 13005","zone_id":null,"stop_url":null,"location_type":"0","parent_station":null,"stop_timezone":null,"wheelchair_boarding":"1"}},{"type":"Feature","geometry":{"type":"Point","coordinates":[5.366315,43.398569]},"properties":{"stop_id":"RTM-00003199","stop_code":"00003199","stop_name":"Sept\u00e8mes Centre","stop_desc":null,"zone_id":null,"stop_url":null,"location_type":"0","parent_station":null,"stop_timezone":null,"wheelchair_boarding":"2"}},{"type":"Feature","geometry":{"type":"Point","coordinates":[5.369506,43.401331]},"properties":{"stop_id":"RTM-00004281","stop_code":"00004281","stop_name":"Sept\u00e8mes Nord","stop_desc":"86 AVENUE DU 8 MAI 1945  SEPT\u00c8MES-LES-VALLONS 13240","zone_id":null,"stop_url":null,"location_type":"0","parent_station":null,"stop_timezone":null,"wheelchair_boarding":"2"}},{"type":"Feature","geometry":{"type":"Point","coordinates":[5.365467,43.397056]},"properties":{"stop_id":"RTM-00003018","stop_code":"00003018","stop_name":"Sept\u00e8mes Sud","stop_desc":"\u00e9quipements MPM. pas d'horaires","zone_id":null,"stop_url":null,"location_type":"0","parent_station":null,"stop_timezone":null,"wheelchair_boarding":"2"}},{"type":"Feature","geometry":{"type":"Point","coordinates":[5.501729,43.281145]},"properties":{"stop_id":"RTM-00001387","stop_code":"00001387","stop_name":"Solitude Escourtines","stop_desc":null,"zone_id":null,"stop_url":null,"location_type":"0","parent_station":null,"stop_timezone":null,"wheelchair_boarding":"2"}},{"type":"Feature","geometry":{"type":"Point","coordinates":[5.50230656,43.28309932]},"properties":{"stop_id":"RTM-00001386","stop_code":"00001386","stop_name":"Solitude Milli\u00e8re","stop_desc":null,"zone_id":null,"stop_url":null,"location_type":"0","parent_station":null,"stop_timezone":null,"wheelchair_boarding":"2"}},{"type":"Feature","geometry":{"type":"Point","coordinates":[5.40115,43.229873]},"properties":{"stop_id":"RTM-00004437","stop_code":"00004437","stop_name":"Sormiou Cayolle","stop_desc":"148 CHEMIN DE SORMIOU  MARSEILLE 13009","zone_id":null,"stop_url":null,"location_type":"0","parent_station":null,"stop_timezone":null,"wheelchair_boarding":"1"}},{"type":"Feature","geometry":{"type":"Point","coordinates":[5.403064,43.242298]},"properties":{"stop_id":"RTM-00001850","stop_code":"00001850","stop_name":"Soude Pom\u00e9on","stop_desc":null,"zone_id":null,"stop_url":null,"location_type":"0","parent_station":null,"stop_timezone":null,"wheelchair_boarding":"1"}},{"type":"Feature","geometry":{"type":"Point","coordinates":[5.402998,43.242508]},"properties":{"stop_id":"RTM-00001873","stop_code":"00001873","stop_name":"Soude Pom\u00e9on","stop_desc":null,"zone_id":null,"stop_url":null,"location_type":"0","parent_station":null,"stop_timezone":null,"wheelchair_boarding":"1"}},{"type":"Feature","geometry":{"type":"Point","coordinates":[5.342835,43.356813]},"properties":{"stop_id":"RTM-00000017","stop_code":"00000017","stop_name":"St Andr\u00e9","stop_desc":null,"zone_id":null,"stop_url":null,"location_type":"0","parent_station":null,"stop_timezone":null,"wheelchair_boarding":"2"}},{"type":"Feature","geometry":{"type":"Point","coordinates":[5.346657,43.355641]},"properties":{"stop_id":"RTM-00000016","stop_code":"00000016","stop_name":"St Andr\u00e9 PN","stop_desc":null,"zone_id":null,"stop_url":null,"location_type":"0","parent_station":null,"stop_timezone":null,"wheelchair_boarding":"2"}},{"type":"Feature","geometry":{"type":"Point","coordinates":[5.356133,43.375891]},"properties":{"stop_id":"RTM-00003981","stop_code":"00003981","stop_name":"St Antoine Mairie","stop_desc":"298 AVENUE DE SAINT-ANTOINE  MARSEILLE 13015","zone_id":null,"stop_url":null,"location_type":"0","parent_station":null,"stop_timezone":null,"wheelchair_boarding":"1"}},{"type":"Feature","geometry":{"type":"Point","coordinates":[5.414701,43.303933]},"properties":{"stop_id":"RTM-00002714","stop_code":"00002714","stop_name":"St Barnab\u00e9 La Croix","stop_desc":null,"zone_id":null,"stop_url":null,"location_type":"0","parent_station":null,"stop_timezone":null,"wheelchair_boarding":"2"}},{"type":"Feature","geometry":{"type":"Point","coordinates":[5.363019,43.320728]},"properties":{"stop_id":"RTM-00000239","stop_code":"00000239","stop_name":"St Cassien","stop_desc":"BOULEVARD DES BASSINS DE RADOUB  MARSEILLE 13002","zone_id":null,"stop_url":null,"location_type":"0","parent_station":null,"stop_timezone":null,"wheelchair_boarding":"2"}},{"type":"Feature","geometry":{"type":"Point","coordinates":[5.362677,43.320023]},"properties":{"stop_id":"RTM-00000281","stop_code":"00000281","stop_name":"St Cassien","stop_desc":"RUE SAINT-CASSIEN  MARSEILLE 13002","zone_id":null,"stop_url":null,"location_type":"0","parent_station":null,"stop_timezone":null,"wheelchair_boarding":"2"}},{"type":"Feature","geometry":{"type":"Point","coordinates":[5.386378,43.270575]},"properties":{"stop_id":"RTM-00001141","stop_code":"00001141","stop_name":"St Giniez","stop_desc":null,"zone_id":null,"stop_url":null,"location_type":"0","parent_station":null,"stop_timezone":null,"wheelchair_boarding":"2"}},{"type":"Feature","geometry":{"type":"Point","coordinates":[5.404972,43.317233]},"properties":{"stop_id":"RTM-00001120","stop_code":"00001120","stop_name":"St Just Raguse","stop_desc":"AVENUE DE SAINT-JUST  MARSEILLE 13013","zone_id":null,"stop_url":null,"location_type":"0","parent_station":null,"stop_timezone":null,"wheelchair_boarding":"2"}},{"type":"Feature","geometry":{"type":"Point","coordinates":[5.41065469,43.34130631]},"properties":{"stop_id":"RTM-00002129","stop_code":"00002129","stop_name":"St J\u00e9r\u00f4me IUT","stop_desc":null,"zone_id":null,"stop_url":null,"location_type":"0","parent_station":null,"stop_timezone":null,"wheelchair_boarding":"2"}},{"type":"Feature","geometry":{"type":"Point","coordinates":[5.409871,43.340617]},"properties":{"stop_id":"RTM-00004034","stop_code":"00004034","stop_name":"St J\u00e9r\u00f4me IUT","stop_desc":"AVENUE ESCADRILLE NORMANDIE-NIEMEN  MARSEILLE 13014","zone_id":null,"stop_url":null,"location_type":"0","parent_station":null,"stop_timezone":null,"wheelchair_boarding":"1"}},{"type":"Feature","geometry":{"type":"Point","coordinates":[5.409973,43.340536]},"properties":{"stop_id":"RTM-00004042","stop_code":"00004042","stop_name":"St J\u00e9r\u00f4me IUT","stop_desc":"AVENUE ESCADRILLE NORMANDIE-NIEMEN  MARSEILLE 13014","zone_id":null,"stop_url":null,"location_type":"0","parent_station":null,"stop_timezone":null,"wheelchair_boarding":"1"}},{"type":"Feature","geometry":{"type":"Point","coordinates":[5.409871,43.340387]},"properties":{"stop_id":"RTM-00004059","stop_code":"00004059","stop_name":"St J\u00e9r\u00f4me IUT","stop_desc":"AVENUE ESCADRILLE NORMANDIE-NIEMEN  MARSEILLE 13014","zone_id":null,"stop_url":null,"location_type":"0","parent_station":null,"stop_timezone":null,"wheelchair_boarding":"1"}},{"type":"Feature","geometry":{"type":"Point","coordinates":[5.410283,43.342681]},"properties":{"stop_id":"RTM-00003933","stop_code":"00003933","stop_name":"St J\u00e9r\u00f4me Parking Relais","stop_desc":"RUE DU P\u00c8BRE D'AIL  MARSEILLE 13014","zone_id":null,"stop_url":null,"location_type":"0","parent_station":null,"stop_timezone":null,"wheelchair_boarding":"1"}},{"type":"Feature","geometry":{"type":"Point","coordinates":[5.419333,43.330954]},"properties":{"stop_id":"RTM-00000667","stop_code":"00000667","stop_name":"St J\u00e9r\u00f4me P\u00e9labon","stop_desc":null,"zone_id":null,"stop_url":null,"location_type":"0","parent_station":null,"stop_timezone":null,"wheelchair_boarding":"1"}},{"type":"Feature","geometry":{"type":"Point","coordinates":[5.360411,43.34162]},"properties":{"stop_id":"RTM-00003967","stop_code":"00003967","stop_name":"St Louis La Poste","stop_desc":null,"zone_id":null,"stop_url":null,"location_type":"0","parent_station":null,"stop_timezone":null,"wheelchair_boarding":"1"}},{"type":"Feature","geometry":{"type":"Point","coordinates":[5.369283,43.347202]},"properties":{"stop_id":"RTM-00001000","stop_code":"00001000","stop_name":"St Louis Picardie","stop_desc":null,"zone_id":null,"stop_url":null,"location_type":"0","parent_station":null,"stop_timezone":null,"wheelchair_boarding":"2"}},{"type":"Feature","geometry":{"type":"Point","coordinates":[5.359283,43.346169]},"properties":{"stop_id":"RTM-00003969","stop_code":"00003969","stop_name":"St Louis Susini","stop_desc":null,"zone_id":null,"stop_url":null,"location_type":"0","parent_station":null,"stop_timezone":null,"wheelchair_boarding":"1"}},{"type":"Feature","geometry":{"type":"Point","coordinates":[5.359201,43.346098]},"properties":{"stop_id":"RTM-00004023","stop_code":"00004023","stop_name":"St Louis Susini","stop_desc":null,"zone_id":null,"stop_url":null,"location_type":"0","parent_station":null,"stop_timezone":null,"wheelchair_boarding":"1"}},{"type":"Feature","geometry":{"type":"Point","coordinates":[5.435273,43.283901]},"properties":{"stop_id":"RTM-00001627","stop_code":"00001627","stop_name":"St Loup de Trets","stop_desc":null,"zone_id":null,"stop_url":null,"location_type":"0","parent_station":null,"stop_timezone":null,"wheelchair_boarding":"2"}},{"type":"Feature","geometry":{"type":"Point","coordinates":[5.430113,43.282188]},"properties":{"stop_id":"RTM-00001275","stop_code":"00001275","stop_name":"St Loup Eglise","stop_desc":null,"zone_id":null,"stop_url":null,"location_type":"0","parent_station":null,"stop_timezone":null,"wheelchair_boarding":"1"}},{"type":"Feature","geometry":{"type":"Point","coordinates":[5.496338,43.289287]},"properties":{"stop_id":"RTM-00003522","stop_code":"00003522","stop_name":"St Menet Pompiers","stop_desc":"fiche horaires du 3525","zone_id":null,"stop_url":null,"location_type":"0","parent_station":null,"stop_timezone":null,"wheelchair_boarding":"1"}},{"type":"Feature","geometry":{"type":"Point","coordinates":[5.419277,43.34258]},"properties":{"stop_id":"RTM-00001071","stop_code":"00001071","stop_name":"St Mitre","stop_desc":null,"zone_id":null,"stop_url":null,"location_type":"0","parent_station":null,"stop_timezone":null,"wheelchair_boarding":"2"}},{"type":"Feature","geometry":{"type":"Point","coordinates":[5.41891158,43.34259117]},"properties":{"stop_id":"RTM-00004556","stop_code":"00004556","stop_name":"St Mitre","stop_desc":null,"zone_id":null,"stop_url":null,"location_type":"0","parent_station":null,"stop_timezone":null,"wheelchair_boarding":"2"}},{"type":"Feature","geometry":{"type":"Point","coordinates":[5.41620281,43.34497331]},"properties":{"stop_id":"RTM-00004555","stop_code":"00004555","stop_name":"St Mitre Eglise","stop_desc":null,"zone_id":null,"stop_url":null,"location_type":"0","parent_station":null,"stop_timezone":null,"wheelchair_boarding":"2"}},{"type":"Feature","geometry":{"type":"Point","coordinates":[5.415938,43.34681]},"properties":{"stop_id":"RTM-00001073","stop_code":"00001073","stop_name":"St Mitre Party","stop_desc":null,"zone_id":null,"stop_url":null,"location_type":"0","parent_station":null,"stop_timezone":null,"wheelchair_boarding":"2"}},{"type":"Feature","geometry":{"type":"Point","coordinates":[5.41370723,43.29176736]},"properties":{"stop_id":"RTM-00003092","stop_code":"00003092","stop_name":"St Pierre","stop_desc":"RUE SAINT-PIERRE  MARSEILLE 13010","zone_id":null,"stop_url":null,"location_type":"0","parent_station":null,"stop_timezone":null,"wheelchair_boarding":"1"}},{"type":"Feature","geometry":{"type":"Point","coordinates":[5.407186,43.291692]},"properties":{"stop_id":"RTM-00001232","stop_code":"00001232","stop_name":"St Pierre Godchot","stop_desc":null,"zone_id":null,"stop_url":null,"location_type":"0","parent_station":null,"stop_timezone":null,"wheelchair_boarding":"2"}},{"type":"Feature","geometry":{"type":"Point","coordinates":[5.405664,43.291602]},"properties":{"stop_id":"RTM-00001251","stop_code":"00001251","stop_name":"St Pierre Godchot","stop_desc":null,"zone_id":null,"stop_url":null,"location_type":"0","parent_station":null,"stop_timezone":null,"wheelchair_boarding":"2"}},{"type":"Feature","geometry":{"type":"Point","coordinates":[5.44686483,43.28723847]},"properties":{"stop_id":"RTM-00001283","stop_code":"00001283","stop_name":"Stade Coder","stop_desc":null,"zone_id":null,"stop_url":null,"location_type":"0","parent_station":null,"stop_timezone":null,"wheelchair_boarding":"2"}},{"type":"Feature","geometry":{"type":"Point","coordinates":[5.446708,43.287347]},"properties":{"stop_id":"RTM-00001296","stop_code":"00001296","stop_name":"Stade Coder","stop_desc":null,"zone_id":null,"stop_url":null,"location_type":"0","parent_station":null,"stop_timezone":null,"wheelchair_boarding":"2"}},{"type":"Feature","geometry":{"type":"Point","coordinates":[5.42778991,43.34693252]},"properties":{"stop_id":"RTM-00000674","stop_code":"00000674","stop_name":"Stade Mallet","stop_desc":"CHEMIN DE CH\u00c2TEAU-GOMBERT  MARSEILLE 13013","zone_id":null,"stop_url":null,"location_type":"0","parent_station":null,"stop_timezone":null,"wheelchair_boarding":"1"}},{"type":"Feature","geometry":{"type":"Point","coordinates":[5.35799956,43.23343591]},"properties":{"stop_id":"RTM-00001720","stop_code":"00001720","stop_name":"Stade Michelier Montredon","stop_desc":null,"zone_id":null,"stop_url":null,"location_type":"0","parent_station":null,"stop_timezone":null,"wheelchair_boarding":"2"}},{"type":"Feature","geometry":{"type":"Point","coordinates":[5.37298117,43.2655303]},"properties":{"stop_id":"RTM-00002069","stop_code":"00002069","stop_name":"Stade Nautique","stop_desc":null,"zone_id":null,"stop_url":null,"location_type":"0","parent_station":null,"stop_timezone":null,"wheelchair_boarding":"1"}},{"type":"Feature","geometry":{"type":"Point","coordinates":[5.37292883,43.2661429]},"properties":{"stop_id":"RTM-00002072","stop_code":"00002072","stop_name":"Stade Nautique","stop_desc":null,"zone_id":null,"stop_url":null,"location_type":"0","parent_station":null,"stop_timezone":null,"wheelchair_boarding":"1"}},{"type":"Feature","geometry":{"type":"Point","coordinates":[5.40066906,43.300141]},"properties":{"stop_id":"RTM-00002019","stop_code":"00002019","stop_name":"Stade Vallier","stop_desc":null,"zone_id":null,"stop_url":null,"location_type":"0","parent_station":null,"stop_timezone":null,"wheelchair_boarding":"1"}},{"type":"Feature","geometry":{"type":"Point","coordinates":[5.394589,43.256647]},"properties":{"stop_id":"RTM-00001827","stop_code":"00001827","stop_name":"Ste Anne","stop_desc":null,"zone_id":null,"stop_url":null,"location_type":"0","parent_station":null,"stop_timezone":null,"wheelchair_boarding":"2"}},{"type":"Feature","geometry":{"type":"Point","coordinates":[5.392048,43.339046]},"properties":{"stop_id":"RTM-00001003","stop_code":"00001003","stop_name":"Ste Marthe","stop_desc":null,"zone_id":null,"stop_url":null,"location_type":"0","parent_station":null,"stop_timezone":null,"wheelchair_boarding":"2"}},{"type":"Feature","geometry":{"type":"Point","coordinates":[5.390157,43.31941]},"properties":{"stop_id":"RTM-00000213","stop_code":"00000213","stop_name":"Ste Marthe Colonel","stop_desc":null,"zone_id":null,"stop_url":null,"location_type":"0","parent_station":null,"stop_timezone":null,"wheelchair_boarding":"2"}},{"type":"Feature","geometry":{"type":"Point","coordinates":[5.390201,43.332883]},"properties":{"stop_id":"RTM-00000134","stop_code":"00000134","stop_name":"Ste Marthe Jourdan","stop_desc":null,"zone_id":null,"stop_url":null,"location_type":"0","parent_station":null,"stop_timezone":null,"wheelchair_boarding":"2"}},{"type":"Feature","geometry":{"type":"Point","coordinates":[5.37501,43.306909]},"properties":{"stop_id":"RTM-00000450","stop_code":"00000450","stop_name":"Strasbourg Amiens","stop_desc":null,"zone_id":null,"stop_url":null,"location_type":"0","parent_station":null,"stop_timezone":null,"wheelchair_boarding":"2"}},{"type":"Feature","geometry":{"type":"Point","coordinates":[5.4135393,43.33975249]},"properties":{"stop_id":"RTM-00002131","stop_code":"00002131","stop_name":"Susini Marie Louise","stop_desc":null,"zone_id":null,"stop_url":null,"location_type":"0","parent_station":null,"stop_timezone":null,"wheelchair_boarding":"2"}},{"type":"Feature","geometry":{"type":"Point","coordinates":[5.417568,43.32823551]},"properties":{"stop_id":"RTM-00004717","stop_code":"00004717","stop_name":"S\u00e9vign\u00e9","stop_desc":null,"zone_id":null,"stop_url":null,"location_type":"0","parent_station":null,"stop_timezone":null,"wheelchair_boarding":"2"}},{"type":"Feature","geometry":{"type":"Point","coordinates":[5.436517,43.342314]},"properties":{"stop_id":"RTM-00004051","stop_code":"00004051","stop_name":"Technop\u00f4le Centrale Med","stop_desc":"RUE FR\u00c9D\u00c9RIC JOLIOT-CURIE  MARSEILLE 13013","zone_id":null,"stop_url":null,"location_type":"0","parent_station":null,"stop_timezone":null,"wheelchair_boarding":"1"}},{"type":"Feature","geometry":{"type":"Point","coordinates":[5.43911085,43.34483412]},"properties":{"stop_id":"RTM-00004049","stop_code":"00004049","stop_name":"Technop\u00f4le de Ch\u00e2teau Gombert","stop_desc":"RUE LOUIS NI\u00c9LE  MARSEILLE 13013","zone_id":null,"stop_url":null,"location_type":"0","parent_station":null,"stop_timezone":null,"wheelchair_boarding":"1"}},{"type":"Feature","geometry":{"type":"Point","coordinates":[5.43706298,43.34446838]},"properties":{"stop_id":"RTM-00004047","stop_code":"00004047","stop_name":"Technop\u00f4le Polytech Marseille","stop_desc":"RUE ENRICO FERMI  MARSEILLE 13013","zone_id":null,"stop_url":null,"location_type":"0","parent_station":null,"stop_timezone":null,"wheelchair_boarding":"1"}},{"type":"Feature","geometry":{"type":"Point","coordinates":[5.34903477,43.33891637]},"properties":{"stop_id":"RTM-00000246","stop_code":"00000246","stop_name":"Terminal Croisi\u00e8res","stop_desc":null,"zone_id":null,"stop_url":null,"location_type":"0","parent_station":null,"stop_timezone":null,"wheelchair_boarding":"2"}},{"type":"Feature","geometry":{"type":"Point","coordinates":[5.39749246,43.32995357]},"properties":{"stop_id":"RTM-00004713","stop_code":"00004713","stop_name":"Th\u00e9\u00e2tre du Merlan","stop_desc":null,"zone_id":null,"stop_url":null,"location_type":"0","parent_station":null,"stop_timezone":null,"wheelchair_boarding":"2"}},{"type":"Feature","geometry":{"type":"Point","coordinates":[5.373677,43.24587]},"properties":{"stop_id":"RTM-00001727","stop_code":"00001727","stop_name":"Tiboulen","stop_desc":null,"zone_id":null,"stop_url":null,"location_type":"0","parent_station":null,"stop_timezone":null,"wheelchair_boarding":"1"}},{"type":"Feature","geometry":{"type":"Point","coordinates":[5.399319,43.285365]},"properties":{"stop_id":"RTM-00001582","stop_code":"00001582","stop_name":"Timone Gorde","stop_desc":"AVENUE DE LA TIMONE  MARSEILLE 13010","zone_id":null,"stop_url":null,"location_type":"0","parent_station":null,"stop_timezone":null,"wheelchair_boarding":"1"}},{"type":"Feature","geometry":{"type":"Point","coordinates":[5.407694,43.286317]},"properties":{"stop_id":"RTM-00001585","stop_code":"00001585","stop_name":"Timone Hilarion Boeuf","stop_desc":null,"zone_id":null,"stop_url":null,"location_type":"0","parent_station":null,"stop_timezone":null,"wheelchair_boarding":"2"}},{"type":"Feature","geometry":{"type":"Point","coordinates":[5.39662989,43.33333737]},"properties":{"stop_id":"RTM-00000335","stop_code":"00000335","stop_name":"Tir La Busserine","stop_desc":"48 BOULEVARD JOURDAN  MARSEILLE 13014","zone_id":null,"stop_url":null,"location_type":"0","parent_station":null,"stop_timezone":null,"wheelchair_boarding":"1"}},{"type":"Feature","geometry":{"type":"Point","coordinates":[5.395759,43.33377]},"properties":{"stop_id":"RTM-00000363","stop_code":"00000363","stop_name":"Tir La Busserine","stop_desc":"BOULEVARD JOURDAN  MARSEILLE 13014","zone_id":null,"stop_url":null,"location_type":"0","parent_station":null,"stop_timezone":null,"wheelchair_boarding":"1"}},{"type":"Feature","geometry":{"type":"Point","coordinates":[5.39861342,43.33317]},"properties":{"stop_id":"RTM-00000336","stop_code":"00000336","stop_name":"Tir Le Mail","stop_desc":"RUE MAHBOUBI TIR  MARSEILLE 13014","zone_id":null,"stop_url":null,"location_type":"0","parent_station":null,"stop_timezone":null,"wheelchair_boarding":"1"}},{"type":"Feature","geometry":{"type":"Point","coordinates":[5.39806,43.333278]},"properties":{"stop_id":"RTM-00000362","stop_code":"00000362","stop_name":"Tir Le Mail","stop_desc":null,"zone_id":null,"stop_url":null,"location_type":"0","parent_station":null,"stop_timezone":null,"wheelchair_boarding":"2"}},{"type":"Feature","geometry":{"type":"Point","coordinates":[5.378646,43.333166]},"properties":{"stop_id":"RTM-00000547","stop_code":"00000547","stop_name":"Tisseron Arnavaux","stop_desc":null,"zone_id":null,"stop_url":null,"location_type":"0","parent_station":null,"stop_timezone":null,"wheelchair_boarding":"2"}},{"type":"Feature","geometry":{"type":"Point","coordinates":[5.352432,43.396086]},"properties":{"stop_id":"RTM-00003043","stop_code":"00003043","stop_name":"Transformateur","stop_desc":"abs sigep et trottoir","zone_id":null,"stop_url":null,"location_type":"0","parent_station":null,"stop_timezone":null,"wheelchair_boarding":"2"}},{"type":"Feature","geometry":{"type":"Point","coordinates":[5.344573,43.368588]},"properties":{"stop_id":"RTM-00000031","stop_code":"00000031","stop_name":"Traverse de la Barre","stop_desc":null,"zone_id":null,"stop_url":null,"location_type":"0","parent_station":null,"stop_timezone":null,"wheelchair_boarding":"2"}},{"type":"Feature","geometry":{"type":"Point","coordinates":[5.49716,43.294014]},"properties":{"stop_id":"RTM-00003688","stop_code":"00003688","stop_name":"Traverse de la Buzine","stop_desc":null,"zone_id":null,"stop_url":null,"location_type":"0","parent_station":null,"stop_timezone":null,"wheelchair_boarding":"2"}},{"type":"Feature","geometry":{"type":"Point","coordinates":[5.35034845,43.3828353]},"properties":{"stop_id":"RTM-00002996","stop_code":"00002996","stop_name":"Traverse des Fraises","stop_desc":"arr\u00eat report\u00e9","zone_id":null,"stop_url":null,"location_type":"0","parent_station":null,"stop_timezone":null,"wheelchair_boarding":"2"}},{"type":"Feature","geometry":{"type":"Point","coordinates":[5.355127,43.339535]},"properties":{"stop_id":"RTM-00000509","stop_code":"00000509","stop_name":"Traverse Maritime","stop_desc":null,"zone_id":null,"stop_url":null,"location_type":"0","parent_station":null,"stop_timezone":null,"wheelchair_boarding":"2"}},{"type":"Feature","geometry":{"type":"Point","coordinates":[5.407296,43.271182]},"properties":{"stop_id":"RTM-00002681","stop_code":"00002681","stop_name":"Trinitaires Romain Rolland","stop_desc":null,"zone_id":null,"stop_url":null,"location_type":"0","parent_station":null,"stop_timezone":null,"wheelchair_boarding":"2"}},{"type":"Feature","geometry":{"type":"Point","coordinates":[5.410179,43.296249]},"properties":{"stop_id":"RTM-00002717","stop_code":"00002717","stop_name":"Tr\u00e9varesse Cit\u00e9 Jardin","stop_desc":null,"zone_id":null,"stop_url":null,"location_type":"0","parent_station":null,"stop_timezone":null,"wheelchair_boarding":"2"}},{"type":"Feature","geometry":{"type":"Point","coordinates":[5.410065,43.296322]},"properties":{"stop_id":"RTM-00002729","stop_code":"00002729","stop_name":"Tr\u00e9varesse Cit\u00e9 Jardin","stop_desc":null,"zone_id":null,"stop_url":null,"location_type":"0","parent_station":null,"stop_timezone":null,"wheelchair_boarding":"2"}},{"type":"Feature","geometry":{"type":"Point","coordinates":[5.413119,43.2965972]},"properties":{"stop_id":"RTM-00002718","stop_code":"00002718","stop_name":"Tr\u00e9varesse Cit\u00e9 SNCF","stop_desc":null,"zone_id":null,"stop_url":null,"location_type":"0","parent_station":null,"stop_timezone":null,"wheelchair_boarding":"2"}},{"type":"Feature","geometry":{"type":"Point","coordinates":[5.381248,43.276684]},"properties":{"stop_id":"RTM-00004210","stop_code":"00004210","stop_name":"Turbine Flotte","stop_desc":null,"zone_id":null,"stop_url":null,"location_type":"0","parent_station":null,"stop_timezone":null,"wheelchair_boarding":"2"}},{"type":"Feature","geometry":{"type":"Point","coordinates":[5.38101554,43.27652575]},"properties":{"stop_id":"RTM-00004212","stop_code":"00004212","stop_name":"Turbine Flotte","stop_desc":null,"zone_id":null,"stop_url":null,"location_type":"0","parent_station":null,"stop_timezone":null,"wheelchair_boarding":"2"}},{"type":"Feature","geometry":{"type":"Point","coordinates":[5.36455,43.3680877]},"properties":{"stop_id":"RTM-00000200","stop_code":"00000200","stop_name":"Tuves Bosphore","stop_desc":null,"zone_id":null,"stop_url":null,"location_type":"0","parent_station":null,"stop_timezone":null,"wheelchair_boarding":"2"}},{"type":"Feature","geometry":{"type":"Point","coordinates":[5.422869,43.264224]},"properties":{"stop_id":"RTM-00004168","stop_code":"00004168","stop_name":"Val des Bois","stop_desc":"CHEMIN DU VAL-DES-BOIS  MARSEILLE 13009","zone_id":null,"stop_url":null,"location_type":"0","parent_station":null,"stop_timezone":null,"wheelchair_boarding":"1"}},{"type":"Feature","geometry":{"type":"Point","coordinates":[5.363723,43.370474]},"properties":{"stop_id":"RTM-00004000","stop_code":"00004000","stop_name":"Val Pins","stop_desc":"R\u00c9SIDENCE VAL PINS  MARSEILLE 13015","zone_id":null,"stop_url":null,"location_type":"0","parent_station":null,"stop_timezone":null,"wheelchair_boarding":"2"}},{"type":"Feature","geometry":{"type":"Point","coordinates":[5.450157,43.288116]},"properties":{"stop_id":"RTM-00001295","stop_code":"00001295","stop_name":"Valbarelle Andreu","stop_desc":null,"zone_id":null,"stop_url":null,"location_type":"0","parent_station":null,"stop_timezone":null,"wheelchair_boarding":"2"}},{"type":"Feature","geometry":{"type":"Point","coordinates":[5.45407389,43.28855758]},"properties":{"stop_id":"RTM-00001285","stop_code":"00001285","stop_name":"Valbarelle Lanfranchi","stop_desc":null,"zone_id":null,"stop_url":null,"location_type":"0","parent_station":null,"stop_timezone":null,"wheelchair_boarding":"2"}},{"type":"Feature","geometry":{"type":"Point","coordinates":[5.41901708,43.32920879]},"properties":{"stop_id":"RTM-00000666","stop_code":"00000666","stop_name":"Valdonne Fuveau","stop_desc":null,"zone_id":null,"stop_url":null,"location_type":"0","parent_station":null,"stop_timezone":null,"wheelchair_boarding":"2"}},{"type":"Feature","geometry":{"type":"Point","coordinates":[5.418728,43.328194]},"properties":{"stop_id":"RTM-00000716","stop_code":"00000716","stop_name":"Valdonne Fuveau","stop_desc":null,"zone_id":null,"stop_url":null,"location_type":"0","parent_station":null,"stop_timezone":null,"wheelchair_boarding":"2"}},{"type":"Feature","geometry":{"type":"Point","coordinates":[5.416392,43.325823]},"properties":{"stop_id":"RTM-00001082","stop_code":"00001082","stop_name":"Valdonne H\u00f4pital Laveran","stop_desc":null,"zone_id":null,"stop_url":null,"location_type":"0","parent_station":null,"stop_timezone":null,"wheelchair_boarding":"2"}},{"type":"Feature","geometry":{"type":"Point","coordinates":[5.346309,43.407091]},"properties":{"stop_id":"RTM-00002991","stop_code":"00002991","stop_name":"Vallon de la Gazelle","stop_desc":null,"zone_id":null,"stop_url":null,"location_type":"0","parent_station":null,"stop_timezone":null,"wheelchair_boarding":"2"}},{"type":"Feature","geometry":{"type":"Point","coordinates":[5.42412598,43.26641512]},"properties":{"stop_id":"RTM-00001671","stop_code":"00001671","stop_name":"Vallon de Toulouse","stop_desc":null,"zone_id":null,"stop_url":null,"location_type":"0","parent_station":null,"stop_timezone":null,"wheelchair_boarding":"2"}},{"type":"Feature","geometry":{"type":"Point","coordinates":[5.42449763,43.26681104]},"properties":{"stop_id":"RTM-00001674","stop_code":"00001674","stop_name":"Vallon de Toulouse","stop_desc":null,"zone_id":null,"stop_url":null,"location_type":"0","parent_station":null,"stop_timezone":null,"wheelchair_boarding":"1"}},{"type":"Feature","geometry":{"type":"Point","coordinates":[5.36304,43.368756]},"properties":{"stop_id":"RTM-00003999","stop_code":"00003999","stop_name":"Vallon des Tuves","stop_desc":"BOULEVARD DU BOSPHORE  MARSEILLE 13015","zone_id":null,"stop_url":null,"location_type":"0","parent_station":null,"stop_timezone":null,"wheelchair_boarding":"2"}},{"type":"Feature","geometry":{"type":"Point","coordinates":[5.425242,43.2486]},"properties":{"stop_id":"RTM-00002754","stop_code":"00002754","stop_name":"Vallon du Redon","stop_desc":"RUE NICOLE ZEMMOUR  MARSEILLE 13009","zone_id":null,"stop_url":null,"location_type":"0","parent_station":null,"stop_timezone":null,"wheelchair_boarding":"2"}},{"type":"Feature","geometry":{"type":"Point","coordinates":[5.425442,43.24881]},"properties":{"stop_id":"RTM-00002755","stop_code":"00002755","stop_name":"Vallon du Redon","stop_desc":"RUE BOULEVARD DU REDON  MARSEILLE 13009","zone_id":null,"stop_url":null,"location_type":"0","parent_station":null,"stop_timezone":null,"wheelchair_boarding":"2"}},{"type":"Feature","geometry":{"type":"Point","coordinates":[5.378565,43.281261]},"properties":{"stop_id":"RTM-00001526","stop_code":"00001526","stop_name":"Vallon Montebello","stop_desc":null,"zone_id":null,"stop_url":null,"location_type":"0","parent_station":null,"stop_timezone":null,"wheelchair_boarding":"1"}},{"type":"Feature","geometry":{"type":"Point","coordinates":[5.41789451,43.26347382]},"properties":{"stop_id":"RTM-00004637","stop_code":"00004637","stop_name":"Vallon R\u00e9gny","stop_desc":null,"zone_id":null,"stop_url":null,"location_type":"0","parent_station":null,"stop_timezone":null,"wheelchair_boarding":"2"}},{"type":"Feature","geometry":{"type":"Point","coordinates":[5.41706,43.250524]},"properties":{"stop_id":"RTM-00003623","stop_code":"00003623","stop_name":"Valmante","stop_desc":"TRAVERSE COUSINERY  MARSEILLE 13009","zone_id":null,"stop_url":null,"location_type":"0","parent_station":null,"stop_timezone":null,"wheelchair_boarding":"2"}},{"type":"Feature","geometry":{"type":"Point","coordinates":[5.422186,43.276316]},"properties":{"stop_id":"RTM-00001693","stop_code":"00001693","stop_name":"Verdillon","stop_desc":null,"zone_id":null,"stop_url":null,"location_type":"0","parent_station":null,"stop_timezone":null,"wheelchair_boarding":"1"}},{"type":"Feature","geometry":{"type":"Point","coordinates":[5.374753,43.248411]},"properties":{"stop_id":"RTM-00001708","stop_code":"00001708","stop_name":"Vieille Chapelle","stop_desc":null,"zone_id":null,"stop_url":null,"location_type":"0","parent_station":null,"stop_timezone":null,"wheelchair_boarding":"1"}},{"type":"Feature","geometry":{"type":"Point","coordinates":[5.36100898,43.28625868]},"properties":{"stop_id":"RTM-00004189","stop_code":"00004189","stop_name":"Vieux Chemin d'Endoume","stop_desc":"TAD 59","zone_id":null,"stop_url":null,"location_type":"0","parent_station":null,"stop_timezone":null,"wheelchair_boarding":"2"}},{"type":"Feature","geometry":{"type":"Point","coordinates":[5.3741815,43.295639]},"properties":{"stop_id":"RTM-00002285","stop_code":"00002285","stop_name":"Vieux-Port","stop_desc":null,"zone_id":null,"stop_url":null,"location_type":"0","parent_station":null,"stop_timezone":null,"wheelchair_boarding":"2"}},{"type":"Feature","geometry":{"type":"Point","coordinates":[5.37429191,43.29571672]},"properties":{"stop_id":"RTM-00003802","stop_code":"00003802","stop_name":"Vieux-Port","stop_desc":null,"zone_id":null,"stop_url":null,"location_type":"0","parent_station":null,"stop_timezone":null,"wheelchair_boarding":"1"}},{"type":"Feature","geometry":{"type":"Point","coordinates":[5.37419,43.295554]},"properties":{"stop_id":"RTM-00003804","stop_code":"00003804","stop_name":"Vieux-Port","stop_desc":null,"zone_id":null,"stop_url":null,"location_type":"0","parent_station":null,"stop_timezone":null,"wheelchair_boarding":"1"}},{"type":"Feature","geometry":{"type":"Point","coordinates":[5.374497,43.29326]},"properties":{"stop_id":"RTM-00004392","stop_code":"00004392","stop_name":"Vieux-Port Ballard","stop_desc":"14 COURS JEAN BALLARD  MARSEILLE 13001","zone_id":null,"stop_url":null,"location_type":"0","parent_station":null,"stop_timezone":null,"wheelchair_boarding":"1"}},{"type":"Feature","geometry":{"type":"Point","coordinates":[5.374317,43.293689]},"properties":{"stop_id":"RTM-00004396","stop_code":"00004396","stop_name":"Vieux-Port Ballard","stop_desc":"TAD 59","zone_id":null,"stop_url":null,"location_type":"0","parent_station":null,"stop_timezone":null,"wheelchair_boarding":"1"}},{"type":"Feature","geometry":{"type":"Point","coordinates":[5.473423,43.292066]},"properties":{"stop_id":"RTM-00000638","stop_code":"00000638","stop_name":"Village Estellan","stop_desc":null,"zone_id":null,"stop_url":null,"location_type":"0","parent_station":null,"stop_timezone":null,"wheelchair_boarding":"2"}},{"type":"Feature","geometry":{"type":"Point","coordinates":[5.40548,43.328464]},"properties":{"stop_id":"RTM-00000356","stop_code":"00000356","stop_name":"Villecroze Les Oliviers","stop_desc":null,"zone_id":null,"stop_url":null,"location_type":"0","parent_station":null,"stop_timezone":null,"wheelchair_boarding":"2"}},{"type":"Feature","geometry":{"type":"Point","coordinates":[5.367181,43.337323]},"properties":{"stop_id":"RTM-00000185","stop_code":"00000185","stop_name":"Visitation","stop_desc":null,"zone_id":null,"stop_url":null,"location_type":"0","parent_station":null,"stop_timezone":null,"wheelchair_boarding":"2"}},{"type":"Feature","geometry":{"type":"Point","coordinates":[5.45794,43.32106]},"properties":{"stop_id":"RTM-00000627","stop_code":"00000627","stop_name":"V\u00e9lodrome","stop_desc":null,"zone_id":null,"stop_url":null,"location_type":"0","parent_station":null,"stop_timezone":null,"wheelchair_boarding":"2"}},{"type":"Feature","geometry":{"type":"Point","coordinates":[5.41984472,43.26799411]},"properties":{"stop_id":"RTM-00001672","stop_code":"00001672","stop_name":"Wiesel Vallon de Toulouse","stop_desc":null,"zone_id":null,"stop_url":null,"location_type":"0","parent_station":null,"stop_timezone":null,"wheelchair_boarding":"2"}},{"type":"Feature","geometry":{"type":"Point","coordinates":[5.42036425,43.26808987]},"properties":{"stop_id":"RTM-00004636","stop_code":"00004636","stop_name":"Wiesel Vallon de Toulouse","stop_desc":null,"zone_id":null,"stop_url":null,"location_type":"0","parent_station":null,"stop_timezone":null,"wheelchair_boarding":"2"}},{"type":"Feature","geometry":{"type":"Point","coordinates":[5.432454,43.334799]},"properties":{"stop_id":"RTM-00003934","stop_code":"00003934","stop_name":"Val Plan","stop_desc":null,"zone_id":null,"stop_url":null,"location_type":"0","parent_station":null,"stop_timezone":null,"wheelchair_boarding":"2"}},{"type":"Feature","geometry":{"type":"Point","coordinates":[5.363346,43.286424]},"properties":{"stop_id":"RTM-00001488","stop_code":"00001488","stop_name":"Vallon Jourdan","stop_desc":"TAD 59","zone_id":null,"stop_url":null,"location_type":"0","parent_station":null,"stop_timezone":null,"wheelchair_boarding":"2"}},{"type":"Feature","geometry":{"type":"Point","coordinates":[5.3924,43.322447]},"properties":{"stop_id":"RTM-00001024","stop_code":"00001024","stop_name":"Villecroze Bougie","stop_desc":null,"zone_id":null,"stop_url":null,"location_type":"0","parent_station":null,"stop_timezone":null,"wheelchair_boarding":"2"}},{"type":"Feature","geometry":{"type":"Point","coordinates":[5.383925,43.245795]},"properties":{"stop_id":"RTM-00001923","stop_code":"00001923","stop_name":"Z\u00e9natti Lancier","stop_desc":null,"zone_id":null,"stop_url":null,"location_type":"0","parent_station":null,"stop_timezone":null,"wheelchair_boarding":"2"}},{"type":"Feature","geometry":{"type":"Point","coordinates":[5.383798,43.246426]},"properties":{"stop_id":"RTM-00001927","stop_code":"00001927","stop_name":"Z\u00e9natti Lancier","stop_desc":null,"zone_id":null,"stop_url":null,"location_type":"0","parent_station":null,"stop_timezone":null,"wheelchair_boarding":"2"}},{"type":"Feature","geometry":{"type":"Point","coordinates":[5.365732,43.346226]},"properties":{"stop_id":"RTM-00000999","stop_code":"00000999","stop_name":"4 Chemins des Aygalades","stop_desc":null,"zone_id":null,"stop_url":null,"location_type":"0","parent_station":null,"stop_timezone":null,"wheelchair_boarding":"2"}},{"type":"Feature","geometry":{"type":"Point","coordinates":[5.389619,43.317198]},"properties":{"stop_id":"RTM-00000217","stop_code":"00000217","stop_name":"5 Avenues Burel","stop_desc":null,"zone_id":null,"stop_url":null,"location_type":"0","parent_station":null,"stop_timezone":null,"wheelchair_boarding":"2"}},{"type":"Feature","geometry":{"type":"Point","coordinates":[5.397563,43.30328]},"properties":{"stop_id":"RTM-00001099","stop_code":"00001099","stop_name":"5 Avenues Chartreux","stop_desc":null,"zone_id":null,"stop_url":null,"location_type":"0","parent_station":null,"stop_timezone":null,"wheelchair_boarding":"1"}},{"type":"Feature","geometry":{"type":"Point","coordinates":[5.40534,43.255968]},"properties":{"stop_id":"RTM-00001956","stop_code":"00001956","stop_name":"Aiguier CNRS","stop_desc":null,"zone_id":null,"stop_url":null,"location_type":"0","parent_station":null,"stop_timezone":null,"wheelchair_boarding":"2"}},{"type":"Feature","geometry":{"type":"Point","coordinates":[5.41409,43.25089]},"properties":{"stop_id":"RTM-00002006","stop_code":"00002006","stop_name":"Aiguier CPCAM","stop_desc":null,"zone_id":null,"stop_url":null,"location_type":"0","parent_station":null,"stop_timezone":null,"wheelchair_boarding":"2"}},{"type":"Feature","geometry":{"type":"Point","coordinates":[5.409037,43.252924]},"properties":{"stop_id":"RTM-00001998","stop_code":"00001998","stop_name":"Aiguier Saint-Jacques","stop_desc":null,"zone_id":null,"stop_url":null,"location_type":"0","parent_station":null,"stop_timezone":null,"wheelchair_boarding":"2"}},{"type":"Feature","geometry":{"type":"Point","coordinates":[5.36491647,43.32464234]},"properties":{"stop_id":"RTM-00004652","stop_code":"00004652","stop_name":"Allar","stop_desc":"Arr\u00eat Allar provisoire","zone_id":null,"stop_url":null,"location_type":"0","parent_station":null,"stop_timezone":null,"wheelchair_boarding":"2"}},{"type":"Feature","geometry":{"type":"Point","coordinates":[5.48313991,43.33712903]},"properties":{"stop_id":"RTM-00004692","stop_code":"00004692","stop_name":"Allauch Village","stop_desc":null,"zone_id":null,"stop_url":null,"location_type":"0","parent_station":null,"stop_timezone":null,"wheelchair_boarding":"2"}},{"type":"Feature","geometry":{"type":"Point","coordinates":[5.416046,43.298719]},"properties":{"stop_id":"RTM-00002726","stop_code":"00002726","stop_name":"Alpes Cauvin","stop_desc":null,"zone_id":null,"stop_url":null,"location_type":"0","parent_station":null,"stop_timezone":null,"wheelchair_boarding":"2"}},{"type":"Feature","geometry":{"type":"Point","coordinates":[5.408995,43.26526]},"properties":{"stop_id":"RTM-00001911","stop_code":"00001911","stop_name":"Antide Boyer","stop_desc":null,"zone_id":null,"stop_url":null,"location_type":"0","parent_station":null,"stop_timezone":null,"wheelchair_boarding":"1"}},{"type":"Feature","geometry":{"type":"Point","coordinates":[5.368079,43.313317]},"properties":{"stop_id":"RTM-00003554","stop_code":"00003554","stop_name":"Arenc Eurom\u00e9diterran\u00e9e","stop_desc":null,"zone_id":null,"stop_url":null,"location_type":"0","parent_station":null,"stop_timezone":null,"wheelchair_boarding":"1"}},{"type":"Feature","geometry":{"type":"Point","coordinates":[5.368208,43.313315]},"properties":{"stop_id":"RTM-00003556","stop_code":"00003556","stop_name":"Arenc Eurom\u00e9diterran\u00e9e","stop_desc":null,"zone_id":null,"stop_url":null,"location_type":"0","parent_station":null,"stop_timezone":null,"wheelchair_boarding":"1"}},{"type":"Feature","geometry":{"type":"Point","coordinates":[5.36835014,43.31306201]},"properties":{"stop_id":"RTM-00003610","stop_code":"00003610","stop_name":"Arenc Eurom\u00e9diterran\u00e9e","stop_desc":"BOULEVARD DE PARIS  MARSEILLE 13003","zone_id":null,"stop_url":null,"location_type":"0","parent_station":null,"stop_timezone":null,"wheelchair_boarding":"1"}},{"type":"Feature","geometry":{"type":"Point","coordinates":[5.35176605,43.36146459]},"properties":{"stop_id":"RTM-00004310","stop_code":"00004310","stop_name":"Aristarch\u00e9","stop_desc":"DOMAINE BELLAVISTA  MARSEILLE 13015","zone_id":null,"stop_url":null,"location_type":"0","parent_station":null,"stop_timezone":null,"wheelchair_boarding":"2"}},{"type":"Feature","geometry":{"type":"Point","coordinates":[5.38064847,43.33036914]},"properties":{"stop_id":"RTM-00004709","stop_code":"00004709","stop_name":"Arnavon Muret","stop_desc":null,"zone_id":null,"stop_url":null,"location_type":"0","parent_station":null,"stop_timezone":null,"wheelchair_boarding":"2"}},{"type":"Feature","geometry":{"type":"Point","coordinates":[5.37222,43.285567]},"properties":{"stop_id":"RTM-00001465","stop_code":"00001465","stop_name":"Ascenseur","stop_desc":"TAD 59","zone_id":null,"stop_url":null,"location_type":"0","parent_station":null,"stop_timezone":null,"wheelchair_boarding":"2"}},{"type":"Feature","geometry":{"type":"Point","coordinates":[5.375036,43.316668]},"properties":{"stop_id":"RTM-00000529","stop_code":"00000529","stop_name":"Auphan F\u00e9lix Pyat","stop_desc":"18 RUE AUPHAN  MARSEILLE 13003","zone_id":null,"stop_url":null,"location_type":"0","parent_station":null,"stop_timezone":null,"wheelchair_boarding":"1"}},{"type":"Feature","geometry":{"type":"Point","coordinates":[5.39328,43.288391]},"properties":{"stop_id":"RTM-00001227","stop_code":"00001227","stop_name":"Baille Vertus","stop_desc":null,"zone_id":null,"stop_url":null,"location_type":"0","parent_station":null,"stop_timezone":null,"wheelchair_boarding":"2"}},{"type":"Feature","geometry":{"type":"Point","coordinates":[5.393392,43.288595]},"properties":{"stop_id":"RTM-00001256","stop_code":"00001256","stop_name":"Baille Vertus","stop_desc":null,"zone_id":null,"stop_url":null,"location_type":"0","parent_station":null,"stop_timezone":null,"wheelchair_boarding":"2"}},{"type":"Feature","geometry":{"type":"Point","coordinates":[5.48000731,43.28570028]},"properties":{"stop_id":"RTM-00001329","stop_code":"00001329","stop_name":"Bancal Barasse","stop_desc":null,"zone_id":null,"stop_url":null,"location_type":"0","parent_station":null,"stop_timezone":null,"wheelchair_boarding":"2"}},{"type":"Feature","geometry":{"type":"Point","coordinates":[5.479792,43.286091]},"properties":{"stop_id":"RTM-00002125","stop_code":"00002125","stop_name":"Bancal Barasse","stop_desc":"D2 B  MARSEILLE 13011","zone_id":null,"stop_url":null,"location_type":"0","parent_station":null,"stop_timezone":null,"wheelchair_boarding":"2"}},{"type":"Feature","geometry":{"type":"Point","coordinates":[5.443665,43.349824]},"properties":{"stop_id":"RTM-00000721","stop_code":"00000721","stop_name":"Bara La Croix","stop_desc":null,"zone_id":null,"stop_url":null,"location_type":"0","parent_station":null,"stop_timezone":null,"wheelchair_boarding":"2"}},{"type":"Feature","geometry":{"type":"Point","coordinates":[5.445017,43.349028]},"properties":{"stop_id":"RTM-00003874","stop_code":"00003874","stop_name":"Bara Val de Gray","stop_desc":null,"zone_id":null,"stop_url":null,"location_type":"0","parent_station":null,"stop_timezone":null,"wheelchair_boarding":"1"}},{"type":"Feature","geometry":{"type":"Point","coordinates":[5.374036,43.298149]},"properties":{"stop_id":"RTM-00003053","stop_code":"00003053","stop_name":"Barbusse Colbert","stop_desc":null,"zone_id":null,"stop_url":null,"location_type":"0","parent_station":null,"stop_timezone":null,"wheelchair_boarding":"1"}},{"type":"Feature","geometry":{"type":"Point","coordinates":[5.412501,43.233058]},"properties":{"stop_id":"RTM-00001810","stop_code":"00001810","stop_name":"Baumettes Beauvallon","stop_desc":null,"zone_id":null,"stop_url":null,"location_type":"0","parent_station":null,"stop_timezone":null,"wheelchair_boarding":"2"}},{"type":"Feature","geometry":{"type":"Point","coordinates":[5.414258,43.230788]},"properties":{"stop_id":"RTM-00001815","stop_code":"00001815","stop_name":"Baumettes Rimbaud","stop_desc":null,"zone_id":null,"stop_url":null,"location_type":"0","parent_station":null,"stop_timezone":null,"wheelchair_boarding":"2"}},{"type":"Feature","geometry":{"type":"Point","coordinates":[5.3668642,43.35719283]},"properties":{"stop_id":"RTM-00000175","stop_code":"00000175","stop_name":"Bd de la Gare","stop_desc":null,"zone_id":null,"stop_url":null,"location_type":"0","parent_station":null,"stop_timezone":null,"wheelchair_boarding":"2"}},{"type":"Feature","geometry":{"type":"Point","coordinates":[5.351682,43.372984]},"properties":{"stop_id":"RTM-00000025","stop_code":"00000025","stop_name":"Bd Falcot","stop_desc":null,"zone_id":null,"stop_url":null,"location_type":"0","parent_station":null,"stop_timezone":null,"wheelchair_boarding":"1"}},{"type":"Feature","geometry":{"type":"Point","coordinates":[5.438899,43.309127]},"properties":{"stop_id":"RTM-00000864","stop_code":"00000864","stop_name":"Beaumont Eglise","stop_desc":null,"zone_id":null,"stop_url":null,"location_type":"0","parent_station":null,"stop_timezone":null,"wheelchair_boarding":"2"}},{"type":"Feature","geometry":{"type":"Point","coordinates":[5.435888,43.308226]},"properties":{"stop_id":"RTM-00000822","stop_code":"00000822","stop_name":"Beaumont Figone","stop_desc":null,"zone_id":null,"stop_url":null,"location_type":"0","parent_station":null,"stop_timezone":null,"wheelchair_boarding":"2"}},{"type":"Feature","geometry":{"type":"Point","coordinates":[5.435809,43.308344]},"properties":{"stop_id":"RTM-00000848","stop_code":"00000848","stop_name":"Beaumont Figone","stop_desc":null,"zone_id":null,"stop_url":null,"location_type":"0","parent_station":null,"stop_timezone":null,"wheelchair_boarding":"1"}},{"type":"Feature","geometry":{"type":"Point","coordinates":[5.438481,43.311151]},"properties":{"stop_id":"RTM-00000870","stop_code":"00000870","stop_name":"Beaumont Pasteur","stop_desc":"BOULEVARD DE BEAUMONT  MARSEILLE 13012","zone_id":null,"stop_url":null,"location_type":"0","parent_station":null,"stop_timezone":null,"wheelchair_boarding":"2"}},{"type":"Feature","geometry":{"type":"Point","coordinates":[5.390241,43.30955]},"properties":{"stop_id":"RTM-00000431","stop_code":"00000431","stop_name":"Belle de Mai La Friche","stop_desc":null,"zone_id":null,"stop_url":null,"location_type":"0","parent_station":null,"stop_timezone":null,"wheelchair_boarding":"1"}},{"type":"Feature","geometry":{"type":"Point","coordinates":[5.390047,43.309195]},"properties":{"stop_id":"RTM-00003866","stop_code":"00003866","stop_name":"Belle de Mai La Friche","stop_desc":null,"zone_id":null,"stop_url":null,"location_type":"0","parent_station":null,"stop_timezone":null,"wheelchair_boarding":"1"}},{"type":"Feature","geometry":{"type":"Point","coordinates":[5.38573,43.312898]},"properties":{"stop_id":"RTM-00000210","stop_code":"00000210","stop_name":"Belle de Mai Loubon","stop_desc":null,"zone_id":null,"stop_url":null,"location_type":"0","parent_station":null,"stop_timezone":null,"wheelchair_boarding":"2"}},{"type":"Feature","geometry":{"type":"Point","coordinates":[5.381849,43.308475]},"properties":{"stop_id":"RTM-00000208","stop_code":"00000208","stop_name":"Belle de Mai National","stop_desc":"RUE BELLE-DE-MAI  MARSEILLE 13003","zone_id":null,"stop_url":null,"location_type":"0","parent_station":null,"stop_timezone":null,"wheelchair_boarding":"2"}},{"type":"Feature","geometry":{"type":"Point","coordinates":[5.407934,43.270193]},"properties":{"stop_id":"RTM-00002871","stop_code":"00002871","stop_name":"Belle Ombre Romain Rolland","stop_desc":null,"zone_id":null,"stop_url":null,"location_type":"0","parent_station":null,"stop_timezone":null,"wheelchair_boarding":"2"}},{"type":"Feature","geometry":{"type":"Point","coordinates":[5.436492,43.298469]},"properties":{"stop_id":"RTM-00000957","stop_code":"00000957","stop_name":"Belle Vue","stop_desc":"61 RUE SAINT-JEAN-DU-D\u00c9SERT  MARSEILLE 13012","zone_id":null,"stop_url":null,"location_type":"0","parent_station":null,"stop_timezone":null,"wheelchair_boarding":"1"}},{"type":"Feature","geometry":{"type":"Point","coordinates":[5.37971311,43.31283903]},"properties":{"stop_id":"RTM-00003951","stop_code":"00003951","stop_name":"Belle Vue Barsotti","stop_desc":null,"zone_id":null,"stop_url":null,"location_type":"0","parent_station":null,"stop_timezone":null,"wheelchair_boarding":"2"}},{"type":"Feature","geometry":{"type":"Point","coordinates":[5.38041,43.315287]},"properties":{"stop_id":"RTM-00003536","stop_code":"00003536","stop_name":"Belle Vue Vaillant","stop_desc":null,"zone_id":null,"stop_url":null,"location_type":"0","parent_station":null,"stop_timezone":null,"wheelchair_boarding":"2"}},{"type":"Feature","geometry":{"type":"Point","coordinates":[5.354519,43.336259]},"properties":{"stop_id":"RTM-00004256","stop_code":"00004256","stop_name":"Bernabo Littoral","stop_desc":null,"zone_id":null,"stop_url":null,"location_type":"0","parent_station":null,"stop_timezone":null,"wheelchair_boarding":"2"}},{"type":"Feature","geometry":{"type":"Point","coordinates":[5.425268,43.287254]},"properties":{"stop_id":"RTM-00004215","stop_code":"00004215","stop_name":"Bianco Florian","stop_desc":"AVENUE D\u00c9SIR\u00c9 BIANCO  MARSEILLE 13010","zone_id":null,"stop_url":null,"location_type":"0","parent_station":null,"stop_timezone":null,"wheelchair_boarding":"2"}},{"type":"Feature","geometry":{"type":"Point","coordinates":[5.364361,43.332494]},"properties":{"stop_id":"RTM-00004029","stop_code":"00004029","stop_name":"Billoux Mairie 15-16","stop_desc":null,"zone_id":null,"stop_url":null,"location_type":"0","parent_station":null,"stop_timezone":null,"wheelchair_boarding":"1"}},{"type":"Feature","geometry":{"type":"Point","coordinates":[5.40288,43.303237]},"properties":{"stop_id":"RTM-00000859","stop_code":"00000859","stop_name":"Blancarde Rougier","stop_desc":null,"zone_id":null,"stop_url":null,"location_type":"0","parent_station":null,"stop_timezone":null,"wheelchair_boarding":"1"}},{"type":"Feature","geometry":{"type":"Point","coordinates":[5.360074,43.281353]},"properties":{"stop_id":"RTM-00001481","stop_code":"00001481","stop_name":"Bompard Beaulieu","stop_desc":"TAD 59","zone_id":null,"stop_url":null,"location_type":"0","parent_station":null,"stop_timezone":null,"wheelchair_boarding":"2"}},{"type":"Feature","geometry":{"type":"Point","coordinates":[5.360237,43.28467]},"properties":{"stop_id":"RTM-00001487","stop_code":"00001487","stop_name":"Bompard Endoume","stop_desc":"TAD 59","zone_id":null,"stop_url":null,"location_type":"0","parent_station":null,"stop_timezone":null,"wheelchair_boarding":"2"}},{"type":"Feature","geometry":{"type":"Point","coordinates":[5.478743,43.352092]},"properties":{"stop_id":"RTM-00002194","stop_code":"00002194","stop_name":"Bon Rencontre","stop_desc":"TAD 65","zone_id":null,"stop_url":null,"location_type":"0","parent_station":null,"stop_timezone":null,"wheelchair_boarding":"2"}},{"type":"Feature","geometry":{"type":"Point","coordinates":[5.448706,43.297092]},"properties":{"stop_id":"RTM-00000925","stop_code":"00000925","stop_name":"Booth La Moularde","stop_desc":null,"zone_id":null,"stop_url":null,"location_type":"0","parent_station":null,"stop_timezone":null,"wheelchair_boarding":"2"}},{"type":"Feature","geometry":{"type":"Point","coordinates":[5.448675,43.296807]},"properties":{"stop_id":"RTM-00000930","stop_code":"00000930","stop_name":"Booth La Moularde","stop_desc":null,"zone_id":null,"stop_url":null,"location_type":"0","parent_station":null,"stop_timezone":null,"wheelchair_boarding":"2"}},{"type":"Feature","geometry":{"type":"Point","coordinates":[5.44730365,43.29611692]},"properties":{"stop_id":"RTM-00000926","stop_code":"00000926","stop_name":"Booth Lecache","stop_desc":"AVENUE WILLIAM BOOTH  MARSEILLE 13011","zone_id":null,"stop_url":null,"location_type":"0","parent_station":null,"stop_timezone":null,"wheelchair_boarding":"1"}},{"type":"Feature","geometry":{"type":"Point","coordinates":[5.447106,43.295857]},"properties":{"stop_id":"RTM-00000929","stop_code":"00000929","stop_name":"Booth Lecache","stop_desc":"LES LOGIS DE LA PASTORALE  MARSEILLE 13011","zone_id":null,"stop_url":null,"location_type":"0","parent_station":null,"stop_timezone":null,"wheelchair_boarding":"1"}},{"type":"Feature","geometry":{"type":"Point","coordinates":[5.3714625,43.320844]},"properties":{"stop_id":"RTM-00002333","stop_code":"00002333","stop_name":"Bougainville","stop_desc":null,"zone_id":null,"stop_url":null,"location_type":"0","parent_station":null,"stop_timezone":null,"wheelchair_boarding":"2"}},{"type":"Feature","geometry":{"type":"Point","coordinates":[5.375515,43.251632]},"properties":{"stop_id":"RTM-00001707","stop_code":"00001707","stop_name":"Bowl du Prado","stop_desc":null,"zone_id":null,"stop_url":null,"location_type":"0","parent_station":null,"stop_timezone":null,"wheelchair_boarding":"1"}},{"type":"Feature","geometry":{"type":"Point","coordinates":[5.401915,43.33251]},"properties":{"stop_id":"RTM-00000338","stop_code":"00000338","stop_name":"Braque Les Flamants","stop_desc":"AVENUE GEORGES BRAQUE  MARSEILLE 13014","zone_id":null,"stop_url":null,"location_type":"0","parent_station":null,"stop_timezone":null,"wheelchair_boarding":"2"}},{"type":"Feature","geometry":{"type":"Point","coordinates":[5.401403,43.332857]},"properties":{"stop_id":"RTM-00000360","stop_code":"00000360","stop_name":"Braque Les Flamants","stop_desc":null,"zone_id":null,"stop_url":null,"location_type":"0","parent_station":null,"stop_timezone":null,"wheelchair_boarding":"1"}},{"type":"Feature","geometry":{"type":"Point","coordinates":[5.375594,43.290644]},"properties":{"stop_id":"RTM-00001444","stop_code":"00001444","stop_name":"Breteuil Puget","stop_desc":null,"zone_id":null,"stop_url":null,"location_type":"0","parent_station":null,"stop_timezone":null,"wheelchair_boarding":"2"}},{"type":"Feature","geometry":{"type":"Point","coordinates":[5.388305,43.315531]},"properties":{"stop_id":"RTM-00000218","stop_code":"00000218","stop_name":"Burel Plombi\u00e8res","stop_desc":"BOULEVARD BUREL  MARSEILLE 13014","zone_id":null,"stop_url":null,"location_type":"0","parent_station":null,"stop_timezone":null,"wheelchair_boarding":"2"}},{"type":"Feature","geometry":{"type":"Point","coordinates":[5.357103,43.402643]},"properties":{"stop_id":"RTM-00002995","stop_code":"00002995","stop_name":"B\u00e9doule Sauze","stop_desc":null,"zone_id":null,"stop_url":null,"location_type":"0","parent_station":null,"stop_timezone":null,"wheelchair_boarding":"2"}},{"type":"Feature","geometry":{"type":"Point","coordinates":[5.357315,43.402641]},"properties":{"stop_id":"RTM-00004274","stop_code":"00004274","stop_name":"B\u00e9doule Sauze","stop_desc":"CHEMIN DE LA BEDOULE  SEPT\u00c8MES-LES-VALLONS 13240","zone_id":null,"stop_url":null,"location_type":"0","parent_station":null,"stop_timezone":null,"wheelchair_boarding":"2"}},{"type":"Feature","geometry":{"type":"Point","coordinates":[5.412786,43.285764]},"properties":{"stop_id":"RTM-00001587","stop_code":"00001587","stop_name":"Cabassud Timone","stop_desc":"BOULEVARD JEAN-EUG\u00c8NE CABASSUD  MARSEILLE 13010","zone_id":null,"stop_url":null,"location_type":"0","parent_station":null,"stop_timezone":null,"wheelchair_boarding":"2"}},{"type":"Feature","geometry":{"type":"Point","coordinates":[5.412936,43.286031]},"properties":{"stop_id":"RTM-00001613","stop_code":"00001613","stop_name":"Cabassud Timone","stop_desc":null,"zone_id":null,"stop_url":null,"location_type":"0","parent_station":null,"stop_timezone":null,"wheelchair_boarding":"2"}},{"type":"Feature","geometry":{"type":"Point","coordinates":[5.39194988,43.33179721]},"properties":{"stop_id":"RTM-00000333","stop_code":"00000333","stop_name":"Cade Mouton","stop_desc":"RUE CADE  MARSEILLE 13014","zone_id":null,"stop_url":null,"location_type":"0","parent_station":null,"stop_timezone":null,"wheelchair_boarding":"1"}},{"type":"Feature","geometry":{"type":"Point","coordinates":[5.38251758,43.26799927]},"properties":{"stop_id":"RTM-00004204","stop_code":"00004204","stop_name":"Cadenelle Charley","stop_desc":"\u00e0 compl\u00e9ter saisie terrain","zone_id":null,"stop_url":null,"location_type":"0","parent_station":null,"stop_timezone":null,"wheelchair_boarding":"2"}},{"type":"Feature","geometry":{"type":"Point","coordinates":[5.437272,43.303667]},"properties":{"stop_id":"RTM-00000937","stop_code":"00000937","stop_name":"Caillols Figone","stop_desc":null,"zone_id":null,"stop_url":null,"location_type":"0","parent_station":null,"stop_timezone":null,"wheelchair_boarding":"2"}},{"type":"Feature","geometry":{"type":"Point","coordinates":[5.44223428,43.30326532]},"properties":{"stop_id":"RTM-00000920","stop_code":"00000920","stop_name":"Caillols Fort Fouque","stop_desc":null,"zone_id":null,"stop_url":null,"location_type":"0","parent_station":null,"stop_timezone":null,"wheelchair_boarding":"2"}},{"type":"Feature","geometry":{"type":"Point","coordinates":[5.427783,43.30398]},"properties":{"stop_id":"RTM-00000940","stop_code":"00000940","stop_name":"Caillols La Fourrag\u00e8re","stop_desc":null,"zone_id":null,"stop_url":null,"location_type":"0","parent_station":null,"stop_timezone":null,"wheelchair_boarding":"2"}},{"type":"Feature","geometry":{"type":"Point","coordinates":[5.430785,43.303549]},"properties":{"stop_id":"RTM-00000939","stop_code":"00000939","stop_name":"Caillols Parini","stop_desc":null,"zone_id":null,"stop_url":null,"location_type":"0","parent_station":null,"stop_timezone":null,"wheelchair_boarding":"1"}},{"type":"Feature","geometry":{"type":"Point","coordinates":[5.449196,43.303252]},"properties":{"stop_id":"RTM-00000933","stop_code":"00000933","stop_name":"Caillols Provence","stop_desc":null,"zone_id":null,"stop_url":null,"location_type":"0","parent_station":null,"stop_timezone":null,"wheelchair_boarding":"2"}},{"type":"Feature","geometry":{"type":"Point","coordinates":[5.43507279,43.30402604]},"properties":{"stop_id":"RTM-00000917","stop_code":"00000917","stop_name":"Caillols Rosi\u00e8re","stop_desc":null,"zone_id":null,"stop_url":null,"location_type":"0","parent_station":null,"stop_timezone":null,"wheelchair_boarding":"2"}},{"type":"Feature","geometry":{"type":"Point","coordinates":[5.368049,43.296943]},"properties":{"stop_id":"RTM-00003832","stop_code":"00003832","stop_name":"Caisserie Beauregard","stop_desc":null,"zone_id":null,"stop_url":null,"location_type":"0","parent_station":null,"stop_timezone":null,"wheelchair_boarding":"2"}},{"type":"Feature","geometry":{"type":"Point","coordinates":[5.352956,43.212648]},"properties":{"stop_id":"RTM-00002360","stop_code":"00002360","stop_name":"Callelongue","stop_desc":"BOULEVARD ALEXANDRE DELABRE  MARSEILLE 13008","zone_id":null,"stop_url":null,"location_type":"0","parent_station":null,"stop_timezone":null,"wheelchair_boarding":"2"}},{"type":"Feature","geometry":{"type":"Point","coordinates":[5.393169,43.295345]},"properties":{"stop_id":"RTM-00003413","stop_code":"00003413","stop_name":"Camas","stop_desc":null,"zone_id":null,"stop_url":null,"location_type":"0","parent_station":null,"stop_timezone":null,"wheelchair_boarding":"1"}},{"type":"Feature","geometry":{"type":"Point","coordinates":[5.393121,43.295463]},"properties":{"stop_id":"RTM-00003421","stop_code":"00003421","stop_name":"Camas","stop_desc":null,"zone_id":null,"stop_url":null,"location_type":"0","parent_station":null,"stop_timezone":null,"wheelchair_boarding":"1"}},{"type":"Feature","geometry":{"type":"Point","coordinates":[5.506381,43.305535]},"properties":{"stop_id":"RTM-00001216","stop_code":"00001216","stop_name":"Camoins Les Bains","stop_desc":null,"zone_id":null,"stop_url":null,"location_type":"0","parent_station":null,"stop_timezone":null,"wheelchair_boarding":"2"}},{"type":"Feature","geometry":{"type":"Point","coordinates":[5.50639,43.305944]},"properties":{"stop_id":"RTM-00001222","stop_code":"00001222","stop_name":"Camoins Les Bains","stop_desc":"ROUTE DE LA TREILLE  MARSEILLE 13011","zone_id":null,"stop_url":null,"location_type":"0","parent_station":null,"stop_timezone":null,"wheelchair_boarding":"2"}},{"type":"Feature","geometry":{"type":"Point","coordinates":[5.507328,43.301167]},"properties":{"stop_id":"RTM-00001179","stop_code":"00001179","stop_name":"Camoins Les Clos","stop_desc":null,"zone_id":null,"stop_url":null,"location_type":"0","parent_station":null,"stop_timezone":null,"wheelchair_boarding":"2"}},{"type":"Feature","geometry":{"type":"Point","coordinates":[5.514301,43.300283]},"properties":{"stop_id":"RTM-00001181","stop_code":"00001181","stop_name":"Camoins St Roch","stop_desc":null,"zone_id":null,"stop_url":null,"location_type":"0","parent_station":null,"stop_timezone":null,"wheelchair_boarding":"2"}},{"type":"Feature","geometry":{"type":"Point","coordinates":[5.308428,43.37024]},"properties":{"stop_id":"RTM-00003564","stop_code":"00003564","stop_name":"Campagne Bleue","stop_desc":"pas de trottoir","zone_id":null,"stop_url":null,"location_type":"0","parent_station":null,"stop_timezone":null,"wheelchair_boarding":"2"}},{"type":"Feature","geometry":{"type":"Point","coordinates":[5.4440072,43.2312389]},"properties":{"stop_id":"RTM-00004350","stop_code":"00004350","stop_name":"Campus de Luminy","stop_desc":null,"zone_id":null,"stop_url":null,"location_type":"0","parent_station":null,"stop_timezone":null,"wheelchair_boarding":"1"}},{"type":"Feature","geometry":{"type":"Point","coordinates":[5.37678,43.296939]},"properties":{"stop_id":"RTM-00004402","stop_code":"00004402","stop_name":"Canebi\u00e8re Bourse","stop_desc":"1 RUE DE BIR-HAKEIM  MARSEILLE 13001","zone_id":null,"stop_url":null,"location_type":"0","parent_station":null,"stop_timezone":null,"wheelchair_boarding":"1"}},{"type":"Feature","geometry":{"type":"Point","coordinates":[5.37674,43.296603]},"properties":{"stop_id":"RTM-00004404","stop_code":"00004404","stop_name":"Canebi\u00e8re Bourse","stop_desc":"RUE DES FABRES  MARSEILLE 13001","zone_id":null,"stop_url":null,"location_type":"0","parent_station":null,"stop_timezone":null,"wheelchair_boarding":"1"}},{"type":"Feature","geometry":{"type":"Point","coordinates":[5.375993,43.296482]},"properties":{"stop_id":"RTM-00004406","stop_code":"00004406","stop_name":"Canebi\u00e8re Bourse","stop_desc":"8 RUE DES FABRES  MARSEILLE 13001","zone_id":null,"stop_url":null,"location_type":"0","parent_station":null,"stop_timezone":null,"wheelchair_boarding":"1"}},{"type":"Feature","geometry":{"type":"Point","coordinates":[5.374729,43.332132]},"properties":{"stop_id":"RTM-00002635","stop_code":"00002635","stop_name":"Canet Ambrosini","stop_desc":"20 BOULEVARD GAY-LUSSAC  MARSEILLE 13014","zone_id":null,"stop_url":null,"location_type":"0","parent_station":null,"stop_timezone":null,"wheelchair_boarding":"2"}},{"type":"Feature","geometry":{"type":"Point","coordinates":[5.374162,43.331358]},"properties":{"stop_id":"RTM-00004733","stop_code":"00004733","stop_name":"Canet Ambrosini","stop_desc":null,"zone_id":null,"stop_url":null,"location_type":"0","parent_station":null,"stop_timezone":null,"wheelchair_boarding":"2"}},{"type":"Feature","geometry":{"type":"Point","coordinates":[5.39489573,43.27989698]},"properties":{"stop_id":"RTM-00004758","stop_code":"00004758","stop_name":"Cantini Rouet","stop_desc":"Prolongement T3","zone_id":null,"stop_url":null,"location_type":"0","parent_station":null,"stop_timezone":null,"wheelchair_boarding":"1"}},{"type":"Feature","geometry":{"type":"Point","coordinates":[5.364233,43.328254]},"properties":{"stop_id":"RTM-00004311","stop_code":"00004311","stop_name":"Cap Pin\u00e8de Lyon","stop_desc":"AVENUE DU CAP-PIN\u00c8DE  MARSEILLE 13015","zone_id":null,"stop_url":null,"location_type":"0","parent_station":null,"stop_timezone":null,"wheelchair_boarding":"2"}},{"type":"Feature","geometry":{"type":"Point","coordinates":[5.400098,43.283595]},"properties":{"stop_id":"RTM-00001266","stop_code":"00001266","stop_name":"Capelette Rabatau","stop_desc":null,"zone_id":null,"stop_url":null,"location_type":"0","parent_station":null,"stop_timezone":null,"wheelchair_boarding":"2"}},{"type":"Feature","geometry":{"type":"Point","coordinates":[5.47172436,43.33011072]},"properties":{"stop_id":"RTM-00004536","stop_code":"00004536","stop_name":"Carambot","stop_desc":"TAD 65 \/ SCO 2022","zone_id":null,"stop_url":null,"location_type":"0","parent_station":null,"stop_timezone":null,"wheelchair_boarding":"2"}},{"type":"Feature","geometry":{"type":"Point","coordinates":[5.462804,43.290748]},"properties":{"stop_id":"RTM-00001199","stop_code":"00001199","stop_name":"Cartonnerie","stop_desc":null,"zone_id":null,"stop_url":null,"location_type":"0","parent_station":null,"stop_timezone":null,"wheelchair_boarding":"2"}},{"type":"Feature","geometry":{"type":"Point","coordinates":[5.374146,43.323471]},"properties":{"stop_id":"RTM-00000102","stop_code":"00000102","stop_name":"Casanova Barb\u00e8s","stop_desc":"BOULEVARD DANIELLE CASANOVA MARSEILLE 13014","zone_id":null,"stop_url":null,"location_type":"0","parent_station":null,"stop_timezone":null,"wheelchair_boarding":"2"}},{"type":"Feature","geometry":{"type":"Point","coordinates":[5.37476277,43.32156466]},"properties":{"stop_id":"RTM-00000101","stop_code":"00000101","stop_name":"Casanova De Lesseps","stop_desc":null,"zone_id":null,"stop_url":null,"location_type":"0","parent_station":null,"stop_timezone":null,"wheelchair_boarding":"2"}},{"type":"Feature","geometry":{"type":"Point","coordinates":[5.37391494,43.32501202]},"properties":{"stop_id":"RTM-00000103","stop_code":"00000103","stop_name":"Casanova Etats Unis","stop_desc":null,"zone_id":null,"stop_url":null,"location_type":"0","parent_station":null,"stop_timezone":null,"wheelchair_boarding":"2"}},{"type":"Feature","geometry":{"type":"Point","coordinates":[5.37381707,43.32510058]},"properties":{"stop_id":"RTM-00002849","stop_code":"00002849","stop_name":"Casanova Etats Unis","stop_desc":null,"zone_id":null,"stop_url":null,"location_type":"0","parent_station":null,"stop_timezone":null,"wheelchair_boarding":"2"}},{"type":"Feature","geometry":{"type":"Point","coordinates":[5.376523,43.330413]},"properties":{"stop_id":"RTM-00000324","stop_code":"00000324","stop_name":"Casanova Larousse","stop_desc":null,"zone_id":null,"stop_url":null,"location_type":"0","parent_station":null,"stop_timezone":null,"wheelchair_boarding":"2"}},{"type":"Feature","geometry":{"type":"Point","coordinates":[5.396778,43.30592]},"properties":{"stop_id":"RTM-00003124","stop_code":"00003124","stop_name":"Cassini","stop_desc":null,"zone_id":null,"stop_url":null,"location_type":"0","parent_station":null,"stop_timezone":null,"wheelchair_boarding":"1"}},{"type":"Feature","geometry":{"type":"Point","coordinates":[5.384331,43.2851435]},"properties":{"stop_id":"RTM-00002313","stop_code":"00002313","stop_name":"Castellane","stop_desc":"piv m\u00e9tro","zone_id":null,"stop_url":null,"location_type":"0","parent_station":null,"stop_timezone":null,"wheelchair_boarding":"2"}},{"type":"Feature","geometry":{"type":"Point","coordinates":[5.384512,43.286195]},"properties":{"stop_id":"RTM-00002467","stop_code":"00002467","stop_name":"Castellane","stop_desc":null,"zone_id":null,"stop_url":null,"location_type":"0","parent_station":null,"stop_timezone":null,"wheelchair_boarding":"2"}},{"type":"Feature","geometry":{"type":"Point","coordinates":[5.38463689,43.28539789]},"properties":{"stop_id":"RTM-00004124","stop_code":"00004124","stop_name":"Castellane","stop_desc":"196 RUE DE ROME  MARSEILLE 13006","zone_id":null,"stop_url":null,"location_type":"0","parent_station":null,"stop_timezone":null,"wheelchair_boarding":"1"}},{"type":"Feature","geometry":{"type":"Point","coordinates":[5.374648,43.3504]},"properties":{"stop_id":"RTM-00000121","stop_code":"00000121","stop_name":"Castellas Les Lions","stop_desc":null,"zone_id":null,"stop_url":null,"location_type":"0","parent_station":null,"stop_timezone":null,"wheelchair_boarding":"2"}},{"type":"Feature","geometry":{"type":"Point","coordinates":[5.375116,43.349444]},"properties":{"stop_id":"RTM-00000124","stop_code":"00000124","stop_name":"Castellas Les Lions","stop_desc":null,"zone_id":null,"stop_url":null,"location_type":"0","parent_station":null,"stop_timezone":null,"wheelchair_boarding":"2"}},{"type":"Feature","geometry":{"type":"Point","coordinates":[5.37300665,43.34131272]},"properties":{"stop_id":"RTM-00004706","stop_code":"00004706","stop_name":"Castors de Servi\u00e8res","stop_desc":null,"zone_id":null,"stop_url":null,"location_type":"0","parent_station":null,"stop_timezone":null,"wheelchair_boarding":"2"}},{"type":"Feature","geometry":{"type":"Point","coordinates":[5.355319,43.288799]},"properties":{"stop_id":"RTM-00003670","stop_code":"00003670","stop_name":"Catalans","stop_desc":null,"zone_id":null,"stop_url":null,"location_type":"0","parent_station":null,"stop_timezone":null,"wheelchair_boarding":"2"}},{"type":"Feature","geometry":{"type":"Point","coordinates":[5.368258,43.316644]},"properties":{"stop_id":"RTM-00000520","stop_code":"00000520","stop_name":"Cazemajou D'Anthoine","stop_desc":"RUE CAZEMAJOU  MARSEILLE 13015","zone_id":null,"stop_url":null,"location_type":"0","parent_station":null,"stop_timezone":null,"wheelchair_boarding":"2"}},{"type":"Feature","geometry":{"type":"Point","coordinates":[5.4261181,43.27896993]},"properties":{"stop_id":"RTM-00004633","stop_code":"00004633","stop_name":"CC Saint-Loup","stop_desc":null,"zone_id":null,"stop_url":null,"location_type":"0","parent_station":null,"stop_timezone":null,"wheelchair_boarding":"2"}},{"type":"Feature","geometry":{"type":"Point","coordinates":[5.42604501,43.27912078]},"properties":{"stop_id":"RTM-00004645","stop_code":"00004645","stop_name":"CC Saint-Loup","stop_desc":null,"zone_id":null,"stop_url":null,"location_type":"0","parent_station":null,"stop_timezone":null,"wheelchair_boarding":"2"}},{"type":"Feature","geometry":{"type":"Point","coordinates":[5.427283,43.277265]},"properties":{"stop_id":"RTM-00004467","stop_code":"00004467","stop_name":"CC Saint-Loup Doize","stop_desc":null,"zone_id":null,"stop_url":null,"location_type":"0","parent_station":null,"stop_timezone":null,"wheelchair_boarding":"1"}},{"type":"Feature","geometry":{"type":"Point","coordinates":[5.41660845,43.24576151]},"properties":{"stop_id":"RTM-00001761","stop_code":"00001761","stop_name":"CC Valmante","stop_desc":"D559  MARSEILLE 13009","zone_id":null,"stop_url":null,"location_type":"0","parent_station":null,"stop_timezone":null,"wheelchair_boarding":"1"}},{"type":"Feature","geometry":{"type":"Point","coordinates":[5.410063,43.311429]},"properties":{"stop_id":"RTM-00000751","stop_code":"00000751","stop_name":"Centre G\u00e9rontologique","stop_desc":null,"zone_id":null,"stop_url":null,"location_type":"0","parent_station":null,"stop_timezone":null,"wheelchair_boarding":"2"}},{"type":"Feature","geometry":{"type":"Point","coordinates":[5.437695,43.297453]},"properties":{"stop_id":"RTM-00000965","stop_code":"00000965","stop_name":"Centre Social","stop_desc":null,"zone_id":null,"stop_url":null,"location_type":"0","parent_station":null,"stop_timezone":null,"wheelchair_boarding":"2"}},{"type":"Feature","geometry":{"type":"Point","coordinates":[5.432041,43.276151]},"properties":{"stop_id":"RTM-00001690","stop_code":"00001690","stop_name":"Chante Perdrix","stop_desc":null,"zone_id":null,"stop_url":null,"location_type":"0","parent_station":null,"stop_timezone":null,"wheelchair_boarding":"2"}},{"type":"Feature","geometry":{"type":"Point","coordinates":[5.416937,43.297763]},"properties":{"stop_id":"RTM-00002719","stop_code":"00002719","stop_name":"Charbonnelle Tr\u00e9varesse","stop_desc":"BOULEVARD DE LA CHARBONNELLE  MARSEILLE 13012","zone_id":null,"stop_url":null,"location_type":"0","parent_station":null,"stop_timezone":null,"wheelchair_boarding":"2"}},{"type":"Feature","geometry":{"type":"Point","coordinates":[5.416885,43.297612]},"properties":{"stop_id":"RTM-00002727","stop_code":"00002727","stop_name":"Charbonnelle Tr\u00e9varesse","stop_desc":"BOULEVARD DE LA CHARBONNELLE  MARSEILLE 13012","zone_id":null,"stop_url":null,"location_type":"0","parent_station":null,"stop_timezone":null,"wheelchair_boarding":"2"}},{"type":"Feature","geometry":{"type":"Point","coordinates":[5.413779,43.25313]},"properties":{"stop_id":"RTM-00001960","stop_code":"00001960","stop_name":"Chemin Colline St Joseph","stop_desc":null,"zone_id":null,"stop_url":null,"location_type":"0","parent_station":null,"stop_timezone":null,"wheelchair_boarding":"2"}},{"type":"Feature","geometry":{"type":"Point","coordinates":[5.362992,43.347868]},"properties":{"stop_id":"RTM-00000993","stop_code":"00000993","stop_name":"Chemin de la Commanderie","stop_desc":"poteau provisoire","zone_id":null,"stop_url":null,"location_type":"0","parent_station":null,"stop_timezone":null,"wheelchair_boarding":"2"}},{"type":"Feature","geometry":{"type":"Point","coordinates":[5.362864,43.347748]},"properties":{"stop_id":"RTM-00000998","stop_code":"00000998","stop_name":"Chemin de la Commanderie","stop_desc":"RUE LE CHATELIER  MARSEILLE 13015","zone_id":null,"stop_url":null,"location_type":"0","parent_station":null,"stop_timezone":null,"wheelchair_boarding":"2"}},{"type":"Feature","geometry":{"type":"Point","coordinates":[5.36533272,43.35869004]},"properties":{"stop_id":"RTM-00000162","stop_code":"00000162","stop_name":"Chemin de la M\u00fbre","stop_desc":"CHEMIN DE LA M\u00dbRE  MARSEILLE 13015","zone_id":null,"stop_url":null,"location_type":"0","parent_station":null,"stop_timezone":null,"wheelchair_boarding":"2"}},{"type":"Feature","geometry":{"type":"Point","coordinates":[5.39881,43.316342]},"properties":{"stop_id":"RTM-00001570","stop_code":"00001570","stop_name":"Chutes Lavie","stop_desc":"AVENUE DES CHUTES LAVIE  MARSEILLE 13004","zone_id":null,"stop_url":null,"location_type":"0","parent_station":null,"stop_timezone":null,"wheelchair_boarding":"1"}},{"type":"Feature","geometry":{"type":"Point","coordinates":[5.396409,43.310162]},"properties":{"stop_id":"RTM-00001562","stop_code":"00001562","stop_name":"Chutes Lavie Dahdah","stop_desc":null,"zone_id":null,"stop_url":null,"location_type":"0","parent_station":null,"stop_timezone":null,"wheelchair_boarding":"1"}},{"type":"Feature","geometry":{"type":"Point","coordinates":[5.502065,43.295822]},"properties":{"stop_id":"RTM-00003689","stop_code":"00003689","stop_name":"Ch\u00e2teau de la Buzine","stop_desc":null,"zone_id":null,"stop_url":null,"location_type":"0","parent_station":null,"stop_timezone":null,"wheelchair_boarding":"2"}},{"type":"Feature","geometry":{"type":"Point","coordinates":[5.443213,43.32425]},"properties":{"stop_id":"RTM-00002750","stop_code":"00002750","stop_name":"Ch\u00e2teau des Mart\u00e9gaux","stop_desc":null,"zone_id":null,"stop_url":null,"location_type":"0","parent_station":null,"stop_timezone":null,"wheelchair_boarding":"2"}},{"type":"Feature","geometry":{"type":"Point","coordinates":[5.443243,43.324359]},"properties":{"stop_id":"RTM-00002751","stop_code":"00002751","stop_name":"Ch\u00e2teau des Mart\u00e9gaux","stop_desc":null,"zone_id":null,"stop_url":null,"location_type":"0","parent_station":null,"stop_timezone":null,"wheelchair_boarding":"2"}},{"type":"Feature","geometry":{"type":"Point","coordinates":[5.438034,43.353238]},"properties":{"stop_id":"RTM-00000701","stop_code":"00000701","stop_name":"Ch\u00e2teau Gombert","stop_desc":null,"zone_id":null,"stop_url":null,"location_type":"0","parent_station":null,"stop_timezone":null,"wheelchair_boarding":"1"}},{"type":"Feature","geometry":{"type":"Point","coordinates":[5.438184,43.3536]},"properties":{"stop_id":"RTM-00004160","stop_code":"00004160","stop_name":"Ch\u00e2teau Gombert","stop_desc":"CHEMIN DE PALAMA  MARSEILLE 13013","zone_id":null,"stop_url":null,"location_type":"0","parent_station":null,"stop_timezone":null,"wheelchair_boarding":"1"}},{"type":"Feature","geometry":{"type":"Point","coordinates":[5.442682,43.284243]},"properties":{"stop_id":"RTM-00001281","stop_code":"00001281","stop_name":"Ch\u00e2teau Saint-Cyr","stop_desc":"AVENUE ELL\u00c9ON  MARSEILLE 13011","zone_id":null,"stop_url":null,"location_type":"0","parent_station":null,"stop_timezone":null,"wheelchair_boarding":"1"}},{"type":"Feature","geometry":{"type":"Point","coordinates":[5.44276799,43.28378079]},"properties":{"stop_id":"RTM-00001299","stop_code":"00001299","stop_name":"Ch\u00e2teau Saint-Cyr","stop_desc":"AVENUE ELL\u00c9ON  MARSEILLE 13010","zone_id":null,"stop_url":null,"location_type":"0","parent_station":null,"stop_timezone":null,"wheelchair_boarding":"1"}},{"type":"Feature","geometry":{"type":"Point","coordinates":[5.433687,43.275371]},"properties":{"stop_id":"RTM-00001689","stop_code":"00001689","stop_name":"Ch\u00e2teau Saint-Loup","stop_desc":"25 TRAVERSE CHANTE PERDRIX  MARSEILLE 13010","zone_id":null,"stop_url":null,"location_type":"0","parent_station":null,"stop_timezone":null,"wheelchair_boarding":"1"}},{"type":"Feature","geometry":{"type":"Point","coordinates":[5.354548,43.407226]},"properties":{"stop_id":"RTM-00002992","stop_code":"00002992","stop_name":"Ch\u00eane Vert","stop_desc":"abs trottoir. abs sigep","zone_id":null,"stop_url":null,"location_type":"0","parent_station":null,"stop_timezone":null,"wheelchair_boarding":"2"}},{"type":"Feature","geometry":{"type":"Point","coordinates":[5.379889,43.325582]},"properties":{"stop_id":"RTM-00000105","stop_code":"00000105","stop_name":"Cimeti\u00e8re du Canet","stop_desc":null,"zone_id":null,"stop_url":null,"location_type":"0","parent_station":null,"stop_timezone":null,"wheelchair_boarding":"2"}},{"type":"Feature","geometry":{"type":"Point","coordinates":[5.355244,43.405579]},"properties":{"stop_id":"RTM-00002993","stop_code":"00002993","stop_name":"Cimeti\u00e8re Nord","stop_desc":"abs sigep. abs trottoir","zone_id":null,"stop_url":null,"location_type":"0","parent_station":null,"stop_timezone":null,"wheelchair_boarding":"2"}},{"type":"Feature","geometry":{"type":"Point","coordinates":[5.397134,43.302338]},"properties":{"stop_id":"RTM-00003267","stop_code":"00003267","stop_name":"Cinq Avenues","stop_desc":"AVENUE DU MAR\u00c9CHAL FOCH  MARSEILLE 13004","zone_id":null,"stop_url":null,"location_type":"0","parent_station":null,"stop_timezone":null,"wheelchair_boarding":"1"}},{"type":"Feature","geometry":{"type":"Point","coordinates":[5.397063,43.302278]},"properties":{"stop_id":"RTM-00003285","stop_code":"00003285","stop_name":"Cinq Avenues","stop_desc":null,"zone_id":null,"stop_url":null,"location_type":"0","parent_station":null,"stop_timezone":null,"wheelchair_boarding":"1"}},{"type":"Feature","geometry":{"type":"Point","coordinates":[5.372878,43.339037]},"properties":{"stop_id":"RTM-00000328","stop_code":"00000328","stop_name":"Cit\u00e9 Bassens","stop_desc":"Arr\u00eat d\u00e9plac\u00e9 suite \u00e0 impr\u00e9cision GPS","zone_id":null,"stop_url":null,"location_type":"0","parent_station":null,"stop_timezone":null,"wheelchair_boarding":"2"}},{"type":"Feature","geometry":{"type":"Point","coordinates":[5.365285,43.351633]},"properties":{"stop_id":"RTM-00000180","stop_code":"00000180","stop_name":"Cit\u00e9 des Arts de la Rue","stop_desc":null,"zone_id":null,"stop_url":null,"location_type":"0","parent_station":null,"stop_timezone":null,"wheelchair_boarding":"2"}},{"type":"Feature","geometry":{"type":"Point","coordinates":[5.451152,43.293576]},"properties":{"stop_id":"RTM-00001202","stop_code":"00001202","stop_name":"Clairval Les Comtes","stop_desc":"AVENUE BERNARD LECACHE  MARSEILLE 13011","zone_id":null,"stop_url":null,"location_type":"0","parent_station":null,"stop_timezone":null,"wheelchair_boarding":"2"}},{"type":"Feature","geometry":{"type":"Point","coordinates":[5.382209,43.255482]},"properties":{"stop_id":"RTM-00001918","stop_code":"00001918","stop_name":"Clot Bey Leau","stop_desc":null,"zone_id":null,"stop_url":null,"location_type":"0","parent_station":null,"stop_timezone":null,"wheelchair_boarding":"2"}},{"type":"Feature","geometry":{"type":"Point","coordinates":[5.384393,43.311344]},"properties":{"stop_id":"RTM-00000456","stop_code":"00000456","stop_name":"Clovis Hugues","stop_desc":null,"zone_id":null,"stop_url":null,"location_type":"0","parent_station":null,"stop_timezone":null,"wheelchair_boarding":"1"}},{"type":"Feature","geometry":{"type":"Point","coordinates":[5.35839379,43.28751117]},"properties":{"stop_id":"RTM-00004194","stop_code":"00004194","stop_name":"Codaccioni","stop_desc":null,"zone_id":null,"stop_url":null,"location_type":"0","parent_station":null,"stop_timezone":null,"wheelchair_boarding":"2"}},{"type":"Feature","geometry":{"type":"Point","coordinates":[5.374338,43.3003195]},"properties":{"stop_id":"RTM-00002284","stop_code":"00002284","stop_name":"Colbert","stop_desc":null,"zone_id":null,"stop_url":null,"location_type":"0","parent_station":null,"stop_timezone":null,"wheelchair_boarding":"2"}},{"type":"Feature","geometry":{"type":"Point","coordinates":[5.374398,43.3002955]},"properties":{"stop_id":"RTM-00002299","stop_code":"00002299","stop_name":"Colbert","stop_desc":null,"zone_id":null,"stop_url":null,"location_type":"0","parent_station":null,"stop_timezone":null,"wheelchair_boarding":"2"}},{"type":"Feature","geometry":{"type":"Point","coordinates":[5.455356,43.299437]},"properties":{"stop_id":"RTM-00001244","stop_code":"00001244","stop_name":"Collet des Comtes","stop_desc":null,"zone_id":null,"stop_url":null,"location_type":"0","parent_station":null,"stop_timezone":null,"wheelchair_boarding":"2"}},{"type":"Feature","geometry":{"type":"Point","coordinates":[5.347685,43.343337]},"properties":{"stop_id":"RTM-00000247","stop_code":"00000247","stop_name":"Coll\u00e8ge Arthur Rimbaud","stop_desc":"284 CHEMIN DU LITTORAL  MARSEILLE 13015","zone_id":null,"stop_url":null,"location_type":"0","parent_station":null,"stop_timezone":null,"wheelchair_boarding":"2"}},{"type":"Feature","geometry":{"type":"Point","coordinates":[5.389422,43.298832]},"properties":{"stop_id":"RTM-00002865","stop_code":"00002865","stop_name":"Coll\u00e8ge Chape","stop_desc":"COURS FRANKLIN ROOSEVELT  MARSEILLE 13004","zone_id":null,"stop_url":null,"location_type":"0","parent_station":null,"stop_timezone":null,"wheelchair_boarding":"2"}},{"type":"Feature","geometry":{"type":"Point","coordinates":[5.471187,43.286344]},"properties":{"stop_id":"RTM-00001375","stop_code":"00001375","stop_name":"Coll\u00e8ge Ch\u00e2teau Forbin","stop_desc":null,"zone_id":null,"stop_url":null,"location_type":"0","parent_station":null,"stop_timezone":null,"wheelchair_boarding":"1"}},{"type":"Feature","geometry":{"type":"Point","coordinates":[5.398932,43.304781]},"properties":{"stop_id":"RTM-00002592","stop_code":"00002592","stop_name":"Coll\u00e8ge des Chartreux","stop_desc":null,"zone_id":null,"stop_url":null,"location_type":"0","parent_station":null,"stop_timezone":null,"wheelchair_boarding":"1"}},{"type":"Feature","geometry":{"type":"Point","coordinates":[5.398718,43.333635]},"properties":{"stop_id":"RTM-00000361","stop_code":"00000361","stop_name":"Coll\u00e8ge Edouard Manet","stop_desc":null,"zone_id":null,"stop_url":null,"location_type":"0","parent_station":null,"stop_timezone":null,"wheelchair_boarding":"2"}},{"type":"Feature","geometry":{"type":"Point","coordinates":[5.4196975,43.2636938]},"properties":{"stop_id":"RTM-00004167","stop_code":"00004167","stop_name":"Coll\u00e8ge Gyptis","stop_desc":"R\u00c9SIDENCE FRONTENAC  MARSEILLE 13009","zone_id":null,"stop_url":null,"location_type":"0","parent_station":null,"stop_timezone":null,"wheelchair_boarding":"2"}},{"type":"Feature","geometry":{"type":"Point","coordinates":[5.488498,43.295419]},"properties":{"stop_id":"RTM-00003691","stop_code":"00003691","stop_name":"Coll\u00e8ge Le Ruissatel","stop_desc":"106 RUE DE L'AUDIENCE  MARSEILLE 13011","zone_id":null,"stop_url":null,"location_type":"0","parent_station":null,"stop_timezone":null,"wheelchair_boarding":"2"}},{"type":"Feature","geometry":{"type":"Point","coordinates":[5.437117,43.281318]},"properties":{"stop_id":"RTM-00001277","stop_code":"00001277","stop_name":"Coll\u00e8ge Les Bartavelles","stop_desc":"TRAVERSE DE LA VALBARELLE  MARSEILLE 13010","zone_id":null,"stop_url":null,"location_type":"0","parent_station":null,"stop_timezone":null,"wheelchair_boarding":"1"}},{"type":"Feature","geometry":{"type":"Point","coordinates":[5.445198,43.342523]},"properties":{"stop_id":"RTM-00003940","stop_code":"00003940","stop_name":"Coll\u00e8ge Malraux","stop_desc":"250 RUE ALBERT EINSTEIN  MARSEILLE 13013","zone_id":null,"stop_url":null,"location_type":"0","parent_station":null,"stop_timezone":null,"wheelchair_boarding":"1"}},{"type":"Feature","geometry":{"type":"Point","coordinates":[5.44529691,43.34321821]},"properties":{"stop_id":"RTM-00004077","stop_code":"00004077","stop_name":"Coll\u00e8ge Malraux","stop_desc":"pas de trottoir","zone_id":null,"stop_url":null,"location_type":"0","parent_station":null,"stop_timezone":null,"wheelchair_boarding":"2"}},{"type":"Feature","geometry":{"type":"Point","coordinates":[5.409854,43.268236]},"properties":{"stop_id":"RTM-00001643","stop_code":"00001643","stop_name":"Coll\u00e8ge Pasteur","stop_desc":null,"zone_id":null,"stop_url":null,"location_type":"0","parent_station":null,"stop_timezone":null,"wheelchair_boarding":"1"}},{"type":"Feature","geometry":{"type":"Point","coordinates":[5.409903,43.268363]},"properties":{"stop_id":"RTM-00001665","stop_code":"00001665","stop_name":"Coll\u00e8ge Pasteur","stop_desc":null,"zone_id":null,"stop_url":null,"location_type":"0","parent_station":null,"stop_timezone":null,"wheelchair_boarding":"1"}},{"type":"Feature","geometry":{"type":"Point","coordinates":[5.41660205,43.27713686]},"properties":{"stop_id":"RTM-00001591","stop_code":"00001591","stop_name":"Coll\u00e8ge Pont de Vivaux","stop_desc":null,"zone_id":null,"stop_url":null,"location_type":"0","parent_station":null,"stop_timezone":null,"wheelchair_boarding":"1"}},{"type":"Feature","geometry":{"type":"Point","coordinates":[5.397056,43.240925]},"properties":{"stop_id":"RTM-00001853","stop_code":"00001853","stop_name":"Coll\u00e8ge Roy d'Espagne","stop_desc":null,"zone_id":null,"stop_url":null,"location_type":"0","parent_station":null,"stop_timezone":null,"wheelchair_boarding":"2"}},{"type":"Feature","geometry":{"type":"Point","coordinates":[5.397203,43.241327]},"properties":{"stop_id":"RTM-00001870","stop_code":"00001870","stop_name":"Coll\u00e8ge Roy d'Espagne","stop_desc":null,"zone_id":null,"stop_url":null,"location_type":"0","parent_station":null,"stop_timezone":null,"wheelchair_boarding":"2"}},{"type":"Feature","geometry":{"type":"Point","coordinates":[5.396181,43.24161]},"properties":{"stop_id":"RTM-00003695","stop_code":"00003695","stop_name":"Coll\u00e8ge Roy d'Espagne","stop_desc":null,"zone_id":null,"stop_url":null,"location_type":"0","parent_station":null,"stop_timezone":null,"wheelchair_boarding":"1"}},{"type":"Feature","geometry":{"type":"Point","coordinates":[5.36497,43.371774]},"properties":{"stop_id":"RTM-00004001","stop_code":"00004001","stop_name":"Coll\u00e8ge Vallon des Pins","stop_desc":null,"zone_id":null,"stop_url":null,"location_type":"0","parent_station":null,"stop_timezone":null,"wheelchair_boarding":"1"}},{"type":"Feature","geometry":{"type":"Point","coordinates":[5.36520494,43.37217605]},"properties":{"stop_id":"RTM-00004470","stop_code":"00004470","stop_name":"Coll\u00e8ge Vallon des Pins","stop_desc":null,"zone_id":null,"stop_url":null,"location_type":"0","parent_station":null,"stop_timezone":null,"wheelchair_boarding":"2"}},{"type":"Feature","geometry":{"type":"Point","coordinates":[5.463579,43.337272]},"properties":{"stop_id":"RTM-00004740","stop_code":"00004740","stop_name":"Coll\u00e8ge Yves Montand","stop_desc":null,"zone_id":null,"stop_url":null,"location_type":"0","parent_station":null,"stop_timezone":null,"wheelchair_boarding":"2"}},{"type":"Feature","geometry":{"type":"Point","coordinates":[5.407547,43.327386]},"properties":{"stop_id":"RTM-00000343","stop_code":"00000343","stop_name":"Coll\u00e8ges Renoir Rostand","stop_desc":null,"zone_id":null,"stop_url":null,"location_type":"0","parent_station":null,"stop_timezone":null,"wheelchair_boarding":"2"}},{"type":"Feature","geometry":{"type":"Point","coordinates":[5.407404,43.327686]},"properties":{"stop_id":"RTM-00000355","stop_code":"00000355","stop_name":"Coll\u00e8ges Renoir Rostand","stop_desc":null,"zone_id":null,"stop_url":null,"location_type":"0","parent_station":null,"stop_timezone":null,"wheelchair_boarding":"2"}},{"type":"Feature","geometry":{"type":"Point","coordinates":[5.36749184,43.39240714]},"properties":{"stop_id":"RTM-00004283","stop_code":"00004283","stop_name":"Commissariat","stop_desc":"CHEMIN DE LA ROUGIERE  SEPT\u00c8MES-LES-VALLONS 13240","zone_id":null,"stop_url":null,"location_type":"0","parent_station":null,"stop_timezone":null,"wheelchair_boarding":"2"}},{"type":"Feature","geometry":{"type":"Point","coordinates":[5.433636,43.318934]},"properties":{"stop_id":"RTM-00000765","stop_code":"00000765","stop_name":"Compadieu","stop_desc":"AVENUE JEAN COMPADIEU  MARSEILLE 13012","zone_id":null,"stop_url":null,"location_type":"0","parent_station":null,"stop_timezone":null,"wheelchair_boarding":"1"}},{"type":"Feature","geometry":{"type":"Point","coordinates":[5.429525,43.318524]},"properties":{"stop_id":"RTM-00000790","stop_code":"00000790","stop_name":"Compostelle Aiguillette","stop_desc":null,"zone_id":null,"stop_url":null,"location_type":"0","parent_station":null,"stop_timezone":null,"wheelchair_boarding":"2"}},{"type":"Feature","geometry":{"type":"Point","coordinates":[5.447266,43.31566]},"properties":{"stop_id":"RTM-00000888","stop_code":"00000888","stop_name":"Comtesse Clinique","stop_desc":null,"zone_id":null,"stop_url":null,"location_type":"0","parent_station":null,"stop_timezone":null,"wheelchair_boarding":"1"}},{"type":"Feature","geometry":{"type":"Point","coordinates":[5.447245,43.317385]},"properties":{"stop_id":"RTM-00000887","stop_code":"00000887","stop_name":"Comtesse Rampal","stop_desc":null,"zone_id":null,"stop_url":null,"location_type":"0","parent_station":null,"stop_timezone":null,"wheelchair_boarding":"2"}},{"type":"Feature","geometry":{"type":"Point","coordinates":[5.403009,43.250169]},"properties":{"stop_id":"RTM-00001978","stop_code":"00001978","stop_name":"Concorde Ob\u00e9lisque","stop_desc":null,"zone_id":null,"stop_url":null,"location_type":"0","parent_station":null,"stop_timezone":null,"wheelchair_boarding":"2"}},{"type":"Feature","geometry":{"type":"Point","coordinates":[5.403259,43.250316]},"properties":{"stop_id":"RTM-00001992","stop_code":"00001992","stop_name":"Concorde Ob\u00e9lisque","stop_desc":null,"zone_id":null,"stop_url":null,"location_type":"0","parent_station":null,"stop_timezone":null,"wheelchair_boarding":"2"}},{"type":"Feature","geometry":{"type":"Point","coordinates":[5.338898,43.357814]},"properties":{"stop_id":"RTM-00000295","stop_code":"00000295","stop_name":"Condorcet Picaron","stop_desc":null,"zone_id":null,"stop_url":null,"location_type":"0","parent_station":null,"stop_timezone":null,"wheelchair_boarding":"1"}},{"type":"Feature","geometry":{"type":"Point","coordinates":[5.350441,43.350647]},"properties":{"stop_id":"RTM-00000294","stop_code":"00000294","stop_name":"Consolat","stop_desc":null,"zone_id":null,"stop_url":null,"location_type":"0","parent_station":null,"stop_timezone":null,"wheelchair_boarding":"2"}},{"type":"Feature","geometry":{"type":"Point","coordinates":[5.354199,43.289064]},"properties":{"stop_id":"RTM-00002056","stop_code":"00002056","stop_name":"Corniche Dessemond","stop_desc":"CORNICHE PR\u00c9SIDENT JOHN F. KENNEDY  MARSEILLE 13007","zone_id":null,"stop_url":null,"location_type":"0","parent_station":null,"stop_timezone":null,"wheelchair_boarding":"1"}},{"type":"Feature","geometry":{"type":"Point","coordinates":[5.370017,43.268885]},"properties":{"stop_id":"RTM-00002073","stop_code":"00002073","stop_name":"Corniche Talabot","stop_desc":null,"zone_id":null,"stop_url":null,"location_type":"0","parent_station":null,"stop_timezone":null,"wheelchair_boarding":"1"}},{"type":"Feature","geometry":{"type":"Point","coordinates":[5.3962459,43.32676565]},"properties":{"stop_id":"RTM-00001152","stop_code":"00001152","stop_name":"Corot Monet","stop_desc":null,"zone_id":null,"stop_url":null,"location_type":"0","parent_station":null,"stop_timezone":null,"wheelchair_boarding":"1"}},{"type":"Feature","geometry":{"type":"Point","coordinates":[5.362842,43.289179]},"properties":{"stop_id":"RTM-00001401","stop_code":"00001401","stop_name":"Corse D'Aurelle","stop_desc":null,"zone_id":null,"stop_url":null,"location_type":"0","parent_station":null,"stop_timezone":null,"wheelchair_boarding":"2"}},{"type":"Feature","geometry":{"type":"Point","coordinates":[5.38695855,43.28970084]},"properties":{"stop_id":"RTM-00004789","stop_code":"00004789","stop_name":"Cours Bastide","stop_desc":null,"zone_id":null,"stop_url":null,"location_type":"0","parent_station":null,"stop_timezone":null,"wheelchair_boarding":"2"}},{"type":"Feature","geometry":{"type":"Point","coordinates":[5.378159,43.29594]},"properties":{"stop_id":"RTM-00004133","stop_code":"00004133","stop_name":"Cours Saint-Louis","stop_desc":null,"zone_id":null,"stop_url":null,"location_type":"0","parent_station":null,"stop_timezone":null,"wheelchair_boarding":"1"}},{"type":"Feature","geometry":{"type":"Point","coordinates":[5.380147,43.345921]},"properties":{"stop_id":"RTM-00000127","stop_code":"00000127","stop_name":"Coxe Mairie 13-14","stop_desc":null,"zone_id":null,"stop_url":null,"location_type":"0","parent_station":null,"stop_timezone":null,"wheelchair_boarding":"1"}},{"type":"Feature","geometry":{"type":"Point","coordinates":[5.381671,43.310648]},"properties":{"stop_id":"RTM-00000457","stop_code":"00000457","stop_name":"Cristofol Auzias","stop_desc":null,"zone_id":null,"stop_url":null,"location_type":"0","parent_station":null,"stop_timezone":null,"wheelchair_boarding":"2"}},{"type":"Feature","geometry":{"type":"Point","coordinates":[5.31338,43.368075]},"properties":{"stop_id":"RTM-00003566","stop_code":"00003566","stop_name":"C\u00e9zanne Marinier","stop_desc":null,"zone_id":null,"stop_url":null,"location_type":"0","parent_station":null,"stop_timezone":null,"wheelchair_boarding":"2"}},{"type":"Feature","geometry":{"type":"Point","coordinates":[5.408459,43.319162]},"properties":{"stop_id":"RTM-00001106","stop_code":"00001106","stop_name":"Daudet St Just","stop_desc":null,"zone_id":null,"stop_url":null,"location_type":"0","parent_station":null,"stop_timezone":null,"wheelchair_boarding":"1"}},{"type":"Feature","geometry":{"type":"Point","coordinates":[5.373777,43.320807]},"properties":{"stop_id":"RTM-00000488","stop_code":"00000488","stop_name":"De Lesseps Casanova","stop_desc":null,"zone_id":null,"stop_url":null,"location_type":"0","parent_station":null,"stop_timezone":null,"wheelchair_boarding":"2"}},{"type":"Feature","geometry":{"type":"Point","coordinates":[5.374338,43.320675]},"properties":{"stop_id":"RTM-00002011","stop_code":"00002011","stop_name":"De Lesseps Pyat","stop_desc":null,"zone_id":null,"stop_url":null,"location_type":"0","parent_station":null,"stop_timezone":null,"wheelchair_boarding":"2"}},{"type":"Feature","geometry":{"type":"Point","coordinates":[5.444461,43.337055]},"properties":{"stop_id":"RTM-00003633","stop_code":"00003633","stop_name":"De Roux Bohr","stop_desc":"pas de trottoir","zone_id":null,"stop_url":null,"location_type":"0","parent_station":null,"stop_timezone":null,"wheelchair_boarding":"2"}},{"type":"Feature","geometry":{"type":"Point","coordinates":[5.44450639,43.33718362]},"properties":{"stop_id":"RTM-00004654","stop_code":"00004654","stop_name":"De Roux Bohr","stop_desc":null,"zone_id":null,"stop_url":null,"location_type":"0","parent_station":null,"stop_timezone":null,"wheelchair_boarding":"2"}},{"type":"Feature","geometry":{"type":"Point","coordinates":[5.411816,43.280807]},"properties":{"stop_id":"RTM-00001589","stop_code":"00001589","stop_name":"Del Bello Aub\u00e9pine","stop_desc":"RUE ANTOINE DEL BELLO FAMILLE MASCOLO  MARSEILLE 13010","zone_id":null,"stop_url":null,"location_type":"0","parent_station":null,"stop_timezone":null,"wheelchair_boarding":"1"}},{"type":"Feature","geometry":{"type":"Point","coordinates":[5.35848041,43.33350439]},"properties":{"stop_id":"RTM-00000496","stop_code":"00000496","stop_name":"Demandolx","stop_desc":null,"zone_id":null,"stop_url":null,"location_type":"0","parent_station":null,"stop_timezone":null,"wheelchair_boarding":"2"}},{"type":"Feature","geometry":{"type":"Point","coordinates":[5.400644,43.303332]},"properties":{"stop_id":"RTM-00000806","stop_code":"00000806","stop_name":"Duparc Blancarde","stop_desc":null,"zone_id":null,"stop_url":null,"location_type":"0","parent_station":null,"stop_timezone":null,"wheelchair_boarding":"1"}},{"type":"Feature","geometry":{"type":"Point","coordinates":[5.431727,43.339847]},"properties":{"stop_id":"RTM-00001112","stop_code":"00001112","stop_name":"D\u00e9p\u00f4t La Rose","stop_desc":"RUE PAUL LANGEVIN  MARSEILLE 13013","zone_id":null,"stop_url":null,"location_type":"0","parent_station":null,"stop_timezone":null,"wheelchair_boarding":"2"}},{"type":"Feature","geometry":{"type":"Point","coordinates":[5.353562,43.402616]},"properties":{"stop_id":"RTM-00002961","stop_code":"00002961","stop_name":"Ecole Castors Isabella","stop_desc":null,"zone_id":null,"stop_url":null,"location_type":"0","parent_station":null,"stop_timezone":null,"wheelchair_boarding":"2"}},{"type":"Feature","geometry":{"type":"Point","coordinates":[5.352755,43.283053]},"properties":{"stop_id":"RTM-00001547","stop_code":"00001547","stop_name":"Eglise d'Endoume","stop_desc":"TAD 59","zone_id":null,"stop_url":null,"location_type":"0","parent_station":null,"stop_timezone":null,"wheelchair_boarding":"2"}},{"type":"Feature","geometry":{"type":"Point","coordinates":[5.36462683,43.28725813]},"properties":{"stop_id":"RTM-00001477","stop_code":"00001477","stop_name":"Endoume Tadd\u00e9i","stop_desc":"TAD 59","zone_id":null,"stop_url":null,"location_type":"0","parent_station":null,"stop_timezone":null,"wheelchair_boarding":"2"}},{"type":"Feature","geometry":{"type":"Point","coordinates":[5.365452,43.239023]},"properties":{"stop_id":"RTM-00001713","stop_code":"00001713","stop_name":"Engali\u00e8re","stop_desc":null,"zone_id":null,"stop_url":null,"location_type":"0","parent_station":null,"stop_timezone":null,"wheelchair_boarding":"2"}},{"type":"Feature","geometry":{"type":"Point","coordinates":[5.373902,43.238644]},"properties":{"stop_id":"RTM-00002783","stop_code":"00002783","stop_name":"ENSM","stop_desc":null,"zone_id":null,"stop_url":null,"location_type":"0","parent_station":null,"stop_timezone":null,"wheelchair_boarding":"2"}},{"type":"Feature","geometry":{"type":"Point","coordinates":[5.526175,43.301307]},"properties":{"stop_id":"RTM-00001185","stop_code":"00001185","stop_name":"Eoures","stop_desc":null,"zone_id":null,"stop_url":null,"location_type":"0","parent_station":null,"stop_timezone":null,"wheelchair_boarding":"2"}},{"type":"Feature","geometry":{"type":"Point","coordinates":[5.518529,43.300445]},"properties":{"stop_id":"RTM-00001182","stop_code":"00001182","stop_name":"Eoures Notre Dame","stop_desc":null,"zone_id":null,"stop_url":null,"location_type":"0","parent_station":null,"stop_timezone":null,"wheelchair_boarding":"2"}},{"type":"Feature","geometry":{"type":"Point","coordinates":[5.521172,43.301191]},"properties":{"stop_id":"RTM-00001183","stop_code":"00001183","stop_name":"Eoures Village","stop_desc":"36 BOULEVARD NOTRE-DAME  MARSEILLE 13011","zone_id":null,"stop_url":null,"location_type":"0","parent_station":null,"stop_timezone":null,"wheelchair_boarding":"2"}},{"type":"Feature","geometry":{"type":"Point","coordinates":[5.3765345,43.25518742]},"properties":{"stop_id":"RTM-00001730","stop_code":"00001730","stop_name":"Escale Bor\u00e9ly","stop_desc":null,"zone_id":null,"stop_url":null,"location_type":"0","parent_station":null,"stop_timezone":null,"wheelchair_boarding":"1"}},{"type":"Feature","geometry":{"type":"Point","coordinates":[5.37678838,43.25458023]},"properties":{"stop_id":"RTM-00002770","stop_code":"00002770","stop_name":"Escale Bor\u00e9ly","stop_desc":null,"zone_id":null,"stop_url":null,"location_type":"0","parent_station":null,"stop_timezone":null,"wheelchair_boarding":"2"}},{"type":"Feature","geometry":{"type":"Point","coordinates":[5.370793,43.285169]},"properties":{"stop_id":"RTM-00001468","stop_code":"00001468","stop_name":"Escalier Notre Dame","stop_desc":"TAD 59","zone_id":null,"stop_url":null,"location_type":"0","parent_station":null,"stop_timezone":null,"wheelchair_boarding":"2"}},{"type":"Feature","geometry":{"type":"Point","coordinates":[5.309938,43.362064]},"properties":{"stop_id":"RTM-00000261","stop_code":"00000261","stop_name":"Espace Mistral","stop_desc":"nom sur abri. manque n95 poto","zone_id":null,"stop_url":null,"location_type":"0","parent_station":null,"stop_timezone":null,"wheelchair_boarding":"2"}},{"type":"Feature","geometry":{"type":"Point","coordinates":[5.46971716,43.33071775]},"properties":{"stop_id":"RTM-00004528","stop_code":"00004528","stop_name":"Esprit Julien","stop_desc":"TAD 65 \/ SCO 2022","zone_id":null,"stop_url":null,"location_type":"0","parent_station":null,"stop_timezone":null,"wheelchair_boarding":"2"}},{"type":"Feature","geometry":{"type":"Point","coordinates":[5.46977108,43.33080274]},"properties":{"stop_id":"RTM-00004537","stop_code":"00004537","stop_name":"Esprit Julien","stop_desc":"TAD 65 \/ SCO 2022","zone_id":null,"stop_url":null,"location_type":"0","parent_station":null,"stop_timezone":null,"wheelchair_boarding":"2"}},{"type":"Feature","geometry":{"type":"Point","coordinates":[5.378027,43.290329]},"properties":{"stop_id":"RTM-00002301","stop_code":"00002301","stop_name":"Estrangin","stop_desc":null,"zone_id":null,"stop_url":null,"location_type":"0","parent_station":null,"stop_timezone":null,"wheelchair_boarding":"2"}},{"type":"Feature","geometry":{"type":"Point","coordinates":[5.370157,43.27647]},"properties":{"stop_id":"RTM-00001504","stop_code":"00001504","stop_name":"Estrangin C\u00e9lina","stop_desc":"RUE C\u00c9LINA  MARSEILLE 13007","zone_id":null,"stop_url":null,"location_type":"0","parent_station":null,"stop_timezone":null,"wheelchair_boarding":"2"}},{"type":"Feature","geometry":{"type":"Point","coordinates":[5.36812687,43.27910681]},"properties":{"stop_id":"RTM-00001511","stop_code":"00001511","stop_name":"Estrangin Roucas","stop_desc":"TAD 59","zone_id":null,"stop_url":null,"location_type":"0","parent_station":null,"stop_timezone":null,"wheelchair_boarding":"2"}},{"type":"Feature","geometry":{"type":"Point","coordinates":[5.389714,43.295118]},"properties":{"stop_id":"RTM-00003411","stop_code":"00003411","stop_name":"Eug\u00e8ne Pierre","stop_desc":null,"zone_id":null,"stop_url":null,"location_type":"0","parent_station":null,"stop_timezone":null,"wheelchair_boarding":"1"}},{"type":"Feature","geometry":{"type":"Point","coordinates":[5.368196,43.308679]},"properties":{"stop_id":"RTM-00003281","stop_code":"00003281","stop_name":"Eurom\u00e9diterran\u00e9e Le Silo","stop_desc":null,"zone_id":null,"stop_url":null,"location_type":"0","parent_station":null,"stop_timezone":null,"wheelchair_boarding":"1"}},{"type":"Feature","geometry":{"type":"Point","coordinates":[5.360479,43.37734]},"properties":{"stop_id":"RTM-00003988","stop_code":"00003988","stop_name":"Facult\u00e9 de M\u00e9decine","stop_desc":null,"zone_id":null,"stop_url":null,"location_type":"0","parent_station":null,"stop_timezone":null,"wheelchair_boarding":"2"}},{"type":"Feature","geometry":{"type":"Point","coordinates":[5.352626,43.280605]},"properties":{"stop_id":"RTM-00002061","stop_code":"00002061","stop_name":"Fausse Monnaie","stop_desc":null,"zone_id":null,"stop_url":null,"location_type":"0","parent_station":null,"stop_timezone":null,"wheelchair_boarding":"1"}},{"type":"Feature","geometry":{"type":"Point","coordinates":[5.319496,43.358322]},"properties":{"stop_id":"RTM-00003894","stop_code":"00003894","stop_name":"Fenouil Cerisier","stop_desc":null,"zone_id":null,"stop_url":null,"location_type":"0","parent_station":null,"stop_timezone":null,"wheelchair_boarding":"2"}},{"type":"Feature","geometry":{"type":"Point","coordinates":[5.320204,43.360917]},"properties":{"stop_id":"RTM-00002109","stop_code":"00002109","stop_name":"Fenouil Ecoles","stop_desc":null,"zone_id":null,"stop_url":null,"location_type":"0","parent_station":null,"stop_timezone":null,"wheelchair_boarding":"2"}},{"type":"Feature","geometry":{"type":"Point","coordinates":[5.32082677,43.36243864]},"properties":{"stop_id":"RTM-00003890","stop_code":"00003890","stop_name":"Fenouil Le Pelletier","stop_desc":null,"zone_id":null,"stop_url":null,"location_type":"0","parent_station":null,"stop_timezone":null,"wheelchair_boarding":"2"}},{"type":"Feature","geometry":{"type":"Point","coordinates":[5.45299682,43.31172828]},"properties":{"stop_id":"RTM-00000827","stop_code":"00000827","stop_name":"Fernandel Diable","stop_desc":null,"zone_id":null,"stop_url":null,"location_type":"0","parent_station":null,"stop_timezone":null,"wheelchair_boarding":"2"}},{"type":"Feature","geometry":{"type":"Point","coordinates":[5.45289918,43.31190735]},"properties":{"stop_id":"RTM-00000842","stop_code":"00000842","stop_name":"Fernandel Diable","stop_desc":null,"zone_id":null,"stop_url":null,"location_type":"0","parent_station":null,"stop_timezone":null,"wheelchair_boarding":"2"}},{"type":"Feature","geometry":{"type":"Point","coordinates":[5.449698,43.312294]},"properties":{"stop_id":"RTM-00000826","stop_code":"00000826","stop_name":"Fernandel Maroc","stop_desc":null,"zone_id":null,"stop_url":null,"location_type":"0","parent_station":null,"stop_timezone":null,"wheelchair_boarding":"2"}},{"type":"Feature","geometry":{"type":"Point","coordinates":[5.412602,43.279078]},"properties":{"stop_id":"RTM-00001270","stop_code":"00001270","stop_name":"Fifi Turin","stop_desc":null,"zone_id":null,"stop_url":null,"location_type":"0","parent_station":null,"stop_timezone":null,"wheelchair_boarding":"2"}},{"type":"Feature","geometry":{"type":"Point","coordinates":[5.309355,43.363469]},"properties":{"stop_id":"RTM-00000307","stop_code":"00000307","stop_name":"Fillat Falaise","stop_desc":null,"zone_id":null,"stop_url":null,"location_type":"0","parent_station":null,"stop_timezone":null,"wheelchair_boarding":"2"}},{"type":"Feature","geometry":{"type":"Point","coordinates":[5.383328,43.333036]},"properties":{"stop_id":"RTM-00000542","stop_code":"00000542","stop_name":"Finat Duclos","stop_desc":null,"zone_id":null,"stop_url":null,"location_type":"0","parent_station":null,"stop_timezone":null,"wheelchair_boarding":"2"}},{"type":"Feature","geometry":{"type":"Point","coordinates":[5.382664,43.33238]},"properties":{"stop_id":"RTM-00000549","stop_code":"00000549","stop_name":"Finat Duclos","stop_desc":null,"zone_id":null,"stop_url":null,"location_type":"0","parent_station":null,"stop_timezone":null,"wheelchair_boarding":"2"}},{"type":"Feature","geometry":{"type":"Point","coordinates":[5.388447,43.304191]},"properties":{"stop_id":"RTM-00000472","stop_code":"00000472","stop_name":"Flammarion Isoard","stop_desc":"24 BOULEVARD CAMILLE FLAMMARION  MARSEILLE 13001","zone_id":null,"stop_url":null,"location_type":"0","parent_station":null,"stop_timezone":null,"wheelchair_boarding":"2"}},{"type":"Feature","geometry":{"type":"Point","coordinates":[5.394394,43.241246]},"properties":{"stop_id":"RTM-00003693","stop_code":"00003693","stop_name":"Floralia","stop_desc":null,"zone_id":null,"stop_url":null,"location_type":"0","parent_station":null,"stop_timezone":null,"wheelchair_boarding":"1"}},{"type":"Feature","geometry":{"type":"Point","coordinates":[5.394272,43.241366]},"properties":{"stop_id":"RTM-00003696","stop_code":"00003696","stop_name":"Floralia","stop_desc":null,"zone_id":null,"stop_url":null,"location_type":"0","parent_station":null,"stop_timezone":null,"wheelchair_boarding":"1"}},{"type":"Feature","geometry":{"type":"Point","coordinates":[5.38964154,43.24510906]},"properties":{"stop_id":"RTM-00002925","stop_code":"00002925","stop_name":"Floralia Chiapale","stop_desc":null,"zone_id":null,"stop_url":null,"location_type":"0","parent_station":null,"stop_timezone":null,"wheelchair_boarding":"2"}},{"type":"Feature","geometry":{"type":"Point","coordinates":[5.389748,43.245156]},"properties":{"stop_id":"RTM-00002929","stop_code":"00002929","stop_name":"Floralia Chiapale","stop_desc":"RUE FLORALIA  MARSEILLE 13008","zone_id":null,"stop_url":null,"location_type":"0","parent_station":null,"stop_timezone":null,"wheelchair_boarding":"2"}},{"type":"Feature","geometry":{"type":"Point","coordinates":[5.39215748,43.24344432]},"properties":{"stop_id":"RTM-00002928","stop_code":"00002928","stop_name":"Floralia Le M\u00e9e","stop_desc":null,"zone_id":null,"stop_url":null,"location_type":"0","parent_station":null,"stop_timezone":null,"wheelchair_boarding":"2"}},{"type":"Feature","geometry":{"type":"Point","coordinates":[5.397687,43.301969]},"properties":{"stop_id":"RTM-00003133","stop_code":"00003133","stop_name":"Foch 5 Avenues","stop_desc":"4 AVENUE DU MAR\u00c9CHAL FOCH  MARSEILLE 13004","zone_id":null,"stop_url":null,"location_type":"0","parent_station":null,"stop_timezone":null,"wheelchair_boarding":"1"}},{"type":"Feature","geometry":{"type":"Point","coordinates":[5.397497,43.302095]},"properties":{"stop_id":"RTM-00003349","stop_code":"00003349","stop_name":"Foch 5 Avenues","stop_desc":"m\u00eame abris que le 3527","zone_id":null,"stop_url":null,"location_type":"0","parent_station":null,"stop_timezone":null,"wheelchair_boarding":"2"}},{"type":"Feature","geometry":{"type":"Point","coordinates":[5.397496,43.302091]},"properties":{"stop_id":"RTM-00003527","stop_code":"00003527","stop_name":"Foch 5 Avenues","stop_desc":"d\u00e9part foch 5 avenue ligne 6","zone_id":null,"stop_url":null,"location_type":"0","parent_station":null,"stop_timezone":null,"wheelchair_boarding":"1"}},{"type":"Feature","geometry":{"type":"Point","coordinates":[5.403308,43.298167]},"properties":{"stop_id":"RTM-00003265","stop_code":"00003265","stop_name":"Foch Boisson","stop_desc":null,"zone_id":null,"stop_url":null,"location_type":"0","parent_station":null,"stop_timezone":null,"wheelchair_boarding":"1"}},{"type":"Feature","geometry":{"type":"Point","coordinates":[5.400062,43.300277]},"properties":{"stop_id":"RTM-00003222","stop_code":"00003222","stop_name":"Foch Sakakini","stop_desc":null,"zone_id":null,"stop_url":null,"location_type":"0","parent_station":null,"stop_timezone":null,"wheelchair_boarding":"1"}},{"type":"Feature","geometry":{"type":"Point","coordinates":[5.445551,43.292775]},"properties":{"stop_id":"RTM-00001204","stop_code":"00001204","stop_name":"Follereau La Pomme","stop_desc":null,"zone_id":null,"stop_url":null,"location_type":"0","parent_station":null,"stop_timezone":null,"wheelchair_boarding":"2"}},{"type":"Feature","geometry":{"type":"Point","coordinates":[5.445034,43.323605]},"properties":{"stop_id":"RTM-00000621","stop_code":"00000621","stop_name":"Fondacle","stop_desc":null,"zone_id":null,"stop_url":null,"location_type":"0","parent_station":null,"stop_timezone":null,"wheelchair_boarding":"2"}},{"type":"Feature","geometry":{"type":"Point","coordinates":[5.445521,43.32357]},"properties":{"stop_id":"RTM-00000658","stop_code":"00000658","stop_name":"Fondacle","stop_desc":null,"zone_id":null,"stop_url":null,"location_type":"0","parent_station":null,"stop_timezone":null,"wheelchair_boarding":"2"}},{"type":"Feature","geometry":{"type":"Point","coordinates":[5.353884,43.365855]},"properties":{"stop_id":"RTM-00004181","stop_code":"00004181","stop_name":"Foresta","stop_desc":"AVENUE MILLIE MATHYS  MARSEILLE 13015","zone_id":null,"stop_url":null,"location_type":"0","parent_station":null,"stop_timezone":null,"wheelchair_boarding":"2"}},{"type":"Feature","geometry":{"type":"Point","coordinates":[5.3948,43.337686]},"properties":{"stop_id":"RTM-00000986","stop_code":"00000986","stop_name":"Forge Dolet","stop_desc":null,"zone_id":null,"stop_url":null,"location_type":"0","parent_station":null,"stop_timezone":null,"wheelchair_boarding":"2"}},{"type":"Feature","geometry":{"type":"Point","coordinates":[5.394328,43.337715]},"properties":{"stop_id":"RTM-00001004","stop_code":"00001004","stop_name":"Forge Dolet","stop_desc":null,"zone_id":null,"stop_url":null,"location_type":"0","parent_station":null,"stop_timezone":null,"wheelchair_boarding":"2"}},{"type":"Feature","geometry":{"type":"Point","coordinates":[5.374521,43.282885]},"properties":{"stop_id":"RTM-00001455","stop_code":"00001455","stop_name":"Fort du Sanctuaire","stop_desc":"TAD 59","zone_id":null,"stop_url":null,"location_type":"0","parent_station":null,"stop_timezone":null,"wheelchair_boarding":"2"}},{"type":"Feature","geometry":{"type":"Point","coordinates":[5.372824,43.284031]},"properties":{"stop_id":"RTM-00001464","stop_code":"00001464","stop_name":"Fort du Sanctuaire Notre Dame","stop_desc":"TAD 59","zone_id":null,"stop_url":null,"location_type":"0","parent_station":null,"stop_timezone":null,"wheelchair_boarding":"2"}},{"type":"Feature","geometry":{"type":"Point","coordinates":[5.435666,43.324397]},"properties":{"stop_id":"RTM-00000780","stop_code":"00000780","stop_name":"Frais Vallon Les Roses","stop_desc":null,"zone_id":null,"stop_url":null,"location_type":"0","parent_station":null,"stop_timezone":null,"wheelchair_boarding":"2"}},{"type":"Feature","geometry":{"type":"Point","coordinates":[5.321648,43.3626]},"properties":{"stop_id":"RTM-00000301","stop_code":"00000301","stop_name":"Gare de L'Estaque","stop_desc":null,"zone_id":null,"stop_url":null,"location_type":"0","parent_station":null,"stop_timezone":null,"wheelchair_boarding":"2"}},{"type":"Feature","geometry":{"type":"Point","coordinates":[5.48282136,43.28588462]},"properties":{"stop_id":"RTM-00004670","stop_code":"00004670","stop_name":"Gare de la Barasse","stop_desc":null,"zone_id":null,"stop_url":null,"location_type":"0","parent_station":null,"stop_timezone":null,"wheelchair_boarding":"2"}},{"type":"Feature","geometry":{"type":"Point","coordinates":[5.440004,43.290636]},"properties":{"stop_id":"RTM-00001206","stop_code":"00001206","stop_name":"Gare de la Pomme","stop_desc":null,"zone_id":null,"stop_url":null,"location_type":"0","parent_station":null,"stop_timezone":null,"wheelchair_boarding":"1"}},{"type":"Feature","geometry":{"type":"Point","coordinates":[5.43985,43.290455]},"properties":{"stop_id":"RTM-00003396","stop_code":"00003396","stop_name":"Gare de la Pomme","stop_desc":"BOULEVARD PIERRE M\u00c9NARD  MARSEILLE 13011","zone_id":null,"stop_url":null,"location_type":"0","parent_station":null,"stop_timezone":null,"wheelchair_boarding":"1"}},{"type":"Feature","geometry":{"type":"Point","coordinates":[5.35633133,43.36949732]},"properties":{"stop_id":"RTM-00004014","stop_code":"00004014","stop_name":"Gare de St Antoine","stop_desc":null,"zone_id":null,"stop_url":null,"location_type":"0","parent_station":null,"stop_timezone":null,"wheelchair_boarding":"1"}},{"type":"Feature","geometry":{"type":"Point","coordinates":[5.414365,43.312391]},"properties":{"stop_id":"RTM-00003739","stop_code":"00003739","stop_name":"Gavoty Gillet","stop_desc":null,"zone_id":null,"stop_url":null,"location_type":"0","parent_station":null,"stop_timezone":null,"wheelchair_boarding":"2"}},{"type":"Feature","geometry":{"type":"Point","coordinates":[5.374793,43.334491]},"properties":{"stop_id":"RTM-00000326","stop_code":"00000326","stop_name":"Gay Lussac","stop_desc":null,"zone_id":null,"stop_url":null,"location_type":"0","parent_station":null,"stop_timezone":null,"wheelchair_boarding":"2"}},{"type":"Feature","geometry":{"type":"Point","coordinates":[5.397439,43.295579]},"properties":{"stop_id":"RTM-00003414","stop_code":"00003414","stop_name":"George","stop_desc":null,"zone_id":null,"stop_url":null,"location_type":"0","parent_station":null,"stop_timezone":null,"wheelchair_boarding":"1"}},{"type":"Feature","geometry":{"type":"Point","coordinates":[5.397736,43.296479]},"properties":{"stop_id":"RTM-00003358","stop_code":"00003358","stop_name":"George Verdun","stop_desc":"RUE GEORGE  MARSEILLE 13005","zone_id":null,"stop_url":null,"location_type":"0","parent_station":null,"stop_timezone":null,"wheelchair_boarding":"1"}},{"type":"Feature","geometry":{"type":"Point","coordinates":[5.380425,43.320128]},"properties":{"stop_id":"RTM-00000556","stop_code":"00000556","stop_name":"Gibbes Bon Secours","stop_desc":"33 CHEMIN DE GIBBES  MARSEILLE 13014","zone_id":null,"stop_url":null,"location_type":"0","parent_station":null,"stop_timezone":null,"wheelchair_boarding":"2"}},{"type":"Feature","geometry":{"type":"Point","coordinates":[5.383861,43.326271]},"properties":{"stop_id":"RTM-00000537","stop_code":"00000537","stop_name":"Gibbes D'Artagnan","stop_desc":"180 CHEMIN DE GIBBES  MARSEILLE 13014","zone_id":null,"stop_url":null,"location_type":"0","parent_station":null,"stop_timezone":null,"wheelchair_boarding":"2"}},{"type":"Feature","geometry":{"type":"Point","coordinates":[5.38405046,43.32668791]},"properties":{"stop_id":"RTM-00000552","stop_code":"00000552","stop_name":"Gibbes D'Artagnan","stop_desc":"178 CHEMIN DE GIBBES  MARSEILLE 13014","zone_id":null,"stop_url":null,"location_type":"0","parent_station":null,"stop_timezone":null,"wheelchair_boarding":"2"}},{"type":"Feature","geometry":{"type":"Point","coordinates":[5.382286,43.324186]},"properties":{"stop_id":"RTM-00000536","stop_code":"00000536","stop_name":"Gibbes Moretti","stop_desc":null,"zone_id":null,"stop_url":null,"location_type":"0","parent_station":null,"stop_timezone":null,"wheelchair_boarding":"2"}},{"type":"Feature","geometry":{"type":"Point","coordinates":[5.382345,43.324463]},"properties":{"stop_id":"RTM-00000553","stop_code":"00000553","stop_name":"Gibbes Moretti","stop_desc":null,"zone_id":null,"stop_url":null,"location_type":"0","parent_station":null,"stop_timezone":null,"wheelchair_boarding":"2"}},{"type":"Feature","geometry":{"type":"Point","coordinates":[5.379431,43.319188]},"properties":{"stop_id":"RTM-00000557","stop_code":"00000557","stop_name":"Gibbes Plombi\u00e8res","stop_desc":null,"zone_id":null,"stop_url":null,"location_type":"0","parent_station":null,"stop_timezone":null,"wheelchair_boarding":"2"}},{"type":"Feature","geometry":{"type":"Point","coordinates":[5.380968,43.322326]},"properties":{"stop_id":"RTM-00004503","stop_code":"00004503","stop_name":"Gibbes St Gabriel","stop_desc":null,"zone_id":null,"stop_url":null,"location_type":"0","parent_station":null,"stop_timezone":null,"wheelchair_boarding":"2"}},{"type":"Feature","geometry":{"type":"Point","coordinates":[5.4584315,43.3436653]},"properties":{"stop_id":"RTM-00002201","stop_code":"00002201","stop_name":"Giono Lib\u00e9ration","stop_desc":null,"zone_id":null,"stop_url":null,"location_type":"0","parent_station":null,"stop_timezone":null,"wheelchair_boarding":"2"}},{"type":"Feature","geometry":{"type":"Point","coordinates":[5.458735,43.344067]},"properties":{"stop_id":"RTM-00004155","stop_code":"00004155","stop_name":"Giono Lib\u00e9ration","stop_desc":"AVENUE JEAN GIONO  PLAN-DE-CUQUES 13380","zone_id":null,"stop_url":null,"location_type":"0","parent_station":null,"stop_timezone":null,"wheelchair_boarding":"2"}},{"type":"Feature","geometry":{"type":"Point","coordinates":[5.45604806,43.34639193]},"properties":{"stop_id":"RTM-00004662","stop_code":"00004662","stop_name":"Giono Messidor","stop_desc":null,"zone_id":null,"stop_url":null,"location_type":"0","parent_station":null,"stop_timezone":null,"wheelchair_boarding":"2"}},{"type":"Feature","geometry":{"type":"Point","coordinates":[5.45716348,43.34609899]},"properties":{"stop_id":"RTM-00004668","stop_code":"00004668","stop_name":"Giono Messidor","stop_desc":null,"zone_id":null,"stop_url":null,"location_type":"0","parent_station":null,"stop_timezone":null,"wheelchair_boarding":"2"}},{"type":"Feature","geometry":{"type":"Point","coordinates":[5.47749187,43.3353631]},"properties":{"stop_id":"RTM-00004676","stop_code":"00004676","stop_name":"Giono Moulins","stop_desc":null,"zone_id":null,"stop_url":null,"location_type":"0","parent_station":null,"stop_timezone":null,"wheelchair_boarding":"2"}},{"type":"Feature","geometry":{"type":"Point","coordinates":[5.47740229,43.33527734]},"properties":{"stop_id":"RTM-00004684","stop_code":"00004684","stop_name":"Giono Moulins","stop_desc":null,"zone_id":null,"stop_url":null,"location_type":"0","parent_station":null,"stop_timezone":null,"wheelchair_boarding":"2"}},{"type":"Feature","geometry":{"type":"Point","coordinates":[5.486829,43.331851]},"properties":{"stop_id":"RTM-00003598","stop_code":"00003598","stop_name":"Giono Provence","stop_desc":null,"zone_id":null,"stop_url":null,"location_type":"0","parent_station":null,"stop_timezone":null,"wheelchair_boarding":"2"}},{"type":"Feature","geometry":{"type":"Point","coordinates":[5.492946,43.322328]},"properties":{"stop_id":"RTM-00003595","stop_code":"00003595","stop_name":"Golf d'Allauch","stop_desc":null,"zone_id":null,"stop_url":null,"location_type":"0","parent_station":null,"stop_timezone":null,"wheelchair_boarding":"2"}},{"type":"Feature","geometry":{"type":"Point","coordinates":[5.41475773,43.26129598]},"properties":{"stop_id":"RTM-00001893","stop_code":"00001893","stop_name":"Grand Pr\u00e9","stop_desc":"328 BOULEVARD DE SAINTE-MARGUERITE  MARSEILLE 13009","zone_id":null,"stop_url":null,"location_type":"0","parent_station":null,"stop_timezone":null,"wheelchair_boarding":"1"}},{"type":"Feature","geometry":{"type":"Point","coordinates":[5.362346,43.236593]},"properties":{"stop_id":"RTM-00001714","stop_code":"00001714","stop_name":"Grotte Rolland","stop_desc":null,"zone_id":null,"stop_url":null,"location_type":"0","parent_station":null,"stop_timezone":null,"wheelchair_boarding":"2"}},{"type":"Feature","geometry":{"type":"Point","coordinates":[5.433362,43.351496]},"properties":{"stop_id":"RTM-00000703","stop_code":"00000703","stop_name":"Grottes Loubi\u00e8re","stop_desc":null,"zone_id":null,"stop_url":null,"location_type":"0","parent_station":null,"stop_timezone":null,"wheelchair_boarding":"2"}},{"type":"Feature","geometry":{"type":"Point","coordinates":[5.385463,43.331202]},"properties":{"stop_id":"RTM-00000540","stop_code":"00000540","stop_name":"Groupe Le Canet","stop_desc":null,"zone_id":null,"stop_url":null,"location_type":"0","parent_station":null,"stop_timezone":null,"wheelchair_boarding":"2"}},{"type":"Feature","geometry":{"type":"Point","coordinates":[5.422448,43.30615468]},"properties":{"stop_id":"RTM-00003680","stop_code":"00003680","stop_name":"Guey","stop_desc":"BOULEVARD GUEY  MARSEILLE 13012","zone_id":null,"stop_url":null,"location_type":"0","parent_station":null,"stop_timezone":null,"wheelchair_boarding":"2"}},{"type":"Feature","geometry":{"type":"Point","coordinates":[5.385305,43.306513]},"properties":{"stop_id":"RTM-00003708","stop_code":"00003708","stop_name":"Guibal Cavaignac","stop_desc":null,"zone_id":null,"stop_url":null,"location_type":"0","parent_station":null,"stop_timezone":null,"wheelchair_boarding":"2"}},{"type":"Feature","geometry":{"type":"Point","coordinates":[5.357659,43.284938]},"properties":{"stop_id":"RTM-00004190","stop_code":"00004190","stop_name":"Guidicelli Charras","stop_desc":null,"zone_id":null,"stop_url":null,"location_type":"0","parent_station":null,"stop_timezone":null,"wheelchair_boarding":"2"}},{"type":"Feature","geometry":{"type":"Point","coordinates":[5.36724843,43.32792836]},"properties":{"stop_id":"RTM-00004263","stop_code":"00004263","stop_name":"G\u00e8ze","stop_desc":null,"zone_id":null,"stop_url":null,"location_type":"0","parent_station":null,"stop_timezone":null,"wheelchair_boarding":"2"}},{"type":"Feature","geometry":{"type":"Point","coordinates":[5.36735773,43.32794836]},"properties":{"stop_id":"RTM-00004265","stop_code":"00004265","stop_name":"G\u00e8ze","stop_desc":null,"zone_id":null,"stop_url":null,"location_type":"0","parent_station":null,"stop_timezone":null,"wheelchair_boarding":"2"}},{"type":"Feature","geometry":{"type":"Point","coordinates":[5.36757583,43.32876839]},"properties":{"stop_id":"RTM-00004293","stop_code":"00004293","stop_name":"G\u00e8ze","stop_desc":"60 AVENUE F\u00c9LIX ZOCCOLA  MARSEILLE 13015","zone_id":null,"stop_url":null,"location_type":"0","parent_station":null,"stop_timezone":null,"wheelchair_boarding":"1"}},{"type":"Feature","geometry":{"type":"Point","coordinates":[5.36788344,43.32789763]},"properties":{"stop_id":"RTM-00004295","stop_code":"00004295","stop_name":"G\u00e8ze","stop_desc":"60 AVENUE F\u00c9LIX ZOCCOLA  MARSEILLE 13015","zone_id":null,"stop_url":null,"location_type":"0","parent_station":null,"stop_timezone":null,"wheelchair_boarding":"1"}},{"type":"Feature","geometry":{"type":"Point","coordinates":[5.36621267,43.32701699]},"properties":{"stop_id":"RTM-00004749","stop_code":"00004749","stop_name":"G\u00e8ze","stop_desc":"Prolongement T3","zone_id":null,"stop_url":null,"location_type":"0","parent_station":null,"stop_timezone":null,"wheelchair_boarding":"1"}},{"type":"Feature","geometry":{"type":"Point","coordinates":[5.36975059,43.33012752]},"properties":{"stop_id":"RTM-00004330","stop_code":"00004330","stop_name":"G\u00e8ze Bossy","stop_desc":"42 BOULEVARD DU CAPITAINE-G\u00c8ZE  MARSEILLE 13014","zone_id":null,"stop_url":null,"location_type":"0","parent_station":null,"stop_timezone":null,"wheelchair_boarding":"2"}},{"type":"Feature","geometry":{"type":"Point","coordinates":[5.37080216,43.33054203]},"properties":{"stop_id":"RTM-00004734","stop_code":"00004734","stop_name":"G\u00e8ze Bossy","stop_desc":null,"zone_id":null,"stop_url":null,"location_type":"0","parent_station":null,"stop_timezone":null,"wheelchair_boarding":"2"}},{"type":"Feature","geometry":{"type":"Point","coordinates":[5.48574975,43.34157071]},"properties":{"stop_id":"RTM-00004540","stop_code":"00004540","stop_name":"G\u00e9n\u00e9ral Leclerc","stop_desc":"SCO 2022","zone_id":null,"stop_url":null,"location_type":"0","parent_station":null,"stop_timezone":null,"wheelchair_boarding":"2"}},{"type":"Feature","geometry":{"type":"Point","coordinates":[5.409335,43.341361]},"properties":{"stop_id":"RTM-00001063","stop_code":"00001063","stop_name":"G\u00e9raniums","stop_desc":null,"zone_id":null,"stop_url":null,"location_type":"0","parent_station":null,"stop_timezone":null,"wheelchair_boarding":"2"}},{"type":"Feature","geometry":{"type":"Point","coordinates":[5.40851,43.341498]},"properties":{"stop_id":"RTM-00001064","stop_code":"00001064","stop_name":"G\u00e9raniums","stop_desc":null,"zone_id":null,"stop_url":null,"location_type":"0","parent_station":null,"stop_timezone":null,"wheelchair_boarding":"2"}},{"type":"Feature","geometry":{"type":"Point","coordinates":[5.38555208,43.25306475]},"properties":{"stop_id":"RTM-00001981","stop_code":"00001981","stop_name":"Hambourg Leau","stop_desc":null,"zone_id":null,"stop_url":null,"location_type":"0","parent_station":null,"stop_timezone":null,"wheelchair_boarding":"2"}},{"type":"Feature","geometry":{"type":"Point","coordinates":[5.38573062,43.25272388]},"properties":{"stop_id":"RTM-00001990","stop_code":"00001990","stop_name":"Hambourg Leau","stop_desc":null,"zone_id":null,"stop_url":null,"location_type":"0","parent_station":null,"stop_timezone":null,"wheelchair_boarding":"2"}},{"type":"Feature","geometry":{"type":"Point","coordinates":[5.364789,43.302804]},"properties":{"stop_id":"RTM-00003821","stop_code":"00003821","stop_name":"Hangar J1","stop_desc":null,"zone_id":null,"stop_url":null,"location_type":"0","parent_station":null,"stop_timezone":null,"wheelchair_boarding":"1"}},{"type":"Feature","geometry":{"type":"Point","coordinates":[5.365636,43.303396]},"properties":{"stop_id":"RTM-00003842","stop_code":"00003842","stop_name":"Hangar J1","stop_desc":null,"zone_id":null,"stop_url":null,"location_type":"0","parent_station":null,"stop_timezone":null,"wheelchair_boarding":"1"}},{"type":"Feature","geometry":{"type":"Point","coordinates":[5.398844,43.3429997]},"properties":{"stop_id":"RTM-00004356","stop_code":"00004356","stop_name":"Hauts de Ste Marthe","stop_desc":"TRAVERSE SAINTE-JEANNE  MARSEILLE 13014","zone_id":null,"stop_url":null,"location_type":"0","parent_station":null,"stop_timezone":null,"wheelchair_boarding":"1"}},{"type":"Feature","geometry":{"type":"Point","coordinates":[5.399692,43.342736]},"properties":{"stop_id":"RTM-00004357","stop_code":"00004357","stop_name":"Hauts de Ste Marthe","stop_desc":"TRAVERSE SAINTE-JEANNE  MARSEILLE 13014","zone_id":null,"stop_url":null,"location_type":"0","parent_station":null,"stop_timezone":null,"wheelchair_boarding":"2"}},{"type":"Feature","geometry":{"type":"Point","coordinates":[5.392842,43.253182]},"properties":{"stop_id":"RTM-00001843","stop_code":"00001843","stop_name":"Ha\u00effa Ollivary","stop_desc":null,"zone_id":null,"stop_url":null,"location_type":"0","parent_station":null,"stop_timezone":null,"wheelchair_boarding":"2"}},{"type":"Feature","geometry":{"type":"Point","coordinates":[5.406583,43.297311]},"properties":{"stop_id":"RTM-00002715","stop_code":"00002715","stop_name":"Ha\u00efti Fraissinet","stop_desc":null,"zone_id":null,"stop_url":null,"location_type":"0","parent_station":null,"stop_timezone":null,"wheelchair_boarding":"2"}},{"type":"Feature","geometry":{"type":"Point","coordinates":[5.407921,43.297215]},"properties":{"stop_id":"RTM-00002716","stop_code":"00002716","stop_name":"Ha\u00efti Garguier","stop_desc":null,"zone_id":null,"stop_url":null,"location_type":"0","parent_station":null,"stop_timezone":null,"wheelchair_boarding":"2"}},{"type":"Feature","geometry":{"type":"Point","coordinates":[5.44207974,43.28688352]},"properties":{"stop_id":"RTM-00004614","stop_code":"00004614","stop_name":"Heckel","stop_desc":null,"zone_id":null,"stop_url":null,"location_type":"0","parent_station":null,"stop_timezone":null,"wheelchair_boarding":"2"}},{"type":"Feature","geometry":{"type":"Point","coordinates":[5.4382186,43.2431293]},"properties":{"stop_id":"RTM-00001772","stop_code":"00001772","stop_name":"HLM de Luminy","stop_desc":null,"zone_id":null,"stop_url":null,"location_type":"0","parent_station":null,"stop_timezone":null,"wheelchair_boarding":"1"}},{"type":"Feature","geometry":{"type":"Point","coordinates":[5.43818303,43.24326407]},"properties":{"stop_id":"RTM-00004601","stop_code":"00004601","stop_name":"HLM de Luminy","stop_desc":null,"zone_id":null,"stop_url":null,"location_type":"0","parent_station":null,"stop_timezone":null,"wheelchair_boarding":"1"}},{"type":"Feature","geometry":{"type":"Point","coordinates":[5.454552,43.293387]},"properties":{"stop_id":"RTM-00001201","stop_code":"00001201","stop_name":"HLM La Rougui\u00e8re","stop_desc":null,"zone_id":null,"stop_url":null,"location_type":"0","parent_station":null,"stop_timezone":null,"wheelchair_boarding":"2"}},{"type":"Feature","geometry":{"type":"Point","coordinates":[5.382746,43.304959]},"properties":{"stop_id":"RTM-00003751","stop_code":"00003751","stop_name":"Honnorat Crim\u00e9e","stop_desc":"ligne 533 et 582","zone_id":null,"stop_url":null,"location_type":"0","parent_station":null,"stop_timezone":null,"wheelchair_boarding":"2"}},{"type":"Feature","geometry":{"type":"Point","coordinates":[5.40733874,43.27341292]},"properties":{"stop_id":"RTM-00001638","stop_code":"00001638","stop_name":"Huveaune Platanes","stop_desc":"Arr\u00eat replac\u00e9 dans SI topo sui \u00e0 impr\u00e9cision gps relev\u00e9 terrain.","zone_id":null,"stop_url":null,"location_type":"0","parent_station":null,"stop_timezone":null,"wheelchair_boarding":"2"}},{"type":"Feature","geometry":{"type":"Point","coordinates":[5.428142,43.247926]},"properties":{"stop_id":"RTM-00001913","stop_code":"00001913","stop_name":"H\u00f4pital Clairval","stop_desc":"RUE BOULEVARD DU REDON  MARSEILLE 13009","zone_id":null,"stop_url":null,"location_type":"0","parent_station":null,"stop_timezone":null,"wheelchair_boarding":"1"}},{"type":"Feature","geometry":{"type":"Point","coordinates":[5.402695,43.291825]},"properties":{"stop_id":"RTM-00001231","stop_code":"00001231","stop_name":"H\u00f4pital de la Timone","stop_desc":"D2  MARSEILLE 13005","zone_id":null,"stop_url":null,"location_type":"0","parent_station":null,"stop_timezone":null,"wheelchair_boarding":"1"}},{"type":"Feature","geometry":{"type":"Point","coordinates":[5.413779,43.327304]},"properties":{"stop_id":"RTM-00002517","stop_code":"00002517","stop_name":"H\u00f4pital Laveran","stop_desc":"BOULEVARD LAVERAN  MARSEILLE 13013","zone_id":null,"stop_url":null,"location_type":"0","parent_station":null,"stop_timezone":null,"wheelchair_boarding":"2"}},{"type":"Feature","geometry":{"type":"Point","coordinates":[5.363313,43.377174]},"properties":{"stop_id":"RTM-00004003","stop_code":"00004003","stop_name":"H\u00f4pital Nord","stop_desc":null,"zone_id":null,"stop_url":null,"location_type":"0","parent_station":null,"stop_timezone":null,"wheelchair_boarding":"1"}},{"type":"Feature","geometry":{"type":"Point","coordinates":[5.361401,43.379437]},"properties":{"stop_id":"RTM-00003987","stop_code":"00003987","stop_name":"H\u00f4pital Nord Urgences","stop_desc":"1 CHEMIN DES BOURRELY  MARSEILLE 13015","zone_id":null,"stop_url":null,"location_type":"0","parent_station":null,"stop_timezone":null,"wheelchair_boarding":"1"}},{"type":"Feature","geometry":{"type":"Point","coordinates":[5.395233,43.274972]},"properties":{"stop_id":"RTM-00004099","stop_code":"00004099","stop_name":"H\u00f4pital St Joseph","stop_desc":null,"zone_id":null,"stop_url":null,"location_type":"0","parent_station":null,"stop_timezone":null,"wheelchair_boarding":"1"}},{"type":"Feature","geometry":{"type":"Point","coordinates":[5.413149,43.26242]},"properties":{"stop_id":"RTM-00001892","stop_code":"00001892","stop_name":"H\u00f4pital Ste Marguerite","stop_desc":"300 BOULEVARD DE SAINTE-MARGUERITE  MARSEILLE 13009","zone_id":null,"stop_url":null,"location_type":"0","parent_station":null,"stop_timezone":null,"wheelchair_boarding":"1"}},{"type":"Feature","geometry":{"type":"Point","coordinates":[5.412552,43.262703]},"properties":{"stop_id":"RTM-00001909","stop_code":"00001909","stop_name":"H\u00f4pital Ste Marguerite","stop_desc":"267 BOULEVARD DE SAINTE-MARGUERITE  MARSEILLE 13009","zone_id":null,"stop_url":null,"location_type":"0","parent_station":null,"stop_timezone":null,"wheelchair_boarding":"1"}},{"type":"Feature","geometry":{"type":"Point","coordinates":[5.3972429,43.25770574]},"properties":{"stop_id":"RTM-00001828","stop_code":"00001828","stop_name":"Isaac Luce","stop_desc":null,"zone_id":null,"stop_url":null,"location_type":"0","parent_station":null,"stop_timezone":null,"wheelchair_boarding":"2"}},{"type":"Feature","geometry":{"type":"Point","coordinates":[5.39772,43.248666]},"properties":{"stop_id":"RTM-00001803","stop_code":"00001803","stop_name":"Jardin Bortoli","stop_desc":null,"zone_id":null,"stop_url":null,"location_type":"0","parent_station":null,"stop_timezone":null,"wheelchair_boarding":"2"}},{"type":"Feature","geometry":{"type":"Point","coordinates":[5.429743,43.278058]},"properties":{"stop_id":"RTM-00002666","stop_code":"00002666","stop_name":"Jardins de Saint-Thys","stop_desc":"9 TRAVERSE CHANTE PERDRIX  MARSEILLE 13010","zone_id":null,"stop_url":null,"location_type":"0","parent_station":null,"stop_timezone":null,"wheelchair_boarding":"2"}},{"type":"Feature","geometry":{"type":"Point","coordinates":[5.401652,43.295964]},"properties":{"stop_id":"RTM-00003419","stop_code":"00003419","stop_name":"Jean Martin","stop_desc":null,"zone_id":null,"stop_url":null,"location_type":"0","parent_station":null,"stop_timezone":null,"wheelchair_boarding":"1"}},{"type":"Feature","geometry":{"type":"Point","coordinates":[5.40007,43.28851]},"properties":{"stop_id":"RTM-00001580","stop_code":"00001580","stop_name":"Jean Moulin Facult\u00e9s","stop_desc":"104 BOULEVARD JEAN MOULIN  MARSEILLE 13005","zone_id":null,"stop_url":null,"location_type":"0","parent_station":null,"stop_timezone":null,"wheelchair_boarding":"1"}},{"type":"Feature","geometry":{"type":"Point","coordinates":[5.39933227,43.28663694]},"properties":{"stop_id":"RTM-00001581","stop_code":"00001581","stop_name":"Jean Moulin Ste Baume","stop_desc":null,"zone_id":null,"stop_url":null,"location_type":"0","parent_station":null,"stop_timezone":null,"wheelchair_boarding":"1"}},{"type":"Feature","geometry":{"type":"Point","coordinates":[5.473743,43.338068]},"properties":{"stop_id":"RTM-00002210","stop_code":"00002210","stop_name":"Jet d'Eau","stop_desc":"TAD 65","zone_id":null,"stop_url":null,"location_type":"0","parent_station":null,"stop_timezone":null,"wheelchair_boarding":"2"}},{"type":"Feature","geometry":{"type":"Point","coordinates":[5.474194,43.338528]},"properties":{"stop_id":"RTM-00004364","stop_code":"00004364","stop_name":"Jet d'Eau","stop_desc":"D44 F  ALLAUCH 13190","zone_id":null,"stop_url":null,"location_type":"0","parent_station":null,"stop_timezone":null,"wheelchair_boarding":"2"}},{"type":"Feature","geometry":{"type":"Point","coordinates":[5.47429179,43.3386175]},"properties":{"stop_id":"RTM-00004667","stop_code":"00004667","stop_name":"Jet d'Eau","stop_desc":null,"zone_id":null,"stop_url":null,"location_type":"0","parent_station":null,"stop_timezone":null,"wheelchair_boarding":"2"}},{"type":"Feature","geometry":{"type":"Point","coordinates":[5.366088,43.304663]},"properties":{"stop_id":"RTM-00004287","stop_code":"00004287","stop_name":"Joliette","stop_desc":null,"zone_id":null,"stop_url":null,"location_type":"0","parent_station":null,"stop_timezone":null,"wheelchair_boarding":"1"}},{"type":"Feature","geometry":{"type":"Point","coordinates":[5.438799,43.320815]},"properties":{"stop_id":"RTM-00000782","stop_code":"00000782","stop_name":"Jonquilles Lotus","stop_desc":"178 CHEMIN DES JONQUILLES  MARSEILLE 13012","zone_id":null,"stop_url":null,"location_type":"0","parent_station":null,"stop_timezone":null,"wheelchair_boarding":"1"}},{"type":"Feature","geometry":{"type":"Point","coordinates":[5.387459,43.311454]},"properties":{"stop_id":"RTM-00003382","stop_code":"00003382","stop_name":"Jourdan Bonnardel","stop_desc":null,"zone_id":null,"stop_url":null,"location_type":"0","parent_station":null,"stop_timezone":null,"wheelchair_boarding":"2"}},{"type":"Feature","geometry":{"type":"Point","coordinates":[5.37314594,43.28667943]},"properties":{"stop_id":"RTM-00001462","stop_code":"00001462","stop_name":"Jules Moulet Dragon","stop_desc":"TAD 59","zone_id":null,"stop_url":null,"location_type":"0","parent_station":null,"stop_timezone":null,"wheelchair_boarding":"1"}},{"type":"Feature","geometry":{"type":"Point","coordinates":[5.374042,43.284751]},"properties":{"stop_id":"RTM-00001463","stop_code":"00001463","stop_name":"Jules Moulet Notre Dame","stop_desc":"TAD 59","zone_id":null,"stop_url":null,"location_type":"0","parent_station":null,"stop_timezone":null,"wheelchair_boarding":"2"}},{"type":"Feature","geometry":{"type":"Point","coordinates":[5.429998,43.312071]},"properties":{"stop_id":"RTM-00000880","stop_code":"00000880","stop_name":"Kaddouz Aiguillette","stop_desc":null,"zone_id":null,"stop_url":null,"location_type":"0","parent_station":null,"stop_timezone":null,"wheelchair_boarding":"1"}},{"type":"Feature","geometry":{"type":"Point","coordinates":[5.437918,43.317278]},"properties":{"stop_id":"RTM-00000785","stop_code":"00000785","stop_name":"Kaddouz Beaumont","stop_desc":null,"zone_id":null,"stop_url":null,"location_type":"0","parent_station":null,"stop_timezone":null,"wheelchair_boarding":"2"}},{"type":"Feature","geometry":{"type":"Point","coordinates":[5.435289,43.316157]},"properties":{"stop_id":"RTM-00000896","stop_code":"00000896","stop_name":"Kaddouz Bourr\u00e9ly","stop_desc":null,"zone_id":null,"stop_url":null,"location_type":"0","parent_station":null,"stop_timezone":null,"wheelchair_boarding":"2"}},{"type":"Feature","geometry":{"type":"Point","coordinates":[5.433188,43.314645]},"properties":{"stop_id":"RTM-00000882","stop_code":"00000882","stop_name":"Kaddouz Mazarade","stop_desc":null,"zone_id":null,"stop_url":null,"location_type":"0","parent_station":null,"stop_timezone":null,"wheelchair_boarding":"2"}},{"type":"Feature","geometry":{"type":"Point","coordinates":[5.425751,43.308642]},"properties":{"stop_id":"RTM-00003870","stop_code":"00003870","stop_name":"Kaddouz St Julien","stop_desc":null,"zone_id":null,"stop_url":null,"location_type":"0","parent_station":null,"stop_timezone":null,"wheelchair_boarding":"2"}},{"type":"Feature","geometry":{"type":"Point","coordinates":[5.47166,43.350951]},"properties":{"stop_id":"RTM-00002163","stop_code":"00002163","stop_name":"L'Elys\u00e9e","stop_desc":null,"zone_id":null,"stop_url":null,"location_type":"0","parent_station":null,"stop_timezone":null,"wheelchair_boarding":"2"}},{"type":"Feature","geometry":{"type":"Point","coordinates":[5.368318,43.284958]},"properties":{"stop_id":"RTM-00001425","stop_code":"00001425","stop_name":"L'Esplanade","stop_desc":"TAD 59","zone_id":null,"stop_url":null,"location_type":"0","parent_station":null,"stop_timezone":null,"wheelchair_boarding":"2"}},{"type":"Feature","geometry":{"type":"Point","coordinates":[5.368185,43.285055]},"properties":{"stop_id":"RTM-00001437","stop_code":"00001437","stop_name":"L'Esplanade","stop_desc":"TAD 59","zone_id":null,"stop_url":null,"location_type":"0","parent_station":null,"stop_timezone":null,"wheelchair_boarding":"2"}},{"type":"Feature","geometry":{"type":"Point","coordinates":[5.318694,43.362594]},"properties":{"stop_id":"RTM-00000302","stop_code":"00000302","stop_name":"L'Estaque","stop_desc":null,"zone_id":null,"stop_url":null,"location_type":"0","parent_station":null,"stop_timezone":null,"wheelchair_boarding":"1"}},{"type":"Feature","geometry":{"type":"Point","coordinates":[5.31027965,43.36077914]},"properties":{"stop_id":"RTM-00004339","stop_code":"00004339","stop_name":"L'Estaque","stop_desc":"SQUARE FR\u00c9D\u00c9RIC MISTRAL  MARSEILLE 13016","zone_id":null,"stop_url":null,"location_type":"0","parent_station":null,"stop_timezone":null,"wheelchair_boarding":"2"}},{"type":"Feature","geometry":{"type":"Point","coordinates":[5.475663,43.351839]},"properties":{"stop_id":"RTM-00002164","stop_code":"00002164","stop_name":"L'Hermitage","stop_desc":null,"zone_id":null,"stop_url":null,"location_type":"0","parent_station":null,"stop_timezone":null,"wheelchair_boarding":"2"}},{"type":"Feature","geometry":{"type":"Point","coordinates":[5.362553,43.361651]},"properties":{"stop_id":"RTM-00000173","stop_code":"00000173","stop_name":"L'Hermitage Jean Moulin","stop_desc":null,"zone_id":null,"stop_url":null,"location_type":"0","parent_station":null,"stop_timezone":null,"wheelchair_boarding":"1"}},{"type":"Feature","geometry":{"type":"Point","coordinates":[5.354635,43.379982]},"properties":{"stop_id":"RTM-00004272","stop_code":"00004272","stop_name":"L'Oliveraie","stop_desc":"59 AVENUE ANNE-MARIE  MARSEILLE 13015","zone_id":null,"stop_url":null,"location_type":"0","parent_station":null,"stop_timezone":null,"wheelchair_boarding":"2"}},{"type":"Feature","geometry":{"type":"Point","coordinates":[5.366452,43.384431]},"properties":{"stop_id":"RTM-00000565","stop_code":"00000565","stop_name":"La Bigotte","stop_desc":"CHEMIN DE LA BIGOTTE  MARSEILLE 13015","zone_id":null,"stop_url":null,"location_type":"0","parent_station":null,"stop_timezone":null,"wheelchair_boarding":"2"}},{"type":"Feature","geometry":{"type":"Point","coordinates":[5.406267,43.296663]},"properties":{"stop_id":"RTM-00001536","stop_code":"00001536","stop_name":"La Blancarde","stop_desc":null,"zone_id":null,"stop_url":null,"location_type":"0","parent_station":null,"stop_timezone":null,"wheelchair_boarding":"1"}},{"type":"Feature","geometry":{"type":"Point","coordinates":[5.405507,43.296628]},"properties":{"stop_id":"RTM-00003292","stop_code":"00003292","stop_name":"La Blancarde","stop_desc":null,"zone_id":null,"stop_url":null,"location_type":"0","parent_station":null,"stop_timezone":null,"wheelchair_boarding":"1"}},{"type":"Feature","geometry":{"type":"Point","coordinates":[5.40622,43.295697]},"properties":{"stop_id":"RTM-00003416","stop_code":"00003416","stop_name":"La Blancarde","stop_desc":null,"zone_id":null,"stop_url":null,"location_type":"0","parent_station":null,"stop_timezone":null,"wheelchair_boarding":"1"}},{"type":"Feature","geometry":{"type":"Point","coordinates":[5.406199,43.295438]},"properties":{"stop_id":"RTM-00003489","stop_code":"00003489","stop_name":"La Blancarde","stop_desc":null,"zone_id":null,"stop_url":null,"location_type":"0","parent_station":null,"stop_timezone":null,"wheelchair_boarding":"2"}},{"type":"Feature","geometry":{"type":"Point","coordinates":[5.406124,43.29551]},"properties":{"stop_id":"RTM-00003496","stop_code":"00003496","stop_name":"La Blancarde","stop_desc":null,"zone_id":null,"stop_url":null,"location_type":"0","parent_station":null,"stop_timezone":null,"wheelchair_boarding":"2"}},{"type":"Feature","geometry":{"type":"Point","coordinates":[5.422569,43.294904]},"properties":{"stop_id":"RTM-00003234","stop_code":"00003234","stop_name":"La Boiseraie","stop_desc":null,"zone_id":null,"stop_url":null,"location_type":"0","parent_station":null,"stop_timezone":null,"wheelchair_boarding":"1"}},{"type":"Feature","geometry":{"type":"Point","coordinates":[5.422531,43.294999]},"properties":{"stop_id":"RTM-00003253","stop_code":"00003253","stop_name":"La Boiseraie","stop_desc":null,"zone_id":null,"stop_url":null,"location_type":"0","parent_station":null,"stop_timezone":null,"wheelchair_boarding":"1"}},{"type":"Feature","geometry":{"type":"Point","coordinates":[5.416442,43.324328]},"properties":{"stop_id":"RTM-00001109","stop_code":"00001109","stop_name":"La Boudini\u00e8re","stop_desc":null,"zone_id":null,"stop_url":null,"location_type":"0","parent_station":null,"stop_timezone":null,"wheelchair_boarding":"2"}},{"type":"Feature","geometry":{"type":"Point","coordinates":[5.346671,43.370394]},"properties":{"stop_id":"RTM-00000023","stop_code":"00000023","stop_name":"La Bricarde","stop_desc":null,"zone_id":null,"stop_url":null,"location_type":"0","parent_station":null,"stop_timezone":null,"wheelchair_boarding":"2"}},{"type":"Feature","geometry":{"type":"Point","coordinates":[5.357665,43.33594]},"properties":{"stop_id":"RTM-00000497","stop_code":"00000497","stop_name":"La Cabucelle","stop_desc":"306 CHEMIN DE LA MADRAGUE-VILLE  MARSEILLE 13015","zone_id":null,"stop_url":null,"location_type":"0","parent_station":null,"stop_timezone":null,"wheelchair_boarding":"2"}},{"type":"Feature","geometry":{"type":"Point","coordinates":[5.487708,43.352987]},"properties":{"stop_id":"RTM-00004499","stop_code":"00004499","stop_name":"La Cal\u00e8che","stop_desc":null,"zone_id":null,"stop_url":null,"location_type":"0","parent_station":null,"stop_timezone":null,"wheelchair_boarding":"2"}},{"type":"Feature","geometry":{"type":"Point","coordinates":[5.34279412,43.36507534]},"properties":{"stop_id":"RTM-00004328","stop_code":"00004328","stop_name":"La Castellane Ecole","stop_desc":"BOULEVARD HENRI BARNIER  MARSEILLE 13015","zone_id":null,"stop_url":null,"location_type":"0","parent_station":null,"stop_timezone":null,"wheelchair_boarding":"2"}},{"type":"Feature","geometry":{"type":"Point","coordinates":[5.403336,43.230193]},"properties":{"stop_id":"RTM-00004439","stop_code":"00004439","stop_name":"La Cayolle","stop_desc":"ALL\u00c9E DE LA FONTAINE VEYRE  MARSEILLE 13009","zone_id":null,"stop_url":null,"location_type":"0","parent_station":null,"stop_timezone":null,"wheelchair_boarding":"1"}},{"type":"Feature","geometry":{"type":"Point","coordinates":[5.49017879,43.32935498]},"properties":{"stop_id":"RTM-00003593","stop_code":"00003593","stop_name":"La Craie","stop_desc":"186 ROUTE DES 4 SAISONS  ALLAUCH 13190","zone_id":null,"stop_url":null,"location_type":"0","parent_station":null,"stop_timezone":null,"wheelchair_boarding":"2"}},{"type":"Feature","geometry":{"type":"Point","coordinates":[5.490294,43.329533]},"properties":{"stop_id":"RTM-00003597","stop_code":"00003597","stop_name":"La Craie","stop_desc":null,"zone_id":null,"stop_url":null,"location_type":"0","parent_station":null,"stop_timezone":null,"wheelchair_boarding":"2"}},{"type":"Feature","geometry":{"type":"Point","coordinates":[5.451337,43.334902]},"properties":{"stop_id":"RTM-00000587","stop_code":"00000587","stop_name":"La Croix Rouge","stop_desc":null,"zone_id":null,"stop_url":null,"location_type":"0","parent_station":null,"stop_timezone":null,"wheelchair_boarding":"2"}},{"type":"Feature","geometry":{"type":"Point","coordinates":[5.450844,43.335108]},"properties":{"stop_id":"RTM-00002146","stop_code":"00002146","stop_name":"La Croix Rouge","stop_desc":null,"zone_id":null,"stop_url":null,"location_type":"0","parent_station":null,"stop_timezone":null,"wheelchair_boarding":"2"}},{"type":"Feature","geometry":{"type":"Point","coordinates":[5.450985,43.335413]},"properties":{"stop_id":"RTM-00002205","stop_code":"00002205","stop_name":"La Croix Rouge","stop_desc":null,"zone_id":null,"stop_url":null,"location_type":"0","parent_station":null,"stop_timezone":null,"wheelchair_boarding":"2"}},{"type":"Feature","geometry":{"type":"Point","coordinates":[5.448487,43.334558]},"properties":{"stop_id":"RTM-00000578","stop_code":"00000578","stop_name":"La Croix Rouge Eglise","stop_desc":"D908  MARSEILLE 13013","zone_id":null,"stop_url":null,"location_type":"0","parent_station":null,"stop_timezone":null,"wheelchair_boarding":"2"}},{"type":"Feature","geometry":{"type":"Point","coordinates":[5.44785,43.334861]},"properties":{"stop_id":"RTM-00000588","stop_code":"00000588","stop_name":"La Croix Rouge Eglise","stop_desc":null,"zone_id":null,"stop_url":null,"location_type":"0","parent_station":null,"stop_timezone":null,"wheelchair_boarding":"2"}},{"type":"Feature","geometry":{"type":"Point","coordinates":[5.433962,43.297513]},"properties":{"stop_id":"RTM-00000955","stop_code":"00000955","stop_name":"La Fourrag\u00e8re D\u00e9sert","stop_desc":null,"zone_id":null,"stop_url":null,"location_type":"0","parent_station":null,"stop_timezone":null,"wheelchair_boarding":"1"}},{"type":"Feature","geometry":{"type":"Point","coordinates":[5.41150146,43.25632798]},"properties":{"stop_id":"RTM-00001968","stop_code":"00001968","stop_name":"La Gaye","stop_desc":"descente sur un parking","zone_id":null,"stop_url":null,"location_type":"0","parent_station":null,"stop_timezone":null,"wheelchair_boarding":"1"}},{"type":"Feature","geometry":{"type":"Point","coordinates":[5.41107176,43.25651904]},"properties":{"stop_id":"RTM-00004775","stop_code":"00004775","stop_name":"La Gaye","stop_desc":null,"zone_id":null,"stop_url":null,"location_type":"0","parent_station":null,"stop_timezone":null,"wheelchair_boarding":"2"}},{"type":"Feature","geometry":{"type":"Point","coordinates":[5.41094094,43.25664716]},"properties":{"stop_id":"RTM-00004782","stop_code":"00004782","stop_name":"La Gaye","stop_desc":null,"zone_id":null,"stop_url":null,"location_type":"0","parent_station":null,"stop_timezone":null,"wheelchair_boarding":"2"}},{"type":"Feature","geometry":{"type":"Point","coordinates":[5.424712,43.246639]},"properties":{"stop_id":"RTM-00001902","stop_code":"00001902","stop_name":"La Gouffonne","stop_desc":null,"zone_id":null,"stop_url":null,"location_type":"0","parent_station":null,"stop_timezone":null,"wheelchair_boarding":"1"}},{"type":"Feature","geometry":{"type":"Point","coordinates":[5.460845,43.285905]},"properties":{"stop_id":"RTM-00001287","stop_code":"00001287","stop_name":"La Grani\u00e8re","stop_desc":null,"zone_id":null,"stop_url":null,"location_type":"0","parent_station":null,"stop_timezone":null,"wheelchair_boarding":"2"}},{"type":"Feature","geometry":{"type":"Point","coordinates":[5.461066,43.286178]},"properties":{"stop_id":"RTM-00001292","stop_code":"00001292","stop_name":"La Grani\u00e8re","stop_desc":null,"zone_id":null,"stop_url":null,"location_type":"0","parent_station":null,"stop_timezone":null,"wheelchair_boarding":"2"}},{"type":"Feature","geometry":{"type":"Point","coordinates":[5.363699,43.299322]},"properties":{"stop_id":"RTM-00003819","stop_code":"00003819","stop_name":"La Major","stop_desc":null,"zone_id":null,"stop_url":null,"location_type":"0","parent_station":null,"stop_timezone":null,"wheelchair_boarding":"1"}},{"type":"Feature","geometry":{"type":"Point","coordinates":[5.363343,43.299153]},"properties":{"stop_id":"RTM-00003827","stop_code":"00003827","stop_name":"La Major","stop_desc":"nom littoral major","zone_id":null,"stop_url":null,"location_type":"0","parent_station":null,"stop_timezone":null,"wheelchair_boarding":"1"}},{"type":"Feature","geometry":{"type":"Point","coordinates":[5.397845,43.335964]},"properties":{"stop_id":"RTM-00001005","stop_code":"00001005","stop_name":"La Margeray","stop_desc":null,"zone_id":null,"stop_url":null,"location_type":"0","parent_station":null,"stop_timezone":null,"wheelchair_boarding":"2"}},{"type":"Feature","geometry":{"type":"Point","coordinates":[5.365966,43.374629]},"properties":{"stop_id":"RTM-00004002","stop_code":"00004002","stop_name":"La Martine","stop_desc":null,"zone_id":null,"stop_url":null,"location_type":"0","parent_station":null,"stop_timezone":null,"wheelchair_boarding":"1"}},{"type":"Feature","geometry":{"type":"Point","coordinates":[5.437791,43.326769]},"properties":{"stop_id":"RTM-00000660","stop_code":"00000660","stop_name":"La Maurelle","stop_desc":null,"zone_id":null,"stop_url":null,"location_type":"0","parent_station":null,"stop_timezone":null,"wheelchair_boarding":"2"}},{"type":"Feature","geometry":{"type":"Point","coordinates":[5.500015,43.283457]},"properties":{"stop_id":"RTM-00001333","stop_code":"00001333","stop_name":"La Milli\u00e8re","stop_desc":"124 BOULEVARD DE LA MILLI\u00c8RE  MARSEILLE 13011","zone_id":null,"stop_url":null,"location_type":"0","parent_station":null,"stop_timezone":null,"wheelchair_boarding":"2"}},{"type":"Feature","geometry":{"type":"Point","coordinates":[5.501924,43.283604]},"properties":{"stop_id":"RTM-00001366","stop_code":"00001366","stop_name":"La Milli\u00e8re Solitude","stop_desc":null,"zone_id":null,"stop_url":null,"location_type":"0","parent_station":null,"stop_timezone":null,"wheelchair_boarding":"1"}},{"type":"Feature","geometry":{"type":"Point","coordinates":[5.422523,43.257048]},"properties":{"stop_id":"RTM-00003614","stop_code":"00003614","stop_name":"La Panouse Belle Fontaine","stop_desc":null,"zone_id":null,"stop_url":null,"location_type":"0","parent_station":null,"stop_timezone":null,"wheelchair_boarding":"2"}},{"type":"Feature","geometry":{"type":"Point","coordinates":[5.424411,43.256993]},"properties":{"stop_id":"RTM-00003616","stop_code":"00003616","stop_name":"La Panouse Bougainvilliers","stop_desc":null,"zone_id":null,"stop_url":null,"location_type":"0","parent_station":null,"stop_timezone":null,"wheelchair_boarding":"2"}},{"type":"Feature","geometry":{"type":"Point","coordinates":[5.423968,43.257104]},"properties":{"stop_id":"RTM-00003617","stop_code":"00003617","stop_name":"La Panouse Bougainvilliers","stop_desc":"AVENUE DE LA PANOUSE  MARSEILLE 13009","zone_id":null,"stop_url":null,"location_type":"0","parent_station":null,"stop_timezone":null,"wheelchair_boarding":"2"}},{"type":"Feature","geometry":{"type":"Point","coordinates":[5.440679,43.363332]},"properties":{"stop_id":"RTM-00000691","stop_code":"00000691","stop_name":"La Parade","stop_desc":null,"zone_id":null,"stop_url":null,"location_type":"0","parent_station":null,"stop_timezone":null,"wheelchair_boarding":"2"}},{"type":"Feature","geometry":{"type":"Point","coordinates":[5.439721,43.36099]},"properties":{"stop_id":"RTM-00000688","stop_code":"00000688","stop_name":"La Parade Garou","stop_desc":null,"zone_id":null,"stop_url":null,"location_type":"0","parent_station":null,"stop_timezone":null,"wheelchair_boarding":"2"}},{"type":"Feature","geometry":{"type":"Point","coordinates":[5.439491,43.360866]},"properties":{"stop_id":"RTM-00000694","stop_code":"00000694","stop_name":"La Parade Garou","stop_desc":null,"zone_id":null,"stop_url":null,"location_type":"0","parent_station":null,"stop_timezone":null,"wheelchair_boarding":"2"}},{"type":"Feature","geometry":{"type":"Point","coordinates":[5.439862,43.361939]},"properties":{"stop_id":"RTM-00000690","stop_code":"00000690","stop_name":"La Parade Pierrots","stop_desc":null,"zone_id":null,"stop_url":null,"location_type":"0","parent_station":null,"stop_timezone":null,"wheelchair_boarding":"2"}},{"type":"Feature","geometry":{"type":"Point","coordinates":[5.439724,43.361687]},"properties":{"stop_id":"RTM-00000692","stop_code":"00000692","stop_name":"La Parade Pierrots","stop_desc":null,"zone_id":null,"stop_url":null,"location_type":"0","parent_station":null,"stop_timezone":null,"wheelchair_boarding":"2"}},{"type":"Feature","geometry":{"type":"Point","coordinates":[5.410811,43.272157]},"properties":{"stop_id":"RTM-00001622","stop_code":"00001622","stop_name":"La Pauline","stop_desc":null,"zone_id":null,"stop_url":null,"location_type":"0","parent_station":null,"stop_timezone":null,"wheelchair_boarding":"2"}},{"type":"Feature","geometry":{"type":"Point","coordinates":[5.436107,43.317083]},"properties":{"stop_id":"RTM-00000766","stop_code":"00000766","stop_name":"La Pignatelle","stop_desc":null,"zone_id":null,"stop_url":null,"location_type":"0","parent_station":null,"stop_timezone":null,"wheelchair_boarding":"2"}},{"type":"Feature","geometry":{"type":"Point","coordinates":[5.435898,43.317394]},"properties":{"stop_id":"RTM-00000786","stop_code":"00000786","stop_name":"La Pignatelle","stop_desc":null,"zone_id":null,"stop_url":null,"location_type":"0","parent_station":null,"stop_timezone":null,"wheelchair_boarding":"2"}},{"type":"Feature","geometry":{"type":"Point","coordinates":[5.442083,43.290275]},"properties":{"stop_id":"RTM-00001165","stop_code":"00001165","stop_name":"La Pomme Eglise","stop_desc":null,"zone_id":null,"stop_url":null,"location_type":"0","parent_station":null,"stop_timezone":null,"wheelchair_boarding":"2"}},{"type":"Feature","geometry":{"type":"Point","coordinates":[5.464158,43.332358]},"properties":{"stop_id":"RTM-00004703","stop_code":"00004703","stop_name":"La Pounche Poste","stop_desc":"TAD 65","zone_id":null,"stop_url":null,"location_type":"0","parent_station":null,"stop_timezone":null,"wheelchair_boarding":"2"}},{"type":"Feature","geometry":{"type":"Point","coordinates":[5.44312115,43.33474694]},"properties":{"stop_id":"RTM-00000577","stop_code":"00000577","stop_name":"La Ravelle","stop_desc":"AVENUE DE LA CROIX-ROUGE  MARSEILLE 13013","zone_id":null,"stop_url":null,"location_type":"0","parent_station":null,"stop_timezone":null,"wheelchair_boarding":"2"}},{"type":"Feature","geometry":{"type":"Point","coordinates":[5.432438,43.331185]},"properties":{"stop_id":"RTM-00000574","stop_code":"00000574","stop_name":"La Rose Bd Neuf","stop_desc":null,"zone_id":null,"stop_url":null,"location_type":"0","parent_station":null,"stop_timezone":null,"wheelchair_boarding":"2"}},{"type":"Feature","geometry":{"type":"Point","coordinates":[5.428273,43.331483]},"properties":{"stop_id":"RTM-00000571","stop_code":"00000571","stop_name":"La Rose Le Clos","stop_desc":"AVENUE FRAN\u00c7OIS MIGNET  MARSEILLE 13013","zone_id":null,"stop_url":null,"location_type":"0","parent_station":null,"stop_timezone":null,"wheelchair_boarding":"2"}},{"type":"Feature","geometry":{"type":"Point","coordinates":[5.42854,43.331472]},"properties":{"stop_id":"RTM-00000595","stop_code":"00000595","stop_name":"La Rose Le Clos","stop_desc":null,"zone_id":null,"stop_url":null,"location_type":"0","parent_station":null,"stop_timezone":null,"wheelchair_boarding":"2"}},{"type":"Feature","geometry":{"type":"Point","coordinates":[5.419144,43.32547]},"properties":{"stop_id":"RTM-00001113","stop_code":"00001113","stop_name":"La Rose Verdi\u00e8re","stop_desc":null,"zone_id":null,"stop_url":null,"location_type":"0","parent_station":null,"stop_timezone":null,"wheelchair_boarding":"2"}},{"type":"Feature","geometry":{"type":"Point","coordinates":[5.459375,43.29769]},"properties":{"stop_id":"RTM-00001241","stop_code":"00001241","stop_name":"La Rougui\u00e8re","stop_desc":null,"zone_id":null,"stop_url":null,"location_type":"0","parent_station":null,"stop_timezone":null,"wheelchair_boarding":"2"}},{"type":"Feature","geometry":{"type":"Point","coordinates":[5.474145,43.290449]},"properties":{"stop_id":"RTM-00000641","stop_code":"00000641","stop_name":"La Sabli\u00e8re La Montre","stop_desc":null,"zone_id":null,"stop_url":null,"location_type":"0","parent_station":null,"stop_timezone":null,"wheelchair_boarding":"2"}},{"type":"Feature","geometry":{"type":"Point","coordinates":[5.477637,43.29076]},"properties":{"stop_id":"RTM-00000636","stop_code":"00000636","stop_name":"La Sabli\u00e8re Saint-Menet","stop_desc":null,"zone_id":null,"stop_url":null,"location_type":"0","parent_station":null,"stop_timezone":null,"wheelchair_boarding":"2"}},{"type":"Feature","geometry":{"type":"Point","coordinates":[5.414518,43.274208]},"properties":{"stop_id":"RTM-00001635","stop_code":"00001635","stop_name":"La Sauvag\u00e8re","stop_desc":null,"zone_id":null,"stop_url":null,"location_type":"0","parent_station":null,"stop_timezone":null,"wheelchair_boarding":"2"}},{"type":"Feature","geometry":{"type":"Point","coordinates":[5.3694905,43.36745697]},"properties":{"stop_id":"RTM-00004458","stop_code":"00004458","stop_name":"La Savine Couronne","stop_desc":null,"zone_id":null,"stop_url":null,"location_type":"0","parent_station":null,"stop_timezone":null,"wheelchair_boarding":"2"}},{"type":"Feature","geometry":{"type":"Point","coordinates":[5.36966138,43.36718921]},"properties":{"stop_id":"RTM-00004560","stop_code":"00004560","stop_name":"La Savine Couronne","stop_desc":null,"zone_id":null,"stop_url":null,"location_type":"0","parent_station":null,"stop_timezone":null,"wheelchair_boarding":"1"}},{"type":"Feature","geometry":{"type":"Point","coordinates":[5.37242263,43.36615216]},"properties":{"stop_id":"RTM-00000198","stop_code":"00000198","stop_name":"La Savine Les Pins","stop_desc":null,"zone_id":null,"stop_url":null,"location_type":"0","parent_station":null,"stop_timezone":null,"wheelchair_boarding":"2"}},{"type":"Feature","geometry":{"type":"Point","coordinates":[5.37204,43.366706]},"properties":{"stop_id":"RTM-00000193","stop_code":"00000193","stop_name":"La Savine Sud","stop_desc":null,"zone_id":null,"stop_url":null,"location_type":"0","parent_station":null,"stop_timezone":null,"wheelchair_boarding":"2"}},{"type":"Feature","geometry":{"type":"Point","coordinates":[5.37205985,43.36659009]},"properties":{"stop_id":"RTM-00000197","stop_code":"00000197","stop_name":"La Savine Sud","stop_desc":"abri bus absent","zone_id":null,"stop_url":null,"location_type":"0","parent_station":null,"stop_timezone":null,"wheelchair_boarding":"2"}},{"type":"Feature","geometry":{"type":"Point","coordinates":[5.38665,43.34203]},"properties":{"stop_id":"RTM-00000116","stop_code":"00000116","stop_name":"La Simiane","stop_desc":null,"zone_id":null,"stop_url":null,"location_type":"0","parent_station":null,"stop_timezone":null,"wheelchair_boarding":"2"}},{"type":"Feature","geometry":{"type":"Point","coordinates":[5.386241,43.342343]},"properties":{"stop_id":"RTM-00000130","stop_code":"00000130","stop_name":"La Simiane","stop_desc":null,"zone_id":null,"stop_url":null,"location_type":"0","parent_station":null,"stop_timezone":null,"wheelchair_boarding":"2"}},{"type":"Feature","geometry":{"type":"Point","coordinates":[5.369464,43.386081]},"properties":{"stop_id":"RTM-00000566","stop_code":"00000566","stop_name":"La Solidarit\u00e9","stop_desc":null,"zone_id":null,"stop_url":null,"location_type":"0","parent_station":null,"stop_timezone":null,"wheelchair_boarding":"2"}},{"type":"Feature","geometry":{"type":"Point","coordinates":[5.503122,43.283439]},"properties":{"stop_id":"RTM-00001334","stop_code":"00001334","stop_name":"La Solitude","stop_desc":null,"zone_id":null,"stop_url":null,"location_type":"0","parent_station":null,"stop_timezone":null,"wheelchair_boarding":"2"}},{"type":"Feature","geometry":{"type":"Point","coordinates":[5.371387,43.354165]},"properties":{"stop_id":"RTM-00000159","stop_code":"00000159","stop_name":"La Sylve Le Castellas","stop_desc":null,"zone_id":null,"stop_url":null,"location_type":"0","parent_station":null,"stop_timezone":null,"wheelchair_boarding":"2"}},{"type":"Feature","geometry":{"type":"Point","coordinates":[5.4004835,43.291122]},"properties":{"stop_id":"RTM-00002303","stop_code":"00002303","stop_name":"La Timone","stop_desc":"M1","zone_id":null,"stop_url":null,"location_type":"0","parent_station":null,"stop_timezone":null,"wheelchair_boarding":"2"}},{"type":"Feature","geometry":{"type":"Point","coordinates":[5.46922,43.338407]},"properties":{"stop_id":"RTM-00002211","stop_code":"00002211","stop_name":"La Tiranne","stop_desc":null,"zone_id":null,"stop_url":null,"location_type":"0","parent_station":null,"stop_timezone":null,"wheelchair_boarding":"2"}},{"type":"Feature","geometry":{"type":"Point","coordinates":[5.512182,43.311334]},"properties":{"stop_id":"RTM-00001219","stop_code":"00001219","stop_name":"La Treille","stop_desc":"ROUTE DE LA TREILLE  MARSEILLE 13011","zone_id":null,"stop_url":null,"location_type":"0","parent_station":null,"stop_timezone":null,"wheelchair_boarding":"2"}},{"type":"Feature","geometry":{"type":"Point","coordinates":[5.512012,43.311366]},"properties":{"stop_id":"RTM-00002139","stop_code":"00002139","stop_name":"La Treille","stop_desc":null,"zone_id":null,"stop_url":null,"location_type":"0","parent_station":null,"stop_timezone":null,"wheelchair_boarding":"2"}},{"type":"Feature","geometry":{"type":"Point","coordinates":[5.475871,43.296767]},"properties":{"stop_id":"RTM-00002457","stop_code":"00002457","stop_name":"La Valentelle","stop_desc":"TRAVERSE DE LA MONTRE  MARSEILLE 13011","zone_id":null,"stop_url":null,"location_type":"0","parent_station":null,"stop_timezone":null,"wheelchair_boarding":"2"}},{"type":"Feature","geometry":{"type":"Point","coordinates":[5.475749,43.294331]},"properties":{"stop_id":"RTM-00000639","stop_code":"00000639","stop_name":"La Valentine Centre Commercial","stop_desc":"m\u00eame arr\u00eat que le 2476","zone_id":null,"stop_url":null,"location_type":"0","parent_station":null,"stop_timezone":null,"wheelchair_boarding":"2"}},{"type":"Feature","geometry":{"type":"Point","coordinates":[5.475,43.293986]},"properties":{"stop_id":"RTM-00001382","stop_code":"00001382","stop_name":"La Valentine Centre Commercial","stop_desc":null,"zone_id":null,"stop_url":null,"location_type":"0","parent_station":null,"stop_timezone":null,"wheelchair_boarding":"2"}},{"type":"Feature","geometry":{"type":"Point","coordinates":[5.475756,43.294325]},"properties":{"stop_id":"RTM-00002476","stop_code":"00002476","stop_name":"La Valentine Centre Commercial","stop_desc":"TRAVERSE DE LA MONTRE  MARSEILLE 13011","zone_id":null,"stop_url":null,"location_type":"0","parent_station":null,"stop_timezone":null,"wheelchair_boarding":"2"}},{"type":"Feature","geometry":{"type":"Point","coordinates":[5.40384209,43.25716807]},"properties":{"stop_id":"RTM-00001955","stop_code":"00001955","stop_name":"La Verdi\u00e8re","stop_desc":null,"zone_id":null,"stop_url":null,"location_type":"0","parent_station":null,"stop_timezone":null,"wheelchair_boarding":"2"}},{"type":"Feature","geometry":{"type":"Point","coordinates":[5.357521,43.359836]},"properties":{"stop_id":"RTM-00004017","stop_code":"00004017","stop_name":"La Viste","stop_desc":"AVENUE DE LA VISTE  MARSEILLE 13015","zone_id":null,"stop_url":null,"location_type":"0","parent_station":null,"stop_timezone":null,"wheelchair_boarding":"1"}},{"type":"Feature","geometry":{"type":"Point","coordinates":[5.357664,43.358031]},"properties":{"stop_id":"RTM-00003974","stop_code":"00003974","stop_name":"La Viste Hano\u00ef","stop_desc":null,"zone_id":null,"stop_url":null,"location_type":"0","parent_station":null,"stop_timezone":null,"wheelchair_boarding":"2"}},{"type":"Feature","geometry":{"type":"Point","coordinates":[5.357266,43.362211]},"properties":{"stop_id":"RTM-00004016","stop_code":"00004016","stop_name":"La Viste Scierie","stop_desc":null,"zone_id":null,"stop_url":null,"location_type":"0","parent_station":null,"stop_timezone":null,"wheelchair_boarding":"1"}},{"type":"Feature","geometry":{"type":"Point","coordinates":[5.431975,43.246363]},"properties":{"stop_id":"RTM-00001774","stop_code":"00001774","stop_name":"Lachamp Le Clos des Iris","stop_desc":null,"zone_id":null,"stop_url":null,"location_type":"0","parent_station":null,"stop_timezone":null,"wheelchair_boarding":"1"}},{"type":"Feature","geometry":{"type":"Point","coordinates":[5.377084,43.281226]},"properties":{"stop_id":"RTM-00001452","stop_code":"00001452","stop_name":"Lac\u00e9d\u00e9mone Villas Paradis","stop_desc":"TAD 59","zone_id":null,"stop_url":null,"location_type":"0","parent_station":null,"stop_timezone":null,"wheelchair_boarding":"2"}},{"type":"Feature","geometry":{"type":"Point","coordinates":[5.432879,43.339005]},"properties":{"stop_id":"RTM-00004064","stop_code":"00004064","stop_name":"Langevin Consolation","stop_desc":null,"zone_id":null,"stop_url":null,"location_type":"0","parent_station":null,"stop_timezone":null,"wheelchair_boarding":"2"}},{"type":"Feature","geometry":{"type":"Point","coordinates":[5.432739,43.340979]},"properties":{"stop_id":"RTM-00004081","stop_code":"00004081","stop_name":"Langevin Plank","stop_desc":null,"zone_id":null,"stop_url":null,"location_type":"0","parent_station":null,"stop_timezone":null,"wheelchair_boarding":"2"}},{"type":"Feature","geometry":{"type":"Point","coordinates":[5.352138,43.38708]},"properties":{"stop_id":"RTM-00004273","stop_code":"00004273","stop_name":"Langevin Wallon","stop_desc":"D59 C  SEPT\u00c8MES-LES-VALLONS 13240","zone_id":null,"stop_url":null,"location_type":"0","parent_station":null,"stop_timezone":null,"wheelchair_boarding":"2"}},{"type":"Feature","geometry":{"type":"Point","coordinates":[5.46644411,43.33136717]},"properties":{"stop_id":"RTM-00004527","stop_code":"00004527","stop_name":"Laurent Merle","stop_desc":"TAD 65 \/ SCO 2022","zone_id":null,"stop_url":null,"location_type":"0","parent_station":null,"stop_timezone":null,"wheelchair_boarding":"2"}},{"type":"Feature","geometry":{"type":"Point","coordinates":[5.4664821,43.33144251]},"properties":{"stop_id":"RTM-00004538","stop_code":"00004538","stop_name":"Laurent Merle","stop_desc":"TAD 65 \/ SCO 2022","zone_id":null,"stop_url":null,"location_type":"0","parent_station":null,"stop_timezone":null,"wheelchair_boarding":"2"}},{"type":"Feature","geometry":{"type":"Point","coordinates":[5.466976,43.338255]},"properties":{"stop_id":"RTM-00002179","stop_code":"00002179","stop_name":"Le Bocage","stop_desc":null,"zone_id":null,"stop_url":null,"location_type":"0","parent_station":null,"stop_timezone":null,"wheelchair_boarding":"1"}},{"type":"Feature","geometry":{"type":"Point","coordinates":[5.466897,43.338369]},"properties":{"stop_id":"RTM-00002212","stop_code":"00002212","stop_name":"Le Bocage","stop_desc":null,"zone_id":null,"stop_url":null,"location_type":"0","parent_station":null,"stop_timezone":null,"wheelchair_boarding":"1"}},{"type":"Feature","geometry":{"type":"Point","coordinates":[5.417279,43.258642]},"properties":{"stop_id":"RTM-00001894","stop_code":"00001894","stop_name":"Le Cabot","stop_desc":null,"zone_id":null,"stop_url":null,"location_type":"0","parent_station":null,"stop_timezone":null,"wheelchair_boarding":"1"}},{"type":"Feature","geometry":{"type":"Point","coordinates":[5.369308,43.366359]},"properties":{"stop_id":"RTM-00000199","stop_code":"00000199","stop_name":"Le Canal","stop_desc":null,"zone_id":null,"stop_url":null,"location_type":"0","parent_station":null,"stop_timezone":null,"wheelchair_boarding":"2"}},{"type":"Feature","geometry":{"type":"Point","coordinates":[5.3728976,43.352413]},"properties":{"stop_id":"RTM-00000122","stop_code":"00000122","stop_name":"Le Castellas","stop_desc":null,"zone_id":null,"stop_url":null,"location_type":"0","parent_station":null,"stop_timezone":null,"wheelchair_boarding":"2"}},{"type":"Feature","geometry":{"type":"Point","coordinates":[5.397512,43.261283]},"properties":{"stop_id":"RTM-00001752","stop_code":"00001752","stop_name":"Le Corbusier","stop_desc":null,"zone_id":null,"stop_url":null,"location_type":"0","parent_station":null,"stop_timezone":null,"wheelchair_boarding":"2"}},{"type":"Feature","geometry":{"type":"Point","coordinates":[5.402553,43.315118]},"properties":{"stop_id":"RTM-00002015","stop_code":"00002015","stop_name":"Le D\u00f4me","stop_desc":null,"zone_id":null,"stop_url":null,"location_type":"0","parent_station":null,"stop_timezone":null,"wheelchair_boarding":"2"}},{"type":"Feature","geometry":{"type":"Point","coordinates":[5.40307,43.315234]},"properties":{"stop_id":"RTM-00002039","stop_code":"00002039","stop_name":"Le D\u00f4me","stop_desc":null,"zone_id":null,"stop_url":null,"location_type":"0","parent_station":null,"stop_timezone":null,"wheelchair_boarding":"2"}},{"type":"Feature","geometry":{"type":"Point","coordinates":[5.422383,43.250077]},"properties":{"stop_id":"RTM-00001903","stop_code":"00001903","stop_name":"Le Fangas","stop_desc":null,"zone_id":null,"stop_url":null,"location_type":"0","parent_station":null,"stop_timezone":null,"wheelchair_boarding":"2"}},{"type":"Feature","geometry":{"type":"Point","coordinates":[5.479113,43.338284]},"properties":{"stop_id":"RTM-00002892","stop_code":"00002892","stop_name":"Le Grand Puits Pi\u00e9 d'Autry","stop_desc":null,"zone_id":null,"stop_url":null,"location_type":"0","parent_station":null,"stop_timezone":null,"wheelchair_boarding":"2"}},{"type":"Feature","geometry":{"type":"Point","coordinates":[5.485029,43.354467]},"properties":{"stop_id":"RTM-00002193","stop_code":"00002193","stop_name":"Le Logis Neuf Allende","stop_desc":"TAD 65","zone_id":null,"stop_url":null,"location_type":"0","parent_station":null,"stop_timezone":null,"wheelchair_boarding":"2"}},{"type":"Feature","geometry":{"type":"Point","coordinates":[5.313749,43.368758]},"properties":{"stop_id":"RTM-00003571","stop_code":"00003571","stop_name":"Le Marinier","stop_desc":null,"zone_id":null,"stop_url":null,"location_type":"0","parent_station":null,"stop_timezone":null,"wheelchair_boarding":"2"}},{"type":"Feature","geometry":{"type":"Point","coordinates":[5.359259,43.29215]},"properties":{"stop_id":"RTM-00003815","stop_code":"00003815","stop_name":"Le Pharo","stop_desc":"ligne 82","zone_id":null,"stop_url":null,"location_type":"0","parent_station":null,"stop_timezone":null,"wheelchair_boarding":"1"}},{"type":"Feature","geometry":{"type":"Point","coordinates":[5.427184,43.244916]},"properties":{"stop_id":"RTM-00001900","stop_code":"00001900","stop_name":"Le Redon","stop_desc":null,"zone_id":null,"stop_url":null,"location_type":"0","parent_station":null,"stop_timezone":null,"wheelchair_boarding":"1"}},{"type":"Feature","geometry":{"type":"Point","coordinates":[5.419474,43.256766]},"properties":{"stop_id":"RTM-00001906","stop_code":"00001906","stop_name":"Le Redon La Panouse","stop_desc":null,"zone_id":null,"stop_url":null,"location_type":"0","parent_station":null,"stop_timezone":null,"wheelchair_boarding":"2"}},{"type":"Feature","geometry":{"type":"Point","coordinates":[5.366967,43.310131]},"properties":{"stop_id":"RTM-00000283","stop_code":"00000283","stop_name":"Le Silo","stop_desc":"QUAI DU LAZARET  MARSEILLE 13002","zone_id":null,"stop_url":null,"location_type":"0","parent_station":null,"stop_timezone":null,"wheelchair_boarding":"1"}},{"type":"Feature","geometry":{"type":"Point","coordinates":[5.36726654,43.31052608]},"properties":{"stop_id":"RTM-00003793","stop_code":"00003793","stop_name":"Le Silo","stop_desc":null,"zone_id":null,"stop_url":null,"location_type":"0","parent_station":null,"stop_timezone":null,"wheelchair_boarding":"1"}},{"type":"Feature","geometry":{"type":"Point","coordinates":[5.368757,43.280275]},"properties":{"stop_id":"RTM-00001434","stop_code":"00001434","stop_name":"Le Terrail","stop_desc":"TAD 59","zone_id":null,"stop_url":null,"location_type":"0","parent_station":null,"stop_timezone":null,"wheelchair_boarding":"2"}},{"type":"Feature","geometry":{"type":"Point","coordinates":[5.431271,43.29849]},"properties":{"stop_id":"RTM-00000954","stop_code":"00000954","stop_name":"Le Vend\u00f4me","stop_desc":null,"zone_id":null,"stop_url":null,"location_type":"0","parent_station":null,"stop_timezone":null,"wheelchair_boarding":"1"}},{"type":"Feature","geometry":{"type":"Point","coordinates":[5.449759,43.294615]},"properties":{"stop_id":"RTM-00002624","stop_code":"00002624","stop_name":"Lecache Les Comtes","stop_desc":null,"zone_id":null,"stop_url":null,"location_type":"0","parent_station":null,"stop_timezone":null,"wheelchair_boarding":"2"}},{"type":"Feature","geometry":{"type":"Point","coordinates":[5.441697,43.344166]},"properties":{"stop_id":"RTM-00004078","stop_code":"00004078","stop_name":"Leprince Ringuet","stop_desc":null,"zone_id":null,"stop_url":null,"location_type":"0","parent_station":null,"stop_timezone":null,"wheelchair_boarding":"2"}},{"type":"Feature","geometry":{"type":"Point","coordinates":[5.464894,43.3119]},"properties":{"stop_id":"RTM-00000830","stop_code":"00000830","stop_name":"Les 3 Lucs","stop_desc":null,"zone_id":null,"stop_url":null,"location_type":"0","parent_station":null,"stop_timezone":null,"wheelchair_boarding":"1"}},{"type":"Feature","geometry":{"type":"Point","coordinates":[5.469395,43.31683]},"properties":{"stop_id":"RTM-00002424","stop_code":"00002424","stop_name":"Les 3 Lucs Enco de Botte","stop_desc":null,"zone_id":null,"stop_url":null,"location_type":"0","parent_station":null,"stop_timezone":null,"wheelchair_boarding":"2"}},{"type":"Feature","geometry":{"type":"Point","coordinates":[5.46547,43.313256]},"properties":{"stop_id":"RTM-00000838","stop_code":"00000838","stop_name":"Les 3 Lucs Salette","stop_desc":"arr\u00eat recr\u00e9e suite \u00e0 bug","zone_id":null,"stop_url":null,"location_type":"0","parent_station":null,"stop_timezone":null,"wheelchair_boarding":"1"}},{"type":"Feature","geometry":{"type":"Point","coordinates":[5.50153422,43.30020287]},"properties":{"stop_id":"RTM-00004690","stop_code":"00004690","stop_name":"Les 4 saisons","stop_desc":null,"zone_id":null,"stop_url":null,"location_type":"0","parent_station":null,"stop_timezone":null,"wheelchair_boarding":"2"}},{"type":"Feature","geometry":{"type":"Point","coordinates":[5.496463,43.297511]},"properties":{"stop_id":"RTM-00001194","stop_code":"00001194","stop_name":"Les Accates","stop_desc":null,"zone_id":null,"stop_url":null,"location_type":"0","parent_station":null,"stop_timezone":null,"wheelchair_boarding":"2"}},{"type":"Feature","geometry":{"type":"Point","coordinates":[5.420837,43.338087]},"properties":{"stop_id":"RTM-00000670","stop_code":"00000670","stop_name":"Les Alvergnes","stop_desc":null,"zone_id":null,"stop_url":null,"location_type":"0","parent_station":null,"stop_timezone":null,"wheelchair_boarding":"2"}},{"type":"Feature","geometry":{"type":"Point","coordinates":[5.420943,43.336832]},"properties":{"stop_id":"RTM-00000712","stop_code":"00000712","stop_name":"Les Alvergnes","stop_desc":null,"zone_id":null,"stop_url":null,"location_type":"0","parent_station":null,"stop_timezone":null,"wheelchair_boarding":"2"}},{"type":"Feature","geometry":{"type":"Point","coordinates":[5.450013,43.324642]},"properties":{"stop_id":"RTM-00000623","stop_code":"00000623","stop_name":"Les Aurengues","stop_desc":null,"zone_id":null,"stop_url":null,"location_type":"0","parent_station":null,"stop_timezone":null,"wheelchair_boarding":"2"}},{"type":"Feature","geometry":{"type":"Point","coordinates":[5.368852,43.356815]},"properties":{"stop_id":"RTM-00000160","stop_code":"00000160","stop_name":"Les Aygalades","stop_desc":"BOULEVARD DE L'ANGELETTE  MARSEILLE 13015","zone_id":null,"stop_url":null,"location_type":"0","parent_station":null,"stop_timezone":null,"wheelchair_boarding":"1"}},{"type":"Feature","geometry":{"type":"Point","coordinates":[5.36957324,43.35593689]},"properties":{"stop_id":"RTM-00002561","stop_code":"00002561","stop_name":"Les Aygalades","stop_desc":null,"zone_id":null,"stop_url":null,"location_type":"0","parent_station":null,"stop_timezone":null,"wheelchair_boarding":"2"}},{"type":"Feature","geometry":{"type":"Point","coordinates":[5.431866,43.34551]},"properties":{"stop_id":"RTM-00004090","stop_code":"00004090","stop_name":"Les Baronnies","stop_desc":"pas de trottoir","zone_id":null,"stop_url":null,"location_type":"0","parent_station":null,"stop_timezone":null,"wheelchair_boarding":"2"}},{"type":"Feature","geometry":{"type":"Point","coordinates":[5.416403,43.226255]},"properties":{"stop_id":"RTM-00001813","stop_code":"00001813","stop_name":"Les Baumettes","stop_desc":null,"zone_id":null,"stop_url":null,"location_type":"0","parent_station":null,"stop_timezone":null,"wheelchair_boarding":"2"}},{"type":"Feature","geometry":{"type":"Point","coordinates":[5.431215,43.301161]},"properties":{"stop_id":"RTM-00000971","stop_code":"00000971","stop_name":"Les Borrom\u00e9es","stop_desc":null,"zone_id":null,"stop_url":null,"location_type":"0","parent_station":null,"stop_timezone":null,"wheelchair_boarding":"1"}},{"type":"Feature","geometry":{"type":"Point","coordinates":[5.441983,43.317308]},"properties":{"stop_id":"RTM-00000885","stop_code":"00000885","stop_name":"Les Bougainvill\u00e9es","stop_desc":null,"zone_id":null,"stop_url":null,"location_type":"0","parent_station":null,"stop_timezone":null,"wheelchair_boarding":"2"}},{"type":"Feature","geometry":{"type":"Point","coordinates":[5.444793,43.294461]},"properties":{"stop_id":"RTM-00001203","stop_code":"00001203","stop_name":"Les Caillols Centre Urbain","stop_desc":"AVENUE RAOUL FOLLEREAU  MARSEILLE 13011","zone_id":null,"stop_url":null,"location_type":"0","parent_station":null,"stop_timezone":null,"wheelchair_boarding":"1"}},{"type":"Feature","geometry":{"type":"Point","coordinates":[5.442119,43.291061]},"properties":{"stop_id":"RTM-00001205","stop_code":"00001205","stop_name":"Les Campanules","stop_desc":null,"zone_id":null,"stop_url":null,"location_type":"0","parent_station":null,"stop_timezone":null,"wheelchair_boarding":"2"}},{"type":"Feature","geometry":{"type":"Point","coordinates":[5.403592,43.315409]},"properties":{"stop_id":"RTM-00001121","stop_code":"00001121","stop_name":"Les Chartreux","stop_desc":null,"zone_id":null,"stop_url":null,"location_type":"0","parent_station":null,"stop_timezone":null,"wheelchair_boarding":"2"}},{"type":"Feature","geometry":{"type":"Point","coordinates":[5.369652,43.404699]},"properties":{"stop_id":"RTM-00002955","stop_code":"00002955","stop_name":"Les Collines","stop_desc":null,"zone_id":null,"stop_url":null,"location_type":"0","parent_station":null,"stop_timezone":null,"wheelchair_boarding":"2"}},{"type":"Feature","geometry":{"type":"Point","coordinates":[5.369132,43.405727]},"properties":{"stop_id":"RTM-00003197","stop_code":"00003197","stop_name":"Les Collines Centre","stop_desc":null,"zone_id":null,"stop_url":null,"location_type":"0","parent_station":null,"stop_timezone":null,"wheelchair_boarding":"2"}},{"type":"Feature","geometry":{"type":"Point","coordinates":[5.367111,43.40486]},"properties":{"stop_id":"RTM-00004284","stop_code":"00004284","stop_name":"Les Collines Gen\u00eats","stop_desc":"LES COLLINES  SEPT\u00c8MES-LES-VALLONS 13240","zone_id":null,"stop_url":null,"location_type":"0","parent_station":null,"stop_timezone":null,"wheelchair_boarding":"2"}},{"type":"Feature","geometry":{"type":"Point","coordinates":[5.41030848,43.32633314]},"properties":{"stop_id":"RTM-00000354","stop_code":"00000354","stop_name":"Les C\u00e8dres","stop_desc":"AVENUE SAINT-PAUL  MARSEILLE 13013","zone_id":null,"stop_url":null,"location_type":"0","parent_station":null,"stop_timezone":null,"wheelchair_boarding":"1"}},{"type":"Feature","geometry":{"type":"Point","coordinates":[5.357099,43.379532]},"properties":{"stop_id":"RTM-00004010","stop_code":"00004010","stop_name":"Les Fabrettes","stop_desc":"AVENUE DE SAINT-ANTOINE  MARSEILLE 13015","zone_id":null,"stop_url":null,"location_type":"0","parent_station":null,"stop_timezone":null,"wheelchair_boarding":"1"}},{"type":"Feature","geometry":{"type":"Point","coordinates":[5.40343,43.33223]},"properties":{"stop_id":"RTM-00000359","stop_code":"00000359","stop_name":"Les Flamants Les Iris","stop_desc":null,"zone_id":null,"stop_url":null,"location_type":"0","parent_station":null,"stop_timezone":null,"wheelchair_boarding":"2"}},{"type":"Feature","geometry":{"type":"Point","coordinates":[5.34776164,43.2153241]},"properties":{"stop_id":"RTM-00002361","stop_code":"00002361","stop_name":"Les Goudes","stop_desc":null,"zone_id":null,"stop_url":null,"location_type":"0","parent_station":null,"stop_timezone":null,"wheelchair_boarding":"2"}},{"type":"Feature","geometry":{"type":"Point","coordinates":[5.406799,43.331087]},"properties":{"stop_id":"RTM-00000979","stop_code":"00000979","stop_name":"Les Hirondelles","stop_desc":null,"zone_id":null,"stop_url":null,"location_type":"0","parent_station":null,"stop_timezone":null,"wheelchair_boarding":"2"}},{"type":"Feature","geometry":{"type":"Point","coordinates":[5.40685,43.330905]},"properties":{"stop_id":"RTM-00001011","stop_code":"00001011","stop_name":"Les Hirondelles","stop_desc":null,"zone_id":null,"stop_url":null,"location_type":"0","parent_station":null,"stop_timezone":null,"wheelchair_boarding":"2"}},{"type":"Feature","geometry":{"type":"Point","coordinates":[5.427215,43.267022]},"properties":{"stop_id":"RTM-00001675","stop_code":"00001675","stop_name":"Les Jardins de Flore","stop_desc":null,"zone_id":null,"stop_url":null,"location_type":"0","parent_station":null,"stop_timezone":null,"wheelchair_boarding":"2"}},{"type":"Feature","geometry":{"type":"Point","coordinates":[5.4089161,43.329593]},"properties":{"stop_id":"RTM-00004725","stop_code":"00004725","stop_name":"Les Lauriers Martin","stop_desc":null,"zone_id":null,"stop_url":null,"location_type":"0","parent_station":null,"stop_timezone":null,"wheelchair_boarding":"2"}},{"type":"Feature","geometry":{"type":"Point","coordinates":[5.457639,43.299742]},"properties":{"stop_id":"RTM-00001243","stop_code":"00001243","stop_name":"Les Lib\u00e9rateurs","stop_desc":null,"zone_id":null,"stop_url":null,"location_type":"0","parent_station":null,"stop_timezone":null,"wheelchair_boarding":"2"}},{"type":"Feature","geometry":{"type":"Point","coordinates":[5.4281399,43.3078853]},"properties":{"stop_id":"RTM-00000850","stop_code":"00000850","stop_name":"Les Lierres","stop_desc":null,"zone_id":null,"stop_url":null,"location_type":"0","parent_station":null,"stop_timezone":null,"wheelchair_boarding":"2"}},{"type":"Feature","geometry":{"type":"Point","coordinates":[5.410258,43.331923]},"properties":{"stop_id":"RTM-00004036","stop_code":"00004036","stop_name":"Les Lilas","stop_desc":"AVENUE ESCADRILLE NORMANDIE-NIEMEN  MARSEILLE 13013","zone_id":null,"stop_url":null,"location_type":"0","parent_station":null,"stop_timezone":null,"wheelchair_boarding":"1"}},{"type":"Feature","geometry":{"type":"Point","coordinates":[5.456775,43.340737]},"properties":{"stop_id":"RTM-00002149","stop_code":"00002149","stop_name":"Les Madets","stop_desc":null,"zone_id":null,"stop_url":null,"location_type":"0","parent_station":null,"stop_timezone":null,"wheelchair_boarding":"2"}},{"type":"Feature","geometry":{"type":"Point","coordinates":[5.417055,43.268014]},"properties":{"stop_id":"RTM-00001646","stop_code":"00001646","stop_name":"Les Micocouliers","stop_desc":null,"zone_id":null,"stop_url":null,"location_type":"0","parent_station":null,"stop_timezone":null,"wheelchair_boarding":"1"}},{"type":"Feature","geometry":{"type":"Point","coordinates":[5.416573,43.268184]},"properties":{"stop_id":"RTM-00001662","stop_code":"00001662","stop_name":"Les Micocouliers","stop_desc":null,"zone_id":null,"stop_url":null,"location_type":"0","parent_station":null,"stop_timezone":null,"wheelchair_boarding":"1"}},{"type":"Feature","geometry":{"type":"Point","coordinates":[5.43570492,43.35193592]},"properties":{"stop_id":"RTM-00004794","stop_code":"00004794","stop_name":"Les Mourets","stop_desc":null,"zone_id":null,"stop_url":null,"location_type":"0","parent_station":null,"stop_timezone":null,"wheelchair_boarding":"2"}},{"type":"Feature","geometry":{"type":"Point","coordinates":[5.447978,43.32308]},"properties":{"stop_id":"RTM-00000622","stop_code":"00000622","stop_name":"Les Olives Comtesse","stop_desc":null,"zone_id":null,"stop_url":null,"location_type":"0","parent_station":null,"stop_timezone":null,"wheelchair_boarding":"2"}},{"type":"Feature","geometry":{"type":"Point","coordinates":[5.448087,43.323283]},"properties":{"stop_id":"RTM-00000657","stop_code":"00000657","stop_name":"Les Olives Comtesse","stop_desc":null,"zone_id":null,"stop_url":null,"location_type":"0","parent_station":null,"stop_timezone":null,"wheelchair_boarding":"2"}},{"type":"Feature","geometry":{"type":"Point","coordinates":[5.412866,43.330078]},"properties":{"stop_id":"RTM-00003928","stop_code":"00003928","stop_name":"Les Oliviers","stop_desc":"CHEMIN DU MERLAN \u00c0 LA ROSE  MARSEILLE 13013","zone_id":null,"stop_url":null,"location_type":"0","parent_station":null,"stop_timezone":null,"wheelchair_boarding":"1"}},{"type":"Feature","geometry":{"type":"Point","coordinates":[5.4129569,43.3301519]},"properties":{"stop_id":"RTM-00004037","stop_code":"00004037","stop_name":"Les Oliviers","stop_desc":"68 CHEMIN DU MERLAN \u00c0 LA ROSE  MARSEILLE 13013","zone_id":null,"stop_url":null,"location_type":"0","parent_station":null,"stop_timezone":null,"wheelchair_boarding":"1"}},{"type":"Feature","geometry":{"type":"Point","coordinates":[5.412983,43.330258]},"properties":{"stop_id":"RTM-00004039","stop_code":"00004039","stop_name":"Les Oliviers","stop_desc":"68 CHEMIN DU MERLAN \u00c0 LA ROSE  MARSEILLE 13013","zone_id":null,"stop_url":null,"location_type":"0","parent_station":null,"stop_timezone":null,"wheelchair_boarding":"1"}},{"type":"Feature","geometry":{"type":"Point","coordinates":[5.412845,43.330314]},"properties":{"stop_id":"RTM-00004055","stop_code":"00004055","stop_name":"Les Oliviers","stop_desc":"70 CHEMIN DU MERLAN \u00c0 LA ROSE  MARSEILLE 13013","zone_id":null,"stop_url":null,"location_type":"0","parent_station":null,"stop_timezone":null,"wheelchair_boarding":"1"}},{"type":"Feature","geometry":{"type":"Point","coordinates":[5.413109,43.330098]},"properties":{"stop_id":"RTM-00004062","stop_code":"00004062","stop_name":"Les Oliviers","stop_desc":"68 CHEMIN DU MERLAN \u00c0 LA ROSE  MARSEILLE 13013","zone_id":null,"stop_url":null,"location_type":"0","parent_station":null,"stop_timezone":null,"wheelchair_boarding":"1"}},{"type":"Feature","geometry":{"type":"Point","coordinates":[5.371963,43.410113]},"properties":{"stop_id":"RTM-00002954","stop_code":"00002954","stop_name":"Les Peyrets Fabr\u00e9goules","stop_desc":"\u00e9quipements MPM. ancien horaire","zone_id":null,"stop_url":null,"location_type":"0","parent_station":null,"stop_timezone":null,"wheelchair_boarding":"2"}},{"type":"Feature","geometry":{"type":"Point","coordinates":[5.444927,43.317834]},"properties":{"stop_id":"RTM-00000886","stop_code":"00000886","stop_name":"Les Romarins","stop_desc":null,"zone_id":null,"stop_url":null,"location_type":"0","parent_station":null,"stop_timezone":null,"wheelchair_boarding":"2"}},{"type":"Feature","geometry":{"type":"Point","coordinates":[5.46584617,43.33329082]},"properties":{"stop_id":"RTM-00002176","stop_code":"00002176","stop_name":"Les Toits de la Pounche","stop_desc":null,"zone_id":null,"stop_url":null,"location_type":"0","parent_station":null,"stop_timezone":null,"wheelchair_boarding":"2"}},{"type":"Feature","geometry":{"type":"Point","coordinates":[5.351809,43.393279]},"properties":{"stop_id":"RTM-00003042","stop_code":"00003042","stop_name":"Les Tourelles","stop_desc":"abs sigep. abs trottoir","zone_id":null,"stop_url":null,"location_type":"0","parent_station":null,"stop_timezone":null,"wheelchair_boarding":"2"}},{"type":"Feature","geometry":{"type":"Point","coordinates":[5.436064,43.274142]},"properties":{"stop_id":"RTM-00001688","stop_code":"00001688","stop_name":"Les Trois Ponts","stop_desc":null,"zone_id":null,"stop_url":null,"location_type":"0","parent_station":null,"stop_timezone":null,"wheelchair_boarding":"2"}},{"type":"Feature","geometry":{"type":"Point","coordinates":[5.476168,43.309119]},"properties":{"stop_id":"RTM-00000663","stop_code":"00000663","stop_name":"Les Vaudrans","stop_desc":"ALL\u00c9E DES VAUDRANS  MARSEILLE 13012","zone_id":null,"stop_url":null,"location_type":"0","parent_station":null,"stop_timezone":null,"wheelchair_boarding":"2"}},{"type":"Feature","geometry":{"type":"Point","coordinates":[5.475215,43.307678]},"properties":{"stop_id":"RTM-00002695","stop_code":"00002695","stop_name":"Les Vaudrans Marronniers","stop_desc":null,"zone_id":null,"stop_url":null,"location_type":"0","parent_station":null,"stop_timezone":null,"wheelchair_boarding":"2"}},{"type":"Feature","geometry":{"type":"Point","coordinates":[5.466259,43.355061]},"properties":{"stop_id":"RTM-00002160","stop_code":"00002160","stop_name":"Les Vidar\u00e8s","stop_desc":null,"zone_id":null,"stop_url":null,"location_type":"0","parent_station":null,"stop_timezone":null,"wheelchair_boarding":"1"}},{"type":"Feature","geometry":{"type":"Point","coordinates":[5.43585598,43.33760574]},"properties":{"stop_id":"RTM-00004045","stop_code":"00004045","stop_name":"Les Vieux Cypr\u00e8s","stop_desc":"RUE ALBERT EINSTEIN  MARSEILLE 13013","zone_id":null,"stop_url":null,"location_type":"0","parent_station":null,"stop_timezone":null,"wheelchair_boarding":"1"}},{"type":"Feature","geometry":{"type":"Point","coordinates":[5.435654,43.337646]},"properties":{"stop_id":"RTM-00004052","stop_code":"00004052","stop_name":"Les Vieux Cypr\u00e8s","stop_desc":"RUE ALBERT EINSTEIN  MARSEILLE 13013","zone_id":null,"stop_url":null,"location_type":"0","parent_station":null,"stop_timezone":null,"wheelchair_boarding":"1"}},{"type":"Feature","geometry":{"type":"Point","coordinates":[5.381119,43.30063]},"properties":{"stop_id":"RTM-00003750","stop_code":"00003750","stop_name":"Libert\u00e9 Lafayette","stop_desc":null,"zone_id":null,"stop_url":null,"location_type":"0","parent_station":null,"stop_timezone":null,"wheelchair_boarding":"2"}},{"type":"Feature","geometry":{"type":"Point","coordinates":[5.383221,43.301545]},"properties":{"stop_id":"RTM-00000227","stop_code":"00000227","stop_name":"Libert\u00e9 Sembat","stop_desc":null,"zone_id":null,"stop_url":null,"location_type":"0","parent_station":null,"stop_timezone":null,"wheelchair_boarding":"2"}},{"type":"Feature","geometry":{"type":"Point","coordinates":[5.383459,43.301523]},"properties":{"stop_id":"RTM-00003907","stop_code":"00003907","stop_name":"Libert\u00e9 Sembat","stop_desc":null,"zone_id":null,"stop_url":null,"location_type":"0","parent_station":null,"stop_timezone":null,"wheelchair_boarding":"2"}},{"type":"Feature","geometry":{"type":"Point","coordinates":[5.395374,43.302461]},"properties":{"stop_id":"RTM-00003112","stop_code":"00003112","stop_name":"Lib\u00e9ration Dormoy","stop_desc":null,"zone_id":null,"stop_url":null,"location_type":"0","parent_station":null,"stop_timezone":null,"wheelchair_boarding":"1"}},{"type":"Feature","geometry":{"type":"Point","coordinates":[5.394065,43.301941]},"properties":{"stop_id":"RTM-00001098","stop_code":"00001098","stop_name":"Lib\u00e9ration Esp\u00e9randieu","stop_desc":"136 BOULEVARD DE LA LIB\u00c9RATION  MARSEILLE 13001","zone_id":null,"stop_url":null,"location_type":"0","parent_station":null,"stop_timezone":null,"wheelchair_boarding":"1"}},{"type":"Feature","geometry":{"type":"Point","coordinates":[5.385964,43.299321]},"properties":{"stop_id":"RTM-00003114","stop_code":"00003114","stop_name":"Lib\u00e9ration R\u00e9form\u00e9s","stop_desc":"3 COURS FRANKLIN ROOSEVELT  MARSEILLE 13001","zone_id":null,"stop_url":null,"location_type":"0","parent_station":null,"stop_timezone":null,"wheelchair_boarding":"1"}},{"type":"Feature","geometry":{"type":"Point","coordinates":[5.386361,43.299331]},"properties":{"stop_id":"RTM-00003374","stop_code":"00003374","stop_name":"Lib\u00e9ration R\u00e9form\u00e9s","stop_desc":"BOULEVARD DE LA LIB\u00c9RATION  MARSEILLE 13001","zone_id":null,"stop_url":null,"location_type":"0","parent_station":null,"stop_timezone":null,"wheelchair_boarding":"1"}},{"type":"Feature","geometry":{"type":"Point","coordinates":[5.38521861,43.28706792]},"properties":{"stop_id":"RTM-00004561","stop_code":"00004561","stop_name":"Lieutaud Baille","stop_desc":null,"zone_id":null,"stop_url":null,"location_type":"0","parent_station":null,"stop_timezone":null,"wheelchair_boarding":"2"}},{"type":"Feature","geometry":{"type":"Point","coordinates":[5.38317895,43.29076799]},"properties":{"stop_id":"RTM-00004563","stop_code":"00004563","stop_name":"Lieutaud Salvator","stop_desc":null,"zone_id":null,"stop_url":null,"location_type":"0","parent_station":null,"stop_timezone":null,"wheelchair_boarding":"2"}},{"type":"Feature","geometry":{"type":"Point","coordinates":[5.410278,43.356113]},"properties":{"stop_id":"RTM-00001076","stop_code":"00001076","stop_name":"Lissandre Ecoles","stop_desc":null,"zone_id":null,"stop_url":null,"location_type":"0","parent_station":null,"stop_timezone":null,"wheelchair_boarding":"2"}},{"type":"Feature","geometry":{"type":"Point","coordinates":[5.354458,43.335603]},"properties":{"stop_id":"RTM-00000276","stop_code":"00000276","stop_name":"Littoral Bernabo","stop_desc":null,"zone_id":null,"stop_url":null,"location_type":"0","parent_station":null,"stop_timezone":null,"wheelchair_boarding":"2"}},{"type":"Feature","geometry":{"type":"Point","coordinates":[5.3406429,43.3510897]},"properties":{"stop_id":"RTM-00000250","stop_code":"00000250","stop_name":"Littoral Pas du Faon","stop_desc":null,"zone_id":null,"stop_url":null,"location_type":"0","parent_station":null,"stop_timezone":null,"wheelchair_boarding":"1"}},{"type":"Feature","geometry":{"type":"Point","coordinates":[5.327842,43.355314]},"properties":{"stop_id":"RTM-00000254","stop_code":"00000254","stop_name":"Littoral Saumaty","stop_desc":null,"zone_id":null,"stop_url":null,"location_type":"0","parent_station":null,"stop_timezone":null,"wheelchair_boarding":"2"}},{"type":"Feature","geometry":{"type":"Point","coordinates":[5.327961,43.354166]},"properties":{"stop_id":"RTM-00000267","stop_code":"00000267","stop_name":"Littoral Saumaty","stop_desc":"CHEMIN DU LITTORAL  MARSEILLE 13016","zone_id":null,"stop_url":null,"location_type":"0","parent_station":null,"stop_timezone":null,"wheelchair_boarding":"2"}},{"type":"Feature","geometry":{"type":"Point","coordinates":[5.336277,43.353905]},"properties":{"stop_id":"RTM-00000251","stop_code":"00000251","stop_name":"Littoral St Henri","stop_desc":null,"zone_id":null,"stop_url":null,"location_type":"0","parent_station":null,"stop_timezone":null,"wheelchair_boarding":"2"}},{"type":"Feature","geometry":{"type":"Point","coordinates":[5.336333,43.353743]},"properties":{"stop_id":"RTM-00004584","stop_code":"00004584","stop_name":"Littoral St Henri","stop_desc":null,"zone_id":null,"stop_url":null,"location_type":"0","parent_station":null,"stop_timezone":null,"wheelchair_boarding":"2"}},{"type":"Feature","geometry":{"type":"Point","coordinates":[5.38512268,43.29142987]},"properties":{"stop_id":"RTM-00001531","stop_code":"00001531","stop_name":"Lodi Fontange","stop_desc":null,"zone_id":null,"stop_url":null,"location_type":"0","parent_station":null,"stop_timezone":null,"wheelchair_boarding":"2"}},{"type":"Feature","geometry":{"type":"Point","coordinates":[5.437189,43.289269]},"properties":{"stop_id":"RTM-00001163","stop_code":"00001163","stop_name":"Lombard Mireille Lauze","stop_desc":"AVENUE JEAN LOMBARD  MARSEILLE 13011","zone_id":null,"stop_url":null,"location_type":"0","parent_station":null,"stop_timezone":null,"wheelchair_boarding":"2"}},{"type":"Feature","geometry":{"type":"Point","coordinates":[5.432952,43.288911]},"properties":{"stop_id":"RTM-00001162","stop_code":"00001162","stop_name":"Lombard Rebattu","stop_desc":"AVENUE JEAN LOMBARD  MARSEILLE 13011","zone_id":null,"stop_url":null,"location_type":"0","parent_station":null,"stop_timezone":null,"wheelchair_boarding":"2"}},{"type":"Feature","geometry":{"type":"Point","coordinates":[5.379236,43.312078]},"properties":{"stop_id":"RTM-00000222","stop_code":"00000222","stop_name":"Loubon Bellevue","stop_desc":null,"zone_id":null,"stop_url":null,"location_type":"0","parent_station":null,"stop_timezone":null,"wheelchair_boarding":"2"}},{"type":"Feature","geometry":{"type":"Point","coordinates":[5.41363,43.299951]},"properties":{"stop_id":"RTM-00003490","stop_code":"00003490","stop_name":"Louis Armand","stop_desc":null,"zone_id":null,"stop_url":null,"location_type":"0","parent_station":null,"stop_timezone":null,"wheelchair_boarding":"2"}},{"type":"Feature","geometry":{"type":"Point","coordinates":[5.4135575,43.300013]},"properties":{"stop_id":"RTM-00003495","stop_code":"00003495","stop_name":"Louis Armand","stop_desc":null,"zone_id":null,"stop_url":null,"location_type":"0","parent_station":null,"stop_timezone":null,"wheelchair_boarding":"2"}},{"type":"Feature","geometry":{"type":"Point","coordinates":[5.43571836,43.23789354]},"properties":{"stop_id":"RTM-00004600","stop_code":"00004600","stop_name":"Luminy Complexe sportif","stop_desc":null,"zone_id":null,"stop_url":null,"location_type":"0","parent_station":null,"stop_timezone":null,"wheelchair_boarding":"1"}},{"type":"Feature","geometry":{"type":"Point","coordinates":[5.43600822,43.23236222]},"properties":{"stop_id":"RTM-00004593","stop_code":"00004593","stop_name":"Luminy Kedge BS","stop_desc":null,"zone_id":null,"stop_url":null,"location_type":"0","parent_station":null,"stop_timezone":null,"wheelchair_boarding":"1"}},{"type":"Feature","geometry":{"type":"Point","coordinates":[5.43610608,43.23263422]},"properties":{"stop_id":"RTM-00004599","stop_code":"00004599","stop_name":"Luminy Kedge BS","stop_desc":null,"zone_id":null,"stop_url":null,"location_type":"0","parent_station":null,"stop_timezone":null,"wheelchair_boarding":"1"}},{"type":"Feature","geometry":{"type":"Point","coordinates":[5.436394,43.24625]},"properties":{"stop_id":"RTM-00001766","stop_code":"00001766","stop_name":"Luminy Lachamp","stop_desc":null,"zone_id":null,"stop_url":null,"location_type":"0","parent_station":null,"stop_timezone":null,"wheelchair_boarding":"1"}},{"type":"Feature","geometry":{"type":"Point","coordinates":[5.436391,43.246324]},"properties":{"stop_id":"RTM-00001773","stop_code":"00001773","stop_name":"Luminy Lachamp","stop_desc":null,"zone_id":null,"stop_url":null,"location_type":"0","parent_station":null,"stop_timezone":null,"wheelchair_boarding":"1"}},{"type":"Feature","geometry":{"type":"Point","coordinates":[5.43668911,43.2461405]},"properties":{"stop_id":"RTM-00004590","stop_code":"00004590","stop_name":"Luminy Lachamp","stop_desc":null,"zone_id":null,"stop_url":null,"location_type":"0","parent_station":null,"stop_timezone":null,"wheelchair_boarding":"1"}},{"type":"Feature","geometry":{"type":"Point","coordinates":[5.43710004,43.2316791]},"properties":{"stop_id":"RTM-00003772","stop_code":"00003772","stop_name":"Luminy PN des Calanques","stop_desc":null,"zone_id":null,"stop_url":null,"location_type":"0","parent_station":null,"stop_timezone":null,"wheelchair_boarding":"1"}},{"type":"Feature","geometry":{"type":"Point","coordinates":[5.420757,43.335182]},"properties":{"stop_id":"RTM-00000669","stop_code":"00000669","stop_name":"Lyc\u00e9e Charlotte Grawitz","stop_desc":null,"zone_id":null,"stop_url":null,"location_type":"0","parent_station":null,"stop_timezone":null,"wheelchair_boarding":"2"}},{"type":"Feature","geometry":{"type":"Point","coordinates":[5.420661,43.335484]},"properties":{"stop_id":"RTM-00000713","stop_code":"00000713","stop_name":"Lyc\u00e9e Charlotte Grawitz","stop_desc":null,"zone_id":null,"stop_url":null,"location_type":"0","parent_station":null,"stop_timezone":null,"wheelchair_boarding":"2"}},{"type":"Feature","geometry":{"type":"Point","coordinates":[5.357183,43.28824]},"properties":{"stop_id":"RTM-00001399","stop_code":"00001399","stop_name":"Lyc\u00e9e Colbert","stop_desc":null,"zone_id":null,"stop_url":null,"location_type":"0","parent_station":null,"stop_timezone":null,"wheelchair_boarding":"2"}},{"type":"Feature","geometry":{"type":"Point","coordinates":[5.42611263,43.27479782]},"properties":{"stop_id":"RTM-00004475","stop_code":"00004475","stop_name":"Lyc\u00e9e Jean Perrin","stop_desc":null,"zone_id":null,"stop_url":null,"location_type":"0","parent_station":null,"stop_timezone":null,"wheelchair_boarding":"1"}},{"type":"Feature","geometry":{"type":"Point","coordinates":[5.352188,43.340962]},"properties":{"stop_id":"RTM-00000507","stop_code":"00000507","stop_name":"Lyc\u00e9e La Calade","stop_desc":null,"zone_id":null,"stop_url":null,"location_type":"0","parent_station":null,"stop_timezone":null,"wheelchair_boarding":"2"}},{"type":"Feature","geometry":{"type":"Point","coordinates":[5.37083448,43.31422085]},"properties":{"stop_id":"RTM-00000485","stop_code":"00000485","stop_name":"Lyc\u00e9e Le Chatelier","stop_desc":null,"zone_id":null,"stop_url":null,"location_type":"0","parent_station":null,"stop_timezone":null,"wheelchair_boarding":"1"}},{"type":"Feature","geometry":{"type":"Point","coordinates":[5.46958452,43.32263131]},"properties":{"stop_id":"RTM-00003601","stop_code":"00003601","stop_name":"Lyc\u00e9e Monte Cristo","stop_desc":"abs trottoir","zone_id":null,"stop_url":null,"location_type":"0","parent_station":null,"stop_timezone":null,"wheelchair_boarding":"1"}},{"type":"Feature","geometry":{"type":"Point","coordinates":[5.46968542,43.32276508]},"properties":{"stop_id":"RTM-00004476","stop_code":"00004476","stop_name":"Lyc\u00e9e Monte Cristo","stop_desc":null,"zone_id":null,"stop_url":null,"location_type":"0","parent_station":null,"stop_timezone":null,"wheelchair_boarding":"2"}},{"type":"Feature","geometry":{"type":"Point","coordinates":[5.4693524,43.32219227]},"properties":{"stop_id":"RTM-00004550","stop_code":"00004550","stop_name":"Lyc\u00e9e Monte-Cristo","stop_desc":"SCO 2022","zone_id":null,"stop_url":null,"location_type":"0","parent_station":null,"stop_timezone":null,"wheelchair_boarding":"2"}},{"type":"Feature","geometry":{"type":"Point","coordinates":[5.4934,43.296867]},"properties":{"stop_id":"RTM-00002811","stop_code":"00002811","stop_name":"Lyc\u00e9e Paul Melizan","stop_desc":"D4 A  MARSEILLE 13011","zone_id":null,"stop_url":null,"location_type":"0","parent_station":null,"stop_timezone":null,"wheelchair_boarding":"2"}},{"type":"Feature","geometry":{"type":"Point","coordinates":[5.492497,43.296798]},"properties":{"stop_id":"RTM-00002812","stop_code":"00002812","stop_name":"Lyc\u00e9e Paul Melizan","stop_desc":null,"zone_id":null,"stop_url":null,"location_type":"0","parent_station":null,"stop_timezone":null,"wheelchair_boarding":"2"}},{"type":"Feature","geometry":{"type":"Point","coordinates":[5.37983,43.243013]},"properties":{"stop_id":"RTM-00001944","stop_code":"00001944","stop_name":"Lyc\u00e9e Poinso Chapuis","stop_desc":"TRAVERSE PARANGON  MARSEILLE 13008","zone_id":null,"stop_url":null,"location_type":"0","parent_station":null,"stop_timezone":null,"wheelchair_boarding":"1"}},{"type":"Feature","geometry":{"type":"Point","coordinates":[5.436985,43.284621]},"properties":{"stop_id":"RTM-00001631","stop_code":"00001631","stop_name":"Lyc\u00e9e Ren\u00e9 Cailli\u00e9","stop_desc":null,"zone_id":null,"stop_url":null,"location_type":"0","parent_station":null,"stop_timezone":null,"wheelchair_boarding":"2"}},{"type":"Feature","geometry":{"type":"Point","coordinates":[5.355249,43.347324]},"properties":{"stop_id":"RTM-00000504","stop_code":"00000504","stop_name":"Lyc\u00e9e Saint-Exup\u00e9ry","stop_desc":"CHEMIN DE LA MADRAGUE-VILLE  MARSEILLE 13015","zone_id":null,"stop_url":null,"location_type":"0","parent_station":null,"stop_timezone":null,"wheelchair_boarding":"2"}},{"type":"Feature","geometry":{"type":"Point","coordinates":[5.413895,43.345615]},"properties":{"stop_id":"RTM-00004361","stop_code":"00004361","stop_name":"Lyc\u00e9e Simone Veil","stop_desc":null,"zone_id":null,"stop_url":null,"location_type":"0","parent_station":null,"stop_timezone":null,"wheelchair_boarding":"1"}},{"type":"Feature","geometry":{"type":"Point","coordinates":[5.391338,43.305286]},"properties":{"stop_id":"RTM-00000433","stop_code":"00000433","stop_name":"Lyc\u00e9e St Charles","stop_desc":null,"zone_id":null,"stop_url":null,"location_type":"0","parent_station":null,"stop_timezone":null,"wheelchair_boarding":"2"}},{"type":"Feature","geometry":{"type":"Point","coordinates":[5.366153,43.327255]},"properties":{"stop_id":"RTM-00000050","stop_code":"00000050","stop_name":"Lyon Cap Pin\u00e8de","stop_desc":null,"zone_id":null,"stop_url":null,"location_type":"0","parent_station":null,"stop_timezone":null,"wheelchair_boarding":"1"}},{"type":"Feature","geometry":{"type":"Point","coordinates":[5.362003,43.339396]},"properties":{"stop_id":"RTM-00003966","stop_code":"00003966","stop_name":"Lyon Commanderie","stop_desc":null,"zone_id":null,"stop_url":null,"location_type":"0","parent_station":null,"stop_timezone":null,"wheelchair_boarding":"1"}},{"type":"Feature","geometry":{"type":"Point","coordinates":[5.363119,43.336159]},"properties":{"stop_id":"RTM-00004028","stop_code":"00004028","stop_name":"Lyon Raffineries","stop_desc":null,"zone_id":null,"stop_url":null,"location_type":"0","parent_station":null,"stop_timezone":null,"wheelchair_boarding":"1"}},{"type":"Feature","geometry":{"type":"Point","coordinates":[5.418608,43.304925]},"properties":{"stop_id":"RTM-00000873","stop_code":"00000873","stop_name":"L\u00e9on Meisserel","stop_desc":"RUE L\u00c9ON MEISSEREL  MARSEILLE 13012","zone_id":null,"stop_url":null,"location_type":"0","parent_station":null,"stop_timezone":null,"wheelchair_boarding":"2"}},{"type":"Feature","geometry":{"type":"Point","coordinates":[5.389564,43.250908]},"properties":{"stop_id":"RTM-00001844","stop_code":"00001844","stop_name":"MAC","stop_desc":null,"zone_id":null,"stop_url":null,"location_type":"0","parent_station":null,"stop_timezone":null,"wheelchair_boarding":"1"}},{"type":"Feature","geometry":{"type":"Point","coordinates":[5.3551517,43.231424]},"properties":{"stop_id":"RTM-00001717","stop_code":"00001717","stop_name":"Madrague Mont Rose","stop_desc":null,"zone_id":null,"stop_url":null,"location_type":"0","parent_station":null,"stop_timezone":null,"wheelchair_boarding":"2"}},{"type":"Feature","geometry":{"type":"Point","coordinates":[5.37040472,43.29587875]},"properties":{"stop_id":"RTM-00004242","stop_code":"00004242","stop_name":"Mairie","stop_desc":"Embarcad\u00e8re Ferry Boat","zone_id":null,"stop_url":null,"location_type":"0","parent_station":null,"stop_timezone":null,"wheelchair_boarding":"2"}},{"type":"Feature","geometry":{"type":"Point","coordinates":[5.44272,43.296722]},"properties":{"stop_id":"RTM-00000961","stop_code":"00000961","stop_name":"Mairie 11-12","stop_desc":null,"zone_id":null,"stop_url":null,"location_type":"0","parent_station":null,"stop_timezone":null,"wheelchair_boarding":"1"}},{"type":"Feature","geometry":{"type":"Point","coordinates":[5.442587,43.296878]},"properties":{"stop_id":"RTM-00000962","stop_code":"00000962","stop_name":"Mairie 11-12","stop_desc":"BOULEVARD BOUYALA D'ARNAUD  MARSEILLE 13012  nom du 961 et 962 centre commercial L 10","zone_id":null,"stop_url":null,"location_type":"0","parent_station":null,"stop_timezone":null,"wheelchair_boarding":"1"}},{"type":"Feature","geometry":{"type":"Point","coordinates":[5.382936,43.27107331]},"properties":{"stop_id":"RTM-00004206","stop_code":"00004206","stop_name":"Mairie 6-8","stop_desc":null,"zone_id":null,"stop_url":null,"location_type":"0","parent_station":null,"stop_timezone":null,"wheelchair_boarding":"2"}},{"type":"Feature","geometry":{"type":"Point","coordinates":[5.412879,43.322442]},"properties":{"stop_id":"RTM-00001115","stop_code":"00001115","stop_name":"Malpass\u00e9","stop_desc":null,"zone_id":null,"stop_url":null,"location_type":"0","parent_station":null,"stop_timezone":null,"wheelchair_boarding":"2"}},{"type":"Feature","geometry":{"type":"Point","coordinates":[5.4164315,43.3209855]},"properties":{"stop_id":"RTM-00002278","stop_code":"00002278","stop_name":"Malpass\u00e9","stop_desc":null,"zone_id":null,"stop_url":null,"location_type":"0","parent_station":null,"stop_timezone":null,"wheelchair_boarding":"2"}},{"type":"Feature","geometry":{"type":"Point","coordinates":[5.41644,43.3209445]},"properties":{"stop_id":"RTM-00002293","stop_code":"00002293","stop_name":"Malpass\u00e9","stop_desc":null,"zone_id":null,"stop_url":null,"location_type":"0","parent_station":null,"stop_timezone":null,"wheelchair_boarding":"2"}},{"type":"Feature","geometry":{"type":"Point","coordinates":[5.370929,43.41021]},"properties":{"stop_id":"RTM-00004146","stop_code":"00004146","stop_name":"Mandela Cr\u00e8che","stop_desc":"ancien horaires, ABS sigep","zone_id":null,"stop_url":null,"location_type":"0","parent_station":null,"stop_timezone":null,"wheelchair_boarding":"2"}},{"type":"Feature","geometry":{"type":"Point","coordinates":[5.367827,43.409015]},"properties":{"stop_id":"RTM-00003003","stop_code":"00003003","stop_name":"Mandela Ecole","stop_desc":"\u00e9quipements mixte, abs sigep","zone_id":null,"stop_url":null,"location_type":"0","parent_station":null,"stop_timezone":null,"wheelchair_boarding":"2"}},{"type":"Feature","geometry":{"type":"Point","coordinates":[5.366789,43.408624]},"properties":{"stop_id":"RTM-00004268","stop_code":"00004268","stop_name":"Mandela Ecole","stop_desc":"28 AVENUE NELSON MANDELA  SEPT\u00c8MES-LES-VALLONS 13240","zone_id":null,"stop_url":null,"location_type":"0","parent_station":null,"stop_timezone":null,"wheelchair_boarding":"2"}},{"type":"Feature","geometry":{"type":"Point","coordinates":[5.360994,43.326462]},"properties":{"stop_id":"RTM-00004255","stop_code":"00004255","stop_name":"March\u00e9 aux Puces","stop_desc":"CHEMIN DE LA MADRAGUE-VILLE  MARSEILLE 13015","zone_id":null,"stop_url":null,"location_type":"0","parent_station":null,"stop_timezone":null,"wheelchair_boarding":"2"}},{"type":"Feature","geometry":{"type":"Point","coordinates":[5.374745,43.281893]},"properties":{"stop_id":"RTM-00001450","stop_code":"00001450","stop_name":"Martinique Guadeloupe","stop_desc":"TAD 59","zone_id":null,"stop_url":null,"location_type":"0","parent_station":null,"stop_timezone":null,"wheelchair_boarding":"2"}},{"type":"Feature","geometry":{"type":"Point","coordinates":[5.3762,43.283205]},"properties":{"stop_id":"RTM-00002668","stop_code":"00002668","stop_name":"Martinique Pythagore","stop_desc":"TAD 59","zone_id":null,"stop_url":null,"location_type":"0","parent_station":null,"stop_timezone":null,"wheelchair_boarding":"2"}},{"type":"Feature","geometry":{"type":"Point","coordinates":[5.403604,43.311887]},"properties":{"stop_id":"RTM-00002016","stop_code":"00002016","stop_name":"Mar\u00e9chal Juin","stop_desc":null,"zone_id":null,"stop_url":null,"location_type":"0","parent_station":null,"stop_timezone":null,"wheelchair_boarding":"1"}},{"type":"Feature","geometry":{"type":"Point","coordinates":[5.405156,43.312879]},"properties":{"stop_id":"RTM-00002037","stop_code":"00002037","stop_name":"Mar\u00e9chal Juin","stop_desc":null,"zone_id":null,"stop_url":null,"location_type":"0","parent_station":null,"stop_timezone":null,"wheelchair_boarding":"1"}},{"type":"Feature","geometry":{"type":"Point","coordinates":[5.42661,43.267895]},"properties":{"stop_id":"RTM-00001669","stop_code":"00001669","stop_name":"Mauriac Saint-Cyr","stop_desc":null,"zone_id":null,"stop_url":null,"location_type":"0","parent_station":null,"stop_timezone":null,"wheelchair_boarding":"2"}},{"type":"Feature","geometry":{"type":"Point","coordinates":[5.426887,43.267823]},"properties":{"stop_id":"RTM-00001676","stop_code":"00001676","stop_name":"Mauriac Saint-Cyr","stop_desc":null,"zone_id":null,"stop_url":null,"location_type":"0","parent_station":null,"stop_timezone":null,"wheelchair_boarding":"2"}},{"type":"Feature","geometry":{"type":"Point","coordinates":[5.393036,43.262875]},"properties":{"stop_id":"RTM-00002745","stop_code":"00002745","stop_name":"Mazargues Barral","stop_desc":null,"zone_id":null,"stop_url":null,"location_type":"0","parent_station":null,"stop_timezone":null,"wheelchair_boarding":"2"}},{"type":"Feature","geometry":{"type":"Point","coordinates":[5.388723,43.268781]},"properties":{"stop_id":"RTM-00001886","stop_code":"00001886","stop_name":"Mazargues N\u00e9gresko","stop_desc":null,"zone_id":null,"stop_url":null,"location_type":"0","parent_station":null,"stop_timezone":null,"wheelchair_boarding":"1"}},{"type":"Feature","geometry":{"type":"Point","coordinates":[5.407678,43.341861]},"properties":{"stop_id":"RTM-00001029","stop_code":"00001029","stop_name":"Merlan Tourelle","stop_desc":null,"zone_id":null,"stop_url":null,"location_type":"0","parent_station":null,"stop_timezone":null,"wheelchair_boarding":"2"}},{"type":"Feature","geometry":{"type":"Point","coordinates":[5.407522,43.333779]},"properties":{"stop_id":"RTM-00001060","stop_code":"00001060","stop_name":"Merlan Verdon","stop_desc":null,"zone_id":null,"stop_url":null,"location_type":"0","parent_station":null,"stop_timezone":null,"wheelchair_boarding":"2"}},{"type":"Feature","geometry":{"type":"Point","coordinates":[5.407712,43.338373]},"properties":{"stop_id":"RTM-00001062","stop_code":"00001062","stop_name":"Merlan Village","stop_desc":null,"zone_id":null,"stop_url":null,"location_type":"0","parent_station":null,"stop_timezone":null,"wheelchair_boarding":"2"}},{"type":"Feature","geometry":{"type":"Point","coordinates":[5.407523,43.33826]},"properties":{"stop_id":"RTM-00001065","stop_code":"00001065","stop_name":"Merlan Village","stop_desc":null,"zone_id":null,"stop_url":null,"location_type":"0","parent_station":null,"stop_timezone":null,"wheelchair_boarding":"2"}},{"type":"Feature","geometry":{"type":"Point","coordinates":[5.386814,43.271632]},"properties":{"stop_id":"RTM-00004203","stop_code":"00004203","stop_name":"Mermoz Sicard","stop_desc":null,"zone_id":null,"stop_url":null,"location_type":"0","parent_station":null,"stop_timezone":null,"wheelchair_boarding":"2"}},{"type":"Feature","geometry":{"type":"Point","coordinates":[5.401789,43.253742]},"properties":{"stop_id":"RTM-00001755","stop_code":"00001755","stop_name":"Michelet Bonneaude","stop_desc":null,"zone_id":null,"stop_url":null,"location_type":"0","parent_station":null,"stop_timezone":null,"wheelchair_boarding":"2"}},{"type":"Feature","geometry":{"type":"Point","coordinates":[5.40180945,43.25414314]},"properties":{"stop_id":"RTM-00001784","stop_code":"00001784","stop_name":"Michelet Bonneaude","stop_desc":null,"zone_id":null,"stop_url":null,"location_type":"0","parent_station":null,"stop_timezone":null,"wheelchair_boarding":"2"}},{"type":"Feature","geometry":{"type":"Point","coordinates":[5.393887,43.26774]},"properties":{"stop_id":"RTM-00001748","stop_code":"00001748","stop_name":"Michelet Huveaune","stop_desc":null,"zone_id":null,"stop_url":null,"location_type":"0","parent_station":null,"stop_timezone":null,"wheelchair_boarding":"2"}},{"type":"Feature","geometry":{"type":"Point","coordinates":[5.399048,43.258608]},"properties":{"stop_id":"RTM-00001753","stop_code":"00001753","stop_name":"Michelet Luce","stop_desc":null,"zone_id":null,"stop_url":null,"location_type":"0","parent_station":null,"stop_timezone":null,"wheelchair_boarding":"2"}},{"type":"Feature","geometry":{"type":"Point","coordinates":[5.394902,43.265981]},"properties":{"stop_id":"RTM-00001749","stop_code":"00001749","stop_name":"Michelet Ramon","stop_desc":null,"zone_id":null,"stop_url":null,"location_type":"0","parent_station":null,"stop_timezone":null,"wheelchair_boarding":"2"}},{"type":"Feature","geometry":{"type":"Point","coordinates":[5.380904,43.339434]},"properties":{"stop_id":"RTM-00000367","stop_code":"00000367","stop_name":"MIN Arnavaux","stop_desc":null,"zone_id":null,"stop_url":null,"location_type":"0","parent_station":null,"stop_timezone":null,"wheelchair_boarding":"1"}},{"type":"Feature","geometry":{"type":"Point","coordinates":[5.385034,43.3376]},"properties":{"stop_id":"RTM-00000366","stop_code":"00000366","stop_name":"MIN Gibbes","stop_desc":null,"zone_id":null,"stop_url":null,"location_type":"0","parent_station":null,"stop_timezone":null,"wheelchair_boarding":"2"}},{"type":"Feature","geometry":{"type":"Point","coordinates":[5.36912906,43.31418638]},"properties":{"stop_id":"RTM-00004631","stop_code":"00004631","stop_name":"Mirabeau Peyssonnel","stop_desc":null,"zone_id":null,"stop_url":null,"location_type":"0","parent_station":null,"stop_timezone":null,"wheelchair_boarding":"2"}},{"type":"Feature","geometry":{"type":"Point","coordinates":[5.469449,43.34939]},"properties":{"stop_id":"RTM-00002162","stop_code":"00002162","stop_name":"Mistral Pasteur","stop_desc":null,"zone_id":null,"stop_url":null,"location_type":"0","parent_station":null,"stop_timezone":null,"wheelchair_boarding":"2"}},{"type":"Feature","geometry":{"type":"Point","coordinates":[5.46861101,43.34937519]},"properties":{"stop_id":"RTM-00004658","stop_code":"00004658","stop_name":"Mistral Pasteur","stop_desc":null,"zone_id":null,"stop_url":null,"location_type":"0","parent_station":null,"stop_timezone":null,"wheelchair_boarding":"2"}},{"type":"Feature","geometry":{"type":"Point","coordinates":[5.39521199,43.3268957]},"properties":{"stop_id":"RTM-00001052","stop_code":"00001052","stop_name":"Monet Florida","stop_desc":"73 AVENUE CLAUDE MONET  MARSEILLE 13014","zone_id":null,"stop_url":null,"location_type":"0","parent_station":null,"stop_timezone":null,"wheelchair_boarding":"2"}},{"type":"Feature","geometry":{"type":"Point","coordinates":[5.394273,43.325653]},"properties":{"stop_id":"RTM-00003069","stop_code":"00003069","stop_name":"Monet Lavandins","stop_desc":"AVENUE CLAUDE MONET  MARSEILLE 13014","zone_id":null,"stop_url":null,"location_type":"0","parent_station":null,"stop_timezone":null,"wheelchair_boarding":"2"}},{"type":"Feature","geometry":{"type":"Point","coordinates":[5.3933593,43.32398]},"properties":{"stop_id":"RTM-00001025","stop_code":"00001025","stop_name":"Monet St Barth\u00e9lemy","stop_desc":null,"zone_id":null,"stop_url":null,"location_type":"0","parent_station":null,"stop_timezone":null,"wheelchair_boarding":"2"}},{"type":"Feature","geometry":{"type":"Point","coordinates":[5.378452,43.280213]},"properties":{"stop_id":"RTM-00001525","stop_code":"00001525","stop_name":"Montebello","stop_desc":"RUE BRETEUIL  MARSEILLE 13006","zone_id":null,"stop_url":null,"location_type":"0","parent_station":null,"stop_timezone":null,"wheelchair_boarding":"2"}},{"type":"Feature","geometry":{"type":"Point","coordinates":[5.49302,43.283898]},"properties":{"stop_id":"RTM-00001368","stop_code":"00001368","stop_name":"Montgrand","stop_desc":null,"zone_id":null,"stop_url":null,"location_type":"0","parent_station":null,"stop_timezone":null,"wheelchair_boarding":"1"}},{"type":"Feature","geometry":{"type":"Point","coordinates":[5.421338,43.318231]},"properties":{"stop_id":"RTM-00000795","stop_code":"00000795","stop_name":"Montolivet Chabot","stop_desc":null,"zone_id":null,"stop_url":null,"location_type":"0","parent_station":null,"stop_timezone":null,"wheelchair_boarding":"2"}},{"type":"Feature","geometry":{"type":"Point","coordinates":[5.419146,43.317702]},"properties":{"stop_id":"RTM-00000756","stop_code":"00000756","stop_name":"Montolivet Matheron","stop_desc":null,"zone_id":null,"stop_url":null,"location_type":"0","parent_station":null,"stop_timezone":null,"wheelchair_boarding":"2"}},{"type":"Feature","geometry":{"type":"Point","coordinates":[5.368988,43.241953]},"properties":{"stop_id":"RTM-00001725","stop_code":"00001725","stop_name":"Montredon Chancel","stop_desc":null,"zone_id":null,"stop_url":null,"location_type":"0","parent_station":null,"stop_timezone":null,"wheelchair_boarding":"1"}},{"type":"Feature","geometry":{"type":"Point","coordinates":[5.383689,43.3241469]},"properties":{"stop_id":"RTM-00000106","stop_code":"00000106","stop_name":"Moretti Gibbes","stop_desc":null,"zone_id":null,"stop_url":null,"location_type":"0","parent_station":null,"stop_timezone":null,"wheelchair_boarding":"2"}},{"type":"Feature","geometry":{"type":"Point","coordinates":[5.410998,43.235046]},"properties":{"stop_id":"RTM-00001809","stop_code":"00001809","stop_name":"Morgiou Beauvallon","stop_desc":null,"zone_id":null,"stop_url":null,"location_type":"0","parent_station":null,"stop_timezone":null,"wheelchair_boarding":"1"}},{"type":"Feature","geometry":{"type":"Point","coordinates":[5.40705438,43.2406889]},"properties":{"stop_id":"RTM-00001818","stop_code":"00001818","stop_name":"Morgiou Rosiers","stop_desc":null,"zone_id":null,"stop_url":null,"location_type":"0","parent_station":null,"stop_timezone":null,"wheelchair_boarding":"1"}},{"type":"Feature","geometry":{"type":"Point","coordinates":[5.410431,43.23592]},"properties":{"stop_id":"RTM-00002659","stop_code":"00002659","stop_name":"Morgiou Vert Plan","stop_desc":null,"zone_id":null,"stop_url":null,"location_type":"0","parent_station":null,"stop_timezone":null,"wheelchair_boarding":"2"}},{"type":"Feature","geometry":{"type":"Point","coordinates":[5.46729029,43.34745242]},"properties":{"stop_id":"RTM-00004682","stop_code":"00004682","stop_name":"Moulin de Pain Blanc","stop_desc":null,"zone_id":null,"stop_url":null,"location_type":"0","parent_station":null,"stop_timezone":null,"wheelchair_boarding":"2"}},{"type":"Feature","geometry":{"type":"Point","coordinates":[5.359267,43.330871]},"properties":{"stop_id":"RTM-00000495","stop_code":"00000495","stop_name":"Moulin \u00e0 Vent","stop_desc":null,"zone_id":null,"stop_url":null,"location_type":"0","parent_station":null,"stop_timezone":null,"wheelchair_boarding":"2"}},{"type":"Feature","geometry":{"type":"Point","coordinates":[5.359093,43.330659]},"properties":{"stop_id":"RTM-00000513","stop_code":"00000513","stop_name":"Moulin \u00e0 Vent","stop_desc":null,"zone_id":null,"stop_url":null,"location_type":"0","parent_station":null,"stop_timezone":null,"wheelchair_boarding":"2"}},{"type":"Feature","geometry":{"type":"Point","coordinates":[5.40378294,43.32926785]},"properties":{"stop_id":"RTM-00000341","stop_code":"00000341","stop_name":"Mus\u00e9e de la Moto","stop_desc":null,"zone_id":null,"stop_url":null,"location_type":"0","parent_station":null,"stop_timezone":null,"wheelchair_boarding":"2"}},{"type":"Feature","geometry":{"type":"Point","coordinates":[5.403908,43.329255]},"properties":{"stop_id":"RTM-00000357","stop_code":"00000357","stop_name":"Mus\u00e9e de la Moto","stop_desc":null,"zone_id":null,"stop_url":null,"location_type":"0","parent_station":null,"stop_timezone":null,"wheelchair_boarding":"2"}},{"type":"Feature","geometry":{"type":"Point","coordinates":[5.396839,43.327762]},"properties":{"stop_id":"RTM-00001027","stop_code":"00001027","stop_name":"M\u00e9rim\u00e9e Corot","stop_desc":null,"zone_id":null,"stop_url":null,"location_type":"0","parent_station":null,"stop_timezone":null,"wheelchair_boarding":"2"}},{"type":"Feature","geometry":{"type":"Point","coordinates":[5.396791,43.327834]},"properties":{"stop_id":"RTM-00001051","stop_code":"00001051","stop_name":"M\u00e9rim\u00e9e Corot","stop_desc":null,"zone_id":null,"stop_url":null,"location_type":"0","parent_station":null,"stop_timezone":null,"wheelchair_boarding":"2"}},{"type":"Feature","geometry":{"type":"Point","coordinates":[5.396961,43.303832]},"properties":{"stop_id":"RTM-00003121","stop_code":"00003121","stop_name":"M\u00e9tro 5 Avenues","stop_desc":null,"zone_id":null,"stop_url":null,"location_type":"0","parent_station":null,"stop_timezone":null,"wheelchair_boarding":"2"}},{"type":"Feature","geometry":{"type":"Point","coordinates":[5.37110674,43.3194015]},"properties":{"stop_id":"RTM-00004620","stop_code":"00004620","stop_name":"M\u00e9tro Bougainville","stop_desc":null,"zone_id":null,"stop_url":null,"location_type":"0","parent_station":null,"stop_timezone":null,"wheelchair_boarding":"2"}},{"type":"Feature","geometry":{"type":"Point","coordinates":[5.402687,43.30909]},"properties":{"stop_id":"RTM-00002017","stop_code":"00002017","stop_name":"M\u00e9tro Chartreux","stop_desc":null,"zone_id":null,"stop_url":null,"location_type":"0","parent_station":null,"stop_timezone":null,"wheelchair_boarding":"1"}},{"type":"Feature","geometry":{"type":"Point","coordinates":[5.403215,43.30974]},"properties":{"stop_id":"RTM-00002036","stop_code":"00002036","stop_name":"M\u00e9tro Chartreux","stop_desc":null,"zone_id":null,"stop_url":null,"location_type":"0","parent_station":null,"stop_timezone":null,"wheelchair_boarding":"1"}},{"type":"Feature","geometry":{"type":"Point","coordinates":[5.374519,43.300224]},"properties":{"stop_id":"RTM-00002530","stop_code":"00002530","stop_name":"M\u00e9tro Colbert","stop_desc":null,"zone_id":null,"stop_url":null,"location_type":"0","parent_station":null,"stop_timezone":null,"wheelchair_boarding":"2"}},{"type":"Feature","geometry":{"type":"Point","coordinates":[5.37298356,43.3096126]},"properties":{"stop_id":"RTM-00004623","stop_code":"00004623","stop_name":"M\u00e9tro D\u00e9sir\u00e9e Clary","stop_desc":null,"zone_id":null,"stop_url":null,"location_type":"0","parent_station":null,"stop_timezone":null,"wheelchair_boarding":"2"}},{"type":"Feature","geometry":{"type":"Point","coordinates":[5.424541,43.324977]},"properties":{"stop_id":"RTM-00000776","stop_code":"00000776","stop_name":"M\u00e9tro Frais Vallon","stop_desc":"double abri 10131\/10132","zone_id":null,"stop_url":null,"location_type":"0","parent_station":null,"stop_timezone":null,"wheelchair_boarding":"2"}},{"type":"Feature","geometry":{"type":"Point","coordinates":[5.42259807,43.32496118]},"properties":{"stop_id":"RTM-00004718","stop_code":"00004718","stop_name":"M\u00e9tro Frais Vallon","stop_desc":null,"zone_id":null,"stop_url":null,"location_type":"0","parent_station":null,"stop_timezone":null,"wheelchair_boarding":"2"}},{"type":"Feature","geometry":{"type":"Point","coordinates":[5.36766299,43.30435404]},"properties":{"stop_id":"RTM-00003850","stop_code":"00003850","stop_name":"M\u00e9tro Joliette","stop_desc":null,"zone_id":null,"stop_url":null,"location_type":"0","parent_station":null,"stop_timezone":null,"wheelchair_boarding":"2"}},{"type":"Feature","geometry":{"type":"Point","coordinates":[5.37343162,43.301563]},"properties":{"stop_id":"RTM-00003835","stop_code":"00003835","stop_name":"M\u00e9tro Jules Guesde","stop_desc":null,"zone_id":null,"stop_url":null,"location_type":"0","parent_station":null,"stop_timezone":null,"wheelchair_boarding":"2"}},{"type":"Feature","geometry":{"type":"Point","coordinates":[5.425773,43.30460131]},"properties":{"stop_id":"RTM-00003678","stop_code":"00003678","stop_name":"M\u00e9tro La Fourrag\u00e8re","stop_desc":null,"zone_id":null,"stop_url":null,"location_type":"0","parent_station":null,"stop_timezone":null,"wheelchair_boarding":"2"}},{"type":"Feature","geometry":{"type":"Point","coordinates":[5.42416957,43.30405863]},"properties":{"stop_id":"RTM-00003682","stop_code":"00003682","stop_name":"M\u00e9tro La Fourrag\u00e8re","stop_desc":"ligne 7","zone_id":null,"stop_url":null,"location_type":"0","parent_station":null,"stop_timezone":null,"wheelchair_boarding":"1"}},{"type":"Feature","geometry":{"type":"Point","coordinates":[5.42458487,43.30387031]},"properties":{"stop_id":"RTM-00004632","stop_code":"00004632","stop_name":"M\u00e9tro La Fourrag\u00e8re","stop_desc":null,"zone_id":null,"stop_url":null,"location_type":"0","parent_station":null,"stop_timezone":null,"wheelchair_boarding":"2"}},{"type":"Feature","geometry":{"type":"Point","coordinates":[5.42451979,43.30404434]},"properties":{"stop_id":"RTM-00004694","stop_code":"00004694","stop_name":"M\u00e9tro La Fourrag\u00e8re","stop_desc":null,"zone_id":null,"stop_url":null,"location_type":"0","parent_station":null,"stop_timezone":null,"wheelchair_boarding":"2"}},{"type":"Feature","geometry":{"type":"Point","coordinates":[5.42976,43.333208]},"properties":{"stop_id":"RTM-00000615","stop_code":"00000615","stop_name":"M\u00e9tro La Rose","stop_desc":"d\u00e9part ligne 4","zone_id":null,"stop_url":null,"location_type":"0","parent_station":null,"stop_timezone":null,"wheelchair_boarding":"2"}},{"type":"Feature","geometry":{"type":"Point","coordinates":[5.429419,43.333591]},"properties":{"stop_id":"RTM-00000728","stop_code":"00000728","stop_name":"M\u00e9tro La Rose","stop_desc":null,"zone_id":null,"stop_url":null,"location_type":"0","parent_station":null,"stop_timezone":null,"wheelchair_boarding":"2"}},{"type":"Feature","geometry":{"type":"Point","coordinates":[5.429453,43.332995]},"properties":{"stop_id":"RTM-00002186","stop_code":"00002186","stop_name":"M\u00e9tro La Rose","stop_desc":"BOULEVARD DU M\u00c9TRO  MARSEILLE 13013","zone_id":null,"stop_url":null,"location_type":"0","parent_station":null,"stop_timezone":null,"wheelchair_boarding":"2"}},{"type":"Feature","geometry":{"type":"Point","coordinates":[5.429563,43.332863]},"properties":{"stop_id":"RTM-00002188","stop_code":"00002188","stop_name":"M\u00e9tro La Rose","stop_desc":null,"zone_id":null,"stop_url":null,"location_type":"0","parent_station":null,"stop_timezone":null,"wheelchair_boarding":"2"}},{"type":"Feature","geometry":{"type":"Point","coordinates":[5.429672,43.33322]},"properties":{"stop_id":"RTM-00002582","stop_code":"00002582","stop_name":"M\u00e9tro La Rose","stop_desc":"BOULEVARD DU M\u00c9TRO  MARSEILLE 13013","zone_id":null,"stop_url":null,"location_type":"0","parent_station":null,"stop_timezone":null,"wheelchair_boarding":"2"}},{"type":"Feature","geometry":{"type":"Point","coordinates":[5.431117,43.333691]},"properties":{"stop_id":"RTM-00003930","stop_code":"00003930","stop_name":"M\u00e9tro La Rose","stop_desc":null,"zone_id":null,"stop_url":null,"location_type":"0","parent_station":null,"stop_timezone":null,"wheelchair_boarding":"1"}},{"type":"Feature","geometry":{"type":"Point","coordinates":[5.43100655,43.33360641]},"properties":{"stop_id":"RTM-00004044","stop_code":"00004044","stop_name":"M\u00e9tro La Rose","stop_desc":"RUE ALBERT EINSTEIN  MARSEILLE 13013","zone_id":null,"stop_url":null,"location_type":"0","parent_station":null,"stop_timezone":null,"wheelchair_boarding":"1"}},{"type":"Feature","geometry":{"type":"Point","coordinates":[5.43083623,43.33364348]},"properties":{"stop_id":"RTM-00004053","stop_code":"00004053","stop_name":"M\u00e9tro La Rose","stop_desc":"RUE ALBERT EINSTEIN  MARSEILLE 13013","zone_id":null,"stop_url":null,"location_type":"0","parent_station":null,"stop_timezone":null,"wheelchair_boarding":"1"}},{"type":"Feature","geometry":{"type":"Point","coordinates":[5.42992577,43.33300274]},"properties":{"stop_id":"RTM-00004653","stop_code":"00004653","stop_name":"M\u00e9tro La Rose","stop_desc":null,"zone_id":null,"stop_url":null,"location_type":"0","parent_station":null,"stop_timezone":null,"wheelchair_boarding":"2"}},{"type":"Feature","geometry":{"type":"Point","coordinates":[5.400166,43.291018]},"properties":{"stop_id":"RTM-00002443","stop_code":"00002443","stop_name":"M\u00e9tro La Timone","stop_desc":"BOULEVARD JEAN MOULIN  MARSEILLE 13005","zone_id":null,"stop_url":null,"location_type":"0","parent_station":null,"stop_timezone":null,"wheelchair_boarding":"1"}},{"type":"Feature","geometry":{"type":"Point","coordinates":[5.399972,43.291445]},"properties":{"stop_id":"RTM-00004424","stop_code":"00004424","stop_name":"M\u00e9tro La Timone","stop_desc":"BOULEVARD JEAN MOULIN  MARSEILLE 13005","zone_id":null,"stop_url":null,"location_type":"0","parent_station":null,"stop_timezone":null,"wheelchair_boarding":"1"}},{"type":"Feature","geometry":{"type":"Point","coordinates":[5.37321568,43.31554955]},"properties":{"stop_id":"RTM-00000486","stop_code":"00000486","stop_name":"M\u00e9tro National","stop_desc":null,"zone_id":null,"stop_url":null,"location_type":"0","parent_station":null,"stop_timezone":null,"wheelchair_boarding":"1"}},{"type":"Feature","geometry":{"type":"Point","coordinates":[5.384133,43.292647]},"properties":{"stop_id":"RTM-00001521","stop_code":"00001521","stop_name":"M\u00e9tro Notre Dame du Mont","stop_desc":null,"zone_id":null,"stop_url":null,"location_type":"0","parent_station":null,"stop_timezone":null,"wheelchair_boarding":"1"}},{"type":"Feature","geometry":{"type":"Point","coordinates":[5.384091,43.29249]},"properties":{"stop_id":"RTM-00003583","stop_code":"00003583","stop_name":"M\u00e9tro Notre Dame du Mont","stop_desc":null,"zone_id":null,"stop_url":null,"location_type":"0","parent_station":null,"stop_timezone":null,"wheelchair_boarding":"1"}},{"type":"Feature","geometry":{"type":"Point","coordinates":[5.38222759,43.29356708]},"properties":{"stop_id":"RTM-00004412","stop_code":"00004412","stop_name":"M\u00e9tro Notre Dame du Mont","stop_desc":"129 RUE D'AUBAGNE  MARSEILLE 13006","zone_id":null,"stop_url":null,"location_type":"0","parent_station":null,"stop_timezone":null,"wheelchair_boarding":"1"}},{"type":"Feature","geometry":{"type":"Point","coordinates":[5.38937867,43.27137407]},"properties":{"stop_id":"RTM-00001083","stop_code":"00001083","stop_name":"M\u00e9tro Rond Point du Prado","stop_desc":"AVENUE DU PRADO  MARSEILLE 13008","zone_id":null,"stop_url":null,"location_type":"0","parent_station":null,"stop_timezone":null,"wheelchair_boarding":"1"}},{"type":"Feature","geometry":{"type":"Point","coordinates":[5.390784,43.272004]},"properties":{"stop_id":"RTM-00002808","stop_code":"00002808","stop_name":"M\u00e9tro Rond Point du Prado","stop_desc":"AVENUE DU PRADO  MARSEILLE 13008","zone_id":null,"stop_url":null,"location_type":"0","parent_station":null,"stop_timezone":null,"wheelchair_boarding":"1"}},{"type":"Feature","geometry":{"type":"Point","coordinates":[5.39269945,43.27063286]},"properties":{"stop_id":"RTM-00003585","stop_code":"00003585","stop_name":"M\u00e9tro Rond Point du Prado","stop_desc":"BOULEVARD MICHELET  MARSEILLE 13008","zone_id":null,"stop_url":null,"location_type":"0","parent_station":null,"stop_timezone":null,"wheelchair_boarding":"1"}},{"type":"Feature","geometry":{"type":"Point","coordinates":[5.390509,43.272123]},"properties":{"stop_id":"RTM-00003718","stop_code":"00003718","stop_name":"M\u00e9tro Rond Point du Prado","stop_desc":"AVENUE DU PRADO  MARSEILLE 13008","zone_id":null,"stop_url":null,"location_type":"0","parent_station":null,"stop_timezone":null,"wheelchair_boarding":"1"}},{"type":"Feature","geometry":{"type":"Point","coordinates":[5.391953,43.273012]},"properties":{"stop_id":"RTM-00004097","stop_code":"00004097","stop_name":"M\u00e9tro Rond Point du Prado","stop_desc":null,"zone_id":null,"stop_url":null,"location_type":"0","parent_station":null,"stop_timezone":null,"wheelchair_boarding":"1"}},{"type":"Feature","geometry":{"type":"Point","coordinates":[5.392301,43.273048]},"properties":{"stop_id":"RTM-00004098","stop_code":"00004098","stop_name":"M\u00e9tro Rond Point du Prado","stop_desc":null,"zone_id":null,"stop_url":null,"location_type":"0","parent_station":null,"stop_timezone":null,"wheelchair_boarding":"1"}},{"type":"Feature","geometry":{"type":"Point","coordinates":[5.392437,43.271104]},"properties":{"stop_id":"RTM-00004110","stop_code":"00004110","stop_name":"M\u00e9tro Rond Point du Prado","stop_desc":null,"zone_id":null,"stop_url":null,"location_type":"0","parent_station":null,"stop_timezone":null,"wheelchair_boarding":"1"}},{"type":"Feature","geometry":{"type":"Point","coordinates":[5.39262414,43.27075889]},"properties":{"stop_id":"RTM-00004772","stop_code":"00004772","stop_name":"M\u00e9tro Rond Point du Prado","stop_desc":null,"zone_id":null,"stop_url":null,"location_type":"0","parent_station":null,"stop_timezone":null,"wheelchair_boarding":"2"}},{"type":"Feature","geometry":{"type":"Point","coordinates":[5.372969,43.3151235]},"properties":{"stop_id":"RTM-00002305","stop_code":"00002305","stop_name":"National","stop_desc":null,"zone_id":null,"stop_url":null,"location_type":"0","parent_station":null,"stop_timezone":null,"wheelchair_boarding":"2"}},{"type":"Feature","geometry":{"type":"Point","coordinates":[5.37428224,43.31384597]},"properties":{"stop_id":"RTM-00004246","stop_code":"00004246","stop_name":"National Jullien","stop_desc":"354 BOULEVARD NATIONAL  MARSEILLE 13003","zone_id":null,"stop_url":null,"location_type":"0","parent_station":null,"stop_timezone":null,"wheelchair_boarding":"1"}},{"type":"Feature","geometry":{"type":"Point","coordinates":[5.378529,43.310816]},"properties":{"stop_id":"RTM-00000426","stop_code":"00000426","stop_name":"National Loubon","stop_desc":null,"zone_id":null,"stop_url":null,"location_type":"0","parent_station":null,"stop_timezone":null,"wheelchair_boarding":"1"}},{"type":"Feature","geometry":{"type":"Point","coordinates":[5.376235,43.312495]},"properties":{"stop_id":"RTM-00000528","stop_code":"00000528","stop_name":"National Pyat","stop_desc":null,"zone_id":null,"stop_url":null,"location_type":"0","parent_station":null,"stop_timezone":null,"wheelchair_boarding":"1"}},{"type":"Feature","geometry":{"type":"Point","coordinates":[5.418121,43.339584]},"properties":{"stop_id":"RTM-00003059","stop_code":"00003059","stop_name":"Nicolas Appert","stop_desc":null,"zone_id":null,"stop_url":null,"location_type":"0","parent_station":null,"stop_timezone":null,"wheelchair_boarding":"2"}},{"type":"Feature","geometry":{"type":"Point","coordinates":[5.41845,43.339263]},"properties":{"stop_id":"RTM-00003061","stop_code":"00003061","stop_name":"Nicolas Appert","stop_desc":null,"zone_id":null,"stop_url":null,"location_type":"0","parent_station":null,"stop_timezone":null,"wheelchair_boarding":"2"}},{"type":"Feature","geometry":{"type":"Point","coordinates":[5.381212,43.2967805]},"properties":{"stop_id":"RTM-00002310","stop_code":"00002310","stop_name":"Noailles","stop_desc":null,"zone_id":null,"stop_url":null,"location_type":"0","parent_station":null,"stop_timezone":null,"wheelchair_boarding":"2"}},{"type":"Feature","geometry":{"type":"Point","coordinates":[5.380914,43.298076]},"properties":{"stop_id":"RTM-00003311","stop_code":"00003311","stop_name":"Noailles","stop_desc":null,"zone_id":null,"stop_url":null,"location_type":"0","parent_station":null,"stop_timezone":null,"wheelchair_boarding":"2"}},{"type":"Feature","geometry":{"type":"Point","coordinates":[5.382307,43.297998]},"properties":{"stop_id":"RTM-00003373","stop_code":"00003373","stop_name":"Noailles","stop_desc":null,"zone_id":null,"stop_url":null,"location_type":"0","parent_station":null,"stop_timezone":null,"wheelchair_boarding":"2"}},{"type":"Feature","geometry":{"type":"Point","coordinates":[5.381109,43.297158]},"properties":{"stop_id":"RTM-00003459","stop_code":"00003459","stop_name":"Noailles","stop_desc":null,"zone_id":null,"stop_url":null,"location_type":"0","parent_station":null,"stop_timezone":null,"wheelchair_boarding":"1"}},{"type":"Feature","geometry":{"type":"Point","coordinates":[5.431365,43.318491]},"properties":{"stop_id":"RTM-00000763","stop_code":"00000763","stop_name":"Norma Compostelle","stop_desc":null,"zone_id":null,"stop_url":null,"location_type":"0","parent_station":null,"stop_timezone":null,"wheelchair_boarding":"2"}},{"type":"Feature","geometry":{"type":"Point","coordinates":[5.430809,43.316772]},"properties":{"stop_id":"RTM-00000762","stop_code":"00000762","stop_name":"Norma Peyrard","stop_desc":null,"zone_id":null,"stop_url":null,"location_type":"0","parent_station":null,"stop_timezone":null,"wheelchair_boarding":"2"}},{"type":"Feature","geometry":{"type":"Point","coordinates":[5.361204,43.388858]},"properties":{"stop_id":"RTM-00003016","stop_code":"00003016","stop_name":"Notre Dame","stop_desc":null,"zone_id":null,"stop_url":null,"location_type":"0","parent_station":null,"stop_timezone":null,"wheelchair_boarding":"2"}},{"type":"Feature","geometry":{"type":"Point","coordinates":[5.42075515,43.33950973]},"properties":{"stop_id":"RTM-00000671","stop_code":"00000671","stop_name":"Notre Dame de la Consolation","stop_desc":"ROND-POINT BACHAGA BOUALAM  MARSEILLE 13013","zone_id":null,"stop_url":null,"location_type":"0","parent_station":null,"stop_timezone":null,"wheelchair_boarding":"2"}},{"type":"Feature","geometry":{"type":"Point","coordinates":[5.373891,43.287149]},"properties":{"stop_id":"RTM-00001457","stop_code":"00001457","stop_name":"Notre Dame Dragon","stop_desc":"TAD 59","zone_id":null,"stop_url":null,"location_type":"0","parent_station":null,"stop_timezone":null,"wheelchair_boarding":"2"}},{"type":"Feature","geometry":{"type":"Point","coordinates":[5.3836905,43.2928265]},"properties":{"stop_id":"RTM-00002323","stop_code":"00002323","stop_name":"Notre-Dame du Mont","stop_desc":null,"zone_id":null,"stop_url":null,"location_type":"0","parent_station":null,"stop_timezone":null,"wheelchair_boarding":"2"}},{"type":"Feature","geometry":{"type":"Point","coordinates":[5.386852,43.340789]},"properties":{"stop_id":"RTM-00000115","stop_code":"00000115","stop_name":"Nungesser","stop_desc":null,"zone_id":null,"stop_url":null,"location_type":"0","parent_station":null,"stop_timezone":null,"wheelchair_boarding":"2"}},{"type":"Feature","geometry":{"type":"Point","coordinates":[5.37650943,43.30225421]},"properties":{"stop_id":"RTM-00000380","stop_code":"00000380","stop_name":"N\u00e9delec Guesde","stop_desc":"BOULEVARD CHARLES N\u00c9DELEC  MARSEILLE 13003","zone_id":null,"stop_url":null,"location_type":"0","parent_station":null,"stop_timezone":null,"wheelchair_boarding":"2"}},{"type":"Feature","geometry":{"type":"Point","coordinates":[5.439519,43.343732]},"properties":{"stop_id":"RTM-00004067","stop_code":"00004067","stop_name":"N\u00e9el","stop_desc":"pas de trottoir","zone_id":null,"stop_url":null,"location_type":"0","parent_station":null,"stop_timezone":null,"wheelchair_boarding":"2"}},{"type":"Feature","geometry":{"type":"Point","coordinates":[5.389798,43.269559]},"properties":{"stop_id":"RTM-00001838","stop_code":"00001838","stop_name":"N\u00e9gresko","stop_desc":null,"zone_id":null,"stop_url":null,"location_type":"0","parent_station":null,"stop_timezone":null,"wheelchair_boarding":"1"}},{"type":"Feature","geometry":{"type":"Point","coordinates":[5.402174,43.240736]},"properties":{"stop_id":"RTM-00001872","stop_code":"00001872","stop_name":"Oc\u00e9an Pistou","stop_desc":null,"zone_id":null,"stop_url":null,"location_type":"0","parent_station":null,"stop_timezone":null,"wheelchair_boarding":"2"}},{"type":"Feature","geometry":{"type":"Point","coordinates":[5.398705,43.241519]},"properties":{"stop_id":"RTM-00001852","stop_code":"00001852","stop_name":"Oc\u00e9an R\u00e9attu","stop_desc":null,"zone_id":null,"stop_url":null,"location_type":"0","parent_station":null,"stop_timezone":null,"wheelchair_boarding":"2"}},{"type":"Feature","geometry":{"type":"Point","coordinates":[5.36026,43.275464]},"properties":{"stop_id":"RTM-00002097","stop_code":"00002097","stop_name":"Oriol Corniche","stop_desc":null,"zone_id":null,"stop_url":null,"location_type":"0","parent_station":null,"stop_timezone":null,"wheelchair_boarding":"2"}},{"type":"Feature","geometry":{"type":"Point","coordinates":[5.402203,43.281463]},"properties":{"stop_id":"RTM-00003713","stop_code":"00003713","stop_name":"Palais Omnisports","stop_desc":null,"zone_id":null,"stop_url":null,"location_type":"0","parent_station":null,"stop_timezone":null,"wheelchair_boarding":"2"}},{"type":"Feature","geometry":{"type":"Point","coordinates":[5.439371,43.35473]},"properties":{"stop_id":"RTM-00000682","stop_code":"00000682","stop_name":"Palama Camoins","stop_desc":null,"zone_id":null,"stop_url":null,"location_type":"0","parent_station":null,"stop_timezone":null,"wheelchair_boarding":"2"}},{"type":"Feature","geometry":{"type":"Point","coordinates":[5.441036,43.358447]},"properties":{"stop_id":"RTM-00000698","stop_code":"00000698","stop_name":"Palama Carrousel","stop_desc":null,"zone_id":null,"stop_url":null,"location_type":"0","parent_station":null,"stop_timezone":null,"wheelchair_boarding":"2"}},{"type":"Feature","geometry":{"type":"Point","coordinates":[5.441956,43.359432]},"properties":{"stop_id":"RTM-00000685","stop_code":"00000685","stop_name":"Palama Ecuyers","stop_desc":null,"zone_id":null,"stop_url":null,"location_type":"0","parent_station":null,"stop_timezone":null,"wheelchair_boarding":"2"}},{"type":"Feature","geometry":{"type":"Point","coordinates":[5.440005,43.356708]},"properties":{"stop_id":"RTM-00000683","stop_code":"00000683","stop_name":"Palama Fumade","stop_desc":null,"zone_id":null,"stop_url":null,"location_type":"0","parent_station":null,"stop_timezone":null,"wheelchair_boarding":"2"}},{"type":"Feature","geometry":{"type":"Point","coordinates":[5.379081,43.287853]},"properties":{"stop_id":"RTM-00001132","stop_code":"00001132","stop_name":"Paradis Dragon","stop_desc":null,"zone_id":null,"stop_url":null,"location_type":"0","parent_station":null,"stop_timezone":null,"wheelchair_boarding":"2"}},{"type":"Feature","geometry":{"type":"Point","coordinates":[5.380631,43.284205]},"properties":{"stop_id":"RTM-00001134","stop_code":"00001134","stop_name":"Paradis Fiolle","stop_desc":null,"zone_id":null,"stop_url":null,"location_type":"0","parent_station":null,"stop_timezone":null,"wheelchair_boarding":"2"}},{"type":"Feature","geometry":{"type":"Point","coordinates":[5.38439,43.275667]},"properties":{"stop_id":"RTM-00001086","stop_code":"00001086","stop_name":"Paradis Lord Duveen","stop_desc":null,"zone_id":null,"stop_url":null,"location_type":"0","parent_station":null,"stop_timezone":null,"wheelchair_boarding":"2"}},{"type":"Feature","geometry":{"type":"Point","coordinates":[5.385541,43.272914]},"properties":{"stop_id":"RTM-00001085","stop_code":"00001085","stop_name":"Paradis Mistral","stop_desc":null,"zone_id":null,"stop_url":null,"location_type":"0","parent_station":null,"stop_timezone":null,"wheelchair_boarding":"2"}},{"type":"Feature","geometry":{"type":"Point","coordinates":[5.379445,43.286655]},"properties":{"stop_id":"RTM-00001133","stop_code":"00001133","stop_name":"Paradis Ste Victoire","stop_desc":null,"zone_id":null,"stop_url":null,"location_type":"0","parent_station":null,"stop_timezone":null,"wheelchair_boarding":"2"}},{"type":"Feature","geometry":{"type":"Point","coordinates":[5.380262,43.245211]},"properties":{"stop_id":"RTM-00001945","stop_code":"00001945","stop_name":"Parangon Neptune","stop_desc":null,"zone_id":null,"stop_url":null,"location_type":"0","parent_station":null,"stop_timezone":null,"wheelchair_boarding":"2"}},{"type":"Feature","geometry":{"type":"Point","coordinates":[5.37459434,43.31768566]},"properties":{"stop_id":"RTM-00004778","stop_code":"00004778","stop_name":"Parc Bellevue","stop_desc":null,"zone_id":null,"stop_url":null,"location_type":"0","parent_station":null,"stop_timezone":null,"wheelchair_boarding":"2"}},{"type":"Feature","geometry":{"type":"Point","coordinates":[5.365591,43.343291]},"properties":{"stop_id":"RTM-00000183","stop_code":"00000183","stop_name":"Parc Blanchard","stop_desc":null,"zone_id":null,"stop_url":null,"location_type":"0","parent_station":null,"stop_timezone":null,"wheelchair_boarding":"2"}},{"type":"Feature","geometry":{"type":"Point","coordinates":[5.378095,43.263909]},"properties":{"stop_id":"RTM-00001733","stop_code":"00001733","stop_name":"Parc Bor\u00e9ly","stop_desc":null,"zone_id":null,"stop_url":null,"location_type":"0","parent_station":null,"stop_timezone":null,"wheelchair_boarding":"1"}},{"type":"Feature","geometry":{"type":"Point","coordinates":[5.404909,43.323829]},"properties":{"stop_id":"RTM-00001155","stop_code":"00001155","stop_name":"Parc Corot","stop_desc":null,"zone_id":null,"stop_url":null,"location_type":"0","parent_station":null,"stop_timezone":null,"wheelchair_boarding":"1"}},{"type":"Feature","geometry":{"type":"Point","coordinates":[5.389446,43.283145]},"properties":{"stop_id":"RTM-00000410","stop_code":"00000410","stop_name":"Parc du 26\u00e8me Centenaire","stop_desc":null,"zone_id":null,"stop_url":null,"location_type":"0","parent_station":null,"stop_timezone":null,"wheelchair_boarding":"1"}},{"type":"Feature","geometry":{"type":"Point","coordinates":[5.39062233,43.282889]},"properties":{"stop_id":"RTM-00002521","stop_code":"00002521","stop_name":"Parc du 26\u00e8me Centenaire","stop_desc":null,"zone_id":null,"stop_url":null,"location_type":"0","parent_station":null,"stop_timezone":null,"wheelchair_boarding":"1"}},{"type":"Feature","geometry":{"type":"Point","coordinates":[5.46473584,43.34516337]},"properties":{"stop_id":"RTM-00004677","stop_code":"00004677","stop_name":"Parc du Bocage","stop_desc":null,"zone_id":null,"stop_url":null,"location_type":"0","parent_station":null,"stop_timezone":null,"wheelchair_boarding":"2"}},{"type":"Feature","geometry":{"type":"Point","coordinates":[5.46431896,43.34482163]},"properties":{"stop_id":"RTM-00004683","stop_code":"00004683","stop_name":"Parc du Bocage","stop_desc":null,"zone_id":null,"stop_url":null,"location_type":"0","parent_station":null,"stop_timezone":null,"wheelchair_boarding":"2"}},{"type":"Feature","geometry":{"type":"Point","coordinates":[5.412268,43.268113]},"properties":{"stop_id":"RTM-00001644","stop_code":"00001644","stop_name":"Parc Fleuri","stop_desc":null,"zone_id":null,"stop_url":null,"location_type":"0","parent_station":null,"stop_timezone":null,"wheelchair_boarding":"1"}},{"type":"Feature","geometry":{"type":"Point","coordinates":[5.411737,43.267999]},"properties":{"stop_id":"RTM-00001664","stop_code":"00001664","stop_name":"Parc Fleuri","stop_desc":null,"zone_id":null,"stop_url":null,"location_type":"0","parent_station":null,"stop_timezone":null,"wheelchair_boarding":"1"}},{"type":"Feature","geometry":{"type":"Point","coordinates":[5.364794,43.384484]},"properties":{"stop_id":"RTM-00003985","stop_code":"00003985","stop_name":"Parc Kallist\u00e9","stop_desc":null,"zone_id":null,"stop_url":null,"location_type":"0","parent_station":null,"stop_timezone":null,"wheelchair_boarding":"1"}},{"type":"Feature","geometry":{"type":"Point","coordinates":[5.367282,43.240313]},"properties":{"stop_id":"RTM-00001724","stop_code":"00001724","stop_name":"Parc Pastr\u00e9","stop_desc":null,"zone_id":null,"stop_url":null,"location_type":"0","parent_station":null,"stop_timezone":null,"wheelchair_boarding":"1"}},{"type":"Feature","geometry":{"type":"Point","coordinates":[5.370665,43.309019]},"properties":{"stop_id":"RTM-00002603","stop_code":"00002603","stop_name":"Paris Clary","stop_desc":"71 BOULEVARD DE PARIS  MARSEILLE 13003","zone_id":null,"stop_url":null,"location_type":"0","parent_station":null,"stop_timezone":null,"wheelchair_boarding":"1"}},{"type":"Feature","geometry":{"type":"Point","coordinates":[5.369658,43.310683]},"properties":{"stop_id":"RTM-00003768","stop_code":"00003768","stop_name":"Paris Mir\u00e8s","stop_desc":"123 BOULEVARD DE PARIS  MARSEILLE 13003","zone_id":null,"stop_url":null,"location_type":"0","parent_station":null,"stop_timezone":null,"wheelchair_boarding":"1"}},{"type":"Feature","geometry":{"type":"Point","coordinates":[5.46737481,43.34344304]},"properties":{"stop_id":"RTM-00004176","stop_code":"00004176","stop_name":"Paul Sirvent","stop_desc":"avenue du canton vert allauch 13190 barri\u00e8re poteau bus mpm","zone_id":null,"stop_url":null,"location_type":"0","parent_station":null,"stop_timezone":null,"wheelchair_boarding":"1"}},{"type":"Feature","geometry":{"type":"Point","coordinates":[5.398279,43.315406]},"properties":{"stop_id":"RTM-00001565","stop_code":"00001565","stop_name":"Paulette","stop_desc":"92 AVENUE DES CHUTES LAVIE  MARSEILLE 13004","zone_id":null,"stop_url":null,"location_type":"0","parent_station":null,"stop_timezone":null,"wheelchair_boarding":"1"}},{"type":"Feature","geometry":{"type":"Point","coordinates":[5.39747,43.314596]},"properties":{"stop_id":"RTM-00001571","stop_code":"00001571","stop_name":"Paulette","stop_desc":"27 AVENUE DES CHUTES LAVIE  MARSEILLE 13004","zone_id":null,"stop_url":null,"location_type":"0","parent_station":null,"stop_timezone":null,"wheelchair_boarding":"1"}},{"type":"Feature","geometry":{"type":"Point","coordinates":[5.473975,43.303107]},"properties":{"stop_id":"RTM-00000647","stop_code":"00000647","stop_name":"Peintres Roux La Serviane","stop_desc":null,"zone_id":null,"stop_url":null,"location_type":"0","parent_station":null,"stop_timezone":null,"wheelchair_boarding":"2"}},{"type":"Feature","geometry":{"type":"Point","coordinates":[5.481318,43.295733]},"properties":{"stop_id":"RTM-00002503","stop_code":"00002503","stop_name":"Peintres Roux La Valentine","stop_desc":null,"zone_id":null,"stop_url":null,"location_type":"0","parent_station":null,"stop_timezone":null,"wheelchair_boarding":"2"}},{"type":"Feature","geometry":{"type":"Point","coordinates":[5.37426283,43.30860989]},"properties":{"stop_id":"RTM-00000483","stop_code":"00000483","stop_name":"Pelletan St Lazare","stop_desc":null,"zone_id":null,"stop_url":null,"location_type":"0","parent_station":null,"stop_timezone":null,"wheelchair_boarding":"1"}},{"type":"Feature","geometry":{"type":"Point","coordinates":[5.465638,43.289385]},"properties":{"stop_id":"RTM-00001173","stop_code":"00001173","stop_name":"Petit St Marcel","stop_desc":null,"zone_id":null,"stop_url":null,"location_type":"0","parent_station":null,"stop_timezone":null,"wheelchair_boarding":"2"}},{"type":"Feature","geometry":{"type":"Point","coordinates":[5.440797,43.320755]},"properties":{"stop_id":"RTM-00000769","stop_code":"00000769","stop_name":"Petit S\u00e9minaire","stop_desc":"RUE MARIUS BRIATA  MARSEILLE 13013  num\u00e9ro du poteau 783","zone_id":null,"stop_url":null,"location_type":"0","parent_station":null,"stop_timezone":null,"wheelchair_boarding":"2"}},{"type":"Feature","geometry":{"type":"Point","coordinates":[5.356286,43.291877]},"properties":{"stop_id":"RTM-00003204","stop_code":"00003204","stop_name":"Pharo Catalans","stop_desc":"RUE DES CATALANS  MARSEILLE 13007","zone_id":null,"stop_url":null,"location_type":"0","parent_station":null,"stop_timezone":null,"wheelchair_boarding":"1"}},{"type":"Feature","geometry":{"type":"Point","coordinates":[5.35586883,43.2915737]},"properties":{"stop_id":"RTM-00003816","stop_code":"00003816","stop_name":"Pharo Catalans","stop_desc":"BOULEVARD CHARLES LIVON  MARSEILLE 13007","zone_id":null,"stop_url":null,"location_type":"0","parent_station":null,"stop_timezone":null,"wheelchair_boarding":"1"}},{"type":"Feature","geometry":{"type":"Point","coordinates":[5.310347,43.364511]},"properties":{"stop_id":"RTM-00003573","stop_code":"00003573","stop_name":"Pichou Galinette","stop_desc":null,"zone_id":null,"stop_url":null,"location_type":"0","parent_station":null,"stop_timezone":null,"wheelchair_boarding":"2"}},{"type":"Feature","geometry":{"type":"Point","coordinates":[5.38972225,43.33026134]},"properties":{"stop_id":"RTM-00004711","stop_code":"00004711","stop_name":"Picon","stop_desc":null,"zone_id":null,"stop_url":null,"location_type":"0","parent_station":null,"stop_timezone":null,"wheelchair_boarding":"2"}},{"type":"Feature","geometry":{"type":"Point","coordinates":[5.38944647,43.33036165]},"properties":{"stop_id":"RTM-00004730","stop_code":"00004730","stop_name":"Picon","stop_desc":null,"zone_id":null,"stop_url":null,"location_type":"0","parent_station":null,"stop_timezone":null,"wheelchair_boarding":"2"}},{"type":"Feature","geometry":{"type":"Point","coordinates":[5.363109,43.407022]},"properties":{"stop_id":"RTM-00002986","stop_code":"00002986","stop_name":"Place Barbusse","stop_desc":"abs  sigep","zone_id":null,"stop_url":null,"location_type":"0","parent_station":null,"stop_timezone":null,"wheelchair_boarding":"2"}},{"type":"Feature","geometry":{"type":"Point","coordinates":[5.382162,43.25394]},"properties":{"stop_id":"RTM-00001931","stop_code":"00001931","stop_name":"Place Bonnefon","stop_desc":null,"zone_id":null,"stop_url":null,"location_type":"0","parent_station":null,"stop_timezone":null,"wheelchair_boarding":"2"}},{"type":"Feature","geometry":{"type":"Point","coordinates":[5.369112,43.319313]},"properties":{"stop_id":"RTM-00000100","stop_code":"00000100","stop_name":"Place Bougainville","stop_desc":null,"zone_id":null,"stop_url":null,"location_type":"0","parent_station":null,"stop_timezone":null,"wheelchair_boarding":"1"}},{"type":"Feature","geometry":{"type":"Point","coordinates":[5.400664,43.306256]},"properties":{"stop_id":"RTM-00000804","stop_code":"00000804","stop_name":"Place Brossolette","stop_desc":null,"zone_id":null,"stop_url":null,"location_type":"0","parent_station":null,"stop_timezone":null,"wheelchair_boarding":"1"}},{"type":"Feature","geometry":{"type":"Point","coordinates":[5.419695,43.309966]},"properties":{"stop_id":"RTM-00000903","stop_code":"00000903","stop_name":"Place de Bois Luzy","stop_desc":null,"zone_id":null,"stop_url":null,"location_type":"0","parent_station":null,"stop_timezone":null,"wheelchair_boarding":"2"}},{"type":"Feature","geometry":{"type":"Point","coordinates":[5.417332,43.343708]},"properties":{"stop_id":"RTM-00001072","stop_code":"00001072","stop_name":"Place de St Mitre","stop_desc":null,"zone_id":null,"stop_url":null,"location_type":"0","parent_station":null,"stop_timezone":null,"wheelchair_boarding":"1"}},{"type":"Feature","geometry":{"type":"Point","coordinates":[5.3741169,43.30640785]},"properties":{"stop_id":"RTM-00000460","stop_code":"00000460","stop_name":"Place de Strasbourg","stop_desc":"3 PLACE DE STRASBOURG  MARSEILLE 13003","zone_id":null,"stop_url":null,"location_type":"0","parent_station":null,"stop_timezone":null,"wheelchair_boarding":"1"}},{"type":"Feature","geometry":{"type":"Point","coordinates":[5.47431146,43.32924968]},"properties":{"stop_id":"RTM-00004530","stop_code":"00004530","stop_name":"Place des Aubagnens","stop_desc":"TAD 65 \/ SCO 2022","zone_id":null,"stop_url":null,"location_type":"0","parent_station":null,"stop_timezone":null,"wheelchair_boarding":"2"}},{"type":"Feature","geometry":{"type":"Point","coordinates":[5.47429841,43.32933875]},"properties":{"stop_id":"RTM-00004535","stop_code":"00004535","stop_name":"Place des Aubagnens","stop_desc":"TAD 65 \/ SCO 2022","zone_id":null,"stop_url":null,"location_type":"0","parent_station":null,"stop_timezone":null,"wheelchair_boarding":"2"}},{"type":"Feature","geometry":{"type":"Point","coordinates":[5.375311,43.326318]},"properties":{"stop_id":"RTM-00000104","stop_code":"00000104","stop_name":"Place des Etats Unis","stop_desc":null,"zone_id":null,"stop_url":null,"location_type":"0","parent_station":null,"stop_timezone":null,"wheelchair_boarding":"1"}},{"type":"Feature","geometry":{"type":"Point","coordinates":[5.37492707,43.32677611]},"properties":{"stop_id":"RTM-00004779","stop_code":"00004779","stop_name":"Place des Etats Unis","stop_desc":null,"zone_id":null,"stop_url":null,"location_type":"0","parent_station":null,"stop_timezone":null,"wheelchair_boarding":"2"}},{"type":"Feature","geometry":{"type":"Point","coordinates":[5.439234,43.351801]},"properties":{"stop_id":"RTM-00000717","stop_code":"00000717","stop_name":"Place des H\u00e9ros","stop_desc":null,"zone_id":null,"stop_url":null,"location_type":"0","parent_station":null,"stop_timezone":null,"wheelchair_boarding":"1"}},{"type":"Feature","geometry":{"type":"Point","coordinates":[5.439481,43.35187]},"properties":{"stop_id":"RTM-00000727","stop_code":"00000727","stop_name":"Place des H\u00e9ros","stop_desc":null,"zone_id":null,"stop_url":null,"location_type":"0","parent_station":null,"stop_timezone":null,"wheelchair_boarding":"1"}},{"type":"Feature","geometry":{"type":"Point","coordinates":[5.359206,43.288581]},"properties":{"stop_id":"RTM-00001400","stop_code":"00001400","stop_name":"Place du 4 Septembre","stop_desc":null,"zone_id":null,"stop_url":null,"location_type":"0","parent_station":null,"stop_timezone":null,"wheelchair_boarding":"1"}},{"type":"Feature","geometry":{"type":"Point","coordinates":[5.359493,43.28923]},"properties":{"stop_id":"RTM-00003746","stop_code":"00003746","stop_name":"Place du 4 Septembre","stop_desc":"51 AVENUE PASTEUR  MARSEILLE 13007","zone_id":null,"stop_url":null,"location_type":"0","parent_station":null,"stop_timezone":null,"wheelchair_boarding":"1"}},{"type":"Feature","geometry":{"type":"Point","coordinates":[5.39851529,43.2771735]},"properties":{"stop_id":"RTM-00004094","stop_code":"00004094","stop_name":"Place Ferri\u00e9","stop_desc":null,"zone_id":null,"stop_url":null,"location_type":"0","parent_station":null,"stop_timezone":null,"wheelchair_boarding":"2"}},{"type":"Feature","geometry":{"type":"Point","coordinates":[5.39922898,43.27696496]},"properties":{"stop_id":"RTM-00004759","stop_code":"00004759","stop_name":"Place Ferri\u00e9","stop_desc":"Prolongement T3","zone_id":null,"stop_url":null,"location_type":"0","parent_station":null,"stop_timezone":null,"wheelchair_boarding":"1"}},{"type":"Feature","geometry":{"type":"Point","coordinates":[5.36675543,43.28924692]},"properties":{"stop_id":"RTM-00002490","stop_code":"00002490","stop_name":"Place Joseph Etienne","stop_desc":"TAD 59","zone_id":null,"stop_url":null,"location_type":"0","parent_station":null,"stop_timezone":null,"wheelchair_boarding":"2"}},{"type":"Feature","geometry":{"type":"Point","coordinates":[5.393145,43.306436]},"properties":{"stop_id":"RTM-00000473","stop_code":"00000473","stop_name":"Place Leverrier","stop_desc":"RUE B\u00c9N\u00c9DIT  MARSEILLE 13001","zone_id":null,"stop_url":null,"location_type":"0","parent_station":null,"stop_timezone":null,"wheelchair_boarding":"1"}},{"type":"Feature","geometry":{"type":"Point","coordinates":[5.373315,43.304615]},"properties":{"stop_id":"RTM-00000481","stop_code":"00000481","stop_name":"Place Marceau","stop_desc":null,"zone_id":null,"stop_url":null,"location_type":"0","parent_station":null,"stop_timezone":null,"wheelchair_boarding":"1"}},{"type":"Feature","geometry":{"type":"Point","coordinates":[5.404109,43.286009]},"properties":{"stop_id":"RTM-00001616","stop_code":"00001616","stop_name":"Place Valentin Pignol","stop_desc":null,"zone_id":null,"stop_url":null,"location_type":"0","parent_station":null,"stop_timezone":null,"wheelchair_boarding":"2"}},{"type":"Feature","geometry":{"type":"Point","coordinates":[5.37547,43.28387]},"properties":{"stop_id":"RTM-00001448","stop_code":"00001448","stop_name":"Place Val\u00e8re Bernard","stop_desc":"TAD 59","zone_id":null,"stop_url":null,"location_type":"0","parent_station":null,"stop_timezone":null,"wheelchair_boarding":"2"}},{"type":"Feature","geometry":{"type":"Point","coordinates":[5.375334,43.2599]},"properties":{"stop_id":"RTM-00001705","stop_code":"00001705","stop_name":"Plage de l'Huveaune","stop_desc":null,"zone_id":null,"stop_url":null,"location_type":"0","parent_station":null,"stop_timezone":null,"wheelchair_boarding":"1"}},{"type":"Feature","geometry":{"type":"Point","coordinates":[5.375683,43.262338]},"properties":{"stop_id":"RTM-00001732","stop_code":"00001732","stop_name":"Plage du Prado","stop_desc":"point de vente rtm","zone_id":null,"stop_url":null,"location_type":"0","parent_station":null,"stop_timezone":null,"wheelchair_boarding":"1"}},{"type":"Feature","geometry":{"type":"Point","coordinates":[5.36286,43.27253032]},"properties":{"stop_id":"RTM-00002075","stop_code":"00002075","stop_name":"Plage du Proph\u00e8te","stop_desc":null,"zone_id":null,"stop_url":null,"location_type":"0","parent_station":null,"stop_timezone":null,"wheelchair_boarding":"1"}},{"type":"Feature","geometry":{"type":"Point","coordinates":[5.35348,43.368528]},"properties":{"stop_id":"RTM-00003883","stop_code":"00003883","stop_name":"Plan d'Aou","stop_desc":null,"zone_id":null,"stop_url":null,"location_type":"0","parent_station":null,"stop_timezone":null,"wheelchair_boarding":"1"}},{"type":"Feature","geometry":{"type":"Point","coordinates":[5.464679,43.348008]},"properties":{"stop_id":"RTM-00002152","stop_code":"00002152","stop_name":"Plan de Cuques Eglise","stop_desc":null,"zone_id":null,"stop_url":null,"location_type":"0","parent_station":null,"stop_timezone":null,"wheelchair_boarding":"1"}},{"type":"Feature","geometry":{"type":"Point","coordinates":[5.46438583,43.3602699]},"properties":{"stop_id":"RTM-00002159","stop_code":"00002159","stop_name":"Plan-de-Cuques Montade","stop_desc":null,"zone_id":null,"stop_url":null,"location_type":"0","parent_station":null,"stop_timezone":null,"wheelchair_boarding":"1"}},{"type":"Feature","geometry":{"type":"Point","coordinates":[5.408836,43.272003]},"properties":{"stop_id":"RTM-00001637","stop_code":"00001637","stop_name":"Platanes Romain Rolland","stop_desc":null,"zone_id":null,"stop_url":null,"location_type":"0","parent_station":null,"stop_timezone":null,"wheelchair_boarding":"2"}},{"type":"Feature","geometry":{"type":"Point","coordinates":[5.48057521,43.32823379]},"properties":{"stop_id":"RTM-00004533","stop_code":"00004533","stop_name":"Plateau des Aubagnens","stop_desc":"TAD 65 \/ SCO 2022","zone_id":null,"stop_url":null,"location_type":"0","parent_station":null,"stop_timezone":null,"wheelchair_boarding":"2"}},{"type":"Feature","geometry":{"type":"Point","coordinates":[5.3807,43.317945]},"properties":{"stop_id":"RTM-00002045","stop_code":"00002045","stop_name":"Plombi\u00e8res Battala","stop_desc":null,"zone_id":null,"stop_url":null,"location_type":"0","parent_station":null,"stop_timezone":null,"wheelchair_boarding":"1"}},{"type":"Feature","geometry":{"type":"Point","coordinates":[5.3820178,43.31677936]},"properties":{"stop_id":"RTM-00000532","stop_code":"00000532","stop_name":"Plombi\u00e8res Cubeddu","stop_desc":null,"zone_id":null,"stop_url":null,"location_type":"0","parent_station":null,"stop_timezone":null,"wheelchair_boarding":"2"}},{"type":"Feature","geometry":{"type":"Point","coordinates":[5.367705,43.242442]},"properties":{"stop_id":"RTM-00003765","stop_code":"00003765","stop_name":"Pointe Rouge Port","stop_desc":"AVENUE D'ODESSA  MARSEILLE 13008","zone_id":null,"stop_url":null,"location_type":"0","parent_station":null,"stop_timezone":null,"wheelchair_boarding":"2"}},{"type":"Feature","geometry":{"type":"Point","coordinates":[5.332882,43.359625]},"properties":{"stop_id":"RTM-00002785","stop_code":"00002785","stop_name":"Pol Roux Rabelais","stop_desc":null,"zone_id":null,"stop_url":null,"location_type":"0","parent_station":null,"stop_timezone":null,"wheelchair_boarding":"2"}},{"type":"Feature","geometry":{"type":"Point","coordinates":[5.50038313,43.30947461]},"properties":{"stop_id":"RTM-00004685","stop_code":"00004685","stop_name":"Pont de la Clue","stop_desc":null,"zone_id":null,"stop_url":null,"location_type":"0","parent_station":null,"stop_timezone":null,"wheelchair_boarding":"2"}},{"type":"Feature","geometry":{"type":"Point","coordinates":[5.417828,43.279579]},"properties":{"stop_id":"RTM-00001272","stop_code":"00001272","stop_name":"Pont de Vivaux","stop_desc":null,"zone_id":null,"stop_url":null,"location_type":"0","parent_station":null,"stop_timezone":null,"wheelchair_boarding":"1"}},{"type":"Feature","geometry":{"type":"Point","coordinates":[5.4241,43.281547]},"properties":{"stop_id":"RTM-00004236","stop_code":"00004236","stop_name":"Pont de Vivaux Sidolle","stop_desc":"136 BOULEVARD DE PONT DE VIVAUX  MARSEILLE 13010","zone_id":null,"stop_url":null,"location_type":"0","parent_station":null,"stop_timezone":null,"wheelchair_boarding":"1"}},{"type":"Feature","geometry":{"type":"Point","coordinates":[5.372458,43.371804]},"properties":{"stop_id":"RTM-00004144","stop_code":"00004144","stop_name":"Pont du Canal","stop_desc":null,"zone_id":null,"stop_url":null,"location_type":"0","parent_station":null,"stop_timezone":null,"wheelchair_boarding":"2"}},{"type":"Feature","geometry":{"type":"Point","coordinates":[5.37081,43.30714]},"properties":{"stop_id":"RTM-00004416","stop_code":"00004416","stop_name":"Pontev\u00e8s Paris","stop_desc":null,"zone_id":null,"stop_url":null,"location_type":"0","parent_station":null,"stop_timezone":null,"wheelchair_boarding":"2"}},{"type":"Feature","geometry":{"type":"Point","coordinates":[5.386241,43.281722]},"properties":{"stop_id":"RTM-00001090","stop_code":"00001090","stop_name":"Prado Dupr\u00e9","stop_desc":null,"zone_id":null,"stop_url":null,"location_type":"0","parent_station":null,"stop_timezone":null,"wheelchair_boarding":"1"}},{"type":"Feature","geometry":{"type":"Point","coordinates":[5.385625,43.282397]},"properties":{"stop_id":"RTM-00001494","stop_code":"00001494","stop_name":"Prado Dupr\u00e9","stop_desc":null,"zone_id":null,"stop_url":null,"location_type":"0","parent_station":null,"stop_timezone":null,"wheelchair_boarding":"1"}},{"type":"Feature","geometry":{"type":"Point","coordinates":[5.389258,43.275929]},"properties":{"stop_id":"RTM-00001698","stop_code":"00001698","stop_name":"Prado Louvain","stop_desc":null,"zone_id":null,"stop_url":null,"location_type":"0","parent_station":null,"stop_timezone":null,"wheelchair_boarding":"2"}},{"type":"Feature","geometry":{"type":"Point","coordinates":[5.387591,43.279336]},"properties":{"stop_id":"RTM-00001740","stop_code":"00001740","stop_name":"Prado P\u00e9rier","stop_desc":null,"zone_id":null,"stop_url":null,"location_type":"0","parent_station":null,"stop_timezone":null,"wheelchair_boarding":"1"}},{"type":"Feature","geometry":{"type":"Point","coordinates":[5.384584,43.268075]},"properties":{"stop_id":"RTM-00001735","stop_code":"00001735","stop_name":"Prado Saint-Exup\u00e9ry","stop_desc":null,"zone_id":null,"stop_url":null,"location_type":"0","parent_station":null,"stop_timezone":null,"wheelchair_boarding":"1"}},{"type":"Feature","geometry":{"type":"Point","coordinates":[5.381248,43.266167]},"properties":{"stop_id":"RTM-00001702","stop_code":"00001702","stop_name":"Prado Tunis","stop_desc":null,"zone_id":null,"stop_url":null,"location_type":"0","parent_station":null,"stop_timezone":null,"wheelchair_boarding":"2"}},{"type":"Feature","geometry":{"type":"Point","coordinates":[5.482876,43.327547]},"properties":{"stop_id":"RTM-00003591","stop_code":"00003591","stop_name":"Provence Aubagnens","stop_desc":"559 AVENUE DE PROVENCE  ALLAUCH 13190","zone_id":null,"stop_url":null,"location_type":"0","parent_station":null,"stop_timezone":null,"wheelchair_boarding":"1"}},{"type":"Feature","geometry":{"type":"Point","coordinates":[5.48082534,43.3241971]},"properties":{"stop_id":"RTM-00003600","stop_code":"00003600","stop_name":"Provence Enco de Botte","stop_desc":"abs trottoir","zone_id":null,"stop_url":null,"location_type":"0","parent_station":null,"stop_timezone":null,"wheelchair_boarding":"1"}},{"type":"Feature","geometry":{"type":"Point","coordinates":[5.378895,43.290015]},"properties":{"stop_id":"RTM-00000386","stop_code":"00000386","stop_name":"Pr\u00e9fecture","stop_desc":"43 BOULEVARD PAUL PEYTRAL  MARSEILLE 13006","zone_id":null,"stop_url":null,"location_type":"0","parent_station":null,"stop_timezone":null,"wheelchair_boarding":"1"}},{"type":"Feature","geometry":{"type":"Point","coordinates":[5.373852,43.290283]},"properties":{"stop_id":"RTM-00001411","stop_code":"00001411","stop_name":"Puget Fortia","stop_desc":"COURS PIERRE PUGET  MARSEILLE 13006","zone_id":null,"stop_url":null,"location_type":"0","parent_station":null,"stop_timezone":null,"wheelchair_boarding":"2"}},{"type":"Feature","geometry":{"type":"Point","coordinates":[5.376498,43.278537]},"properties":{"stop_id":"RTM-00001500","stop_code":"00001500","stop_name":"P\u00e9rier Arles","stop_desc":"BOULEVARD P\u00c9RIER  MARSEILLE 13008","zone_id":null,"stop_url":null,"location_type":"0","parent_station":null,"stop_timezone":null,"wheelchair_boarding":"2"}},{"type":"Feature","geometry":{"type":"Point","coordinates":[5.376737,43.278546]},"properties":{"stop_id":"RTM-00001515","stop_code":"00001515","stop_name":"P\u00e9rier Arles","stop_desc":"BOULEVARD P\u00c9RIER  MARSEILLE 13008","zone_id":null,"stop_url":null,"location_type":"0","parent_station":null,"stop_timezone":null,"wheelchair_boarding":"2"}},{"type":"Feature","geometry":{"type":"Point","coordinates":[5.380078,43.278586]},"properties":{"stop_id":"RTM-00001498","stop_code":"00001498","stop_name":"P\u00e9rier Cr\u00e9mieux","stop_desc":"BOULEVARD P\u00c9RIER  MARSEILLE 13008","zone_id":null,"stop_url":null,"location_type":"0","parent_station":null,"stop_timezone":null,"wheelchair_boarding":"1"}},{"type":"Feature","geometry":{"type":"Point","coordinates":[5.374457,43.277932]},"properties":{"stop_id":"RTM-00001502","stop_code":"00001502","stop_name":"P\u00e9rier Gagliardo","stop_desc":null,"zone_id":null,"stop_url":null,"location_type":"0","parent_station":null,"stop_timezone":null,"wheelchair_boarding":"2"}},{"type":"Feature","geometry":{"type":"Point","coordinates":[5.388715,43.308431]},"properties":{"stop_id":"RTM-00003707","stop_code":"00003707","stop_name":"P\u00f4le M\u00e9dia","stop_desc":null,"zone_id":null,"stop_url":null,"location_type":"0","parent_station":null,"stop_timezone":null,"wheelchair_boarding":"1"}},{"type":"Feature","geometry":{"type":"Point","coordinates":[5.41248,43.233752]},"properties":{"stop_id":"RTM-00001830","stop_code":"00001830","stop_name":"Rabat Baumettes","stop_desc":null,"zone_id":null,"stop_url":null,"location_type":"0","parent_station":null,"stop_timezone":null,"wheelchair_boarding":"2"}},{"type":"Feature","geometry":{"type":"Point","coordinates":[5.41313403,43.23542148]},"properties":{"stop_id":"RTM-00001831","stop_code":"00001831","stop_name":"Rabat Beauvallon","stop_desc":null,"zone_id":null,"stop_url":null,"location_type":"0","parent_station":null,"stop_timezone":null,"wheelchair_boarding":"2"}},{"type":"Feature","geometry":{"type":"Point","coordinates":[5.412961,43.235379]},"properties":{"stop_id":"RTM-00001836","stop_code":"00001836","stop_name":"Rabat Beauvallon","stop_desc":null,"zone_id":null,"stop_url":null,"location_type":"0","parent_station":null,"stop_timezone":null,"wheelchair_boarding":"2"}},{"type":"Feature","geometry":{"type":"Point","coordinates":[5.413243,43.237403]},"properties":{"stop_id":"RTM-00001835","stop_code":"00001835","stop_name":"Rabat Seigneurie","stop_desc":"TRAVERSE DE RABAT  MARSEILLE 13009","zone_id":null,"stop_url":null,"location_type":"0","parent_station":null,"stop_timezone":null,"wheelchair_boarding":"2"}},{"type":"Feature","geometry":{"type":"Point","coordinates":[5.327226,43.361093]},"properties":{"stop_id":"RTM-00000299","stop_code":"00000299","stop_name":"Rabelais Bourgade","stop_desc":null,"zone_id":null,"stop_url":null,"location_type":"0","parent_station":null,"stop_timezone":null,"wheelchair_boarding":"2"}},{"type":"Feature","geometry":{"type":"Point","coordinates":[5.403256,43.318559]},"properties":{"stop_id":"RTM-00001567","stop_code":"00001567","stop_name":"Raguse Chutes Lavie","stop_desc":null,"zone_id":null,"stop_url":null,"location_type":"0","parent_station":null,"stop_timezone":null,"wheelchair_boarding":"2"}},{"type":"Feature","geometry":{"type":"Point","coordinates":[5.398603,43.332127]},"properties":{"stop_id":"RTM-00001006","stop_code":"00001006","stop_name":"Raimu La Busserine","stop_desc":"RUE DE LA BUSSERINE  MARSEILLE 13014","zone_id":null,"stop_url":null,"location_type":"0","parent_station":null,"stop_timezone":null,"wheelchair_boarding":"2"}},{"type":"Feature","geometry":{"type":"Point","coordinates":[5.43738243,43.27673274]},"properties":{"stop_id":"RTM-00004610","stop_code":"00004610","stop_name":"Ranc-Sakakini Saint-Loup","stop_desc":null,"zone_id":null,"stop_url":null,"location_type":"0","parent_station":null,"stop_timezone":null,"wheelchair_boarding":"2"}},{"type":"Feature","geometry":{"type":"Point","coordinates":[5.4403403,43.27884034]},"properties":{"stop_id":"RTM-00004615","stop_code":"00004615","stop_name":"Ranc-Sakakini Saint-Thys","stop_desc":null,"zone_id":null,"stop_url":null,"location_type":"0","parent_station":null,"stop_timezone":null,"wheelchair_boarding":"2"}},{"type":"Feature","geometry":{"type":"Point","coordinates":[5.36206573,43.28893448]},"properties":{"stop_id":"RTM-00004187","stop_code":"00004187","stop_name":"Recher Corse","stop_desc":null,"zone_id":null,"stop_url":null,"location_type":"0","parent_station":null,"stop_timezone":null,"wheelchair_boarding":"2"}},{"type":"Feature","geometry":{"type":"Point","coordinates":[5.393624,43.261101]},"properties":{"stop_id":"RTM-00001841","stop_code":"00001841","stop_name":"Reggio","stop_desc":null,"zone_id":null,"stop_url":null,"location_type":"0","parent_station":null,"stop_timezone":null,"wheelchair_boarding":"2"}},{"type":"Feature","geometry":{"type":"Point","coordinates":[5.393808,43.261106]},"properties":{"stop_id":"RTM-00001883","stop_code":"00001883","stop_name":"Reggio","stop_desc":null,"zone_id":null,"stop_url":null,"location_type":"0","parent_station":null,"stop_timezone":null,"wheelchair_boarding":"2"}},{"type":"Feature","geometry":{"type":"Point","coordinates":[5.42724073,43.31563542]},"properties":{"stop_id":"RTM-00000792","stop_code":"00000792","stop_name":"Richard Aiguillette","stop_desc":null,"zone_id":null,"stop_url":null,"location_type":"0","parent_station":null,"stop_timezone":null,"wheelchair_boarding":"2"}},{"type":"Feature","geometry":{"type":"Point","coordinates":[5.425438,43.31568]},"properties":{"stop_id":"RTM-00000759","stop_code":"00000759","stop_name":"Richard Py","stop_desc":null,"zone_id":null,"stop_url":null,"location_type":"0","parent_station":null,"stop_timezone":null,"wheelchair_boarding":"2"}},{"type":"Feature","geometry":{"type":"Point","coordinates":[5.36630264,43.28053503]},"properties":{"stop_id":"RTM-00001509","stop_code":"00001509","stop_name":"Roches V\u00e8ve","stop_desc":"RUE MARCEL V\u00c8VE  MARSEILLE 13007","zone_id":null,"stop_url":null,"location_type":"0","parent_station":null,"stop_timezone":null,"wheelchair_boarding":"2"}},{"type":"Feature","geometry":{"type":"Point","coordinates":[5.4211879,43.2781846]},"properties":{"stop_id":"RTM-00001607","stop_code":"00001607","stop_name":"Romain Rolland Gymnase","stop_desc":"120 BOULEVARD ROMAIN ROLLAND  MARSEILLE 13010","zone_id":null,"stop_url":null,"location_type":"0","parent_station":null,"stop_timezone":null,"wheelchair_boarding":"1"}},{"type":"Feature","geometry":{"type":"Point","coordinates":[5.418397,43.27641]},"properties":{"stop_id":"RTM-00001592","stop_code":"00001592","stop_name":"Romain Rolland Icard","stop_desc":"157 BOULEVARD ROMAIN ROLLAND  MARSEILLE 13010","zone_id":null,"stop_url":null,"location_type":"0","parent_station":null,"stop_timezone":null,"wheelchair_boarding":"2"}},{"type":"Feature","geometry":{"type":"Point","coordinates":[5.416906,43.275526]},"properties":{"stop_id":"RTM-00001624","stop_code":"00001624","stop_name":"Romain Rolland Pont de Vivaux","stop_desc":null,"zone_id":null,"stop_url":null,"location_type":"0","parent_station":null,"stop_timezone":null,"wheelchair_boarding":"2"}},{"type":"Feature","geometry":{"type":"Point","coordinates":[5.416786,43.275663]},"properties":{"stop_id":"RTM-00001634","stop_code":"00001634","stop_name":"Romain Rolland Pont de Vivaux","stop_desc":"descente sur parking","zone_id":null,"stop_url":null,"location_type":"0","parent_station":null,"stop_timezone":null,"wheelchair_boarding":"2"}},{"type":"Feature","geometry":{"type":"Point","coordinates":[5.379481,43.29362]},"properties":{"stop_id":"RTM-00004132","stop_code":"00004132","stop_name":"Rome Davso","stop_desc":"55 RUE DE ROME  MARSEILLE 13001","zone_id":null,"stop_url":null,"location_type":"0","parent_station":null,"stop_timezone":null,"wheelchair_boarding":"1"}},{"type":"Feature","geometry":{"type":"Point","coordinates":[5.39108,43.273144]},"properties":{"stop_id":"RTM-00001736","stop_code":"00001736","stop_name":"Rond Point du Prado","stop_desc":"D559  MARSEILLE 13008","zone_id":null,"stop_url":null,"location_type":"0","parent_station":null,"stop_timezone":null,"wheelchair_boarding":"1"}},{"type":"Feature","geometry":{"type":"Point","coordinates":[5.390881,43.273052]},"properties":{"stop_id":"RTM-00002736","stop_code":"00002736","stop_name":"Rond Point du Prado","stop_desc":"D559  MARSEILLE 13008","zone_id":null,"stop_url":null,"location_type":"0","parent_station":null,"stop_timezone":null,"wheelchair_boarding":"1"}},{"type":"Feature","geometry":{"type":"Point","coordinates":[5.3864579,43.2990729]},"properties":{"stop_id":"RTM-00002863","stop_code":"00002863","stop_name":"Roosevelt R\u00e9form\u00e9s","stop_desc":null,"zone_id":null,"stop_url":null,"location_type":"0","parent_station":null,"stop_timezone":null,"wheelchair_boarding":"2"}},{"type":"Feature","geometry":{"type":"Point","coordinates":[5.4354093,43.3060516]},"properties":{"stop_id":"RTM-00003858","stop_code":"00003858","stop_name":"Rosi\u00e8re Fournier","stop_desc":null,"zone_id":null,"stop_url":null,"location_type":"0","parent_station":null,"stop_timezone":null,"wheelchair_boarding":"2"}},{"type":"Feature","geometry":{"type":"Point","coordinates":[5.36542002,43.27625511]},"properties":{"stop_id":"RTM-00001431","stop_code":"00001431","stop_name":"Roucas Blanc","stop_desc":"TAD 59","zone_id":null,"stop_url":null,"location_type":"0","parent_station":null,"stop_timezone":null,"wheelchair_boarding":"2"}},{"type":"Feature","geometry":{"type":"Point","coordinates":[5.366498,43.277733]},"properties":{"stop_id":"RTM-00001432","stop_code":"00001432","stop_name":"Roucas Blanc Emile Duploy\u00e9","stop_desc":"TAD 59","zone_id":null,"stop_url":null,"location_type":"0","parent_station":null,"stop_timezone":null,"wheelchair_boarding":"2"}},{"type":"Feature","geometry":{"type":"Point","coordinates":[5.440294,43.309039]},"properties":{"stop_id":"RTM-00000823","stop_code":"00000823","stop_name":"Rougemont","stop_desc":null,"zone_id":null,"stop_url":null,"location_type":"0","parent_station":null,"stop_timezone":null,"wheelchair_boarding":"2"}},{"type":"Feature","geometry":{"type":"Point","coordinates":[5.340377,43.362666]},"properties":{"stop_id":"RTM-00002633","stop_code":"00002633","stop_name":"Roussin Barnier","stop_desc":"6  MARSEILLE 13016","zone_id":null,"stop_url":null,"location_type":"0","parent_station":null,"stop_timezone":null,"wheelchair_boarding":"2"}},{"type":"Feature","geometry":{"type":"Point","coordinates":[5.338084,43.353436]},"properties":{"stop_id":"RTM-00003658","stop_code":"00003658","stop_name":"Roussin Labro","stop_desc":"AVENUE ANDR\u00c9 ROUSSIN  MARSEILLE 13016","zone_id":null,"stop_url":null,"location_type":"0","parent_station":null,"stop_timezone":null,"wheelchair_boarding":"2"}},{"type":"Feature","geometry":{"type":"Point","coordinates":[5.337972,43.355966]},"properties":{"stop_id":"RTM-00003657","stop_code":"00003657","stop_name":"Roussin Maurras","stop_desc":null,"zone_id":null,"stop_url":null,"location_type":"0","parent_station":null,"stop_timezone":null,"wheelchair_boarding":"2"}},{"type":"Feature","geometry":{"type":"Point","coordinates":[5.338139,43.356241]},"properties":{"stop_id":"RTM-00003659","stop_code":"00003659","stop_name":"Roussin Maurras","stop_desc":null,"zone_id":null,"stop_url":null,"location_type":"0","parent_station":null,"stop_timezone":null,"wheelchair_boarding":"2"}},{"type":"Feature","geometry":{"type":"Point","coordinates":[5.34959614,43.35471602]},"properties":{"stop_id":"RTM-00000015","stop_code":"00000015","stop_name":"Rove Tuileries","stop_desc":null,"zone_id":null,"stop_url":null,"location_type":"0","parent_station":null,"stop_timezone":null,"wheelchair_boarding":"2"}},{"type":"Feature","geometry":{"type":"Point","coordinates":[5.385274,43.298605]},"properties":{"stop_id":"RTM-00001519","stop_code":"00001519","stop_name":"R\u00e9form\u00e9s Canebi\u00e8re","stop_desc":"8 RUE ADOLPHE THIERS  MARSEILLE 13001","zone_id":null,"stop_url":null,"location_type":"0","parent_station":null,"stop_timezone":null,"wheelchair_boarding":"2"}},{"type":"Feature","geometry":{"type":"Point","coordinates":[5.38517028,43.29994499]},"properties":{"stop_id":"RTM-00003344","stop_code":"00003344","stop_name":"R\u00e9form\u00e9s Canebi\u00e8re","stop_desc":"COURS JOSEPH THIERRY  MARSEILLE 13001","zone_id":null,"stop_url":null,"location_type":"0","parent_station":null,"stop_timezone":null,"wheelchair_boarding":"1"}},{"type":"Feature","geometry":{"type":"Point","coordinates":[5.386047,43.300371]},"properties":{"stop_id":"RTM-00003380","stop_code":"00003380","stop_name":"R\u00e9form\u00e9s Canebi\u00e8re","stop_desc":"ligne 49, abs plan&fiche horair","zone_id":null,"stop_url":null,"location_type":"0","parent_station":null,"stop_timezone":null,"wheelchair_boarding":"1"}},{"type":"Feature","geometry":{"type":"Point","coordinates":[5.369293,43.302172]},"properties":{"stop_id":"RTM-00003210","stop_code":"00003210","stop_name":"R\u00e9publique Dames","stop_desc":null,"zone_id":null,"stop_url":null,"location_type":"0","parent_station":null,"stop_timezone":null,"wheelchair_boarding":"1"}},{"type":"Feature","geometry":{"type":"Point","coordinates":[5.37268409,43.29800362]},"properties":{"stop_id":"RTM-00004617","stop_code":"00004617","stop_name":"R\u00e9publique Grand Rue","stop_desc":null,"zone_id":null,"stop_url":null,"location_type":"0","parent_station":null,"stop_timezone":null,"wheelchair_boarding":"2"}},{"type":"Feature","geometry":{"type":"Point","coordinates":[5.37276162,43.29807475]},"properties":{"stop_id":"RTM-00004618","stop_code":"00004618","stop_name":"R\u00e9publique Grand Rue","stop_desc":null,"zone_id":null,"stop_url":null,"location_type":"0","parent_station":null,"stop_timezone":null,"wheelchair_boarding":"2"}},{"type":"Feature","geometry":{"type":"Point","coordinates":[5.44486505,43.33618816]},"properties":{"stop_id":"RTM-00004655","stop_code":"00004655","stop_name":"R\u00e9sidence Ath\u00e9na","stop_desc":null,"zone_id":null,"stop_url":null,"location_type":"0","parent_station":null,"stop_timezone":null,"wheelchair_boarding":"2"}},{"type":"Feature","geometry":{"type":"Point","coordinates":[5.451725,43.320933]},"properties":{"stop_id":"RTM-00002765","stop_code":"00002765","stop_name":"R\u00e9sidence Fondacle","stop_desc":"abs trottoir","zone_id":null,"stop_url":null,"location_type":"0","parent_station":null,"stop_timezone":null,"wheelchair_boarding":"2"}},{"type":"Feature","geometry":{"type":"Point","coordinates":[5.40839016,43.34366472]},"properties":{"stop_id":"RTM-00004315","stop_code":"00004315","stop_name":"R\u00e9sidence L' Echiquier","stop_desc":"118 AVENUE DU MERLAN  MARSEILLE 13014","zone_id":null,"stop_url":null,"location_type":"0","parent_station":null,"stop_timezone":null,"wheelchair_boarding":"2"}},{"type":"Feature","geometry":{"type":"Point","coordinates":[5.37175,43.348642]},"properties":{"stop_id":"RTM-00001001","stop_code":"00001001","stop_name":"R\u00e9sidence La P\u00e2querette","stop_desc":null,"zone_id":null,"stop_url":null,"location_type":"0","parent_station":null,"stop_timezone":null,"wheelchair_boarding":"2"}},{"type":"Feature","geometry":{"type":"Point","coordinates":[5.40844531,43.2463517]},"properties":{"stop_id":"RTM-00004479","stop_code":"00004479","stop_name":"R\u00e9sidence Le Montmorency","stop_desc":null,"zone_id":null,"stop_url":null,"location_type":"0","parent_station":null,"stop_timezone":null,"wheelchair_boarding":"2"}},{"type":"Feature","geometry":{"type":"Point","coordinates":[5.361297,43.363567]},"properties":{"stop_id":"RTM-00000164","stop_code":"00000164","stop_name":"R\u00e9sidence Les Borels","stop_desc":null,"zone_id":null,"stop_url":null,"location_type":"0","parent_station":null,"stop_timezone":null,"wheelchair_boarding":"1"}},{"type":"Feature","geometry":{"type":"Point","coordinates":[5.347323,43.349495]},"properties":{"stop_id":"RTM-00000293","stop_code":"00000293","stop_name":"R\u00e9sidence Mourepiane","stop_desc":null,"zone_id":null,"stop_url":null,"location_type":"0","parent_station":null,"stop_timezone":null,"wheelchair_boarding":"2"}},{"type":"Feature","geometry":{"type":"Point","coordinates":[5.346934,43.349471]},"properties":{"stop_id":"RTM-00000319","stop_code":"00000319","stop_name":"R\u00e9sidence Mourepiane","stop_desc":null,"zone_id":null,"stop_url":null,"location_type":"0","parent_station":null,"stop_timezone":null,"wheelchair_boarding":"2"}},{"type":"Feature","geometry":{"type":"Point","coordinates":[5.357903,43.35245]},"properties":{"stop_id":"RTM-00003972","stop_code":"00003972","stop_name":"R\u00e9sidence St Louis","stop_desc":null,"zone_id":null,"stop_url":null,"location_type":"0","parent_station":null,"stop_timezone":null,"wheelchair_boarding":"1"}},{"type":"Feature","geometry":{"type":"Point","coordinates":[5.430245,43.299586]},"properties":{"stop_id":"RTM-00000953","stop_code":"00000953","stop_name":"R\u00e9sidence Valvert","stop_desc":null,"zone_id":null,"stop_url":null,"location_type":"0","parent_station":null,"stop_timezone":null,"wheelchair_boarding":"2"}},{"type":"Feature","geometry":{"type":"Point","coordinates":[5.430597,43.299878]},"properties":{"stop_id":"RTM-00000970","stop_code":"00000970","stop_name":"R\u00e9sidence Valvert","stop_desc":null,"zone_id":null,"stop_url":null,"location_type":"0","parent_station":null,"stop_timezone":null,"wheelchair_boarding":"2"}},{"type":"Feature","geometry":{"type":"Point","coordinates":[5.371309,43.299905]},"properties":{"stop_id":"RTM-00003277","stop_code":"00003277","stop_name":"Sadi Carnot","stop_desc":null,"zone_id":null,"stop_url":null,"location_type":"0","parent_station":null,"stop_timezone":null,"wheelchair_boarding":"1"}},{"type":"Feature","geometry":{"type":"Point","coordinates":[5.40724218,43.30415149]},"properties":{"stop_id":"RTM-00000857","stop_code":"00000857","stop_name":"Saint-Barnab\u00e9 Cadolive","stop_desc":"AVENUE DE SAINT-BARNAB\u00c9  MARSEILLE 13004","zone_id":null,"stop_url":null,"location_type":"0","parent_station":null,"stop_timezone":null,"wheelchair_boarding":"2"}},{"type":"Feature","geometry":{"type":"Point","coordinates":[5.414679,43.304415]},"properties":{"stop_id":"RTM-00000816","stop_code":"00000816","stop_name":"Saint-Barnab\u00e9 La Croix","stop_desc":null,"zone_id":null,"stop_url":null,"location_type":"0","parent_station":null,"stop_timezone":null,"wheelchair_boarding":"2"}},{"type":"Feature","geometry":{"type":"Point","coordinates":[5.3801525,43.3023705]},"properties":{"stop_id":"RTM-00002283","stop_code":"00002283","stop_name":"Saint-Charles","stop_desc":null,"zone_id":null,"stop_url":null,"location_type":"0","parent_station":null,"stop_timezone":null,"wheelchair_boarding":"2"}},{"type":"Feature","geometry":{"type":"Point","coordinates":[5.3802575,43.302408]},"properties":{"stop_id":"RTM-00002321","stop_code":"00002321","stop_name":"Saint-Charles","stop_desc":null,"zone_id":null,"stop_url":null,"location_type":"0","parent_station":null,"stop_timezone":null,"wheelchair_boarding":"2"}},{"type":"Feature","geometry":{"type":"Point","coordinates":[5.365549,43.295418]},"properties":{"stop_id":"RTM-00002050","stop_code":"00002050","stop_name":"Saint-Jean","stop_desc":null,"zone_id":null,"stop_url":null,"location_type":"0","parent_station":null,"stop_timezone":null,"wheelchair_boarding":"1"}},{"type":"Feature","geometry":{"type":"Point","coordinates":[5.414927,43.251453]},"properties":{"stop_id":"RTM-00001961","stop_code":"00001961","stop_name":"Saint-Joseph Aiguier","stop_desc":null,"zone_id":null,"stop_url":null,"location_type":"0","parent_station":null,"stop_timezone":null,"wheelchair_boarding":"2"}},{"type":"Feature","geometry":{"type":"Point","coordinates":[5.442583,43.310482]},"properties":{"stop_id":"RTM-00000824","stop_code":"00000824","stop_name":"Saint-Julien Helv\u00e9tie","stop_desc":"AVENUE DU 24 AVRIL 1915  MARSEILLE 13012","zone_id":null,"stop_url":null,"location_type":"0","parent_station":null,"stop_timezone":null,"wheelchair_boarding":"2"}},{"type":"Feature","geometry":{"type":"Point","coordinates":[5.42551726,43.30713187]},"properties":{"stop_id":"RTM-00004695","stop_code":"00004695","stop_name":"Saint-Julien Kaddouz","stop_desc":null,"zone_id":null,"stop_url":null,"location_type":"0","parent_station":null,"stop_timezone":null,"wheelchair_boarding":"2"}},{"type":"Feature","geometry":{"type":"Point","coordinates":[5.432054,43.308044]},"properties":{"stop_id":"RTM-00000849","stop_code":"00000849","stop_name":"Saint-Julien Kallist\u00e9","stop_desc":null,"zone_id":null,"stop_url":null,"location_type":"0","parent_station":null,"stop_timezone":null,"wheelchair_boarding":"2"}},{"type":"Feature","geometry":{"type":"Point","coordinates":[5.445449,43.311418]},"properties":{"stop_id":"RTM-00000825","stop_code":"00000825","stop_name":"Saint-Julien Saint-Pons","stop_desc":null,"zone_id":null,"stop_url":null,"location_type":"0","parent_station":null,"stop_timezone":null,"wheelchair_boarding":"2"}},{"type":"Feature","geometry":{"type":"Point","coordinates":[5.426726,43.28196]},"properties":{"stop_id":"RTM-00004227","stop_code":"00004227","stop_name":"Saint-Loup Florian","stop_desc":"RUE D'ANDR\u00c9 BARDON  MARSEILLE 13010","zone_id":null,"stop_url":null,"location_type":"0","parent_station":null,"stop_timezone":null,"wheelchair_boarding":"1"}},{"type":"Feature","geometry":{"type":"Point","coordinates":[5.46515741,43.28749663]},"properties":{"stop_id":"RTM-00001325","stop_code":"00001325","stop_name":"Saint-Marcel","stop_desc":"BOULEVARD DE SAINT-MARCEL  MARSEILLE 13011","zone_id":null,"stop_url":null,"location_type":"0","parent_station":null,"stop_timezone":null,"wheelchair_boarding":"2"}},{"type":"Feature","geometry":{"type":"Point","coordinates":[5.46778748,43.28657052]},"properties":{"stop_id":"RTM-00002604","stop_code":"00002604","stop_name":"Saint-Marcel Cavaillon","stop_desc":null,"zone_id":null,"stop_url":null,"location_type":"0","parent_station":null,"stop_timezone":null,"wheelchair_boarding":"2"}},{"type":"Feature","geometry":{"type":"Point","coordinates":[5.477578,43.289754]},"properties":{"stop_id":"RTM-00001383","stop_code":"00001383","stop_name":"Saint-Menet","stop_desc":null,"zone_id":null,"stop_url":null,"location_type":"0","parent_station":null,"stop_timezone":null,"wheelchair_boarding":"2"}},{"type":"Feature","geometry":{"type":"Point","coordinates":[5.478474,43.289748]},"properties":{"stop_id":"RTM-00001395","stop_code":"00001395","stop_name":"Saint-Menet","stop_desc":null,"zone_id":null,"stop_url":null,"location_type":"0","parent_station":null,"stop_timezone":null,"wheelchair_boarding":"2"}},{"type":"Feature","geometry":{"type":"Point","coordinates":[5.48456322,43.33986661]},"properties":{"stop_id":"RTM-00004666","stop_code":"00004666","stop_name":"Saint-Roch","stop_desc":null,"zone_id":null,"stop_url":null,"location_type":"0","parent_station":null,"stop_timezone":null,"wheelchair_boarding":"2"}},{"type":"Feature","geometry":{"type":"Point","coordinates":[5.367067,43.289906]},"properties":{"stop_id":"RTM-00001439","stop_code":"00001439","stop_name":"Saint-Victor","stop_desc":null,"zone_id":null,"stop_url":null,"location_type":"0","parent_station":null,"stop_timezone":null,"wheelchair_boarding":"2"}},{"type":"Feature","geometry":{"type":"Point","coordinates":[5.368114,43.291025]},"properties":{"stop_id":"RTM-00001422","stop_code":"00001422","stop_name":"Sainte Petit Chantier","stop_desc":null,"zone_id":null,"stop_url":null,"location_type":"0","parent_station":null,"stop_timezone":null,"wheelchair_boarding":"1"}},{"type":"Feature","geometry":{"type":"Point","coordinates":[5.40338061,43.27120765]},"properties":{"stop_id":"RTM-00001619","stop_code":"00001619","stop_name":"Sainte-Marguerite Dromel","stop_desc":"terminus 15 15s","zone_id":null,"stop_url":null,"location_type":"0","parent_station":null,"stop_timezone":null,"wheelchair_boarding":"1"}},{"type":"Feature","geometry":{"type":"Point","coordinates":[5.40278136,43.27059839]},"properties":{"stop_id":"RTM-00001641","stop_code":"00001641","stop_name":"Sainte-Marguerite Dromel","stop_desc":null,"zone_id":null,"stop_url":null,"location_type":"0","parent_station":null,"stop_timezone":null,"wheelchair_boarding":"1"}},{"type":"Feature","geometry":{"type":"Point","coordinates":[5.40325991,43.27093033]},"properties":{"stop_id":"RTM-00001887","stop_code":"00001887","stop_name":"Sainte-Marguerite Dromel","stop_desc":"terminus 24 24b 24t","zone_id":null,"stop_url":null,"location_type":"0","parent_station":null,"stop_timezone":null,"wheelchair_boarding":"1"}},{"type":"Feature","geometry":{"type":"Point","coordinates":[5.40068895,43.2953804]},"properties":{"stop_id":"RTM-00002032","stop_code":"00002032","stop_name":"Sakakini Chave","stop_desc":null,"zone_id":null,"stop_url":null,"location_type":"0","parent_station":null,"stop_timezone":null,"wheelchair_boarding":"1"}},{"type":"Feature","geometry":{"type":"Point","coordinates":[5.40136727,43.2931939]},"properties":{"stop_id":"RTM-00002022","stop_code":"00002022","stop_name":"Sakakini Jeanne d'Arc","stop_desc":"BOULEVARD SAKAKINI  MARSEILLE 13005","zone_id":null,"stop_url":null,"location_type":"0","parent_station":null,"stop_timezone":null,"wheelchair_boarding":"1"}},{"type":"Feature","geometry":{"type":"Point","coordinates":[5.40156509,43.2930939]},"properties":{"stop_id":"RTM-00002031","stop_code":"00002031","stop_name":"Sakakini Jeanne d'Arc","stop_desc":"103 BOULEVARD SAKAKINI  MARSEILLE 13005","zone_id":null,"stop_url":null,"location_type":"0","parent_station":null,"stop_timezone":null,"wheelchair_boarding":"1"}},{"type":"Feature","geometry":{"type":"Point","coordinates":[5.40099839,43.2978531]},"properties":{"stop_id":"RTM-00002033","stop_code":"00002033","stop_name":"Sakakini Sidi Brahim","stop_desc":"BOULEVARD SAKAKINI  MARSEILLE 13004","zone_id":null,"stop_url":null,"location_type":"0","parent_station":null,"stop_timezone":null,"wheelchair_boarding":"1"}},{"type":"Feature","geometry":{"type":"Point","coordinates":[5.369354,43.316524]},"properties":{"stop_id":"RTM-00002094","stop_code":"00002094","stop_name":"Salengro Brian\u00e7on","stop_desc":null,"zone_id":null,"stop_url":null,"location_type":"0","parent_station":null,"stop_timezone":null,"wheelchair_boarding":"1"}},{"type":"Feature","geometry":{"type":"Point","coordinates":[5.3675283,43.32155044]},"properties":{"stop_id":"RTM-00004752","stop_code":"00004752","stop_name":"Salengro Cougit","stop_desc":"Prolongement T3","zone_id":null,"stop_url":null,"location_type":"0","parent_station":null,"stop_timezone":null,"wheelchair_boarding":"1"}},{"type":"Feature","geometry":{"type":"Point","coordinates":[5.371974,43.312382]},"properties":{"stop_id":"RTM-00000484","stop_code":"00000484","stop_name":"Salengro Mir\u00e8s","stop_desc":"89 AVENUE ROGER SALENGRO  MARSEILLE 13003","zone_id":null,"stop_url":null,"location_type":"0","parent_station":null,"stop_timezone":null,"wheelchair_boarding":"1"}},{"type":"Feature","geometry":{"type":"Point","coordinates":[5.38143799,43.29103425]},"properties":{"stop_id":"RTM-00004411","stop_code":"00004411","stop_name":"Salvator Italie","stop_desc":"5 BOULEVARD LOUIS SALVATOR  MARSEILLE 13006","zone_id":null,"stop_url":null,"location_type":"0","parent_station":null,"stop_timezone":null,"wheelchair_boarding":"2"}},{"type":"Feature","geometry":{"type":"Point","coordinates":[5.410945,43.263487]},"properties":{"stop_id":"RTM-00001910","stop_code":"00001910","stop_name":"Salvator Paoli Calmettes","stop_desc":"243 BOULEVARD DE SAINTE-MARGUERITE  MARSEILLE 13009","zone_id":null,"stop_url":null,"location_type":"0","parent_station":null,"stop_timezone":null,"wheelchair_boarding":"1"}},{"type":"Feature","geometry":{"type":"Point","coordinates":[5.354946,43.288113]},"properties":{"stop_id":"RTM-00004192","stop_code":"00004192","stop_name":"Samatan","stop_desc":null,"zone_id":null,"stop_url":null,"location_type":"0","parent_station":null,"stop_timezone":null,"wheelchair_boarding":"2"}},{"type":"Feature","geometry":{"type":"Point","coordinates":[5.353826,43.229193]},"properties":{"stop_id":"RTM-00002365","stop_code":"00002365","stop_name":"Sam\u00e9na","stop_desc":null,"zone_id":null,"stop_url":null,"location_type":"0","parent_station":null,"stop_timezone":null,"wheelchair_boarding":"2"}},{"type":"Feature","geometry":{"type":"Point","coordinates":[5.36457574,43.36795697]},"properties":{"stop_id":"RTM-00003487","stop_code":"00003487","stop_name":"Savine Tuves","stop_desc":null,"zone_id":null,"stop_url":null,"location_type":"0","parent_station":null,"stop_timezone":null,"wheelchair_boarding":"1"}},{"type":"Feature","geometry":{"type":"Point","coordinates":[5.366645,43.302869]},"properties":{"stop_id":"RTM-00000443","stop_code":"00000443","stop_name":"Schuman Dames","stop_desc":null,"zone_id":null,"stop_url":null,"location_type":"0","parent_station":null,"stop_timezone":null,"wheelchair_boarding":"2"}},{"type":"Feature","geometry":{"type":"Point","coordinates":[5.366931,43.398686]},"properties":{"stop_id":"RTM-00003200","stop_code":"00003200","stop_name":"Sept\u00e8mes Centre","stop_desc":"\u00e9quipements MPM. pas d'horaire","zone_id":null,"stop_url":null,"location_type":"0","parent_station":null,"stop_timezone":null,"wheelchair_boarding":"2"}},{"type":"Feature","geometry":{"type":"Point","coordinates":[5.370958,43.403336]},"properties":{"stop_id":"RTM-00002983","stop_code":"00002983","stop_name":"Sept\u00e8mes Gare","stop_desc":null,"zone_id":null,"stop_url":null,"location_type":"0","parent_station":null,"stop_timezone":null,"wheelchair_boarding":"2"}},{"type":"Feature","geometry":{"type":"Point","coordinates":[5.36944,43.400763]},"properties":{"stop_id":"RTM-00004267","stop_code":"00004267","stop_name":"Sept\u00e8mes Nord","stop_desc":"86 AVENUE DU 8 MAI 1945  SEPT\u00c8MES-LES-VALLONS 13240","zone_id":null,"stop_url":null,"location_type":"0","parent_station":null,"stop_timezone":null,"wheelchair_boarding":"2"}},{"type":"Feature","geometry":{"type":"Point","coordinates":[5.39070445,43.31185235]},"properties":{"stop_id":"RTM-00004629","stop_code":"00004629","stop_name":"Simon Ricard","stop_desc":null,"zone_id":null,"stop_url":null,"location_type":"0","parent_station":null,"stop_timezone":null,"wheelchair_boarding":"2"}},{"type":"Feature","geometry":{"type":"Point","coordinates":[5.502153,43.281603]},"properties":{"stop_id":"RTM-00001392","stop_code":"00001392","stop_name":"Solitude Escourtines","stop_desc":null,"zone_id":null,"stop_url":null,"location_type":"0","parent_station":null,"stop_timezone":null,"wheelchair_boarding":"2"}},{"type":"Feature","geometry":{"type":"Point","coordinates":[5.401038,43.230309]},"properties":{"stop_id":"RTM-00001858","stop_code":"00001858","stop_name":"Sormiou Cayolle","stop_desc":"133 CHEMIN DE SORMIOU  MARSEILLE 13009","zone_id":null,"stop_url":null,"location_type":"0","parent_station":null,"stop_timezone":null,"wheelchair_boarding":"1"}},{"type":"Feature","geometry":{"type":"Point","coordinates":[5.399317,43.234976]},"properties":{"stop_id":"RTM-00003072","stop_code":"00003072","stop_name":"Sormiou Jarre","stop_desc":null,"zone_id":null,"stop_url":null,"location_type":"0","parent_station":null,"stop_timezone":null,"wheelchair_boarding":"1"}},{"type":"Feature","geometry":{"type":"Point","coordinates":[5.398844,43.236042]},"properties":{"stop_id":"RTM-00001854","stop_code":"00001854","stop_name":"Sormiou Roy d'Espagne","stop_desc":"CHEMIN DU ROI D'ESPAGN  MARSE\u00a8ILLE 13009","zone_id":null,"stop_url":null,"location_type":"0","parent_station":null,"stop_timezone":null,"wheelchair_boarding":"2"}},{"type":"Feature","geometry":{"type":"Point","coordinates":[5.399607,43.244705]},"properties":{"stop_id":"RTM-00001849","stop_code":"00001849","stop_name":"Soude R\u00e9ginensi","stop_desc":null,"zone_id":null,"stop_url":null,"location_type":"0","parent_station":null,"stop_timezone":null,"wheelchair_boarding":"1"}},{"type":"Feature","geometry":{"type":"Point","coordinates":[5.400134,43.244499]},"properties":{"stop_id":"RTM-00001874","stop_code":"00001874","stop_name":"Soude R\u00e9ginensi","stop_desc":null,"zone_id":null,"stop_url":null,"location_type":"0","parent_station":null,"stop_timezone":null,"wheelchair_boarding":"1"}},{"type":"Feature","geometry":{"type":"Point","coordinates":[5.353841,43.373315]},"properties":{"stop_id":"RTM-00004308","stop_code":"00004308","stop_name":"St Antoine","stop_desc":"BOULEVARD HENRI BARNIER  MARSEILLE 13015","zone_id":null,"stop_url":null,"location_type":"0","parent_station":null,"stop_timezone":null,"wheelchair_boarding":"2"}},{"type":"Feature","geometry":{"type":"Point","coordinates":[5.353513,43.373277]},"properties":{"stop_id":"RTM-00004329","stop_code":"00004329","stop_name":"St Antoine","stop_desc":null,"zone_id":null,"stop_url":null,"location_type":"0","parent_station":null,"stop_timezone":null,"wheelchair_boarding":"2"}},{"type":"Feature","geometry":{"type":"Point","coordinates":[5.356099,43.376255]},"properties":{"stop_id":"RTM-00004011","stop_code":"00004011","stop_name":"St Antoine Mairie","stop_desc":"275 AVENUE DE SAINT-ANTOINE  MARSEILLE 13015","zone_id":null,"stop_url":null,"location_type":"0","parent_station":null,"stop_timezone":null,"wheelchair_boarding":"1"}},{"type":"Feature","geometry":{"type":"Point","coordinates":[5.35624,43.371026]},"properties":{"stop_id":"RTM-00003979","stop_code":"00003979","stop_name":"St Antoine Village","stop_desc":null,"zone_id":null,"stop_url":null,"location_type":"0","parent_station":null,"stop_timezone":null,"wheelchair_boarding":"1"}},{"type":"Feature","geometry":{"type":"Point","coordinates":[5.41763842,43.30379624]},"properties":{"stop_id":"RTM-00000872","stop_code":"00000872","stop_name":"St Barnab\u00e9 Cauvin","stop_desc":null,"zone_id":null,"stop_url":null,"location_type":"0","parent_station":null,"stop_timezone":null,"wheelchair_boarding":"2"}},{"type":"Feature","geometry":{"type":"Point","coordinates":[5.415107,43.304157]},"properties":{"stop_id":"RTM-00000871","stop_code":"00000871","stop_name":"St Barnab\u00e9 La Croix","stop_desc":null,"zone_id":null,"stop_url":null,"location_type":"0","parent_station":null,"stop_timezone":null,"wheelchair_boarding":"1"}},{"type":"Feature","geometry":{"type":"Point","coordinates":[5.38645506,43.2707999]},"properties":{"stop_id":"RTM-00001084","stop_code":"00001084","stop_name":"St Giniez","stop_desc":null,"zone_id":null,"stop_url":null,"location_type":"0","parent_station":null,"stop_timezone":null,"wheelchair_boarding":"2"}},{"type":"Feature","geometry":{"type":"Point","coordinates":[5.332264,43.359476]},"properties":{"stop_id":"RTM-00000297","stop_code":"00000297","stop_name":"St Henri","stop_desc":"RUE RABELAIS  MARSEILLE 13016","zone_id":null,"stop_url":null,"location_type":"0","parent_station":null,"stop_timezone":null,"wheelchair_boarding":"2"}},{"type":"Feature","geometry":{"type":"Point","coordinates":[5.33417344,43.35657461]},"properties":{"stop_id":"RTM-00004432","stop_code":"00004432","stop_name":"St Henri Cha\u00eene","stop_desc":"33 CHEMIN DE SAINT-HENRI  MARSEILLE 13016","zone_id":null,"stop_url":null,"location_type":"0","parent_station":null,"stop_timezone":null,"wheelchair_boarding":"1"}},{"type":"Feature","geometry":{"type":"Point","coordinates":[5.375591,43.349307]},"properties":{"stop_id":"RTM-00000120","stop_code":"00000120","stop_name":"St Joseph Les Lions","stop_desc":null,"zone_id":null,"stop_url":null,"location_type":"0","parent_station":null,"stop_timezone":null,"wheelchair_boarding":"2"}},{"type":"Feature","geometry":{"type":"Point","coordinates":[5.376191,43.348708]},"properties":{"stop_id":"RTM-00000988","stop_code":"00000988","stop_name":"St Joseph Les Lions","stop_desc":null,"zone_id":null,"stop_url":null,"location_type":"0","parent_station":null,"stop_timezone":null,"wheelchair_boarding":"2"}},{"type":"Feature","geometry":{"type":"Point","coordinates":[5.402496,43.313499]},"properties":{"stop_id":"RTM-00001103","stop_code":"00001103","stop_name":"St Just Achard","stop_desc":null,"zone_id":null,"stop_url":null,"location_type":"0","parent_station":null,"stop_timezone":null,"wheelchair_boarding":"2"}},{"type":"Feature","geometry":{"type":"Point","coordinates":[5.402086,43.313203]},"properties":{"stop_id":"RTM-00001122","stop_code":"00001122","stop_name":"St Just Achard","stop_desc":null,"zone_id":null,"stop_url":null,"location_type":"0","parent_station":null,"stop_timezone":null,"wheelchair_boarding":"2"}},{"type":"Feature","geometry":{"type":"Point","coordinates":[5.405307,43.317273]},"properties":{"stop_id":"RTM-00001105","stop_code":"00001105","stop_name":"St Just Raguse","stop_desc":null,"zone_id":null,"stop_url":null,"location_type":"0","parent_station":null,"stop_timezone":null,"wheelchair_boarding":"2"}},{"type":"Feature","geometry":{"type":"Point","coordinates":[5.410166,43.336462]},"properties":{"stop_id":"RTM-00004041","stop_code":"00004041","stop_name":"St J\u00e9r\u00f4me Facult\u00e9","stop_desc":"AVENUE ESCADRILLE NORMANDIE-NIEMEN  MARSEILLE 13013","zone_id":null,"stop_url":null,"location_type":"0","parent_station":null,"stop_timezone":null,"wheelchair_boarding":"1"}},{"type":"Feature","geometry":{"type":"Point","coordinates":[5.410068,43.336308]},"properties":{"stop_id":"RTM-00004060","stop_code":"00004060","stop_name":"St J\u00e9r\u00f4me Facult\u00e9","stop_desc":"AVENUE ESCADRILLE NORMANDIE-NIEMEN  MARSEILLE 13013","zone_id":null,"stop_url":null,"location_type":"0","parent_station":null,"stop_timezone":null,"wheelchair_boarding":"1"}},{"type":"Feature","geometry":{"type":"Point","coordinates":[5.409958,43.340661]},"properties":{"stop_id":"RTM-00004058","stop_code":"00004058","stop_name":"St J\u00e9r\u00f4me IUT","stop_desc":"AVENUE ESCADRILLE NORMANDIE-NIEMEN  MARSEILLE 13014","zone_id":null,"stop_url":null,"location_type":"0","parent_station":null,"stop_timezone":null,"wheelchair_boarding":"1"}},{"type":"Feature","geometry":{"type":"Point","coordinates":[5.419685,43.332378]},"properties":{"stop_id":"RTM-00000714","stop_code":"00000714","stop_name":"St J\u00e9r\u00f4me Les Sereins","stop_desc":null,"zone_id":null,"stop_url":null,"location_type":"0","parent_station":null,"stop_timezone":null,"wheelchair_boarding":"2"}},{"type":"Feature","geometry":{"type":"Point","coordinates":[5.41043,43.34301]},"properties":{"stop_id":"RTM-00003932","stop_code":"00003932","stop_name":"St J\u00e9r\u00f4me Parking Relais","stop_desc":"RUE DU P\u00c8BRE D'AIL  MARSEILLE 13014","zone_id":null,"stop_url":null,"location_type":"0","parent_station":null,"stop_timezone":null,"wheelchair_boarding":"1"}},{"type":"Feature","geometry":{"type":"Point","coordinates":[5.410308,43.342866]},"properties":{"stop_id":"RTM-00004033","stop_code":"00004033","stop_name":"St J\u00e9r\u00f4me Parking Relais","stop_desc":"RUE DU P\u00c8BRE D'AIL  MARSEILLE 13014","zone_id":null,"stop_url":null,"location_type":"0","parent_station":null,"stop_timezone":null,"wheelchair_boarding":"1"}},{"type":"Feature","geometry":{"type":"Point","coordinates":[5.42021,43.333906]},"properties":{"stop_id":"RTM-00002572","stop_code":"00002572","stop_name":"St J\u00e9r\u00f4me Susini","stop_desc":null,"zone_id":null,"stop_url":null,"location_type":"0","parent_station":null,"stop_timezone":null,"wheelchair_boarding":"2"}},{"type":"Feature","geometry":{"type":"Point","coordinates":[5.43533,43.284006]},"properties":{"stop_id":"RTM-00001632","stop_code":"00001632","stop_name":"St Loup de Trets","stop_desc":null,"zone_id":null,"stop_url":null,"location_type":"0","parent_station":null,"stop_timezone":null,"wheelchair_boarding":"1"}},{"type":"Feature","geometry":{"type":"Point","coordinates":[5.431093,43.282572]},"properties":{"stop_id":"RTM-00001305","stop_code":"00001305","stop_name":"St Loup Eglise","stop_desc":null,"zone_id":null,"stop_url":null,"location_type":"0","parent_station":null,"stop_timezone":null,"wheelchair_boarding":"2"}},{"type":"Feature","geometry":{"type":"Point","coordinates":[5.494862,43.292773]},"properties":{"stop_id":"RTM-00003519","stop_code":"00003519","stop_name":"St Menet Buzine","stop_desc":null,"zone_id":null,"stop_url":null,"location_type":"0","parent_station":null,"stop_timezone":null,"wheelchair_boarding":"2"}},{"type":"Feature","geometry":{"type":"Point","coordinates":[5.42039,43.342509]},"properties":{"stop_id":"RTM-00000672","stop_code":"00000672","stop_name":"St Mitre","stop_desc":null,"zone_id":null,"stop_url":null,"location_type":"0","parent_station":null,"stop_timezone":null,"wheelchair_boarding":"2"}},{"type":"Feature","geometry":{"type":"Point","coordinates":[5.42025,43.342661]},"properties":{"stop_id":"RTM-00000709","stop_code":"00000709","stop_name":"St Mitre","stop_desc":null,"zone_id":null,"stop_url":null,"location_type":"0","parent_station":null,"stop_timezone":null,"wheelchair_boarding":"2"}},{"type":"Feature","geometry":{"type":"Point","coordinates":[5.419878,43.34119]},"properties":{"stop_id":"RTM-00000710","stop_code":"00000710","stop_name":"St Mitre Ecoles","stop_desc":null,"zone_id":null,"stop_url":null,"location_type":"0","parent_station":null,"stop_timezone":null,"wheelchair_boarding":"2"}},{"type":"Feature","geometry":{"type":"Point","coordinates":[5.420005,43.340581]},"properties":{"stop_id":"RTM-00003327","stop_code":"00003327","stop_name":"St Mitre Ecoles","stop_desc":null,"zone_id":null,"stop_url":null,"location_type":"0","parent_station":null,"stop_timezone":null,"wheelchair_boarding":"2"}},{"type":"Feature","geometry":{"type":"Point","coordinates":[5.41402143,43.2916815]},"properties":{"stop_id":"RTM-00003091","stop_code":"00003091","stop_name":"St Pierre","stop_desc":null,"zone_id":null,"stop_url":null,"location_type":"0","parent_station":null,"stop_timezone":null,"wheelchair_boarding":"1"}},{"type":"Feature","geometry":{"type":"Point","coordinates":[5.419831,43.290436]},"properties":{"stop_id":"RTM-00001158","stop_code":"00001158","stop_name":"St Pierre Petite Porte","stop_desc":null,"zone_id":null,"stop_url":null,"location_type":"0","parent_station":null,"stop_timezone":null,"wheelchair_boarding":"2"}},{"type":"Feature","geometry":{"type":"Point","coordinates":[5.420211,43.290547]},"properties":{"stop_id":"RTM-00001212","stop_code":"00001212","stop_name":"St Pierre Petite Porte","stop_desc":null,"zone_id":null,"stop_url":null,"location_type":"0","parent_station":null,"stop_timezone":null,"wheelchair_boarding":"2"}},{"type":"Feature","geometry":{"type":"Point","coordinates":[5.439237,43.281077]},"properties":{"stop_id":"RTM-00001278","stop_code":"00001278","stop_name":"St Thys","stop_desc":"CHEMIN RURAL DE LA VALBARELLE \u00c0 SAINT-MARCEL  MARSEILLE 13010","zone_id":null,"stop_url":null,"location_type":"0","parent_station":null,"stop_timezone":null,"wheelchair_boarding":"1"}},{"type":"Feature","geometry":{"type":"Point","coordinates":[5.439107,43.281196]},"properties":{"stop_id":"RTM-00001302","stop_code":"00001302","stop_name":"St Thys","stop_desc":"53 CHEMIN RURAL DE LA VALBARELLE \u00c0 SAINT-MARCEL  MARSEILLE 13010","zone_id":null,"stop_url":null,"location_type":"0","parent_station":null,"stop_timezone":null,"wheelchair_boarding":"1"}},{"type":"Feature","geometry":{"type":"Point","coordinates":[5.413688,43.328433]},"properties":{"stop_id":"RTM-00001050","stop_code":"00001050","stop_name":"Stade de Malpass\u00e9","stop_desc":"BOULEVARD LAVERAN  MARSEILLE 13013","zone_id":null,"stop_url":null,"location_type":"0","parent_station":null,"stop_timezone":null,"wheelchair_boarding":"1"}},{"type":"Feature","geometry":{"type":"Point","coordinates":[5.42705774,43.34677374]},"properties":{"stop_id":"RTM-00000707","stop_code":"00000707","stop_name":"Stade Mallet","stop_desc":null,"zone_id":null,"stop_url":null,"location_type":"0","parent_station":null,"stop_timezone":null,"wheelchair_boarding":"2"}},{"type":"Feature","geometry":{"type":"Point","coordinates":[5.40087561,43.3004861]},"properties":{"stop_id":"RTM-00002034","stop_code":"00002034","stop_name":"Stade Vallier","stop_desc":null,"zone_id":null,"stop_url":null,"location_type":"0","parent_station":null,"stop_timezone":null,"wheelchair_boarding":"1"}},{"type":"Feature","geometry":{"type":"Point","coordinates":[5.393993,43.256668]},"properties":{"stop_id":"RTM-00001799","stop_code":"00001799","stop_name":"Ste Anne","stop_desc":null,"zone_id":null,"stop_url":null,"location_type":"0","parent_station":null,"stop_timezone":null,"wheelchair_boarding":"2"}},{"type":"Feature","geometry":{"type":"Point","coordinates":[5.39421,43.256971]},"properties":{"stop_id":"RTM-00001881","stop_code":"00001881","stop_name":"Ste Anne","stop_desc":null,"zone_id":null,"stop_url":null,"location_type":"0","parent_station":null,"stop_timezone":null,"wheelchair_boarding":"2"}},{"type":"Feature","geometry":{"type":"Point","coordinates":[5.394352,43.25452426]},"properties":{"stop_id":"RTM-00001826","stop_code":"00001826","stop_name":"Ste Anne Ha\u00effa","stop_desc":null,"zone_id":null,"stop_url":null,"location_type":"0","parent_station":null,"stop_timezone":null,"wheelchair_boarding":"1"}},{"type":"Feature","geometry":{"type":"Point","coordinates":[5.406417,43.268173]},"properties":{"stop_id":"RTM-00001889","stop_code":"00001889","stop_name":"Ste Marguerite","stop_desc":null,"zone_id":null,"stop_url":null,"location_type":"0","parent_station":null,"stop_timezone":null,"wheelchair_boarding":"2"}},{"type":"Feature","geometry":{"type":"Point","coordinates":[5.405712,43.268386]},"properties":{"stop_id":"RTM-00001912","stop_code":"00001912","stop_name":"Ste Marguerite","stop_desc":"BOULEVARD DE SAINTE-MARGUERITE  MARSEILLE 13009","zone_id":null,"stop_url":null,"location_type":"0","parent_station":null,"stop_timezone":null,"wheelchair_boarding":"2"}},{"type":"Feature","geometry":{"type":"Point","coordinates":[5.391395,43.338767]},"properties":{"stop_id":"RTM-00000114","stop_code":"00000114","stop_name":"Ste Marthe","stop_desc":null,"zone_id":null,"stop_url":null,"location_type":"0","parent_station":null,"stop_timezone":null,"wheelchair_boarding":"1"}},{"type":"Feature","geometry":{"type":"Point","coordinates":[5.391686,43.339337]},"properties":{"stop_id":"RTM-00000987","stop_code":"00000987","stop_name":"Ste Marthe","stop_desc":null,"zone_id":null,"stop_url":null,"location_type":"0","parent_station":null,"stop_timezone":null,"wheelchair_boarding":"2"}},{"type":"Feature","geometry":{"type":"Point","coordinates":[5.389493,43.322708]},"properties":{"stop_id":"RTM-00000214","stop_code":"00000214","stop_name":"Ste Marthe Bougie","stop_desc":null,"zone_id":null,"stop_url":null,"location_type":"0","parent_station":null,"stop_timezone":null,"wheelchair_boarding":"2"}},{"type":"Feature","geometry":{"type":"Point","coordinates":[5.389425,43.321552]},"properties":{"stop_id":"RTM-00000215","stop_code":"00000215","stop_name":"Ste Marthe Bougie","stop_desc":null,"zone_id":null,"stop_url":null,"location_type":"0","parent_station":null,"stop_timezone":null,"wheelchair_boarding":"2"}},{"type":"Feature","geometry":{"type":"Point","coordinates":[5.390744,43.333572]},"properties":{"stop_id":"RTM-00000112","stop_code":"00000112","stop_name":"Ste Marthe Jourdan","stop_desc":null,"zone_id":null,"stop_url":null,"location_type":"0","parent_station":null,"stop_timezone":null,"wheelchair_boarding":"2"}},{"type":"Feature","geometry":{"type":"Point","coordinates":[5.392033,43.336637]},"properties":{"stop_id":"RTM-00000133","stop_code":"00000133","stop_name":"Ste Marthe Peupliers","stop_desc":null,"zone_id":null,"stop_url":null,"location_type":"0","parent_station":null,"stop_timezone":null,"wheelchair_boarding":"2"}},{"type":"Feature","geometry":{"type":"Point","coordinates":[5.39146,43.334974]},"properties":{"stop_id":"RTM-00003156","stop_code":"00003156","stop_name":"Ste Marthe Vert Bois","stop_desc":null,"zone_id":null,"stop_url":null,"location_type":"0","parent_station":null,"stop_timezone":null,"wheelchair_boarding":"2"}},{"type":"Feature","geometry":{"type":"Point","coordinates":[5.40637046,43.24782857]},"properties":{"stop_id":"RTM-00004251","stop_code":"00004251","stop_name":"Ste Trinit\u00e9","stop_desc":"AVENUE DE LATTRE DE TASSIGNY  MARSEILLE 13009","zone_id":null,"stop_url":null,"location_type":"0","parent_station":null,"stop_timezone":null,"wheelchair_boarding":"1"}},{"type":"Feature","geometry":{"type":"Point","coordinates":[5.379296,43.309424]},"properties":{"stop_id":"RTM-00000452","stop_code":"00000452","stop_name":"Strasbourg","stop_desc":"58 BOULEVARD DE STRASBOURG  MARSEILLE 13003","zone_id":null,"stop_url":null,"location_type":"0","parent_station":null,"stop_timezone":null,"wheelchair_boarding":"1"}},{"type":"Feature","geometry":{"type":"Point","coordinates":[5.376943,43.308267]},"properties":{"stop_id":"RTM-00000459","stop_code":"00000459","stop_name":"Strasbourg Desaix","stop_desc":null,"zone_id":null,"stop_url":null,"location_type":"0","parent_station":null,"stop_timezone":null,"wheelchair_boarding":"2"}},{"type":"Feature","geometry":{"type":"Point","coordinates":[5.439252,43.344884]},"properties":{"stop_id":"RTM-00004048","stop_code":"00004048","stop_name":"Technop\u00f4le de Ch\u00e2teau Gombert","stop_desc":"RUE LOUIS NI\u00c9LE  MARSEILLE 13013","zone_id":null,"stop_url":null,"location_type":"0","parent_station":null,"stop_timezone":null,"wheelchair_boarding":"1"}},{"type":"Feature","geometry":{"type":"Point","coordinates":[5.346588,43.340345]},"properties":{"stop_id":"RTM-00004289","stop_code":"00004289","stop_name":"Terminal Croisi\u00e8res","stop_desc":null,"zone_id":null,"stop_url":null,"location_type":"0","parent_station":null,"stop_timezone":null,"wheelchair_boarding":"2"}},{"type":"Feature","geometry":{"type":"Point","coordinates":[5.346024,43.340106]},"properties":{"stop_id":"RTM-00004290","stop_code":"00004290","stop_name":"Terminal Croisi\u00e8res","stop_desc":"IMPASSE SANGUINETTI  MARSEILLE 13015","zone_id":null,"stop_url":null,"location_type":"0","parent_station":null,"stop_timezone":null,"wheelchair_boarding":"2"}},{"type":"Feature","geometry":{"type":"Point","coordinates":[5.402268,43.232039]},"properties":{"stop_id":"RTM-00001864","stop_code":"00001864","stop_name":"Terrasses de Sormiou","stop_desc":"AVENUE COLGATE  MARSEILLE 13009","zone_id":null,"stop_url":null,"location_type":"0","parent_station":null,"stop_timezone":null,"wheelchair_boarding":"1"}},{"type":"Feature","geometry":{"type":"Point","coordinates":[5.3656143,43.30663426]},"properties":{"stop_id":"RTM-00004087","stop_code":"00004087","stop_name":"Terrasses du Port","stop_desc":"A55  MARSEILLE 13002","zone_id":null,"stop_url":null,"location_type":"0","parent_station":null,"stop_timezone":null,"wheelchair_boarding":"1"}},{"type":"Feature","geometry":{"type":"Point","coordinates":[5.38543268,43.29658154]},"properties":{"stop_id":"RTM-00004788","stop_code":"00004788","stop_name":"Thiers Loisir","stop_desc":null,"zone_id":null,"stop_url":null,"location_type":"0","parent_station":null,"stop_timezone":null,"wheelchair_boarding":"2"}},{"type":"Feature","geometry":{"type":"Point","coordinates":[5.3983587,43.33074624]},"properties":{"stop_id":"RTM-00000982","stop_code":"00000982","stop_name":"Th\u00e9\u00e2tre du Merlan","stop_desc":"d\u00e9placement de l'arr\u00eat 8 MOIS (2017)","zone_id":null,"stop_url":null,"location_type":"0","parent_station":null,"stop_timezone":null,"wheelchair_boarding":"1"}},{"type":"Feature","geometry":{"type":"Point","coordinates":[5.397993,43.330481]},"properties":{"stop_id":"RTM-00001007","stop_code":"00001007","stop_name":"Th\u00e9\u00e2tre du Merlan","stop_desc":null,"zone_id":null,"stop_url":null,"location_type":"0","parent_station":null,"stop_timezone":null,"wheelchair_boarding":"1"}},{"type":"Feature","geometry":{"type":"Point","coordinates":[5.36646757,43.2925286]},"properties":{"stop_id":"RTM-00002054","stop_code":"00002054","stop_name":"Th\u00e9\u00e2tre La Cri\u00e9e","stop_desc":"QUAI DE RIVE-NEUVE  MARSEILLE 13007","zone_id":null,"stop_url":null,"location_type":"0","parent_station":null,"stop_timezone":null,"wheelchair_boarding":"1"}},{"type":"Feature","geometry":{"type":"Point","coordinates":[5.36756931,43.29262663]},"properties":{"stop_id":"RTM-00002088","stop_code":"00002088","stop_name":"Th\u00e9\u00e2tre La Cri\u00e9e","stop_desc":"QUAI DE RIVE-NEUVE  MARSEILLE 13007","zone_id":null,"stop_url":null,"location_type":"0","parent_station":null,"stop_timezone":null,"wheelchair_boarding":"1"}},{"type":"Feature","geometry":{"type":"Point","coordinates":[5.409682,43.286538]},"properties":{"stop_id":"RTM-00001586","stop_code":"00001586","stop_name":"Timone Belv\u00e9d\u00e8re","stop_desc":null,"zone_id":null,"stop_url":null,"location_type":"0","parent_station":null,"stop_timezone":null,"wheelchair_boarding":"2"}},{"type":"Feature","geometry":{"type":"Point","coordinates":[5.401975,43.285635]},"properties":{"stop_id":"RTM-00001583","stop_code":"00001583","stop_name":"Timone Gabriel Marie","stop_desc":"AVENUE DE LA TIMONE  MARSEILLE 13010","zone_id":null,"stop_url":null,"location_type":"0","parent_station":null,"stop_timezone":null,"wheelchair_boarding":"2"}},{"type":"Feature","geometry":{"type":"Point","coordinates":[5.41163027,43.24544499]},"properties":{"stop_id":"RTM-00001760","stop_code":"00001760","stop_name":"Tomasi","stop_desc":"arr\u00eat renomm\u00e9 Tomasi  20\/10\/2016","zone_id":null,"stop_url":null,"location_type":"0","parent_station":null,"stop_timezone":null,"wheelchair_boarding":"1"}},{"type":"Feature","geometry":{"type":"Point","coordinates":[5.41153908,43.24554073]},"properties":{"stop_id":"RTM-00001779","stop_code":"00001779","stop_name":"Tomasi","stop_desc":"D559  MARSEILLE 13009","zone_id":null,"stop_url":null,"location_type":"0","parent_station":null,"stop_timezone":null,"wheelchair_boarding":"1"}},{"type":"Feature","geometry":{"type":"Point","coordinates":[5.39702,43.283503]},"properties":{"stop_id":"RTM-00001315","stop_code":"00001315","stop_name":"Toulon Galinat","stop_desc":null,"zone_id":null,"stop_url":null,"location_type":"0","parent_station":null,"stop_timezone":null,"wheelchair_boarding":"2"}},{"type":"Feature","geometry":{"type":"Point","coordinates":[5.395538,43.284389]},"properties":{"stop_id":"RTM-00001264","stop_code":"00001264","stop_name":"Toulon H\u00e9bert","stop_desc":null,"zone_id":null,"stop_url":null,"location_type":"0","parent_station":null,"stop_timezone":null,"wheelchair_boarding":"1"}},{"type":"Feature","geometry":{"type":"Point","coordinates":[5.392433,43.284666]},"properties":{"stop_id":"RTM-00001263","stop_code":"00001263","stop_name":"Toulon Isly","stop_desc":null,"zone_id":null,"stop_url":null,"location_type":"0","parent_station":null,"stop_timezone":null,"wheelchair_boarding":"2"}},{"type":"Feature","geometry":{"type":"Point","coordinates":[5.384809,43.343811]},"properties":{"stop_id":"RTM-00000129","stop_code":"00000129","stop_name":"Tour Sainte","stop_desc":null,"zone_id":null,"stop_url":null,"location_type":"0","parent_station":null,"stop_timezone":null,"wheelchair_boarding":"2"}},{"type":"Feature","geometry":{"type":"Point","coordinates":[5.351942,43.395584]},"properties":{"stop_id":"RTM-00003046","stop_code":"00003046","stop_name":"Transformateur","stop_desc":null,"zone_id":null,"stop_url":null,"location_type":"0","parent_station":null,"stop_timezone":null,"wheelchair_boarding":"2"}},{"type":"Feature","geometry":{"type":"Point","coordinates":[5.36633,43.348905]},"properties":{"stop_id":"RTM-00000155","stop_code":"00000155","stop_name":"Traverse de l'Oasis","stop_desc":null,"zone_id":null,"stop_url":null,"location_type":"0","parent_station":null,"stop_timezone":null,"wheelchair_boarding":"2"}},{"type":"Feature","geometry":{"type":"Point","coordinates":[5.35064018,43.3832236]},"properties":{"stop_id":"RTM-00003000","stop_code":"00003000","stop_name":"Traverse des Fraises","stop_desc":"arr\u00eat non mat\u00e9rialis\u00e9","zone_id":null,"stop_url":null,"location_type":"0","parent_station":null,"stop_timezone":null,"wheelchair_boarding":"2"}},{"type":"Feature","geometry":{"type":"Point","coordinates":[5.355256,43.33959]},"properties":{"stop_id":"RTM-00000499","stop_code":"00000499","stop_name":"Traverse Maritime","stop_desc":"406 CHEMIN DE LA MADRAGUE-VILLE  MARSEILLE 13015","zone_id":null,"stop_url":null,"location_type":"0","parent_station":null,"stop_timezone":null,"wheelchair_boarding":"2"}},{"type":"Feature","geometry":{"type":"Point","coordinates":[5.362092,43.277399]},"properties":{"stop_id":"RTM-00002461","stop_code":"00002461","stop_name":"Traverse Nicolas","stop_desc":"TRAVERSE NICOLAS  MARSEILLE 13007","zone_id":null,"stop_url":null,"location_type":"0","parent_station":null,"stop_timezone":null,"wheelchair_boarding":"2"}},{"type":"Feature","geometry":{"type":"Point","coordinates":[5.415792,43.316353]},"properties":{"stop_id":"RTM-00000755","stop_code":"00000755","stop_name":"Traverse St Just","stop_desc":null,"zone_id":null,"stop_url":null,"location_type":"0","parent_station":null,"stop_timezone":null,"wheelchair_boarding":"2"}},{"type":"Feature","geometry":{"type":"Point","coordinates":[5.415801,43.316543]},"properties":{"stop_id":"RTM-00000797","stop_code":"00000797","stop_name":"Traverse St Just","stop_desc":null,"zone_id":null,"stop_url":null,"location_type":"0","parent_station":null,"stop_timezone":null,"wheelchair_boarding":"2"}},{"type":"Feature","geometry":{"type":"Point","coordinates":[5.36351,43.370508]},"properties":{"stop_id":"RTM-00003992","stop_code":"00003992","stop_name":"Val Pins","stop_desc":null,"zone_id":null,"stop_url":null,"location_type":"0","parent_station":null,"stop_timezone":null,"wheelchair_boarding":"2"}},{"type":"Feature","geometry":{"type":"Point","coordinates":[5.443074,43.286074]},"properties":{"stop_id":"RTM-00001297","stop_code":"00001297","stop_name":"Valbarelle Heckel","stop_desc":null,"zone_id":null,"stop_url":null,"location_type":"0","parent_station":null,"stop_timezone":null,"wheelchair_boarding":"1"}},{"type":"Feature","geometry":{"type":"Point","coordinates":[5.454117,43.288629]},"properties":{"stop_id":"RTM-00001294","stop_code":"00001294","stop_name":"Valbarelle Lanfranchi","stop_desc":null,"zone_id":null,"stop_url":null,"location_type":"0","parent_station":null,"stop_timezone":null,"wheelchair_boarding":"2"}},{"type":"Feature","geometry":{"type":"Point","coordinates":[5.416932,43.326243]},"properties":{"stop_id":"RTM-00001070","stop_code":"00001070","stop_name":"Valdonne H\u00f4pital Laveran","stop_desc":null,"zone_id":null,"stop_url":null,"location_type":"0","parent_station":null,"stop_timezone":null,"wheelchair_boarding":"2"}},{"type":"Feature","geometry":{"type":"Point","coordinates":[5.417898,43.326965]},"properties":{"stop_id":"RTM-00002137","stop_code":"00002137","stop_name":"Valdonne Peypin","stop_desc":null,"zone_id":null,"stop_url":null,"location_type":"0","parent_station":null,"stop_timezone":null,"wheelchair_boarding":"2"}},{"type":"Feature","geometry":{"type":"Point","coordinates":[5.417932,43.327122]},"properties":{"stop_id":"RTM-00002138","stop_code":"00002138","stop_name":"Valdonne Peypin","stop_desc":"AVENUE DE VALDONNE  MARSEILLE 13013","zone_id":null,"stop_url":null,"location_type":"0","parent_station":null,"stop_timezone":null,"wheelchair_boarding":"2"}},{"type":"Feature","geometry":{"type":"Point","coordinates":[5.362632,43.385177]},"properties":{"stop_id":"RTM-00003984","stop_code":"00003984","stop_name":"Vallon d'Ol Bourr\u00e9ly","stop_desc":null,"zone_id":null,"stop_url":null,"location_type":"0","parent_station":null,"stop_timezone":null,"wheelchair_boarding":"2"}},{"type":"Feature","geometry":{"type":"Point","coordinates":[5.361823,43.385122]},"properties":{"stop_id":"RTM-00004008","stop_code":"00004008","stop_name":"Vallon d'Ol Bourr\u00e9ly","stop_desc":null,"zone_id":null,"stop_url":null,"location_type":"0","parent_station":null,"stop_timezone":null,"wheelchair_boarding":"2"}},{"type":"Feature","geometry":{"type":"Point","coordinates":[5.37209988,43.39211478]},"properties":{"stop_id":"RTM-00002965","stop_code":"00002965","stop_name":"Vallon de la Rougi\u00e8re","stop_desc":"abs trottoir","zone_id":null,"stop_url":null,"location_type":"0","parent_station":null,"stop_timezone":null,"wheelchair_boarding":"2"}},{"type":"Feature","geometry":{"type":"Point","coordinates":[5.37294209,43.39198614]},"properties":{"stop_id":"RTM-00003052","stop_code":"00003052","stop_name":"Vallon de la Rougi\u00e8re","stop_desc":"abs trottoir","zone_id":null,"stop_url":null,"location_type":"0","parent_station":null,"stop_timezone":null,"wheelchair_boarding":"2"}},{"type":"Feature","geometry":{"type":"Point","coordinates":[5.350658,43.28572]},"properties":{"stop_id":"RTM-00002058","stop_code":"00002058","stop_name":"Vallon des Auffes","stop_desc":null,"zone_id":null,"stop_url":null,"location_type":"0","parent_station":null,"stop_timezone":null,"wheelchair_boarding":"1"}},{"type":"Feature","geometry":{"type":"Point","coordinates":[5.378258,43.281225]},"properties":{"stop_id":"RTM-00001527","stop_code":"00001527","stop_name":"Vallon Montebello","stop_desc":null,"zone_id":null,"stop_url":null,"location_type":"0","parent_station":null,"stop_timezone":null,"wheelchair_boarding":"1"}},{"type":"Feature","geometry":{"type":"Point","coordinates":[5.41871325,43.26422172]},"properties":{"stop_id":"RTM-00004641","stop_code":"00004641","stop_name":"Vallon R\u00e9gny","stop_desc":null,"zone_id":null,"stop_url":null,"location_type":"0","parent_station":null,"stop_timezone":null,"wheelchair_boarding":"2"}},{"type":"Feature","geometry":{"type":"Point","coordinates":[5.41711162,43.25060938]},"properties":{"stop_id":"RTM-00002005","stop_code":"00002005","stop_name":"Valmante","stop_desc":null,"zone_id":null,"stop_url":null,"location_type":"0","parent_station":null,"stop_timezone":null,"wheelchair_boarding":"2"}},{"type":"Feature","geometry":{"type":"Point","coordinates":[5.377429,43.285619]},"properties":{"stop_id":"RTM-00001447","stop_code":"00001447","stop_name":"Vauban Breteuil","stop_desc":"TAD 59","zone_id":null,"stop_url":null,"location_type":"0","parent_station":null,"stop_timezone":null,"wheelchair_boarding":"2"}},{"type":"Feature","geometry":{"type":"Point","coordinates":[5.42269,43.276007]},"properties":{"stop_id":"RTM-00001680","stop_code":"00001680","stop_name":"Verdillon","stop_desc":null,"zone_id":null,"stop_url":null,"location_type":"0","parent_station":null,"stop_timezone":null,"wheelchair_boarding":"1"}},{"type":"Feature","geometry":{"type":"Point","coordinates":[5.359604,43.234423]},"properties":{"stop_id":"RTM-00001721","stop_code":"00001721","stop_name":"Verrerie","stop_desc":null,"zone_id":null,"stop_url":null,"location_type":"0","parent_station":null,"stop_timezone":null,"wheelchair_boarding":"2"}},{"type":"Feature","geometry":{"type":"Point","coordinates":[5.37371323,43.29463374]},"properties":{"stop_id":"RTM-00004338","stop_code":"00004338","stop_name":"Vieux Port","stop_desc":"QUAI DES BELGES  MARSEILLE 13001","zone_id":null,"stop_url":null,"location_type":"0","parent_station":null,"stop_timezone":null,"wheelchair_boarding":"2"}},{"type":"Feature","geometry":{"type":"Point","coordinates":[5.374233,43.293899]},"properties":{"stop_id":"RTM-00004400","stop_code":"00004400","stop_name":"Vieux-Port Ballard","stop_desc":"2 COURS JEAN BALLARD  MARSEILLE 13001","zone_id":null,"stop_url":null,"location_type":"0","parent_station":null,"stop_timezone":null,"wheelchair_boarding":"1"}},{"type":"Feature","geometry":{"type":"Point","coordinates":[5.458141,43.320999]},"properties":{"stop_id":"RTM-00002780","stop_code":"00002780","stop_name":"V\u00e9lodrome","stop_desc":null,"zone_id":null,"stop_url":null,"location_type":"0","parent_station":null,"stop_timezone":null,"wheelchair_boarding":"2"}},{"type":"Feature","geometry":{"type":"Point","coordinates":[5.436877,43.292623]},"properties":{"stop_id":"RTM-00003238","stop_code":"00003238","stop_name":"William Booth","stop_desc":null,"zone_id":null,"stop_url":null,"location_type":"0","parent_station":null,"stop_timezone":null,"wheelchair_boarding":"1"}},{"type":"Feature","geometry":{"type":"Point","coordinates":[5.35641,43.403217]},"properties":{"stop_id":"RTM-00002988","stop_code":"00002988","stop_name":"ZA de la Haute B\u00e9doule","stop_desc":"CHEMIN DE LA DESSERTE C\u00d4T\u00c9 NORD  SEPT\u00c8MES-LES-VALLONS 13240","zone_id":null,"stop_url":null,"location_type":"0","parent_station":null,"stop_timezone":null,"wheelchair_boarding":"2"}},{"type":"Feature","geometry":{"type":"Point","coordinates":[5.356429,43.403102]},"properties":{"stop_id":"RTM-00004280","stop_code":"00004280","stop_name":"ZA de la Haute B\u00e9doule","stop_desc":"CHEMIN DE LA DESSERTE C\u00d4T\u00c9 NORD  SEPT\u00c8MES-LES-VALLONS 13240","zone_id":null,"stop_url":null,"location_type":"0","parent_station":null,"stop_timezone":null,"wheelchair_boarding":"2"}},{"type":"Feature","geometry":{"type":"Point","coordinates":[5.38582759,43.24669916]},"properties":{"stop_id":"RTM-00001938","stop_code":"00001938","stop_name":"Z\u00e9natti Ecoles","stop_desc":null,"zone_id":null,"stop_url":null,"location_type":"0","parent_station":null,"stop_timezone":null,"wheelchair_boarding":"2"}},{"type":"Feature","geometry":{"type":"Point","coordinates":[5.388298,43.246322]},"properties":{"stop_id":"RTM-00001937","stop_code":"00001937","stop_name":"Z\u00e9natti Malrieu","stop_desc":null,"zone_id":null,"stop_url":null,"location_type":"0","parent_station":null,"stop_timezone":null,"wheelchair_boarding":"2"}}]}